REGION,STORAGE,YEAR,VALUE
REGION1,ATHYDSSH1,2021,22361.35677611308
REGION1,BEHYDSSH1,2021,22361.35677611308
REGION1,BGHYDSSH1,2021,22361.35677611308
REGION1,CZHYDSSH1,2021,22361.35677611308
REGION1,DEHYDSSH1,2021,22361.35677611308
REGION1,GRHYDSSH1,2021,22361.35677611308
REGION1,ESHYDSSH1,2021,22361.35677611308
REGION1,FRHYDSSH1,2021,22361.35677611308
REGION1,HRHYDSSH1,2021,22361.35677611308
REGION1,IEHYDSSH1,2021,22361.35677611308
REGION1,ITHYDSSH1,2021,22361.35677611308
REGION1,LTHYDSSH1,2021,22361.35677611308
REGION1,LUHYDSSH1,2021,22361.35677611308
REGION1,SLHYDSSH1,2021,22361.35677611308
REGION1,STHYDSSH1,2021,22361.35677611308
REGION1,ROHYDSSH1,2021,22361.35677611308
REGION1,SEHYDSSH1,2021,22361.35677611308
REGION1,SIHYDSSH1,2021,22361.35677611308
REGION1,SKHYDSSH1,2021,22361.35677611308
REGION1,CHHYDSSH1,2021,22361.35677611308
REGION1,UKHYDSSH1,2021,22361.35677611308
REGION1,ATHYDSSN1,2021,22361.35677611308
REGION1,BEHYDSSN1,2021,22361.35677611308
REGION1,BGHYDSSN1,2021,22361.35677611308
REGION1,CZHYDSSN1,2021,22361.35677611308
REGION1,DEHYDSSN1,2021,22361.35677611308
REGION1,GRHYDSSN1,2021,22361.35677611308
REGION1,ESHYDSSN1,2021,22361.35677611308
REGION1,FRHYDSSN1,2021,22361.35677611308
REGION1,HRHYDSSN1,2021,22361.35677611308
REGION1,IEHYDSSN1,2021,22361.35677611308
REGION1,ITHYDSSN1,2021,22361.35677611308
REGION1,LTHYDSSN1,2021,22361.35677611308
REGION1,LUHYDSSN1,2021,22361.35677611308
REGION1,SLHYDSSN1,2021,22361.35677611308
REGION1,STHYDSSN1,2021,22361.35677611308
REGION1,ROHYDSSN1,2021,22361.35677611308
REGION1,SEHYDSSN1,2021,22361.35677611308
REGION1,SIHYDSSN1,2021,22361.35677611308
REGION1,SKHYDSSN1,2021,22361.35677611308
REGION1,CHHYDSSN1,2021,22361.35677611308
REGION1,UKHYDSSN1,2021,22361.35677611308
REGION1,ATBATSH1,2021,1389978.8712
REGION1,BEBATSH1,2021,1389978.8712
REGION1,BGBATSH1,2021,1389978.8712
REGION1,CHBATSH1,2021,1389978.8712
REGION1,CYBATSH1,2021,1389978.8712
REGION1,CZBATSH1,2021,1389978.8712
REGION1,DEBATSH1,2021,1389978.8712
REGION1,DKBATSH1,2021,1389978.8712
REGION1,EEBATSH1,2021,1389978.8712
REGION1,GRBATSH1,2021,1389978.8712
REGION1,ESBATSH1,2021,1389978.8712
REGION1,FIBATSH1,2021,1389978.8712
REGION1,FRBATSH1,2021,1389978.8712
REGION1,HRBATSH1,2021,1389978.8712
REGION1,HUBATSH1,2021,1389978.8712
REGION1,IEBATSH1,2021,1389978.8712
REGION1,ITBATSH1,2021,1389978.8712
REGION1,LTBATSH1,2021,1389978.8712
REGION1,LUBATSH1,2021,1389978.8712
REGION1,LVBATSH1,2021,1389978.8712
REGION1,MTBATSH1,2021,1389978.8712
REGION1,NLBATSH1,2021,1389978.8712
REGION1,NOBATSH1,2021,1389978.8712
REGION1,PLBATSH1,2021,1389978.8712
REGION1,PTBATSH1,2021,1389978.8712
REGION1,ROBATSH1,2021,1389978.8712
REGION1,SEBATSH1,2021,1389978.8712
REGION1,SIBATSH1,2021,1389978.8712
REGION1,SKBATSH1,2021,1389978.8712
REGION1,UKBATSH1,2021,1389978.8712
REGION1,DZBATSN1,2021,1389978.8712
REGION1,AOBATSN1,2021,1389978.8712
REGION1,BJBATSN1,2021,1389978.8712
REGION1,BWBATSN1,2021,1389978.8712
REGION1,BFBATSN1,2021,1389978.8712
REGION1,BIBATSN1,2021,1389978.8712
REGION1,CMBATSN1,2021,1389978.8712
REGION1,CFBATSN1,2021,1389978.8712
REGION1,TDBATSN1,2021,1389978.8712
REGION1,CIBATSN1,2021,1389978.8712
REGION1,DJBATSN1,2021,1389978.8712
REGION1,CDBATSN1,2021,1389978.8712
REGION1,EGBATSN1,2021,1389978.8712
REGION1,GQBATSN1,2021,1389978.8712
REGION1,ERBATSN1,2021,1389978.8712
REGION1,SZBATSN1,2021,1389978.8712
REGION1,ETBATSN1,2021,1389978.8712
REGION1,GABATSN1,2021,1389978.8712
REGION1,GMBATSN1,2021,1389978.8712
REGION1,GHBATSN1,2021,1389978.8712
REGION1,GNBATSN1,2021,1389978.8712
REGION1,GWBATSN1,2021,1389978.8712
REGION1,KEBATSN1,2021,1389978.8712
REGION1,LSBATSN1,2021,1389978.8712
REGION1,LRBATSN1,2021,1389978.8712
REGION1,LYBATSN1,2021,1389978.8712
REGION1,MWBATSN1,2021,1389978.8712
REGION1,MLBATSN1,2021,1389978.8712
REGION1,MRBATSN1,2021,1389978.8712
REGION1,MABATSN1,2021,1389978.8712
REGION1,MZBATSN1,2021,1389978.8712
REGION1,NABATSN1,2021,1389978.8712
REGION1,NEBATSN1,2021,1389978.8712
REGION1,NGBATSN1,2021,1389978.8712
REGION1,CGBATSN1,2021,1389978.8712
REGION1,RWBATSN1,2021,1389978.8712
REGION1,SNBATSN1,2021,1389978.8712
REGION1,SLBATSN1,2021,1389978.8712
REGION1,SOBATSN1,2021,1389978.8712
REGION1,ZABATSN1,2021,1389978.8712
REGION1,SSBATSN1,2021,1389978.8712
REGION1,SDBATSN1,2021,1389978.8712
REGION1,TZBATSN1,2021,1389978.8712
REGION1,TGBATSN1,2021,1389978.8712
REGION1,TNBATSN1,2021,1389978.8712
REGION1,UGBATSN1,2021,1389978.8712
REGION1,ZMBATSN1,2021,1389978.8712
REGION1,ZWBATSN1,2021,1389978.8712
REGION1,MAHYDSSH1,2021,22361.35677611308
REGION1,ZAHYDSSH1,2021,22361.35677611308
REGION1,MAHYDSSN1,2021,22361.35677611308
REGION1,ZAHYDSSN1,2021,22361.35677611308
REGION1,ATHYDSSH1,2022,22378.71788736308
REGION1,BEHYDSSH1,2022,22378.71788736308
REGION1,BGHYDSSH1,2022,22378.71788736308
REGION1,CZHYDSSH1,2022,22378.71788736308
REGION1,DEHYDSSH1,2022,22378.71788736308
REGION1,GRHYDSSH1,2022,22378.71788736308
REGION1,ESHYDSSH1,2022,22378.71788736308
REGION1,FRHYDSSH1,2022,22378.71788736308
REGION1,HRHYDSSH1,2022,22378.71788736308
REGION1,IEHYDSSH1,2022,22378.71788736308
REGION1,ITHYDSSH1,2022,22378.71788736308
REGION1,LTHYDSSH1,2022,22378.71788736308
REGION1,LUHYDSSH1,2022,22378.71788736308
REGION1,SLHYDSSH1,2022,22378.71788736308
REGION1,STHYDSSH1,2022,22378.71788736308
REGION1,ROHYDSSH1,2022,22378.71788736308
REGION1,SEHYDSSH1,2022,22378.71788736308
REGION1,SIHYDSSH1,2022,22378.71788736308
REGION1,SKHYDSSH1,2022,22378.71788736308
REGION1,CHHYDSSH1,2022,22378.71788736308
REGION1,UKHYDSSH1,2022,22378.71788736308
REGION1,ATHYDSSN1,2022,22378.71788736308
REGION1,BEHYDSSN1,2022,22378.71788736308
REGION1,BGHYDSSN1,2022,22378.71788736308
REGION1,CZHYDSSN1,2022,22378.71788736308
REGION1,DEHYDSSN1,2022,22378.71788736308
REGION1,GRHYDSSN1,2022,22378.71788736308
REGION1,ESHYDSSN1,2022,22378.71788736308
REGION1,FRHYDSSN1,2022,22378.71788736308
REGION1,HRHYDSSN1,2022,22378.71788736308
REGION1,IEHYDSSN1,2022,22378.71788736308
REGION1,ITHYDSSN1,2022,22378.71788736308
REGION1,LTHYDSSN1,2022,22378.71788736308
REGION1,LUHYDSSN1,2022,22378.71788736308
REGION1,SLHYDSSN1,2022,22378.71788736308
REGION1,STHYDSSN1,2022,22378.71788736308
REGION1,ROHYDSSN1,2022,22378.71788736308
REGION1,SEHYDSSN1,2022,22378.71788736308
REGION1,SIHYDSSN1,2022,22378.71788736308
REGION1,SKHYDSSN1,2022,22378.71788736308
REGION1,CHHYDSSN1,2022,22378.71788736308
REGION1,UKHYDSSN1,2022,22378.71788736308
REGION1,ATBATSH1,2022,1389982.4712
REGION1,BEBATSH1,2022,1389982.4712
REGION1,BGBATSH1,2022,1389982.4712
REGION1,CHBATSH1,2022,1389982.4712
REGION1,CYBATSH1,2022,1389982.4712
REGION1,CZBATSH1,2022,1389982.4712
REGION1,DEBATSH1,2022,1389982.4712
REGION1,DKBATSH1,2022,1389982.4712
REGION1,EEBATSH1,2022,1389982.4712
REGION1,GRBATSH1,2022,1389982.4712
REGION1,ESBATSH1,2022,1389982.4712
REGION1,FIBATSH1,2022,1389982.4712
REGION1,FRBATSH1,2022,1389982.4712
REGION1,HRBATSH1,2022,1389982.4712
REGION1,HUBATSH1,2022,1389982.4712
REGION1,IEBATSH1,2022,1389982.4712
REGION1,ITBATSH1,2022,1389982.4712
REGION1,LTBATSH1,2022,1389982.4712
REGION1,LUBATSH1,2022,1389982.4712
REGION1,LVBATSH1,2022,1389982.4712
REGION1,MTBATSH1,2022,1389982.4712
REGION1,NLBATSH1,2022,1389982.4712
REGION1,NOBATSH1,2022,1389982.4712
REGION1,PLBATSH1,2022,1389982.4712
REGION1,PTBATSH1,2022,1389982.4712
REGION1,ROBATSH1,2022,1389982.4712
REGION1,SEBATSH1,2022,1389982.4712
REGION1,SIBATSH1,2022,1389982.4712
REGION1,SKBATSH1,2022,1389982.4712
REGION1,UKBATSH1,2022,1389982.4712
REGION1,DZBATSN1,2022,1389982.4712
REGION1,AOBATSN1,2022,1389982.4712
REGION1,BJBATSN1,2022,1389982.4712
REGION1,BWBATSN1,2022,1389982.4712
REGION1,BFBATSN1,2022,1389982.4712
REGION1,BIBATSN1,2022,1389982.4712
REGION1,CMBATSN1,2022,1389982.4712
REGION1,CFBATSN1,2022,1389982.4712
REGION1,TDBATSN1,2022,1389982.4712
REGION1,CIBATSN1,2022,1389982.4712
REGION1,DJBATSN1,2022,1389982.4712
REGION1,CDBATSN1,2022,1389982.4712
REGION1,EGBATSN1,2022,1389982.4712
REGION1,GQBATSN1,2022,1389982.4712
REGION1,ERBATSN1,2022,1389982.4712
REGION1,SZBATSN1,2022,1389982.4712
REGION1,ETBATSN1,2022,1389982.4712
REGION1,GABATSN1,2022,1389982.4712
REGION1,GMBATSN1,2022,1389982.4712
REGION1,GHBATSN1,2022,1389982.4712
REGION1,GNBATSN1,2022,1389982.4712
REGION1,GWBATSN1,2022,1389982.4712
REGION1,KEBATSN1,2022,1389982.4712
REGION1,LSBATSN1,2022,1389982.4712
REGION1,LRBATSN1,2022,1389982.4712
REGION1,LYBATSN1,2022,1389982.4712
REGION1,MWBATSN1,2022,1389982.4712
REGION1,MLBATSN1,2022,1389982.4712
REGION1,MRBATSN1,2022,1389982.4712
REGION1,MABATSN1,2022,1389982.4712
REGION1,MZBATSN1,2022,1389982.4712
REGION1,NABATSN1,2022,1389982.4712
REGION1,NEBATSN1,2022,1389982.4712
REGION1,NGBATSN1,2022,1389982.4712
REGION1,CGBATSN1,2022,1389982.4712
REGION1,RWBATSN1,2022,1389982.4712
REGION1,SNBATSN1,2022,1389982.4712
REGION1,SLBATSN1,2022,1389982.4712
REGION1,SOBATSN1,2022,1389982.4712
REGION1,ZABATSN1,2022,1389982.4712
REGION1,SSBATSN1,2022,1389982.4712
REGION1,SDBATSN1,2022,1389982.4712
REGION1,TZBATSN1,2022,1389982.4712
REGION1,TGBATSN1,2022,1389982.4712
REGION1,TNBATSN1,2022,1389982.4712
REGION1,UGBATSN1,2022,1389982.4712
REGION1,ZMBATSN1,2022,1389982.4712
REGION1,ZWBATSN1,2022,1389982.4712
REGION1,MAHYDSSH1,2022,22378.71788736308
REGION1,ZAHYDSSH1,2022,22378.71788736308
REGION1,MAHYDSSN1,2022,22378.71788736308
REGION1,ZAHYDSSN1,2022,22378.71788736308
REGION1,ATHYDSSH1,2023,22396.07899861308
REGION1,BEHYDSSH1,2023,22396.07899861308
REGION1,BGHYDSSH1,2023,22396.07899861308
REGION1,CZHYDSSH1,2023,22396.07899861308
REGION1,DEHYDSSH1,2023,22396.07899861308
REGION1,GRHYDSSH1,2023,22396.07899861308
REGION1,ESHYDSSH1,2023,22396.07899861308
REGION1,FRHYDSSH1,2023,22396.07899861308
REGION1,HRHYDSSH1,2023,22396.07899861308
REGION1,IEHYDSSH1,2023,22396.07899861308
REGION1,ITHYDSSH1,2023,22396.07899861308
REGION1,LTHYDSSH1,2023,22396.07899861308
REGION1,LUHYDSSH1,2023,22396.07899861308
REGION1,SLHYDSSH1,2023,22396.07899861308
REGION1,STHYDSSH1,2023,22396.07899861308
REGION1,ROHYDSSH1,2023,22396.07899861308
REGION1,SEHYDSSH1,2023,22396.07899861308
REGION1,SIHYDSSH1,2023,22396.07899861308
REGION1,SKHYDSSH1,2023,22396.07899861308
REGION1,CHHYDSSH1,2023,22396.07899861308
REGION1,UKHYDSSH1,2023,22396.07899861308
REGION1,ATHYDSSN1,2023,22396.07899861308
REGION1,BEHYDSSN1,2023,22396.07899861308
REGION1,BGHYDSSN1,2023,22396.07899861308
REGION1,CZHYDSSN1,2023,22396.07899861308
REGION1,DEHYDSSN1,2023,22396.07899861308
REGION1,GRHYDSSN1,2023,22396.07899861308
REGION1,ESHYDSSN1,2023,22396.07899861308
REGION1,FRHYDSSN1,2023,22396.07899861308
REGION1,HRHYDSSN1,2023,22396.07899861308
REGION1,IEHYDSSN1,2023,22396.07899861308
REGION1,ITHYDSSN1,2023,22396.07899861308
REGION1,LTHYDSSN1,2023,22396.07899861308
REGION1,LUHYDSSN1,2023,22396.07899861308
REGION1,SLHYDSSN1,2023,22396.07899861308
REGION1,STHYDSSN1,2023,22396.07899861308
REGION1,ROHYDSSN1,2023,22396.07899861308
REGION1,SEHYDSSN1,2023,22396.07899861308
REGION1,SIHYDSSN1,2023,22396.07899861308
REGION1,SKHYDSSN1,2023,22396.07899861308
REGION1,CHHYDSSN1,2023,22396.07899861308
REGION1,UKHYDSSN1,2023,22396.07899861308
REGION1,ATBATSH1,2023,1389986.0712
REGION1,BEBATSH1,2023,1389986.0712
REGION1,BGBATSH1,2023,1389986.0712
REGION1,CHBATSH1,2023,1389986.0712
REGION1,CYBATSH1,2023,1389986.0712
REGION1,CZBATSH1,2023,1389986.0712
REGION1,DEBATSH1,2023,1389986.0712
REGION1,DKBATSH1,2023,1389986.0712
REGION1,EEBATSH1,2023,1389986.0712
REGION1,GRBATSH1,2023,1389986.0712
REGION1,ESBATSH1,2023,1389986.0712
REGION1,FIBATSH1,2023,1389986.0712
REGION1,FRBATSH1,2023,1389986.0712
REGION1,HRBATSH1,2023,1389986.0712
REGION1,HUBATSH1,2023,1389986.0712
REGION1,IEBATSH1,2023,1389986.0712
REGION1,ITBATSH1,2023,1389986.0712
REGION1,LTBATSH1,2023,1389986.0712
REGION1,LUBATSH1,2023,1389986.0712
REGION1,LVBATSH1,2023,1389986.0712
REGION1,MTBATSH1,2023,1389986.0712
REGION1,NLBATSH1,2023,1389986.0712
REGION1,NOBATSH1,2023,1389986.0712
REGION1,PLBATSH1,2023,1389986.0712
REGION1,PTBATSH1,2023,1389986.0712
REGION1,ROBATSH1,2023,1389986.0712
REGION1,SEBATSH1,2023,1389986.0712
REGION1,SIBATSH1,2023,1389986.0712
REGION1,SKBATSH1,2023,1389986.0712
REGION1,UKBATSH1,2023,1389986.0712
REGION1,DZBATSN1,2023,1389986.0712
REGION1,AOBATSN1,2023,1389986.0712
REGION1,BJBATSN1,2023,1389986.0712
REGION1,BWBATSN1,2023,1389986.0712
REGION1,BFBATSN1,2023,1389986.0712
REGION1,BIBATSN1,2023,1389986.0712
REGION1,CMBATSN1,2023,1389986.0712
REGION1,CFBATSN1,2023,1389986.0712
REGION1,TDBATSN1,2023,1389986.0712
REGION1,CIBATSN1,2023,1389986.0712
REGION1,DJBATSN1,2023,1389986.0712
REGION1,CDBATSN1,2023,1389986.0712
REGION1,EGBATSN1,2023,1389986.0712
REGION1,GQBATSN1,2023,1389986.0712
REGION1,ERBATSN1,2023,1389986.0712
REGION1,SZBATSN1,2023,1389986.0712
REGION1,ETBATSN1,2023,1389986.0712
REGION1,GABATSN1,2023,1389986.0712
REGION1,GMBATSN1,2023,1389986.0712
REGION1,GHBATSN1,2023,1389986.0712
REGION1,GNBATSN1,2023,1389986.0712
REGION1,GWBATSN1,2023,1389986.0712
REGION1,KEBATSN1,2023,1389986.0712
REGION1,LSBATSN1,2023,1389986.0712
REGION1,LRBATSN1,2023,1389986.0712
REGION1,LYBATSN1,2023,1389986.0712
REGION1,MWBATSN1,2023,1389986.0712
REGION1,MLBATSN1,2023,1389986.0712
REGION1,MRBATSN1,2023,1389986.0712
REGION1,MABATSN1,2023,1389986.0712
REGION1,MZBATSN1,2023,1389986.0712
REGION1,NABATSN1,2023,1389986.0712
REGION1,NEBATSN1,2023,1389986.0712
REGION1,NGBATSN1,2023,1389986.0712
REGION1,CGBATSN1,2023,1389986.0712
REGION1,RWBATSN1,2023,1389986.0712
REGION1,SNBATSN1,2023,1389986.0712
REGION1,SLBATSN1,2023,1389986.0712
REGION1,SOBATSN1,2023,1389986.0712
REGION1,ZABATSN1,2023,1389986.0712
REGION1,SSBATSN1,2023,1389986.0712
REGION1,SDBATSN1,2023,1389986.0712
REGION1,TZBATSN1,2023,1389986.0712
REGION1,TGBATSN1,2023,1389986.0712
REGION1,TNBATSN1,2023,1389986.0712
REGION1,UGBATSN1,2023,1389986.0712
REGION1,ZMBATSN1,2023,1389986.0712
REGION1,ZWBATSN1,2023,1389986.0712
REGION1,MAHYDSSH1,2023,22396.07899861308
REGION1,ZAHYDSSH1,2023,22396.07899861308
REGION1,MAHYDSSN1,2023,22396.07899861308
REGION1,ZAHYDSSN1,2023,22396.07899861308
REGION1,ATHYDSSH1,2024,22413.44010986308
REGION1,BEHYDSSH1,2024,22413.44010986308
REGION1,BGHYDSSH1,2024,22413.44010986308
REGION1,CZHYDSSH1,2024,22413.44010986308
REGION1,DEHYDSSH1,2024,22413.44010986308
REGION1,GRHYDSSH1,2024,22413.44010986308
REGION1,ESHYDSSH1,2024,22413.44010986308
REGION1,FRHYDSSH1,2024,22413.44010986308
REGION1,HRHYDSSH1,2024,22413.44010986308
REGION1,IEHYDSSH1,2024,22413.44010986308
REGION1,ITHYDSSH1,2024,22413.44010986308
REGION1,LTHYDSSH1,2024,22413.44010986308
REGION1,LUHYDSSH1,2024,22413.44010986308
REGION1,SLHYDSSH1,2024,22413.44010986308
REGION1,STHYDSSH1,2024,22413.44010986308
REGION1,ROHYDSSH1,2024,22413.44010986308
REGION1,SEHYDSSH1,2024,22413.44010986308
REGION1,SIHYDSSH1,2024,22413.44010986308
REGION1,SKHYDSSH1,2024,22413.44010986308
REGION1,CHHYDSSH1,2024,22413.44010986308
REGION1,UKHYDSSH1,2024,22413.44010986308
REGION1,ATHYDSSN1,2024,22413.44010986308
REGION1,BEHYDSSN1,2024,22413.44010986308
REGION1,BGHYDSSN1,2024,22413.44010986308
REGION1,CZHYDSSN1,2024,22413.44010986308
REGION1,DEHYDSSN1,2024,22413.44010986308
REGION1,GRHYDSSN1,2024,22413.44010986308
REGION1,ESHYDSSN1,2024,22413.44010986308
REGION1,FRHYDSSN1,2024,22413.44010986308
REGION1,HRHYDSSN1,2024,22413.44010986308
REGION1,IEHYDSSN1,2024,22413.44010986308
REGION1,ITHYDSSN1,2024,22413.44010986308
REGION1,LTHYDSSN1,2024,22413.44010986308
REGION1,LUHYDSSN1,2024,22413.44010986308
REGION1,SLHYDSSN1,2024,22413.44010986308
REGION1,STHYDSSN1,2024,22413.44010986308
REGION1,ROHYDSSN1,2024,22413.44010986308
REGION1,SEHYDSSN1,2024,22413.44010986308
REGION1,SIHYDSSN1,2024,22413.44010986308
REGION1,SKHYDSSN1,2024,22413.44010986308
REGION1,CHHYDSSN1,2024,22413.44010986308
REGION1,UKHYDSSN1,2024,22413.44010986308
REGION1,ATBATSH1,2024,1389989.6712
REGION1,BEBATSH1,2024,1389989.6712
REGION1,BGBATSH1,2024,1389989.6712
REGION1,CHBATSH1,2024,1389989.6712
REGION1,CYBATSH1,2024,1389989.6712
REGION1,CZBATSH1,2024,1389989.6712
REGION1,DEBATSH1,2024,1389989.6712
REGION1,DKBATSH1,2024,1389989.6712
REGION1,EEBATSH1,2024,1389989.6712
REGION1,GRBATSH1,2024,1389989.6712
REGION1,ESBATSH1,2024,1389989.6712
REGION1,FIBATSH1,2024,1389989.6712
REGION1,FRBATSH1,2024,1389989.6712
REGION1,HRBATSH1,2024,1389989.6712
REGION1,HUBATSH1,2024,1389989.6712
REGION1,IEBATSH1,2024,1389989.6712
REGION1,ITBATSH1,2024,1389989.6712
REGION1,LTBATSH1,2024,1389989.6712
REGION1,LUBATSH1,2024,1389989.6712
REGION1,LVBATSH1,2024,1389989.6712
REGION1,MTBATSH1,2024,1389989.6712
REGION1,NLBATSH1,2024,1389989.6712
REGION1,NOBATSH1,2024,1389989.6712
REGION1,PLBATSH1,2024,1389989.6712
REGION1,PTBATSH1,2024,1389989.6712
REGION1,ROBATSH1,2024,1389989.6712
REGION1,SEBATSH1,2024,1389989.6712
REGION1,SIBATSH1,2024,1389989.6712
REGION1,SKBATSH1,2024,1389989.6712
REGION1,UKBATSH1,2024,1389989.6712
REGION1,DZBATSN1,2024,1389989.6712
REGION1,AOBATSN1,2024,1389989.6712
REGION1,BJBATSN1,2024,1389989.6712
REGION1,BWBATSN1,2024,1389989.6712
REGION1,BFBATSN1,2024,1389989.6712
REGION1,BIBATSN1,2024,1389989.6712
REGION1,CMBATSN1,2024,1389989.6712
REGION1,CFBATSN1,2024,1389989.6712
REGION1,TDBATSN1,2024,1389989.6712
REGION1,CIBATSN1,2024,1389989.6712
REGION1,DJBATSN1,2024,1389989.6712
REGION1,CDBATSN1,2024,1389989.6712
REGION1,EGBATSN1,2024,1389989.6712
REGION1,GQBATSN1,2024,1389989.6712
REGION1,ERBATSN1,2024,1389989.6712
REGION1,SZBATSN1,2024,1389989.6712
REGION1,ETBATSN1,2024,1389989.6712
REGION1,GABATSN1,2024,1389989.6712
REGION1,GMBATSN1,2024,1389989.6712
REGION1,GHBATSN1,2024,1389989.6712
REGION1,GNBATSN1,2024,1389989.6712
REGION1,GWBATSN1,2024,1389989.6712
REGION1,KEBATSN1,2024,1389989.6712
REGION1,LSBATSN1,2024,1389989.6712
REGION1,LRBATSN1,2024,1389989.6712
REGION1,LYBATSN1,2024,1389989.6712
REGION1,MWBATSN1,2024,1389989.6712
REGION1,MLBATSN1,2024,1389989.6712
REGION1,MRBATSN1,2024,1389989.6712
REGION1,MABATSN1,2024,1389989.6712
REGION1,MZBATSN1,2024,1389989.6712
REGION1,NABATSN1,2024,1389989.6712
REGION1,NEBATSN1,2024,1389989.6712
REGION1,NGBATSN1,2024,1389989.6712
REGION1,CGBATSN1,2024,1389989.6712
REGION1,RWBATSN1,2024,1389989.6712
REGION1,SNBATSN1,2024,1389989.6712
REGION1,SLBATSN1,2024,1389989.6712
REGION1,SOBATSN1,2024,1389989.6712
REGION1,ZABATSN1,2024,1389989.6712
REGION1,SSBATSN1,2024,1389989.6712
REGION1,SDBATSN1,2024,1389989.6712
REGION1,TZBATSN1,2024,1389989.6712
REGION1,TGBATSN1,2024,1389989.6712
REGION1,TNBATSN1,2024,1389989.6712
REGION1,UGBATSN1,2024,1389989.6712
REGION1,ZMBATSN1,2024,1389989.6712
REGION1,ZWBATSN1,2024,1389989.6712
REGION1,MAHYDSSH1,2024,22413.44010986308
REGION1,ZAHYDSSH1,2024,22413.44010986308
REGION1,MAHYDSSN1,2024,22413.44010986308
REGION1,ZAHYDSSN1,2024,22413.44010986308
REGION1,ATHYDSSH1,2025,22430.80122111308
REGION1,BEHYDSSH1,2025,22430.80122111308
REGION1,BGHYDSSH1,2025,22430.80122111308
REGION1,CZHYDSSH1,2025,22430.80122111308
REGION1,DEHYDSSH1,2025,22430.80122111308
REGION1,GRHYDSSH1,2025,22430.80122111308
REGION1,ESHYDSSH1,2025,22430.80122111308
REGION1,FRHYDSSH1,2025,22430.80122111308
REGION1,HRHYDSSH1,2025,22430.80122111308
REGION1,IEHYDSSH1,2025,22430.80122111308
REGION1,ITHYDSSH1,2025,22430.80122111308
REGION1,LTHYDSSH1,2025,22430.80122111308
REGION1,LUHYDSSH1,2025,22430.80122111308
REGION1,SLHYDSSH1,2025,22430.80122111308
REGION1,STHYDSSH1,2025,22430.80122111308
REGION1,ROHYDSSH1,2025,22430.80122111308
REGION1,SEHYDSSH1,2025,22430.80122111308
REGION1,SIHYDSSH1,2025,22430.80122111308
REGION1,SKHYDSSH1,2025,22430.80122111308
REGION1,CHHYDSSH1,2025,22430.80122111308
REGION1,UKHYDSSH1,2025,22430.80122111308
REGION1,ATHYDSSN1,2025,22430.80122111308
REGION1,BEHYDSSN1,2025,22430.80122111308
REGION1,BGHYDSSN1,2025,22430.80122111308
REGION1,CZHYDSSN1,2025,22430.80122111308
REGION1,DEHYDSSN1,2025,22430.80122111308
REGION1,GRHYDSSN1,2025,22430.80122111308
REGION1,ESHYDSSN1,2025,22430.80122111308
REGION1,FRHYDSSN1,2025,22430.80122111308
REGION1,HRHYDSSN1,2025,22430.80122111308
REGION1,IEHYDSSN1,2025,22430.80122111308
REGION1,ITHYDSSN1,2025,22430.80122111308
REGION1,LTHYDSSN1,2025,22430.80122111308
REGION1,LUHYDSSN1,2025,22430.80122111308
REGION1,SLHYDSSN1,2025,22430.80122111308
REGION1,STHYDSSN1,2025,22430.80122111308
REGION1,ROHYDSSN1,2025,22430.80122111308
REGION1,SEHYDSSN1,2025,22430.80122111308
REGION1,SIHYDSSN1,2025,22430.80122111308
REGION1,SKHYDSSN1,2025,22430.80122111308
REGION1,CHHYDSSN1,2025,22430.80122111308
REGION1,UKHYDSSN1,2025,22430.80122111308
REGION1,ATBATSH1,2025,1389993.2712
REGION1,BEBATSH1,2025,1389993.2712
REGION1,BGBATSH1,2025,1389993.2712
REGION1,CHBATSH1,2025,1389993.2712
REGION1,CYBATSH1,2025,1389993.2712
REGION1,CZBATSH1,2025,1389993.2712
REGION1,DEBATSH1,2025,1389993.2712
REGION1,DKBATSH1,2025,1389993.2712
REGION1,EEBATSH1,2025,1389993.2712
REGION1,GRBATSH1,2025,1389993.2712
REGION1,ESBATSH1,2025,1389993.2712
REGION1,FIBATSH1,2025,1389993.2712
REGION1,FRBATSH1,2025,1389993.2712
REGION1,HRBATSH1,2025,1389993.2712
REGION1,HUBATSH1,2025,1389993.2712
REGION1,IEBATSH1,2025,1389993.2712
REGION1,ITBATSH1,2025,1389993.2712
REGION1,LTBATSH1,2025,1389993.2712
REGION1,LUBATSH1,2025,1389993.2712
REGION1,LVBATSH1,2025,1389993.2712
REGION1,MTBATSH1,2025,1389993.2712
REGION1,NLBATSH1,2025,1389993.2712
REGION1,NOBATSH1,2025,1389993.2712
REGION1,PLBATSH1,2025,1389993.2712
REGION1,PTBATSH1,2025,1389993.2712
REGION1,ROBATSH1,2025,1389993.2712
REGION1,SEBATSH1,2025,1389993.2712
REGION1,SIBATSH1,2025,1389993.2712
REGION1,SKBATSH1,2025,1389993.2712
REGION1,UKBATSH1,2025,1389993.2712
REGION1,DZBATSN1,2025,1389993.2712
REGION1,AOBATSN1,2025,1389993.2712
REGION1,BJBATSN1,2025,1389993.2712
REGION1,BWBATSN1,2025,1389993.2712
REGION1,BFBATSN1,2025,1389993.2712
REGION1,BIBATSN1,2025,1389993.2712
REGION1,CMBATSN1,2025,1389993.2712
REGION1,CFBATSN1,2025,1389993.2712
REGION1,TDBATSN1,2025,1389993.2712
REGION1,CIBATSN1,2025,1389993.2712
REGION1,DJBATSN1,2025,1389993.2712
REGION1,CDBATSN1,2025,1389993.2712
REGION1,EGBATSN1,2025,1389993.2712
REGION1,GQBATSN1,2025,1389993.2712
REGION1,ERBATSN1,2025,1389993.2712
REGION1,SZBATSN1,2025,1389993.2712
REGION1,ETBATSN1,2025,1389993.2712
REGION1,GABATSN1,2025,1389993.2712
REGION1,GMBATSN1,2025,1389993.2712
REGION1,GHBATSN1,2025,1389993.2712
REGION1,GNBATSN1,2025,1389993.2712
REGION1,GWBATSN1,2025,1389993.2712
REGION1,KEBATSN1,2025,1389993.2712
REGION1,LSBATSN1,2025,1389993.2712
REGION1,LRBATSN1,2025,1389993.2712
REGION1,LYBATSN1,2025,1389993.2712
REGION1,MWBATSN1,2025,1389993.2712
REGION1,MLBATSN1,2025,1389993.2712
REGION1,MRBATSN1,2025,1389993.2712
REGION1,MABATSN1,2025,1389993.2712
REGION1,MZBATSN1,2025,1389993.2712
REGION1,NABATSN1,2025,1389993.2712
REGION1,NEBATSN1,2025,1389993.2712
REGION1,NGBATSN1,2025,1389993.2712
REGION1,CGBATSN1,2025,1389993.2712
REGION1,RWBATSN1,2025,1389993.2712
REGION1,SNBATSN1,2025,1389993.2712
REGION1,SLBATSN1,2025,1389993.2712
REGION1,SOBATSN1,2025,1389993.2712
REGION1,ZABATSN1,2025,1389993.2712
REGION1,SSBATSN1,2025,1389993.2712
REGION1,SDBATSN1,2025,1389993.2712
REGION1,TZBATSN1,2025,1389993.2712
REGION1,TGBATSN1,2025,1389993.2712
REGION1,TNBATSN1,2025,1389993.2712
REGION1,UGBATSN1,2025,1389993.2712
REGION1,ZMBATSN1,2025,1389993.2712
REGION1,ZWBATSN1,2025,1389993.2712
REGION1,MAHYDSSH1,2025,22430.80122111308
REGION1,ZAHYDSSH1,2025,22430.80122111308
REGION1,MAHYDSSN1,2025,22430.80122111308
REGION1,ZAHYDSSN1,2025,22430.80122111308
REGION1,ATHYDSSH1,2026,22448.16233236307
REGION1,BEHYDSSH1,2026,22448.16233236307
REGION1,BGHYDSSH1,2026,22448.16233236307
REGION1,CZHYDSSH1,2026,22448.16233236307
REGION1,DEHYDSSH1,2026,22448.16233236307
REGION1,GRHYDSSH1,2026,22448.16233236307
REGION1,ESHYDSSH1,2026,22448.16233236307
REGION1,FRHYDSSH1,2026,22448.16233236307
REGION1,HRHYDSSH1,2026,22448.16233236307
REGION1,IEHYDSSH1,2026,22448.16233236307
REGION1,ITHYDSSH1,2026,22448.16233236307
REGION1,LTHYDSSH1,2026,22448.16233236307
REGION1,LUHYDSSH1,2026,22448.16233236307
REGION1,SLHYDSSH1,2026,22448.16233236307
REGION1,STHYDSSH1,2026,22448.16233236307
REGION1,ROHYDSSH1,2026,22448.16233236307
REGION1,SEHYDSSH1,2026,22448.16233236307
REGION1,SIHYDSSH1,2026,22448.16233236307
REGION1,SKHYDSSH1,2026,22448.16233236307
REGION1,CHHYDSSH1,2026,22448.16233236307
REGION1,UKHYDSSH1,2026,22448.16233236307
REGION1,ATHYDSSN1,2026,22448.16233236307
REGION1,BEHYDSSN1,2026,22448.16233236307
REGION1,BGHYDSSN1,2026,22448.16233236307
REGION1,CZHYDSSN1,2026,22448.16233236307
REGION1,DEHYDSSN1,2026,22448.16233236307
REGION1,GRHYDSSN1,2026,22448.16233236307
REGION1,ESHYDSSN1,2026,22448.16233236307
REGION1,FRHYDSSN1,2026,22448.16233236307
REGION1,HRHYDSSN1,2026,22448.16233236307
REGION1,IEHYDSSN1,2026,22448.16233236307
REGION1,ITHYDSSN1,2026,22448.16233236307
REGION1,LTHYDSSN1,2026,22448.16233236307
REGION1,LUHYDSSN1,2026,22448.16233236307
REGION1,SLHYDSSN1,2026,22448.16233236307
REGION1,STHYDSSN1,2026,22448.16233236307
REGION1,ROHYDSSN1,2026,22448.16233236307
REGION1,SEHYDSSN1,2026,22448.16233236307
REGION1,SIHYDSSN1,2026,22448.16233236307
REGION1,SKHYDSSN1,2026,22448.16233236307
REGION1,CHHYDSSN1,2026,22448.16233236307
REGION1,UKHYDSSN1,2026,22448.16233236307
REGION1,ATBATSH1,2026,1389996.8712
REGION1,BEBATSH1,2026,1389996.8712
REGION1,BGBATSH1,2026,1389996.8712
REGION1,CHBATSH1,2026,1389996.8712
REGION1,CYBATSH1,2026,1389996.8712
REGION1,CZBATSH1,2026,1389996.8712
REGION1,DEBATSH1,2026,1389996.8712
REGION1,DKBATSH1,2026,1389996.8712
REGION1,EEBATSH1,2026,1389996.8712
REGION1,GRBATSH1,2026,1389996.8712
REGION1,ESBATSH1,2026,1389996.8712
REGION1,FIBATSH1,2026,1389996.8712
REGION1,FRBATSH1,2026,1389996.8712
REGION1,HRBATSH1,2026,1389996.8712
REGION1,HUBATSH1,2026,1389996.8712
REGION1,IEBATSH1,2026,1389996.8712
REGION1,ITBATSH1,2026,1389996.8712
REGION1,LTBATSH1,2026,1389996.8712
REGION1,LUBATSH1,2026,1389996.8712
REGION1,LVBATSH1,2026,1389996.8712
REGION1,MTBATSH1,2026,1389996.8712
REGION1,NLBATSH1,2026,1389996.8712
REGION1,NOBATSH1,2026,1389996.8712
REGION1,PLBATSH1,2026,1389996.8712
REGION1,PTBATSH1,2026,1389996.8712
REGION1,ROBATSH1,2026,1389996.8712
REGION1,SEBATSH1,2026,1389996.8712
REGION1,SIBATSH1,2026,1389996.8712
REGION1,SKBATSH1,2026,1389996.8712
REGION1,UKBATSH1,2026,1389996.8712
REGION1,DZBATSN1,2026,1389996.8712
REGION1,AOBATSN1,2026,1389996.8712
REGION1,BJBATSN1,2026,1389996.8712
REGION1,BWBATSN1,2026,1389996.8712
REGION1,BFBATSN1,2026,1389996.8712
REGION1,BIBATSN1,2026,1389996.8712
REGION1,CMBATSN1,2026,1389996.8712
REGION1,CFBATSN1,2026,1389996.8712
REGION1,TDBATSN1,2026,1389996.8712
REGION1,CIBATSN1,2026,1389996.8712
REGION1,DJBATSN1,2026,1389996.8712
REGION1,CDBATSN1,2026,1389996.8712
REGION1,EGBATSN1,2026,1389996.8712
REGION1,GQBATSN1,2026,1389996.8712
REGION1,ERBATSN1,2026,1389996.8712
REGION1,SZBATSN1,2026,1389996.8712
REGION1,ETBATSN1,2026,1389996.8712
REGION1,GABATSN1,2026,1389996.8712
REGION1,GMBATSN1,2026,1389996.8712
REGION1,GHBATSN1,2026,1389996.8712
REGION1,GNBATSN1,2026,1389996.8712
REGION1,GWBATSN1,2026,1389996.8712
REGION1,KEBATSN1,2026,1389996.8712
REGION1,LSBATSN1,2026,1389996.8712
REGION1,LRBATSN1,2026,1389996.8712
REGION1,LYBATSN1,2026,1389996.8712
REGION1,MWBATSN1,2026,1389996.8712
REGION1,MLBATSN1,2026,1389996.8712
REGION1,MRBATSN1,2026,1389996.8712
REGION1,MABATSN1,2026,1389996.8712
REGION1,MZBATSN1,2026,1389996.8712
REGION1,NABATSN1,2026,1389996.8712
REGION1,NEBATSN1,2026,1389996.8712
REGION1,NGBATSN1,2026,1389996.8712
REGION1,CGBATSN1,2026,1389996.8712
REGION1,RWBATSN1,2026,1389996.8712
REGION1,SNBATSN1,2026,1389996.8712
REGION1,SLBATSN1,2026,1389996.8712
REGION1,SOBATSN1,2026,1389996.8712
REGION1,ZABATSN1,2026,1389996.8712
REGION1,SSBATSN1,2026,1389996.8712
REGION1,SDBATSN1,2026,1389996.8712
REGION1,TZBATSN1,2026,1389996.8712
REGION1,TGBATSN1,2026,1389996.8712
REGION1,TNBATSN1,2026,1389996.8712
REGION1,UGBATSN1,2026,1389996.8712
REGION1,ZMBATSN1,2026,1389996.8712
REGION1,ZWBATSN1,2026,1389996.8712
REGION1,MAHYDSSH1,2026,22448.16233236307
REGION1,ZAHYDSSH1,2026,22448.16233236307
REGION1,MAHYDSSN1,2026,22448.16233236307
REGION1,ZAHYDSSN1,2026,22448.16233236307
REGION1,ATHYDSSH1,2027,22465.52344361307
REGION1,BEHYDSSH1,2027,22465.52344361307
REGION1,BGHYDSSH1,2027,22465.52344361307
REGION1,CZHYDSSH1,2027,22465.52344361307
REGION1,DEHYDSSH1,2027,22465.52344361307
REGION1,GRHYDSSH1,2027,22465.52344361307
REGION1,ESHYDSSH1,2027,22465.52344361307
REGION1,FRHYDSSH1,2027,22465.52344361307
REGION1,HRHYDSSH1,2027,22465.52344361307
REGION1,IEHYDSSH1,2027,22465.52344361307
REGION1,ITHYDSSH1,2027,22465.52344361307
REGION1,LTHYDSSH1,2027,22465.52344361307
REGION1,LUHYDSSH1,2027,22465.52344361307
REGION1,SLHYDSSH1,2027,22465.52344361307
REGION1,STHYDSSH1,2027,22465.52344361307
REGION1,ROHYDSSH1,2027,22465.52344361307
REGION1,SEHYDSSH1,2027,22465.52344361307
REGION1,SIHYDSSH1,2027,22465.52344361307
REGION1,SKHYDSSH1,2027,22465.52344361307
REGION1,CHHYDSSH1,2027,22465.52344361307
REGION1,UKHYDSSH1,2027,22465.52344361307
REGION1,ATHYDSSN1,2027,22465.52344361307
REGION1,BEHYDSSN1,2027,22465.52344361307
REGION1,BGHYDSSN1,2027,22465.52344361307
REGION1,CZHYDSSN1,2027,22465.52344361307
REGION1,DEHYDSSN1,2027,22465.52344361307
REGION1,GRHYDSSN1,2027,22465.52344361307
REGION1,ESHYDSSN1,2027,22465.52344361307
REGION1,FRHYDSSN1,2027,22465.52344361307
REGION1,HRHYDSSN1,2027,22465.52344361307
REGION1,IEHYDSSN1,2027,22465.52344361307
REGION1,ITHYDSSN1,2027,22465.52344361307
REGION1,LTHYDSSN1,2027,22465.52344361307
REGION1,LUHYDSSN1,2027,22465.52344361307
REGION1,SLHYDSSN1,2027,22465.52344361307
REGION1,STHYDSSN1,2027,22465.52344361307
REGION1,ROHYDSSN1,2027,22465.52344361307
REGION1,SEHYDSSN1,2027,22465.52344361307
REGION1,SIHYDSSN1,2027,22465.52344361307
REGION1,SKHYDSSN1,2027,22465.52344361307
REGION1,CHHYDSSN1,2027,22465.52344361307
REGION1,UKHYDSSN1,2027,22465.52344361307
REGION1,ATBATSH1,2027,1390000.4712
REGION1,BEBATSH1,2027,1390000.4712
REGION1,BGBATSH1,2027,1390000.4712
REGION1,CHBATSH1,2027,1390000.4712
REGION1,CYBATSH1,2027,1390000.4712
REGION1,CZBATSH1,2027,1390000.4712
REGION1,DEBATSH1,2027,1390000.4712
REGION1,DKBATSH1,2027,1390000.4712
REGION1,EEBATSH1,2027,1390000.4712
REGION1,GRBATSH1,2027,1390000.4712
REGION1,ESBATSH1,2027,1390000.4712
REGION1,FIBATSH1,2027,1390000.4712
REGION1,FRBATSH1,2027,1390000.4712
REGION1,HRBATSH1,2027,1390000.4712
REGION1,HUBATSH1,2027,1390000.4712
REGION1,IEBATSH1,2027,1390000.4712
REGION1,ITBATSH1,2027,1390000.4712
REGION1,LTBATSH1,2027,1390000.4712
REGION1,LUBATSH1,2027,1390000.4712
REGION1,LVBATSH1,2027,1390000.4712
REGION1,MTBATSH1,2027,1390000.4712
REGION1,NLBATSH1,2027,1390000.4712
REGION1,NOBATSH1,2027,1390000.4712
REGION1,PLBATSH1,2027,1390000.4712
REGION1,PTBATSH1,2027,1390000.4712
REGION1,ROBATSH1,2027,1390000.4712
REGION1,SEBATSH1,2027,1390000.4712
REGION1,SIBATSH1,2027,1390000.4712
REGION1,SKBATSH1,2027,1390000.4712
REGION1,UKBATSH1,2027,1390000.4712
REGION1,DZBATSN1,2027,1390000.4712
REGION1,AOBATSN1,2027,1390000.4712
REGION1,BJBATSN1,2027,1390000.4712
REGION1,BWBATSN1,2027,1390000.4712
REGION1,BFBATSN1,2027,1390000.4712
REGION1,BIBATSN1,2027,1390000.4712
REGION1,CMBATSN1,2027,1390000.4712
REGION1,CFBATSN1,2027,1390000.4712
REGION1,TDBATSN1,2027,1390000.4712
REGION1,CIBATSN1,2027,1390000.4712
REGION1,DJBATSN1,2027,1390000.4712
REGION1,CDBATSN1,2027,1390000.4712
REGION1,EGBATSN1,2027,1390000.4712
REGION1,GQBATSN1,2027,1390000.4712
REGION1,ERBATSN1,2027,1390000.4712
REGION1,SZBATSN1,2027,1390000.4712
REGION1,ETBATSN1,2027,1390000.4712
REGION1,GABATSN1,2027,1390000.4712
REGION1,GMBATSN1,2027,1390000.4712
REGION1,GHBATSN1,2027,1390000.4712
REGION1,GNBATSN1,2027,1390000.4712
REGION1,GWBATSN1,2027,1390000.4712
REGION1,KEBATSN1,2027,1390000.4712
REGION1,LSBATSN1,2027,1390000.4712
REGION1,LRBATSN1,2027,1390000.4712
REGION1,LYBATSN1,2027,1390000.4712
REGION1,MWBATSN1,2027,1390000.4712
REGION1,MLBATSN1,2027,1390000.4712
REGION1,MRBATSN1,2027,1390000.4712
REGION1,MABATSN1,2027,1390000.4712
REGION1,MZBATSN1,2027,1390000.4712
REGION1,NABATSN1,2027,1390000.4712
REGION1,NEBATSN1,2027,1390000.4712
REGION1,NGBATSN1,2027,1390000.4712
REGION1,CGBATSN1,2027,1390000.4712
REGION1,RWBATSN1,2027,1390000.4712
REGION1,SNBATSN1,2027,1390000.4712
REGION1,SLBATSN1,2027,1390000.4712
REGION1,SOBATSN1,2027,1390000.4712
REGION1,ZABATSN1,2027,1390000.4712
REGION1,SSBATSN1,2027,1390000.4712
REGION1,SDBATSN1,2027,1390000.4712
REGION1,TZBATSN1,2027,1390000.4712
REGION1,TGBATSN1,2027,1390000.4712
REGION1,TNBATSN1,2027,1390000.4712
REGION1,UGBATSN1,2027,1390000.4712
REGION1,ZMBATSN1,2027,1390000.4712
REGION1,ZWBATSN1,2027,1390000.4712
REGION1,MAHYDSSH1,2027,22465.52344361307
REGION1,ZAHYDSSH1,2027,22465.52344361307
REGION1,MAHYDSSN1,2027,22465.52344361307
REGION1,ZAHYDSSN1,2027,22465.52344361307
REGION1,ATHYDSSH1,2028,22482.88455486307
REGION1,BEHYDSSH1,2028,22482.88455486307
REGION1,BGHYDSSH1,2028,22482.88455486307
REGION1,CZHYDSSH1,2028,22482.88455486307
REGION1,DEHYDSSH1,2028,22482.88455486307
REGION1,GRHYDSSH1,2028,22482.88455486307
REGION1,ESHYDSSH1,2028,22482.88455486307
REGION1,FRHYDSSH1,2028,22482.88455486307
REGION1,HRHYDSSH1,2028,22482.88455486307
REGION1,IEHYDSSH1,2028,22482.88455486307
REGION1,ITHYDSSH1,2028,22482.88455486307
REGION1,LTHYDSSH1,2028,22482.88455486307
REGION1,LUHYDSSH1,2028,22482.88455486307
REGION1,SLHYDSSH1,2028,22482.88455486307
REGION1,STHYDSSH1,2028,22482.88455486307
REGION1,ROHYDSSH1,2028,22482.88455486307
REGION1,SEHYDSSH1,2028,22482.88455486307
REGION1,SIHYDSSH1,2028,22482.88455486307
REGION1,SKHYDSSH1,2028,22482.88455486307
REGION1,CHHYDSSH1,2028,22482.88455486307
REGION1,UKHYDSSH1,2028,22482.88455486307
REGION1,ATHYDSSN1,2028,22482.88455486307
REGION1,BEHYDSSN1,2028,22482.88455486307
REGION1,BGHYDSSN1,2028,22482.88455486307
REGION1,CZHYDSSN1,2028,22482.88455486307
REGION1,DEHYDSSN1,2028,22482.88455486307
REGION1,GRHYDSSN1,2028,22482.88455486307
REGION1,ESHYDSSN1,2028,22482.88455486307
REGION1,FRHYDSSN1,2028,22482.88455486307
REGION1,HRHYDSSN1,2028,22482.88455486307
REGION1,IEHYDSSN1,2028,22482.88455486307
REGION1,ITHYDSSN1,2028,22482.88455486307
REGION1,LTHYDSSN1,2028,22482.88455486307
REGION1,LUHYDSSN1,2028,22482.88455486307
REGION1,SLHYDSSN1,2028,22482.88455486307
REGION1,STHYDSSN1,2028,22482.88455486307
REGION1,ROHYDSSN1,2028,22482.88455486307
REGION1,SEHYDSSN1,2028,22482.88455486307
REGION1,SIHYDSSN1,2028,22482.88455486307
REGION1,SKHYDSSN1,2028,22482.88455486307
REGION1,CHHYDSSN1,2028,22482.88455486307
REGION1,UKHYDSSN1,2028,22482.88455486307
REGION1,ATBATSH1,2028,1390004.0712
REGION1,BEBATSH1,2028,1390004.0712
REGION1,BGBATSH1,2028,1390004.0712
REGION1,CHBATSH1,2028,1390004.0712
REGION1,CYBATSH1,2028,1390004.0712
REGION1,CZBATSH1,2028,1390004.0712
REGION1,DEBATSH1,2028,1390004.0712
REGION1,DKBATSH1,2028,1390004.0712
REGION1,EEBATSH1,2028,1390004.0712
REGION1,GRBATSH1,2028,1390004.0712
REGION1,ESBATSH1,2028,1390004.0712
REGION1,FIBATSH1,2028,1390004.0712
REGION1,FRBATSH1,2028,1390004.0712
REGION1,HRBATSH1,2028,1390004.0712
REGION1,HUBATSH1,2028,1390004.0712
REGION1,IEBATSH1,2028,1390004.0712
REGION1,ITBATSH1,2028,1390004.0712
REGION1,LTBATSH1,2028,1390004.0712
REGION1,LUBATSH1,2028,1390004.0712
REGION1,LVBATSH1,2028,1390004.0712
REGION1,MTBATSH1,2028,1390004.0712
REGION1,NLBATSH1,2028,1390004.0712
REGION1,NOBATSH1,2028,1390004.0712
REGION1,PLBATSH1,2028,1390004.0712
REGION1,PTBATSH1,2028,1390004.0712
REGION1,ROBATSH1,2028,1390004.0712
REGION1,SEBATSH1,2028,1390004.0712
REGION1,SIBATSH1,2028,1390004.0712
REGION1,SKBATSH1,2028,1390004.0712
REGION1,UKBATSH1,2028,1390004.0712
REGION1,DZBATSN1,2028,1390004.0712
REGION1,AOBATSN1,2028,1390004.0712
REGION1,BJBATSN1,2028,1390004.0712
REGION1,BWBATSN1,2028,1390004.0712
REGION1,BFBATSN1,2028,1390004.0712
REGION1,BIBATSN1,2028,1390004.0712
REGION1,CMBATSN1,2028,1390004.0712
REGION1,CFBATSN1,2028,1390004.0712
REGION1,TDBATSN1,2028,1390004.0712
REGION1,CIBATSN1,2028,1390004.0712
REGION1,DJBATSN1,2028,1390004.0712
REGION1,CDBATSN1,2028,1390004.0712
REGION1,EGBATSN1,2028,1390004.0712
REGION1,GQBATSN1,2028,1390004.0712
REGION1,ERBATSN1,2028,1390004.0712
REGION1,SZBATSN1,2028,1390004.0712
REGION1,ETBATSN1,2028,1390004.0712
REGION1,GABATSN1,2028,1390004.0712
REGION1,GMBATSN1,2028,1390004.0712
REGION1,GHBATSN1,2028,1390004.0712
REGION1,GNBATSN1,2028,1390004.0712
REGION1,GWBATSN1,2028,1390004.0712
REGION1,KEBATSN1,2028,1390004.0712
REGION1,LSBATSN1,2028,1390004.0712
REGION1,LRBATSN1,2028,1390004.0712
REGION1,LYBATSN1,2028,1390004.0712
REGION1,MWBATSN1,2028,1390004.0712
REGION1,MLBATSN1,2028,1390004.0712
REGION1,MRBATSN1,2028,1390004.0712
REGION1,MABATSN1,2028,1390004.0712
REGION1,MZBATSN1,2028,1390004.0712
REGION1,NABATSN1,2028,1390004.0712
REGION1,NEBATSN1,2028,1390004.0712
REGION1,NGBATSN1,2028,1390004.0712
REGION1,CGBATSN1,2028,1390004.0712
REGION1,RWBATSN1,2028,1390004.0712
REGION1,SNBATSN1,2028,1390004.0712
REGION1,SLBATSN1,2028,1390004.0712
REGION1,SOBATSN1,2028,1390004.0712
REGION1,ZABATSN1,2028,1390004.0712
REGION1,SSBATSN1,2028,1390004.0712
REGION1,SDBATSN1,2028,1390004.0712
REGION1,TZBATSN1,2028,1390004.0712
REGION1,TGBATSN1,2028,1390004.0712
REGION1,TNBATSN1,2028,1390004.0712
REGION1,UGBATSN1,2028,1390004.0712
REGION1,ZMBATSN1,2028,1390004.0712
REGION1,ZWBATSN1,2028,1390004.0712
REGION1,MAHYDSSH1,2028,22482.88455486307
REGION1,ZAHYDSSH1,2028,22482.88455486307
REGION1,MAHYDSSN1,2028,22482.88455486307
REGION1,ZAHYDSSN1,2028,22482.88455486307
REGION1,ATHYDSSH1,2029,22500.24566611307
REGION1,BEHYDSSH1,2029,22500.24566611307
REGION1,BGHYDSSH1,2029,22500.24566611307
REGION1,CZHYDSSH1,2029,22500.24566611307
REGION1,DEHYDSSH1,2029,22500.24566611307
REGION1,GRHYDSSH1,2029,22500.24566611307
REGION1,ESHYDSSH1,2029,22500.24566611307
REGION1,FRHYDSSH1,2029,22500.24566611307
REGION1,HRHYDSSH1,2029,22500.24566611307
REGION1,IEHYDSSH1,2029,22500.24566611307
REGION1,ITHYDSSH1,2029,22500.24566611307
REGION1,LTHYDSSH1,2029,22500.24566611307
REGION1,LUHYDSSH1,2029,22500.24566611307
REGION1,SLHYDSSH1,2029,22500.24566611307
REGION1,STHYDSSH1,2029,22500.24566611307
REGION1,ROHYDSSH1,2029,22500.24566611307
REGION1,SEHYDSSH1,2029,22500.24566611307
REGION1,SIHYDSSH1,2029,22500.24566611307
REGION1,SKHYDSSH1,2029,22500.24566611307
REGION1,CHHYDSSH1,2029,22500.24566611307
REGION1,UKHYDSSH1,2029,22500.24566611307
REGION1,ATHYDSSN1,2029,22500.24566611307
REGION1,BEHYDSSN1,2029,22500.24566611307
REGION1,BGHYDSSN1,2029,22500.24566611307
REGION1,CZHYDSSN1,2029,22500.24566611307
REGION1,DEHYDSSN1,2029,22500.24566611307
REGION1,GRHYDSSN1,2029,22500.24566611307
REGION1,ESHYDSSN1,2029,22500.24566611307
REGION1,FRHYDSSN1,2029,22500.24566611307
REGION1,HRHYDSSN1,2029,22500.24566611307
REGION1,IEHYDSSN1,2029,22500.24566611307
REGION1,ITHYDSSN1,2029,22500.24566611307
REGION1,LTHYDSSN1,2029,22500.24566611307
REGION1,LUHYDSSN1,2029,22500.24566611307
REGION1,SLHYDSSN1,2029,22500.24566611307
REGION1,STHYDSSN1,2029,22500.24566611307
REGION1,ROHYDSSN1,2029,22500.24566611307
REGION1,SEHYDSSN1,2029,22500.24566611307
REGION1,SIHYDSSN1,2029,22500.24566611307
REGION1,SKHYDSSN1,2029,22500.24566611307
REGION1,CHHYDSSN1,2029,22500.24566611307
REGION1,UKHYDSSN1,2029,22500.24566611307
REGION1,ATBATSH1,2029,1390007.6712
REGION1,BEBATSH1,2029,1390007.6712
REGION1,BGBATSH1,2029,1390007.6712
REGION1,CHBATSH1,2029,1390007.6712
REGION1,CYBATSH1,2029,1390007.6712
REGION1,CZBATSH1,2029,1390007.6712
REGION1,DEBATSH1,2029,1390007.6712
REGION1,DKBATSH1,2029,1390007.6712
REGION1,EEBATSH1,2029,1390007.6712
REGION1,GRBATSH1,2029,1390007.6712
REGION1,ESBATSH1,2029,1390007.6712
REGION1,FIBATSH1,2029,1390007.6712
REGION1,FRBATSH1,2029,1390007.6712
REGION1,HRBATSH1,2029,1390007.6712
REGION1,HUBATSH1,2029,1390007.6712
REGION1,IEBATSH1,2029,1390007.6712
REGION1,ITBATSH1,2029,1390007.6712
REGION1,LTBATSH1,2029,1390007.6712
REGION1,LUBATSH1,2029,1390007.6712
REGION1,LVBATSH1,2029,1390007.6712
REGION1,MTBATSH1,2029,1390007.6712
REGION1,NLBATSH1,2029,1390007.6712
REGION1,NOBATSH1,2029,1390007.6712
REGION1,PLBATSH1,2029,1390007.6712
REGION1,PTBATSH1,2029,1390007.6712
REGION1,ROBATSH1,2029,1390007.6712
REGION1,SEBATSH1,2029,1390007.6712
REGION1,SIBATSH1,2029,1390007.6712
REGION1,SKBATSH1,2029,1390007.6712
REGION1,UKBATSH1,2029,1390007.6712
REGION1,DZBATSN1,2029,1390007.6712
REGION1,AOBATSN1,2029,1390007.6712
REGION1,BJBATSN1,2029,1390007.6712
REGION1,BWBATSN1,2029,1390007.6712
REGION1,BFBATSN1,2029,1390007.6712
REGION1,BIBATSN1,2029,1390007.6712
REGION1,CMBATSN1,2029,1390007.6712
REGION1,CFBATSN1,2029,1390007.6712
REGION1,TDBATSN1,2029,1390007.6712
REGION1,CIBATSN1,2029,1390007.6712
REGION1,DJBATSN1,2029,1390007.6712
REGION1,CDBATSN1,2029,1390007.6712
REGION1,EGBATSN1,2029,1390007.6712
REGION1,GQBATSN1,2029,1390007.6712
REGION1,ERBATSN1,2029,1390007.6712
REGION1,SZBATSN1,2029,1390007.6712
REGION1,ETBATSN1,2029,1390007.6712
REGION1,GABATSN1,2029,1390007.6712
REGION1,GMBATSN1,2029,1390007.6712
REGION1,GHBATSN1,2029,1390007.6712
REGION1,GNBATSN1,2029,1390007.6712
REGION1,GWBATSN1,2029,1390007.6712
REGION1,KEBATSN1,2029,1390007.6712
REGION1,LSBATSN1,2029,1390007.6712
REGION1,LRBATSN1,2029,1390007.6712
REGION1,LYBATSN1,2029,1390007.6712
REGION1,MWBATSN1,2029,1390007.6712
REGION1,MLBATSN1,2029,1390007.6712
REGION1,MRBATSN1,2029,1390007.6712
REGION1,MABATSN1,2029,1390007.6712
REGION1,MZBATSN1,2029,1390007.6712
REGION1,NABATSN1,2029,1390007.6712
REGION1,NEBATSN1,2029,1390007.6712
REGION1,NGBATSN1,2029,1390007.6712
REGION1,CGBATSN1,2029,1390007.6712
REGION1,RWBATSN1,2029,1390007.6712
REGION1,SNBATSN1,2029,1390007.6712
REGION1,SLBATSN1,2029,1390007.6712
REGION1,SOBATSN1,2029,1390007.6712
REGION1,ZABATSN1,2029,1390007.6712
REGION1,SSBATSN1,2029,1390007.6712
REGION1,SDBATSN1,2029,1390007.6712
REGION1,TZBATSN1,2029,1390007.6712
REGION1,TGBATSN1,2029,1390007.6712
REGION1,TNBATSN1,2029,1390007.6712
REGION1,UGBATSN1,2029,1390007.6712
REGION1,ZMBATSN1,2029,1390007.6712
REGION1,ZWBATSN1,2029,1390007.6712
REGION1,MAHYDSSH1,2029,22500.24566611307
REGION1,ZAHYDSSH1,2029,22500.24566611307
REGION1,MAHYDSSN1,2029,22500.24566611307
REGION1,ZAHYDSSN1,2029,22500.24566611307
REGION1,ATHYDSSH1,2030,20109.59609837677
REGION1,BEHYDSSH1,2030,20109.59609837677
REGION1,BGHYDSSH1,2030,20109.59609837677
REGION1,CZHYDSSH1,2030,20109.59609837677
REGION1,DEHYDSSH1,2030,20109.59609837677
REGION1,GRHYDSSH1,2030,20109.59609837677
REGION1,ESHYDSSH1,2030,20109.59609837677
REGION1,FRHYDSSH1,2030,20109.59609837677
REGION1,HRHYDSSH1,2030,20109.59609837677
REGION1,IEHYDSSH1,2030,20109.59609837677
REGION1,ITHYDSSH1,2030,20109.59609837677
REGION1,LTHYDSSH1,2030,20109.59609837677
REGION1,LUHYDSSH1,2030,20109.59609837677
REGION1,SLHYDSSH1,2030,20109.59609837677
REGION1,STHYDSSH1,2030,20109.59609837677
REGION1,ROHYDSSH1,2030,20109.59609837677
REGION1,SEHYDSSH1,2030,20109.59609837677
REGION1,SIHYDSSH1,2030,20109.59609837677
REGION1,SKHYDSSH1,2030,20109.59609837677
REGION1,CHHYDSSH1,2030,20109.59609837677
REGION1,UKHYDSSH1,2030,20109.59609837677
REGION1,ATHYDSSN1,2030,20109.59609837677
REGION1,BEHYDSSN1,2030,20109.59609837677
REGION1,BGHYDSSN1,2030,20109.59609837677
REGION1,CZHYDSSN1,2030,20109.59609837677
REGION1,DEHYDSSN1,2030,20109.59609837677
REGION1,GRHYDSSN1,2030,20109.59609837677
REGION1,ESHYDSSN1,2030,20109.59609837677
REGION1,FRHYDSSN1,2030,20109.59609837677
REGION1,HRHYDSSN1,2030,20109.59609837677
REGION1,IEHYDSSN1,2030,20109.59609837677
REGION1,ITHYDSSN1,2030,20109.59609837677
REGION1,LTHYDSSN1,2030,20109.59609837677
REGION1,LUHYDSSN1,2030,20109.59609837677
REGION1,SLHYDSSN1,2030,20109.59609837677
REGION1,STHYDSSN1,2030,20109.59609837677
REGION1,ROHYDSSN1,2030,20109.59609837677
REGION1,SEHYDSSN1,2030,20109.59609837677
REGION1,SIHYDSSN1,2030,20109.59609837677
REGION1,SKHYDSSN1,2030,20109.59609837677
REGION1,CHHYDSSN1,2030,20109.59609837677
REGION1,UKHYDSSN1,2030,20109.59609837677
REGION1,ATBATSH1,2030,880317.6717599998
REGION1,BEBATSH1,2030,880317.6717599998
REGION1,BGBATSH1,2030,880317.6717599998
REGION1,CHBATSH1,2030,880317.6717599998
REGION1,CYBATSH1,2030,880317.6717599998
REGION1,CZBATSH1,2030,880317.6717599998
REGION1,DEBATSH1,2030,880317.6717599998
REGION1,DKBATSH1,2030,880317.6717599998
REGION1,EEBATSH1,2030,880317.6717599998
REGION1,GRBATSH1,2030,880317.6717599998
REGION1,ESBATSH1,2030,880317.6717599998
REGION1,FIBATSH1,2030,880317.6717599998
REGION1,FRBATSH1,2030,880317.6717599998
REGION1,HRBATSH1,2030,880317.6717599998
REGION1,HUBATSH1,2030,880317.6717599998
REGION1,IEBATSH1,2030,880317.6717599998
REGION1,ITBATSH1,2030,880317.6717599998
REGION1,LTBATSH1,2030,880317.6717599998
REGION1,LUBATSH1,2030,880317.6717599998
REGION1,LVBATSH1,2030,880317.6717599998
REGION1,MTBATSH1,2030,880317.6717599998
REGION1,NLBATSH1,2030,880317.6717599998
REGION1,NOBATSH1,2030,880317.6717599998
REGION1,PLBATSH1,2030,880317.6717599998
REGION1,PTBATSH1,2030,880317.6717599998
REGION1,ROBATSH1,2030,880317.6717599998
REGION1,SEBATSH1,2030,880317.6717599998
REGION1,SIBATSH1,2030,880317.6717599998
REGION1,SKBATSH1,2030,880317.6717599998
REGION1,UKBATSH1,2030,880317.6717599998
REGION1,DZBATSN1,2030,880317.6717599998
REGION1,AOBATSN1,2030,880317.6717599998
REGION1,BJBATSN1,2030,880317.6717599998
REGION1,BWBATSN1,2030,880317.6717599998
REGION1,BFBATSN1,2030,880317.6717599998
REGION1,BIBATSN1,2030,880317.6717599998
REGION1,CMBATSN1,2030,880317.6717599998
REGION1,CFBATSN1,2030,880317.6717599998
REGION1,TDBATSN1,2030,880317.6717599998
REGION1,CIBATSN1,2030,880317.6717599998
REGION1,DJBATSN1,2030,880317.6717599998
REGION1,CDBATSN1,2030,880317.6717599998
REGION1,EGBATSN1,2030,880317.6717599998
REGION1,GQBATSN1,2030,880317.6717599998
REGION1,ERBATSN1,2030,880317.6717599998
REGION1,SZBATSN1,2030,880317.6717599998
REGION1,ETBATSN1,2030,880317.6717599998
REGION1,GABATSN1,2030,880317.6717599998
REGION1,GMBATSN1,2030,880317.6717599998
REGION1,GHBATSN1,2030,880317.6717599998
REGION1,GNBATSN1,2030,880317.6717599998
REGION1,GWBATSN1,2030,880317.6717599998
REGION1,KEBATSN1,2030,880317.6717599998
REGION1,LSBATSN1,2030,880317.6717599998
REGION1,LRBATSN1,2030,880317.6717599998
REGION1,LYBATSN1,2030,880317.6717599998
REGION1,MWBATSN1,2030,880317.6717599998
REGION1,MLBATSN1,2030,880317.6717599998
REGION1,MRBATSN1,2030,880317.6717599998
REGION1,MABATSN1,2030,880317.6717599998
REGION1,MZBATSN1,2030,880317.6717599998
REGION1,NABATSN1,2030,880317.6717599998
REGION1,NEBATSN1,2030,880317.6717599998
REGION1,NGBATSN1,2030,880317.6717599998
REGION1,CGBATSN1,2030,880317.6717599998
REGION1,RWBATSN1,2030,880317.6717599998
REGION1,SNBATSN1,2030,880317.6717599998
REGION1,SLBATSN1,2030,880317.6717599998
REGION1,SOBATSN1,2030,880317.6717599998
REGION1,ZABATSN1,2030,880317.6717599998
REGION1,SSBATSN1,2030,880317.6717599998
REGION1,SDBATSN1,2030,880317.6717599998
REGION1,TZBATSN1,2030,880317.6717599998
REGION1,TGBATSN1,2030,880317.6717599998
REGION1,TNBATSN1,2030,880317.6717599998
REGION1,UGBATSN1,2030,880317.6717599998
REGION1,ZMBATSN1,2030,880317.6717599998
REGION1,ZWBATSN1,2030,880317.6717599998
REGION1,MAHYDSSH1,2030,20109.59609837677
REGION1,ZAHYDSSH1,2030,20109.59609837677
REGION1,MAHYDSSN1,2030,20109.59609837677
REGION1,ZAHYDSSN1,2030,20109.59609837677
REGION1,ATHYDSSH1,2031,20064.90810704704
REGION1,BEHYDSSH1,2031,20064.90810704704
REGION1,BGHYDSSH1,2031,20064.90810704704
REGION1,CZHYDSSH1,2031,20064.90810704704
REGION1,DEHYDSSH1,2031,20064.90810704704
REGION1,GRHYDSSH1,2031,20064.90810704704
REGION1,ESHYDSSH1,2031,20064.90810704704
REGION1,FRHYDSSH1,2031,20064.90810704704
REGION1,HRHYDSSH1,2031,20064.90810704704
REGION1,IEHYDSSH1,2031,20064.90810704704
REGION1,ITHYDSSH1,2031,20064.90810704704
REGION1,LTHYDSSH1,2031,20064.90810704704
REGION1,LUHYDSSH1,2031,20064.90810704704
REGION1,SLHYDSSH1,2031,20064.90810704704
REGION1,STHYDSSH1,2031,20064.90810704704
REGION1,ROHYDSSH1,2031,20064.90810704704
REGION1,SEHYDSSH1,2031,20064.90810704704
REGION1,SIHYDSSH1,2031,20064.90810704704
REGION1,SKHYDSSH1,2031,20064.90810704704
REGION1,CHHYDSSH1,2031,20064.90810704704
REGION1,UKHYDSSH1,2031,20064.90810704704
REGION1,ATHYDSSN1,2031,20064.90810704704
REGION1,BEHYDSSN1,2031,20064.90810704704
REGION1,BGHYDSSN1,2031,20064.90810704704
REGION1,CZHYDSSN1,2031,20064.90810704704
REGION1,DEHYDSSN1,2031,20064.90810704704
REGION1,GRHYDSSN1,2031,20064.90810704704
REGION1,ESHYDSSN1,2031,20064.90810704704
REGION1,FRHYDSSN1,2031,20064.90810704704
REGION1,HRHYDSSN1,2031,20064.90810704704
REGION1,IEHYDSSN1,2031,20064.90810704704
REGION1,ITHYDSSN1,2031,20064.90810704704
REGION1,LTHYDSSN1,2031,20064.90810704704
REGION1,LUHYDSSN1,2031,20064.90810704704
REGION1,SLHYDSSN1,2031,20064.90810704704
REGION1,STHYDSSN1,2031,20064.90810704704
REGION1,ROHYDSSN1,2031,20064.90810704704
REGION1,SEHYDSSN1,2031,20064.90810704704
REGION1,SIHYDSSN1,2031,20064.90810704704
REGION1,SKHYDSSN1,2031,20064.90810704704
REGION1,CHHYDSSN1,2031,20064.90810704704
REGION1,UKHYDSSN1,2031,20064.90810704704
REGION1,ATBATSH1,2031,861784.6681439999
REGION1,BEBATSH1,2031,861784.6681439999
REGION1,BGBATSH1,2031,861784.6681439999
REGION1,CHBATSH1,2031,861784.6681439999
REGION1,CYBATSH1,2031,861784.6681439999
REGION1,CZBATSH1,2031,861784.6681439999
REGION1,DEBATSH1,2031,861784.6681439999
REGION1,DKBATSH1,2031,861784.6681439999
REGION1,EEBATSH1,2031,861784.6681439999
REGION1,GRBATSH1,2031,861784.6681439999
REGION1,ESBATSH1,2031,861784.6681439999
REGION1,FIBATSH1,2031,861784.6681439999
REGION1,FRBATSH1,2031,861784.6681439999
REGION1,HRBATSH1,2031,861784.6681439999
REGION1,HUBATSH1,2031,861784.6681439999
REGION1,IEBATSH1,2031,861784.6681439999
REGION1,ITBATSH1,2031,861784.6681439999
REGION1,LTBATSH1,2031,861784.6681439999
REGION1,LUBATSH1,2031,861784.6681439999
REGION1,LVBATSH1,2031,861784.6681439999
REGION1,MTBATSH1,2031,861784.6681439999
REGION1,NLBATSH1,2031,861784.6681439999
REGION1,NOBATSH1,2031,861784.6681439999
REGION1,PLBATSH1,2031,861784.6681439999
REGION1,PTBATSH1,2031,861784.6681439999
REGION1,ROBATSH1,2031,861784.6681439999
REGION1,SEBATSH1,2031,861784.6681439999
REGION1,SIBATSH1,2031,861784.6681439999
REGION1,SKBATSH1,2031,861784.6681439999
REGION1,UKBATSH1,2031,861784.6681439999
REGION1,DZBATSN1,2031,861784.6681439999
REGION1,AOBATSN1,2031,861784.6681439999
REGION1,BJBATSN1,2031,861784.6681439999
REGION1,BWBATSN1,2031,861784.6681439999
REGION1,BFBATSN1,2031,861784.6681439999
REGION1,BIBATSN1,2031,861784.6681439999
REGION1,CMBATSN1,2031,861784.6681439999
REGION1,CFBATSN1,2031,861784.6681439999
REGION1,TDBATSN1,2031,861784.6681439999
REGION1,CIBATSN1,2031,861784.6681439999
REGION1,DJBATSN1,2031,861784.6681439999
REGION1,CDBATSN1,2031,861784.6681439999
REGION1,EGBATSN1,2031,861784.6681439999
REGION1,GQBATSN1,2031,861784.6681439999
REGION1,ERBATSN1,2031,861784.6681439999
REGION1,SZBATSN1,2031,861784.6681439999
REGION1,ETBATSN1,2031,861784.6681439999
REGION1,GABATSN1,2031,861784.6681439999
REGION1,GMBATSN1,2031,861784.6681439999
REGION1,GHBATSN1,2031,861784.6681439999
REGION1,GNBATSN1,2031,861784.6681439999
REGION1,GWBATSN1,2031,861784.6681439999
REGION1,KEBATSN1,2031,861784.6681439999
REGION1,LSBATSN1,2031,861784.6681439999
REGION1,LRBATSN1,2031,861784.6681439999
REGION1,LYBATSN1,2031,861784.6681439999
REGION1,MWBATSN1,2031,861784.6681439999
REGION1,MLBATSN1,2031,861784.6681439999
REGION1,MRBATSN1,2031,861784.6681439999
REGION1,MABATSN1,2031,861784.6681439999
REGION1,MZBATSN1,2031,861784.6681439999
REGION1,NABATSN1,2031,861784.6681439999
REGION1,NEBATSN1,2031,861784.6681439999
REGION1,NGBATSN1,2031,861784.6681439999
REGION1,CGBATSN1,2031,861784.6681439999
REGION1,RWBATSN1,2031,861784.6681439999
REGION1,SNBATSN1,2031,861784.6681439999
REGION1,SLBATSN1,2031,861784.6681439999
REGION1,SOBATSN1,2031,861784.6681439999
REGION1,ZABATSN1,2031,861784.6681439999
REGION1,SSBATSN1,2031,861784.6681439999
REGION1,SDBATSN1,2031,861784.6681439999
REGION1,TZBATSN1,2031,861784.6681439999
REGION1,TGBATSN1,2031,861784.6681439999
REGION1,TNBATSN1,2031,861784.6681439999
REGION1,UGBATSN1,2031,861784.6681439999
REGION1,ZMBATSN1,2031,861784.6681439999
REGION1,ZWBATSN1,2031,861784.6681439999
REGION1,MAHYDSSH1,2031,20064.90810704704
REGION1,ZAHYDSSH1,2031,20064.90810704704
REGION1,MAHYDSSN1,2031,20064.90810704704
REGION1,ZAHYDSSN1,2031,20064.90810704704
REGION1,ATHYDSSH1,2032,20020.22011571731
REGION1,BEHYDSSH1,2032,20020.22011571731
REGION1,BGHYDSSH1,2032,20020.22011571731
REGION1,CZHYDSSH1,2032,20020.22011571731
REGION1,DEHYDSSH1,2032,20020.22011571731
REGION1,GRHYDSSH1,2032,20020.22011571731
REGION1,ESHYDSSH1,2032,20020.22011571731
REGION1,FRHYDSSH1,2032,20020.22011571731
REGION1,HRHYDSSH1,2032,20020.22011571731
REGION1,IEHYDSSH1,2032,20020.22011571731
REGION1,ITHYDSSH1,2032,20020.22011571731
REGION1,LTHYDSSH1,2032,20020.22011571731
REGION1,LUHYDSSH1,2032,20020.22011571731
REGION1,SLHYDSSH1,2032,20020.22011571731
REGION1,STHYDSSH1,2032,20020.22011571731
REGION1,ROHYDSSH1,2032,20020.22011571731
REGION1,SEHYDSSH1,2032,20020.22011571731
REGION1,SIHYDSSH1,2032,20020.22011571731
REGION1,SKHYDSSH1,2032,20020.22011571731
REGION1,CHHYDSSH1,2032,20020.22011571731
REGION1,UKHYDSSH1,2032,20020.22011571731
REGION1,ATHYDSSN1,2032,20020.22011571731
REGION1,BEHYDSSN1,2032,20020.22011571731
REGION1,BGHYDSSN1,2032,20020.22011571731
REGION1,CZHYDSSN1,2032,20020.22011571731
REGION1,DEHYDSSN1,2032,20020.22011571731
REGION1,GRHYDSSN1,2032,20020.22011571731
REGION1,ESHYDSSN1,2032,20020.22011571731
REGION1,FRHYDSSN1,2032,20020.22011571731
REGION1,HRHYDSSN1,2032,20020.22011571731
REGION1,IEHYDSSN1,2032,20020.22011571731
REGION1,ITHYDSSN1,2032,20020.22011571731
REGION1,LTHYDSSN1,2032,20020.22011571731
REGION1,LUHYDSSN1,2032,20020.22011571731
REGION1,SLHYDSSN1,2032,20020.22011571731
REGION1,STHYDSSN1,2032,20020.22011571731
REGION1,ROHYDSSN1,2032,20020.22011571731
REGION1,SEHYDSSN1,2032,20020.22011571731
REGION1,SIHYDSSN1,2032,20020.22011571731
REGION1,SKHYDSSN1,2032,20020.22011571731
REGION1,CHHYDSSN1,2032,20020.22011571731
REGION1,UKHYDSSN1,2032,20020.22011571731
REGION1,ATBATSH1,2032,843251.6645279999
REGION1,BEBATSH1,2032,843251.6645279999
REGION1,BGBATSH1,2032,843251.6645279999
REGION1,CHBATSH1,2032,843251.6645279999
REGION1,CYBATSH1,2032,843251.6645279999
REGION1,CZBATSH1,2032,843251.6645279999
REGION1,DEBATSH1,2032,843251.6645279999
REGION1,DKBATSH1,2032,843251.6645279999
REGION1,EEBATSH1,2032,843251.6645279999
REGION1,GRBATSH1,2032,843251.6645279999
REGION1,ESBATSH1,2032,843251.6645279999
REGION1,FIBATSH1,2032,843251.6645279999
REGION1,FRBATSH1,2032,843251.6645279999
REGION1,HRBATSH1,2032,843251.6645279999
REGION1,HUBATSH1,2032,843251.6645279999
REGION1,IEBATSH1,2032,843251.6645279999
REGION1,ITBATSH1,2032,843251.6645279999
REGION1,LTBATSH1,2032,843251.6645279999
REGION1,LUBATSH1,2032,843251.6645279999
REGION1,LVBATSH1,2032,843251.6645279999
REGION1,MTBATSH1,2032,843251.6645279999
REGION1,NLBATSH1,2032,843251.6645279999
REGION1,NOBATSH1,2032,843251.6645279999
REGION1,PLBATSH1,2032,843251.6645279999
REGION1,PTBATSH1,2032,843251.6645279999
REGION1,ROBATSH1,2032,843251.6645279999
REGION1,SEBATSH1,2032,843251.6645279999
REGION1,SIBATSH1,2032,843251.6645279999
REGION1,SKBATSH1,2032,843251.6645279999
REGION1,UKBATSH1,2032,843251.6645279999
REGION1,DZBATSN1,2032,843251.6645279999
REGION1,AOBATSN1,2032,843251.6645279999
REGION1,BJBATSN1,2032,843251.6645279999
REGION1,BWBATSN1,2032,843251.6645279999
REGION1,BFBATSN1,2032,843251.6645279999
REGION1,BIBATSN1,2032,843251.6645279999
REGION1,CMBATSN1,2032,843251.6645279999
REGION1,CFBATSN1,2032,843251.6645279999
REGION1,TDBATSN1,2032,843251.6645279999
REGION1,CIBATSN1,2032,843251.6645279999
REGION1,DJBATSN1,2032,843251.6645279999
REGION1,CDBATSN1,2032,843251.6645279999
REGION1,EGBATSN1,2032,843251.6645279999
REGION1,GQBATSN1,2032,843251.6645279999
REGION1,ERBATSN1,2032,843251.6645279999
REGION1,SZBATSN1,2032,843251.6645279999
REGION1,ETBATSN1,2032,843251.6645279999
REGION1,GABATSN1,2032,843251.6645279999
REGION1,GMBATSN1,2032,843251.6645279999
REGION1,GHBATSN1,2032,843251.6645279999
REGION1,GNBATSN1,2032,843251.6645279999
REGION1,GWBATSN1,2032,843251.6645279999
REGION1,KEBATSN1,2032,843251.6645279999
REGION1,LSBATSN1,2032,843251.6645279999
REGION1,LRBATSN1,2032,843251.6645279999
REGION1,LYBATSN1,2032,843251.6645279999
REGION1,MWBATSN1,2032,843251.6645279999
REGION1,MLBATSN1,2032,843251.6645279999
REGION1,MRBATSN1,2032,843251.6645279999
REGION1,MABATSN1,2032,843251.6645279999
REGION1,MZBATSN1,2032,843251.6645279999
REGION1,NABATSN1,2032,843251.6645279999
REGION1,NEBATSN1,2032,843251.6645279999
REGION1,NGBATSN1,2032,843251.6645279999
REGION1,CGBATSN1,2032,843251.6645279999
REGION1,RWBATSN1,2032,843251.6645279999
REGION1,SNBATSN1,2032,843251.6645279999
REGION1,SLBATSN1,2032,843251.6645279999
REGION1,SOBATSN1,2032,843251.6645279999
REGION1,ZABATSN1,2032,843251.6645279999
REGION1,SSBATSN1,2032,843251.6645279999
REGION1,SDBATSN1,2032,843251.6645279999
REGION1,TZBATSN1,2032,843251.6645279999
REGION1,TGBATSN1,2032,843251.6645279999
REGION1,TNBATSN1,2032,843251.6645279999
REGION1,UGBATSN1,2032,843251.6645279999
REGION1,ZMBATSN1,2032,843251.6645279999
REGION1,ZWBATSN1,2032,843251.6645279999
REGION1,MAHYDSSH1,2032,20020.22011571731
REGION1,ZAHYDSSH1,2032,20020.22011571731
REGION1,MAHYDSSN1,2032,20020.22011571731
REGION1,ZAHYDSSN1,2032,20020.22011571731
REGION1,ATHYDSSH1,2033,19975.53212438759
REGION1,BEHYDSSH1,2033,19975.53212438759
REGION1,BGHYDSSH1,2033,19975.53212438759
REGION1,CZHYDSSH1,2033,19975.53212438759
REGION1,DEHYDSSH1,2033,19975.53212438759
REGION1,GRHYDSSH1,2033,19975.53212438759
REGION1,ESHYDSSH1,2033,19975.53212438759
REGION1,FRHYDSSH1,2033,19975.53212438759
REGION1,HRHYDSSH1,2033,19975.53212438759
REGION1,IEHYDSSH1,2033,19975.53212438759
REGION1,ITHYDSSH1,2033,19975.53212438759
REGION1,LTHYDSSH1,2033,19975.53212438759
REGION1,LUHYDSSH1,2033,19975.53212438759
REGION1,SLHYDSSH1,2033,19975.53212438759
REGION1,STHYDSSH1,2033,19975.53212438759
REGION1,ROHYDSSH1,2033,19975.53212438759
REGION1,SEHYDSSH1,2033,19975.53212438759
REGION1,SIHYDSSH1,2033,19975.53212438759
REGION1,SKHYDSSH1,2033,19975.53212438759
REGION1,CHHYDSSH1,2033,19975.53212438759
REGION1,UKHYDSSH1,2033,19975.53212438759
REGION1,ATHYDSSN1,2033,19975.53212438759
REGION1,BEHYDSSN1,2033,19975.53212438759
REGION1,BGHYDSSN1,2033,19975.53212438759
REGION1,CZHYDSSN1,2033,19975.53212438759
REGION1,DEHYDSSN1,2033,19975.53212438759
REGION1,GRHYDSSN1,2033,19975.53212438759
REGION1,ESHYDSSN1,2033,19975.53212438759
REGION1,FRHYDSSN1,2033,19975.53212438759
REGION1,HRHYDSSN1,2033,19975.53212438759
REGION1,IEHYDSSN1,2033,19975.53212438759
REGION1,ITHYDSSN1,2033,19975.53212438759
REGION1,LTHYDSSN1,2033,19975.53212438759
REGION1,LUHYDSSN1,2033,19975.53212438759
REGION1,SLHYDSSN1,2033,19975.53212438759
REGION1,STHYDSSN1,2033,19975.53212438759
REGION1,ROHYDSSN1,2033,19975.53212438759
REGION1,SEHYDSSN1,2033,19975.53212438759
REGION1,SIHYDSSN1,2033,19975.53212438759
REGION1,SKHYDSSN1,2033,19975.53212438759
REGION1,CHHYDSSN1,2033,19975.53212438759
REGION1,UKHYDSSN1,2033,19975.53212438759
REGION1,ATBATSH1,2033,824718.6609119999
REGION1,BEBATSH1,2033,824718.6609119999
REGION1,BGBATSH1,2033,824718.6609119999
REGION1,CHBATSH1,2033,824718.6609119999
REGION1,CYBATSH1,2033,824718.6609119999
REGION1,CZBATSH1,2033,824718.6609119999
REGION1,DEBATSH1,2033,824718.6609119999
REGION1,DKBATSH1,2033,824718.6609119999
REGION1,EEBATSH1,2033,824718.6609119999
REGION1,GRBATSH1,2033,824718.6609119999
REGION1,ESBATSH1,2033,824718.6609119999
REGION1,FIBATSH1,2033,824718.6609119999
REGION1,FRBATSH1,2033,824718.6609119999
REGION1,HRBATSH1,2033,824718.6609119999
REGION1,HUBATSH1,2033,824718.6609119999
REGION1,IEBATSH1,2033,824718.6609119999
REGION1,ITBATSH1,2033,824718.6609119999
REGION1,LTBATSH1,2033,824718.6609119999
REGION1,LUBATSH1,2033,824718.6609119999
REGION1,LVBATSH1,2033,824718.6609119999
REGION1,MTBATSH1,2033,824718.6609119999
REGION1,NLBATSH1,2033,824718.6609119999
REGION1,NOBATSH1,2033,824718.6609119999
REGION1,PLBATSH1,2033,824718.6609119999
REGION1,PTBATSH1,2033,824718.6609119999
REGION1,ROBATSH1,2033,824718.6609119999
REGION1,SEBATSH1,2033,824718.6609119999
REGION1,SIBATSH1,2033,824718.6609119999
REGION1,SKBATSH1,2033,824718.6609119999
REGION1,UKBATSH1,2033,824718.6609119999
REGION1,DZBATSN1,2033,824718.6609119999
REGION1,AOBATSN1,2033,824718.6609119999
REGION1,BJBATSN1,2033,824718.6609119999
REGION1,BWBATSN1,2033,824718.6609119999
REGION1,BFBATSN1,2033,824718.6609119999
REGION1,BIBATSN1,2033,824718.6609119999
REGION1,CMBATSN1,2033,824718.6609119999
REGION1,CFBATSN1,2033,824718.6609119999
REGION1,TDBATSN1,2033,824718.6609119999
REGION1,CIBATSN1,2033,824718.6609119999
REGION1,DJBATSN1,2033,824718.6609119999
REGION1,CDBATSN1,2033,824718.6609119999
REGION1,EGBATSN1,2033,824718.6609119999
REGION1,GQBATSN1,2033,824718.6609119999
REGION1,ERBATSN1,2033,824718.6609119999
REGION1,SZBATSN1,2033,824718.6609119999
REGION1,ETBATSN1,2033,824718.6609119999
REGION1,GABATSN1,2033,824718.6609119999
REGION1,GMBATSN1,2033,824718.6609119999
REGION1,GHBATSN1,2033,824718.6609119999
REGION1,GNBATSN1,2033,824718.6609119999
REGION1,GWBATSN1,2033,824718.6609119999
REGION1,KEBATSN1,2033,824718.6609119999
REGION1,LSBATSN1,2033,824718.6609119999
REGION1,LRBATSN1,2033,824718.6609119999
REGION1,LYBATSN1,2033,824718.6609119999
REGION1,MWBATSN1,2033,824718.6609119999
REGION1,MLBATSN1,2033,824718.6609119999
REGION1,MRBATSN1,2033,824718.6609119999
REGION1,MABATSN1,2033,824718.6609119999
REGION1,MZBATSN1,2033,824718.6609119999
REGION1,NABATSN1,2033,824718.6609119999
REGION1,NEBATSN1,2033,824718.6609119999
REGION1,NGBATSN1,2033,824718.6609119999
REGION1,CGBATSN1,2033,824718.6609119999
REGION1,RWBATSN1,2033,824718.6609119999
REGION1,SNBATSN1,2033,824718.6609119999
REGION1,SLBATSN1,2033,824718.6609119999
REGION1,SOBATSN1,2033,824718.6609119999
REGION1,ZABATSN1,2033,824718.6609119999
REGION1,SSBATSN1,2033,824718.6609119999
REGION1,SDBATSN1,2033,824718.6609119999
REGION1,TZBATSN1,2033,824718.6609119999
REGION1,TGBATSN1,2033,824718.6609119999
REGION1,TNBATSN1,2033,824718.6609119999
REGION1,UGBATSN1,2033,824718.6609119999
REGION1,ZMBATSN1,2033,824718.6609119999
REGION1,ZWBATSN1,2033,824718.6609119999
REGION1,MAHYDSSH1,2033,19975.53212438759
REGION1,ZAHYDSSH1,2033,19975.53212438759
REGION1,MAHYDSSN1,2033,19975.53212438759
REGION1,ZAHYDSSN1,2033,19975.53212438759
REGION1,ATHYDSSH1,2034,19930.84413305786
REGION1,BEHYDSSH1,2034,19930.84413305786
REGION1,BGHYDSSH1,2034,19930.84413305786
REGION1,CZHYDSSH1,2034,19930.84413305786
REGION1,DEHYDSSH1,2034,19930.84413305786
REGION1,GRHYDSSH1,2034,19930.84413305786
REGION1,ESHYDSSH1,2034,19930.84413305786
REGION1,FRHYDSSH1,2034,19930.84413305786
REGION1,HRHYDSSH1,2034,19930.84413305786
REGION1,IEHYDSSH1,2034,19930.84413305786
REGION1,ITHYDSSH1,2034,19930.84413305786
REGION1,LTHYDSSH1,2034,19930.84413305786
REGION1,LUHYDSSH1,2034,19930.84413305786
REGION1,SLHYDSSH1,2034,19930.84413305786
REGION1,STHYDSSH1,2034,19930.84413305786
REGION1,ROHYDSSH1,2034,19930.84413305786
REGION1,SEHYDSSH1,2034,19930.84413305786
REGION1,SIHYDSSH1,2034,19930.84413305786
REGION1,SKHYDSSH1,2034,19930.84413305786
REGION1,CHHYDSSH1,2034,19930.84413305786
REGION1,UKHYDSSH1,2034,19930.84413305786
REGION1,ATHYDSSN1,2034,19930.84413305786
REGION1,BEHYDSSN1,2034,19930.84413305786
REGION1,BGHYDSSN1,2034,19930.84413305786
REGION1,CZHYDSSN1,2034,19930.84413305786
REGION1,DEHYDSSN1,2034,19930.84413305786
REGION1,GRHYDSSN1,2034,19930.84413305786
REGION1,ESHYDSSN1,2034,19930.84413305786
REGION1,FRHYDSSN1,2034,19930.84413305786
REGION1,HRHYDSSN1,2034,19930.84413305786
REGION1,IEHYDSSN1,2034,19930.84413305786
REGION1,ITHYDSSN1,2034,19930.84413305786
REGION1,LTHYDSSN1,2034,19930.84413305786
REGION1,LUHYDSSN1,2034,19930.84413305786
REGION1,SLHYDSSN1,2034,19930.84413305786
REGION1,STHYDSSN1,2034,19930.84413305786
REGION1,ROHYDSSN1,2034,19930.84413305786
REGION1,SEHYDSSN1,2034,19930.84413305786
REGION1,SIHYDSSN1,2034,19930.84413305786
REGION1,SKHYDSSN1,2034,19930.84413305786
REGION1,CHHYDSSN1,2034,19930.84413305786
REGION1,UKHYDSSN1,2034,19930.84413305786
REGION1,ATBATSH1,2034,806185.6572959999
REGION1,BEBATSH1,2034,806185.6572959999
REGION1,BGBATSH1,2034,806185.6572959999
REGION1,CHBATSH1,2034,806185.6572959999
REGION1,CYBATSH1,2034,806185.6572959999
REGION1,CZBATSH1,2034,806185.6572959999
REGION1,DEBATSH1,2034,806185.6572959999
REGION1,DKBATSH1,2034,806185.6572959999
REGION1,EEBATSH1,2034,806185.6572959999
REGION1,GRBATSH1,2034,806185.6572959999
REGION1,ESBATSH1,2034,806185.6572959999
REGION1,FIBATSH1,2034,806185.6572959999
REGION1,FRBATSH1,2034,806185.6572959999
REGION1,HRBATSH1,2034,806185.6572959999
REGION1,HUBATSH1,2034,806185.6572959999
REGION1,IEBATSH1,2034,806185.6572959999
REGION1,ITBATSH1,2034,806185.6572959999
REGION1,LTBATSH1,2034,806185.6572959999
REGION1,LUBATSH1,2034,806185.6572959999
REGION1,LVBATSH1,2034,806185.6572959999
REGION1,MTBATSH1,2034,806185.6572959999
REGION1,NLBATSH1,2034,806185.6572959999
REGION1,NOBATSH1,2034,806185.6572959999
REGION1,PLBATSH1,2034,806185.6572959999
REGION1,PTBATSH1,2034,806185.6572959999
REGION1,ROBATSH1,2034,806185.6572959999
REGION1,SEBATSH1,2034,806185.6572959999
REGION1,SIBATSH1,2034,806185.6572959999
REGION1,SKBATSH1,2034,806185.6572959999
REGION1,UKBATSH1,2034,806185.6572959999
REGION1,DZBATSN1,2034,806185.6572959999
REGION1,AOBATSN1,2034,806185.6572959999
REGION1,BJBATSN1,2034,806185.6572959999
REGION1,BWBATSN1,2034,806185.6572959999
REGION1,BFBATSN1,2034,806185.6572959999
REGION1,BIBATSN1,2034,806185.6572959999
REGION1,CMBATSN1,2034,806185.6572959999
REGION1,CFBATSN1,2034,806185.6572959999
REGION1,TDBATSN1,2034,806185.6572959999
REGION1,CIBATSN1,2034,806185.6572959999
REGION1,DJBATSN1,2034,806185.6572959999
REGION1,CDBATSN1,2034,806185.6572959999
REGION1,EGBATSN1,2034,806185.6572959999
REGION1,GQBATSN1,2034,806185.6572959999
REGION1,ERBATSN1,2034,806185.6572959999
REGION1,SZBATSN1,2034,806185.6572959999
REGION1,ETBATSN1,2034,806185.6572959999
REGION1,GABATSN1,2034,806185.6572959999
REGION1,GMBATSN1,2034,806185.6572959999
REGION1,GHBATSN1,2034,806185.6572959999
REGION1,GNBATSN1,2034,806185.6572959999
REGION1,GWBATSN1,2034,806185.6572959999
REGION1,KEBATSN1,2034,806185.6572959999
REGION1,LSBATSN1,2034,806185.6572959999
REGION1,LRBATSN1,2034,806185.6572959999
REGION1,LYBATSN1,2034,806185.6572959999
REGION1,MWBATSN1,2034,806185.6572959999
REGION1,MLBATSN1,2034,806185.6572959999
REGION1,MRBATSN1,2034,806185.6572959999
REGION1,MABATSN1,2034,806185.6572959999
REGION1,MZBATSN1,2034,806185.6572959999
REGION1,NABATSN1,2034,806185.6572959999
REGION1,NEBATSN1,2034,806185.6572959999
REGION1,NGBATSN1,2034,806185.6572959999
REGION1,CGBATSN1,2034,806185.6572959999
REGION1,RWBATSN1,2034,806185.6572959999
REGION1,SNBATSN1,2034,806185.6572959999
REGION1,SLBATSN1,2034,806185.6572959999
REGION1,SOBATSN1,2034,806185.6572959999
REGION1,ZABATSN1,2034,806185.6572959999
REGION1,SSBATSN1,2034,806185.6572959999
REGION1,SDBATSN1,2034,806185.6572959999
REGION1,TZBATSN1,2034,806185.6572959999
REGION1,TGBATSN1,2034,806185.6572959999
REGION1,TNBATSN1,2034,806185.6572959999
REGION1,UGBATSN1,2034,806185.6572959999
REGION1,ZMBATSN1,2034,806185.6572959999
REGION1,ZWBATSN1,2034,806185.6572959999
REGION1,MAHYDSSH1,2034,19930.84413305786
REGION1,ZAHYDSSH1,2034,19930.84413305786
REGION1,MAHYDSSN1,2034,19930.84413305786
REGION1,ZAHYDSSN1,2034,19930.84413305786
REGION1,ATHYDSSH1,2035,19886.15614172814
REGION1,BEHYDSSH1,2035,19886.15614172814
REGION1,BGHYDSSH1,2035,19886.15614172814
REGION1,CZHYDSSH1,2035,19886.15614172814
REGION1,DEHYDSSH1,2035,19886.15614172814
REGION1,GRHYDSSH1,2035,19886.15614172814
REGION1,ESHYDSSH1,2035,19886.15614172814
REGION1,FRHYDSSH1,2035,19886.15614172814
REGION1,HRHYDSSH1,2035,19886.15614172814
REGION1,IEHYDSSH1,2035,19886.15614172814
REGION1,ITHYDSSH1,2035,19886.15614172814
REGION1,LTHYDSSH1,2035,19886.15614172814
REGION1,LUHYDSSH1,2035,19886.15614172814
REGION1,SLHYDSSH1,2035,19886.15614172814
REGION1,STHYDSSH1,2035,19886.15614172814
REGION1,ROHYDSSH1,2035,19886.15614172814
REGION1,SEHYDSSH1,2035,19886.15614172814
REGION1,SIHYDSSH1,2035,19886.15614172814
REGION1,SKHYDSSH1,2035,19886.15614172814
REGION1,CHHYDSSH1,2035,19886.15614172814
REGION1,UKHYDSSH1,2035,19886.15614172814
REGION1,ATHYDSSN1,2035,19886.15614172814
REGION1,BEHYDSSN1,2035,19886.15614172814
REGION1,BGHYDSSN1,2035,19886.15614172814
REGION1,CZHYDSSN1,2035,19886.15614172814
REGION1,DEHYDSSN1,2035,19886.15614172814
REGION1,GRHYDSSN1,2035,19886.15614172814
REGION1,ESHYDSSN1,2035,19886.15614172814
REGION1,FRHYDSSN1,2035,19886.15614172814
REGION1,HRHYDSSN1,2035,19886.15614172814
REGION1,IEHYDSSN1,2035,19886.15614172814
REGION1,ITHYDSSN1,2035,19886.15614172814
REGION1,LTHYDSSN1,2035,19886.15614172814
REGION1,LUHYDSSN1,2035,19886.15614172814
REGION1,SLHYDSSN1,2035,19886.15614172814
REGION1,STHYDSSN1,2035,19886.15614172814
REGION1,ROHYDSSN1,2035,19886.15614172814
REGION1,SEHYDSSN1,2035,19886.15614172814
REGION1,SIHYDSSN1,2035,19886.15614172814
REGION1,SKHYDSSN1,2035,19886.15614172814
REGION1,CHHYDSSN1,2035,19886.15614172814
REGION1,UKHYDSSN1,2035,19886.15614172814
REGION1,ATBATSH1,2035,787652.6536799999
REGION1,BEBATSH1,2035,787652.6536799999
REGION1,BGBATSH1,2035,787652.6536799999
REGION1,CHBATSH1,2035,787652.6536799999
REGION1,CYBATSH1,2035,787652.6536799999
REGION1,CZBATSH1,2035,787652.6536799999
REGION1,DEBATSH1,2035,787652.6536799999
REGION1,DKBATSH1,2035,787652.6536799999
REGION1,EEBATSH1,2035,787652.6536799999
REGION1,GRBATSH1,2035,787652.6536799999
REGION1,ESBATSH1,2035,787652.6536799999
REGION1,FIBATSH1,2035,787652.6536799999
REGION1,FRBATSH1,2035,787652.6536799999
REGION1,HRBATSH1,2035,787652.6536799999
REGION1,HUBATSH1,2035,787652.6536799999
REGION1,IEBATSH1,2035,787652.6536799999
REGION1,ITBATSH1,2035,787652.6536799999
REGION1,LTBATSH1,2035,787652.6536799999
REGION1,LUBATSH1,2035,787652.6536799999
REGION1,LVBATSH1,2035,787652.6536799999
REGION1,MTBATSH1,2035,787652.6536799999
REGION1,NLBATSH1,2035,787652.6536799999
REGION1,NOBATSH1,2035,787652.6536799999
REGION1,PLBATSH1,2035,787652.6536799999
REGION1,PTBATSH1,2035,787652.6536799999
REGION1,ROBATSH1,2035,787652.6536799999
REGION1,SEBATSH1,2035,787652.6536799999
REGION1,SIBATSH1,2035,787652.6536799999
REGION1,SKBATSH1,2035,787652.6536799999
REGION1,UKBATSH1,2035,787652.6536799999
REGION1,DZBATSN1,2035,787652.6536799999
REGION1,AOBATSN1,2035,787652.6536799999
REGION1,BJBATSN1,2035,787652.6536799999
REGION1,BWBATSN1,2035,787652.6536799999
REGION1,BFBATSN1,2035,787652.6536799999
REGION1,BIBATSN1,2035,787652.6536799999
REGION1,CMBATSN1,2035,787652.6536799999
REGION1,CFBATSN1,2035,787652.6536799999
REGION1,TDBATSN1,2035,787652.6536799999
REGION1,CIBATSN1,2035,787652.6536799999
REGION1,DJBATSN1,2035,787652.6536799999
REGION1,CDBATSN1,2035,787652.6536799999
REGION1,EGBATSN1,2035,787652.6536799999
REGION1,GQBATSN1,2035,787652.6536799999
REGION1,ERBATSN1,2035,787652.6536799999
REGION1,SZBATSN1,2035,787652.6536799999
REGION1,ETBATSN1,2035,787652.6536799999
REGION1,GABATSN1,2035,787652.6536799999
REGION1,GMBATSN1,2035,787652.6536799999
REGION1,GHBATSN1,2035,787652.6536799999
REGION1,GNBATSN1,2035,787652.6536799999
REGION1,GWBATSN1,2035,787652.6536799999
REGION1,KEBATSN1,2035,787652.6536799999
REGION1,LSBATSN1,2035,787652.6536799999
REGION1,LRBATSN1,2035,787652.6536799999
REGION1,LYBATSN1,2035,787652.6536799999
REGION1,MWBATSN1,2035,787652.6536799999
REGION1,MLBATSN1,2035,787652.6536799999
REGION1,MRBATSN1,2035,787652.6536799999
REGION1,MABATSN1,2035,787652.6536799999
REGION1,MZBATSN1,2035,787652.6536799999
REGION1,NABATSN1,2035,787652.6536799999
REGION1,NEBATSN1,2035,787652.6536799999
REGION1,NGBATSN1,2035,787652.6536799999
REGION1,CGBATSN1,2035,787652.6536799999
REGION1,RWBATSN1,2035,787652.6536799999
REGION1,SNBATSN1,2035,787652.6536799999
REGION1,SLBATSN1,2035,787652.6536799999
REGION1,SOBATSN1,2035,787652.6536799999
REGION1,ZABATSN1,2035,787652.6536799999
REGION1,SSBATSN1,2035,787652.6536799999
REGION1,SDBATSN1,2035,787652.6536799999
REGION1,TZBATSN1,2035,787652.6536799999
REGION1,TGBATSN1,2035,787652.6536799999
REGION1,TNBATSN1,2035,787652.6536799999
REGION1,UGBATSN1,2035,787652.6536799999
REGION1,ZMBATSN1,2035,787652.6536799999
REGION1,ZWBATSN1,2035,787652.6536799999
REGION1,MAHYDSSH1,2035,19886.15614172814
REGION1,ZAHYDSSH1,2035,19886.15614172814
REGION1,MAHYDSSN1,2035,19886.15614172814
REGION1,ZAHYDSSN1,2035,19886.15614172814
REGION1,ATHYDSSH1,2036,19841.46815039841
REGION1,BEHYDSSH1,2036,19841.46815039841
REGION1,BGHYDSSH1,2036,19841.46815039841
REGION1,CZHYDSSH1,2036,19841.46815039841
REGION1,DEHYDSSH1,2036,19841.46815039841
REGION1,GRHYDSSH1,2036,19841.46815039841
REGION1,ESHYDSSH1,2036,19841.46815039841
REGION1,FRHYDSSH1,2036,19841.46815039841
REGION1,HRHYDSSH1,2036,19841.46815039841
REGION1,IEHYDSSH1,2036,19841.46815039841
REGION1,ITHYDSSH1,2036,19841.46815039841
REGION1,LTHYDSSH1,2036,19841.46815039841
REGION1,LUHYDSSH1,2036,19841.46815039841
REGION1,SLHYDSSH1,2036,19841.46815039841
REGION1,STHYDSSH1,2036,19841.46815039841
REGION1,ROHYDSSH1,2036,19841.46815039841
REGION1,SEHYDSSH1,2036,19841.46815039841
REGION1,SIHYDSSH1,2036,19841.46815039841
REGION1,SKHYDSSH1,2036,19841.46815039841
REGION1,CHHYDSSH1,2036,19841.46815039841
REGION1,UKHYDSSH1,2036,19841.46815039841
REGION1,ATHYDSSN1,2036,19841.46815039841
REGION1,BEHYDSSN1,2036,19841.46815039841
REGION1,BGHYDSSN1,2036,19841.46815039841
REGION1,CZHYDSSN1,2036,19841.46815039841
REGION1,DEHYDSSN1,2036,19841.46815039841
REGION1,GRHYDSSN1,2036,19841.46815039841
REGION1,ESHYDSSN1,2036,19841.46815039841
REGION1,FRHYDSSN1,2036,19841.46815039841
REGION1,HRHYDSSN1,2036,19841.46815039841
REGION1,IEHYDSSN1,2036,19841.46815039841
REGION1,ITHYDSSN1,2036,19841.46815039841
REGION1,LTHYDSSN1,2036,19841.46815039841
REGION1,LUHYDSSN1,2036,19841.46815039841
REGION1,SLHYDSSN1,2036,19841.46815039841
REGION1,STHYDSSN1,2036,19841.46815039841
REGION1,ROHYDSSN1,2036,19841.46815039841
REGION1,SEHYDSSN1,2036,19841.46815039841
REGION1,SIHYDSSN1,2036,19841.46815039841
REGION1,SKHYDSSN1,2036,19841.46815039841
REGION1,CHHYDSSN1,2036,19841.46815039841
REGION1,UKHYDSSN1,2036,19841.46815039841
REGION1,ATBATSH1,2036,769119.6500639999
REGION1,BEBATSH1,2036,769119.6500639999
REGION1,BGBATSH1,2036,769119.6500639999
REGION1,CHBATSH1,2036,769119.6500639999
REGION1,CYBATSH1,2036,769119.6500639999
REGION1,CZBATSH1,2036,769119.6500639999
REGION1,DEBATSH1,2036,769119.6500639999
REGION1,DKBATSH1,2036,769119.6500639999
REGION1,EEBATSH1,2036,769119.6500639999
REGION1,GRBATSH1,2036,769119.6500639999
REGION1,ESBATSH1,2036,769119.6500639999
REGION1,FIBATSH1,2036,769119.6500639999
REGION1,FRBATSH1,2036,769119.6500639999
REGION1,HRBATSH1,2036,769119.6500639999
REGION1,HUBATSH1,2036,769119.6500639999
REGION1,IEBATSH1,2036,769119.6500639999
REGION1,ITBATSH1,2036,769119.6500639999
REGION1,LTBATSH1,2036,769119.6500639999
REGION1,LUBATSH1,2036,769119.6500639999
REGION1,LVBATSH1,2036,769119.6500639999
REGION1,MTBATSH1,2036,769119.6500639999
REGION1,NLBATSH1,2036,769119.6500639999
REGION1,NOBATSH1,2036,769119.6500639999
REGION1,PLBATSH1,2036,769119.6500639999
REGION1,PTBATSH1,2036,769119.6500639999
REGION1,ROBATSH1,2036,769119.6500639999
REGION1,SEBATSH1,2036,769119.6500639999
REGION1,SIBATSH1,2036,769119.6500639999
REGION1,SKBATSH1,2036,769119.6500639999
REGION1,UKBATSH1,2036,769119.6500639999
REGION1,DZBATSN1,2036,769119.6500639999
REGION1,AOBATSN1,2036,769119.6500639999
REGION1,BJBATSN1,2036,769119.6500639999
REGION1,BWBATSN1,2036,769119.6500639999
REGION1,BFBATSN1,2036,769119.6500639999
REGION1,BIBATSN1,2036,769119.6500639999
REGION1,CMBATSN1,2036,769119.6500639999
REGION1,CFBATSN1,2036,769119.6500639999
REGION1,TDBATSN1,2036,769119.6500639999
REGION1,CIBATSN1,2036,769119.6500639999
REGION1,DJBATSN1,2036,769119.6500639999
REGION1,CDBATSN1,2036,769119.6500639999
REGION1,EGBATSN1,2036,769119.6500639999
REGION1,GQBATSN1,2036,769119.6500639999
REGION1,ERBATSN1,2036,769119.6500639999
REGION1,SZBATSN1,2036,769119.6500639999
REGION1,ETBATSN1,2036,769119.6500639999
REGION1,GABATSN1,2036,769119.6500639999
REGION1,GMBATSN1,2036,769119.6500639999
REGION1,GHBATSN1,2036,769119.6500639999
REGION1,GNBATSN1,2036,769119.6500639999
REGION1,GWBATSN1,2036,769119.6500639999
REGION1,KEBATSN1,2036,769119.6500639999
REGION1,LSBATSN1,2036,769119.6500639999
REGION1,LRBATSN1,2036,769119.6500639999
REGION1,LYBATSN1,2036,769119.6500639999
REGION1,MWBATSN1,2036,769119.6500639999
REGION1,MLBATSN1,2036,769119.6500639999
REGION1,MRBATSN1,2036,769119.6500639999
REGION1,MABATSN1,2036,769119.6500639999
REGION1,MZBATSN1,2036,769119.6500639999
REGION1,NABATSN1,2036,769119.6500639999
REGION1,NEBATSN1,2036,769119.6500639999
REGION1,NGBATSN1,2036,769119.6500639999
REGION1,CGBATSN1,2036,769119.6500639999
REGION1,RWBATSN1,2036,769119.6500639999
REGION1,SNBATSN1,2036,769119.6500639999
REGION1,SLBATSN1,2036,769119.6500639999
REGION1,SOBATSN1,2036,769119.6500639999
REGION1,ZABATSN1,2036,769119.6500639999
REGION1,SSBATSN1,2036,769119.6500639999
REGION1,SDBATSN1,2036,769119.6500639999
REGION1,TZBATSN1,2036,769119.6500639999
REGION1,TGBATSN1,2036,769119.6500639999
REGION1,TNBATSN1,2036,769119.6500639999
REGION1,UGBATSN1,2036,769119.6500639999
REGION1,ZMBATSN1,2036,769119.6500639999
REGION1,ZWBATSN1,2036,769119.6500639999
REGION1,MAHYDSSH1,2036,19841.46815039841
REGION1,ZAHYDSSH1,2036,19841.46815039841
REGION1,MAHYDSSN1,2036,19841.46815039841
REGION1,ZAHYDSSN1,2036,19841.46815039841
REGION1,ATHYDSSH1,2037,19796.78015906868
REGION1,BEHYDSSH1,2037,19796.78015906868
REGION1,BGHYDSSH1,2037,19796.78015906868
REGION1,CZHYDSSH1,2037,19796.78015906868
REGION1,DEHYDSSH1,2037,19796.78015906868
REGION1,GRHYDSSH1,2037,19796.78015906868
REGION1,ESHYDSSH1,2037,19796.78015906868
REGION1,FRHYDSSH1,2037,19796.78015906868
REGION1,HRHYDSSH1,2037,19796.78015906868
REGION1,IEHYDSSH1,2037,19796.78015906868
REGION1,ITHYDSSH1,2037,19796.78015906868
REGION1,LTHYDSSH1,2037,19796.78015906868
REGION1,LUHYDSSH1,2037,19796.78015906868
REGION1,SLHYDSSH1,2037,19796.78015906868
REGION1,STHYDSSH1,2037,19796.78015906868
REGION1,ROHYDSSH1,2037,19796.78015906868
REGION1,SEHYDSSH1,2037,19796.78015906868
REGION1,SIHYDSSH1,2037,19796.78015906868
REGION1,SKHYDSSH1,2037,19796.78015906868
REGION1,CHHYDSSH1,2037,19796.78015906868
REGION1,UKHYDSSH1,2037,19796.78015906868
REGION1,ATHYDSSN1,2037,19796.78015906868
REGION1,BEHYDSSN1,2037,19796.78015906868
REGION1,BGHYDSSN1,2037,19796.78015906868
REGION1,CZHYDSSN1,2037,19796.78015906868
REGION1,DEHYDSSN1,2037,19796.78015906868
REGION1,GRHYDSSN1,2037,19796.78015906868
REGION1,ESHYDSSN1,2037,19796.78015906868
REGION1,FRHYDSSN1,2037,19796.78015906868
REGION1,HRHYDSSN1,2037,19796.78015906868
REGION1,IEHYDSSN1,2037,19796.78015906868
REGION1,ITHYDSSN1,2037,19796.78015906868
REGION1,LTHYDSSN1,2037,19796.78015906868
REGION1,LUHYDSSN1,2037,19796.78015906868
REGION1,SLHYDSSN1,2037,19796.78015906868
REGION1,STHYDSSN1,2037,19796.78015906868
REGION1,ROHYDSSN1,2037,19796.78015906868
REGION1,SEHYDSSN1,2037,19796.78015906868
REGION1,SIHYDSSN1,2037,19796.78015906868
REGION1,SKHYDSSN1,2037,19796.78015906868
REGION1,CHHYDSSN1,2037,19796.78015906868
REGION1,UKHYDSSN1,2037,19796.78015906868
REGION1,ATBATSH1,2037,750586.646448
REGION1,BEBATSH1,2037,750586.646448
REGION1,BGBATSH1,2037,750586.646448
REGION1,CHBATSH1,2037,750586.646448
REGION1,CYBATSH1,2037,750586.646448
REGION1,CZBATSH1,2037,750586.646448
REGION1,DEBATSH1,2037,750586.646448
REGION1,DKBATSH1,2037,750586.646448
REGION1,EEBATSH1,2037,750586.646448
REGION1,GRBATSH1,2037,750586.646448
REGION1,ESBATSH1,2037,750586.646448
REGION1,FIBATSH1,2037,750586.646448
REGION1,FRBATSH1,2037,750586.646448
REGION1,HRBATSH1,2037,750586.646448
REGION1,HUBATSH1,2037,750586.646448
REGION1,IEBATSH1,2037,750586.646448
REGION1,ITBATSH1,2037,750586.646448
REGION1,LTBATSH1,2037,750586.646448
REGION1,LUBATSH1,2037,750586.646448
REGION1,LVBATSH1,2037,750586.646448
REGION1,MTBATSH1,2037,750586.646448
REGION1,NLBATSH1,2037,750586.646448
REGION1,NOBATSH1,2037,750586.646448
REGION1,PLBATSH1,2037,750586.646448
REGION1,PTBATSH1,2037,750586.646448
REGION1,ROBATSH1,2037,750586.646448
REGION1,SEBATSH1,2037,750586.646448
REGION1,SIBATSH1,2037,750586.646448
REGION1,SKBATSH1,2037,750586.646448
REGION1,UKBATSH1,2037,750586.646448
REGION1,DZBATSN1,2037,750586.646448
REGION1,AOBATSN1,2037,750586.646448
REGION1,BJBATSN1,2037,750586.646448
REGION1,BWBATSN1,2037,750586.646448
REGION1,BFBATSN1,2037,750586.646448
REGION1,BIBATSN1,2037,750586.646448
REGION1,CMBATSN1,2037,750586.646448
REGION1,CFBATSN1,2037,750586.646448
REGION1,TDBATSN1,2037,750586.646448
REGION1,CIBATSN1,2037,750586.646448
REGION1,DJBATSN1,2037,750586.646448
REGION1,CDBATSN1,2037,750586.646448
REGION1,EGBATSN1,2037,750586.646448
REGION1,GQBATSN1,2037,750586.646448
REGION1,ERBATSN1,2037,750586.646448
REGION1,SZBATSN1,2037,750586.646448
REGION1,ETBATSN1,2037,750586.646448
REGION1,GABATSN1,2037,750586.646448
REGION1,GMBATSN1,2037,750586.646448
REGION1,GHBATSN1,2037,750586.646448
REGION1,GNBATSN1,2037,750586.646448
REGION1,GWBATSN1,2037,750586.646448
REGION1,KEBATSN1,2037,750586.646448
REGION1,LSBATSN1,2037,750586.646448
REGION1,LRBATSN1,2037,750586.646448
REGION1,LYBATSN1,2037,750586.646448
REGION1,MWBATSN1,2037,750586.646448
REGION1,MLBATSN1,2037,750586.646448
REGION1,MRBATSN1,2037,750586.646448
REGION1,MABATSN1,2037,750586.646448
REGION1,MZBATSN1,2037,750586.646448
REGION1,NABATSN1,2037,750586.646448
REGION1,NEBATSN1,2037,750586.646448
REGION1,NGBATSN1,2037,750586.646448
REGION1,CGBATSN1,2037,750586.646448
REGION1,RWBATSN1,2037,750586.646448
REGION1,SNBATSN1,2037,750586.646448
REGION1,SLBATSN1,2037,750586.646448
REGION1,SOBATSN1,2037,750586.646448
REGION1,ZABATSN1,2037,750586.646448
REGION1,SSBATSN1,2037,750586.646448
REGION1,SDBATSN1,2037,750586.646448
REGION1,TZBATSN1,2037,750586.646448
REGION1,TGBATSN1,2037,750586.646448
REGION1,TNBATSN1,2037,750586.646448
REGION1,UGBATSN1,2037,750586.646448
REGION1,ZMBATSN1,2037,750586.646448
REGION1,ZWBATSN1,2037,750586.646448
REGION1,MAHYDSSH1,2037,19796.78015906868
REGION1,ZAHYDSSH1,2037,19796.78015906868
REGION1,MAHYDSSN1,2037,19796.78015906868
REGION1,ZAHYDSSN1,2037,19796.78015906868
REGION1,ATHYDSSH1,2038,19752.09216773896
REGION1,BEHYDSSH1,2038,19752.09216773896
REGION1,BGHYDSSH1,2038,19752.09216773896
REGION1,CZHYDSSH1,2038,19752.09216773896
REGION1,DEHYDSSH1,2038,19752.09216773896
REGION1,GRHYDSSH1,2038,19752.09216773896
REGION1,ESHYDSSH1,2038,19752.09216773896
REGION1,FRHYDSSH1,2038,19752.09216773896
REGION1,HRHYDSSH1,2038,19752.09216773896
REGION1,IEHYDSSH1,2038,19752.09216773896
REGION1,ITHYDSSH1,2038,19752.09216773896
REGION1,LTHYDSSH1,2038,19752.09216773896
REGION1,LUHYDSSH1,2038,19752.09216773896
REGION1,SLHYDSSH1,2038,19752.09216773896
REGION1,STHYDSSH1,2038,19752.09216773896
REGION1,ROHYDSSH1,2038,19752.09216773896
REGION1,SEHYDSSH1,2038,19752.09216773896
REGION1,SIHYDSSH1,2038,19752.09216773896
REGION1,SKHYDSSH1,2038,19752.09216773896
REGION1,CHHYDSSH1,2038,19752.09216773896
REGION1,UKHYDSSH1,2038,19752.09216773896
REGION1,ATHYDSSN1,2038,19752.09216773896
REGION1,BEHYDSSN1,2038,19752.09216773896
REGION1,BGHYDSSN1,2038,19752.09216773896
REGION1,CZHYDSSN1,2038,19752.09216773896
REGION1,DEHYDSSN1,2038,19752.09216773896
REGION1,GRHYDSSN1,2038,19752.09216773896
REGION1,ESHYDSSN1,2038,19752.09216773896
REGION1,FRHYDSSN1,2038,19752.09216773896
REGION1,HRHYDSSN1,2038,19752.09216773896
REGION1,IEHYDSSN1,2038,19752.09216773896
REGION1,ITHYDSSN1,2038,19752.09216773896
REGION1,LTHYDSSN1,2038,19752.09216773896
REGION1,LUHYDSSN1,2038,19752.09216773896
REGION1,SLHYDSSN1,2038,19752.09216773896
REGION1,STHYDSSN1,2038,19752.09216773896
REGION1,ROHYDSSN1,2038,19752.09216773896
REGION1,SEHYDSSN1,2038,19752.09216773896
REGION1,SIHYDSSN1,2038,19752.09216773896
REGION1,SKHYDSSN1,2038,19752.09216773896
REGION1,CHHYDSSN1,2038,19752.09216773896
REGION1,UKHYDSSN1,2038,19752.09216773896
REGION1,ATBATSH1,2038,732053.6428319999
REGION1,BEBATSH1,2038,732053.6428319999
REGION1,BGBATSH1,2038,732053.6428319999
REGION1,CHBATSH1,2038,732053.6428319999
REGION1,CYBATSH1,2038,732053.6428319999
REGION1,CZBATSH1,2038,732053.6428319999
REGION1,DEBATSH1,2038,732053.6428319999
REGION1,DKBATSH1,2038,732053.6428319999
REGION1,EEBATSH1,2038,732053.6428319999
REGION1,GRBATSH1,2038,732053.6428319999
REGION1,ESBATSH1,2038,732053.6428319999
REGION1,FIBATSH1,2038,732053.6428319999
REGION1,FRBATSH1,2038,732053.6428319999
REGION1,HRBATSH1,2038,732053.6428319999
REGION1,HUBATSH1,2038,732053.6428319999
REGION1,IEBATSH1,2038,732053.6428319999
REGION1,ITBATSH1,2038,732053.6428319999
REGION1,LTBATSH1,2038,732053.6428319999
REGION1,LUBATSH1,2038,732053.6428319999
REGION1,LVBATSH1,2038,732053.6428319999
REGION1,MTBATSH1,2038,732053.6428319999
REGION1,NLBATSH1,2038,732053.6428319999
REGION1,NOBATSH1,2038,732053.6428319999
REGION1,PLBATSH1,2038,732053.6428319999
REGION1,PTBATSH1,2038,732053.6428319999
REGION1,ROBATSH1,2038,732053.6428319999
REGION1,SEBATSH1,2038,732053.6428319999
REGION1,SIBATSH1,2038,732053.6428319999
REGION1,SKBATSH1,2038,732053.6428319999
REGION1,UKBATSH1,2038,732053.6428319999
REGION1,DZBATSN1,2038,732053.6428319999
REGION1,AOBATSN1,2038,732053.6428319999
REGION1,BJBATSN1,2038,732053.6428319999
REGION1,BWBATSN1,2038,732053.6428319999
REGION1,BFBATSN1,2038,732053.6428319999
REGION1,BIBATSN1,2038,732053.6428319999
REGION1,CMBATSN1,2038,732053.6428319999
REGION1,CFBATSN1,2038,732053.6428319999
REGION1,TDBATSN1,2038,732053.6428319999
REGION1,CIBATSN1,2038,732053.6428319999
REGION1,DJBATSN1,2038,732053.6428319999
REGION1,CDBATSN1,2038,732053.6428319999
REGION1,EGBATSN1,2038,732053.6428319999
REGION1,GQBATSN1,2038,732053.6428319999
REGION1,ERBATSN1,2038,732053.6428319999
REGION1,SZBATSN1,2038,732053.6428319999
REGION1,ETBATSN1,2038,732053.6428319999
REGION1,GABATSN1,2038,732053.6428319999
REGION1,GMBATSN1,2038,732053.6428319999
REGION1,GHBATSN1,2038,732053.6428319999
REGION1,GNBATSN1,2038,732053.6428319999
REGION1,GWBATSN1,2038,732053.6428319999
REGION1,KEBATSN1,2038,732053.6428319999
REGION1,LSBATSN1,2038,732053.6428319999
REGION1,LRBATSN1,2038,732053.6428319999
REGION1,LYBATSN1,2038,732053.6428319999
REGION1,MWBATSN1,2038,732053.6428319999
REGION1,MLBATSN1,2038,732053.6428319999
REGION1,MRBATSN1,2038,732053.6428319999
REGION1,MABATSN1,2038,732053.6428319999
REGION1,MZBATSN1,2038,732053.6428319999
REGION1,NABATSN1,2038,732053.6428319999
REGION1,NEBATSN1,2038,732053.6428319999
REGION1,NGBATSN1,2038,732053.6428319999
REGION1,CGBATSN1,2038,732053.6428319999
REGION1,RWBATSN1,2038,732053.6428319999
REGION1,SNBATSN1,2038,732053.6428319999
REGION1,SLBATSN1,2038,732053.6428319999
REGION1,SOBATSN1,2038,732053.6428319999
REGION1,ZABATSN1,2038,732053.6428319999
REGION1,SSBATSN1,2038,732053.6428319999
REGION1,SDBATSN1,2038,732053.6428319999
REGION1,TZBATSN1,2038,732053.6428319999
REGION1,TGBATSN1,2038,732053.6428319999
REGION1,TNBATSN1,2038,732053.6428319999
REGION1,UGBATSN1,2038,732053.6428319999
REGION1,ZMBATSN1,2038,732053.6428319999
REGION1,ZWBATSN1,2038,732053.6428319999
REGION1,MAHYDSSH1,2038,19752.09216773896
REGION1,ZAHYDSSH1,2038,19752.09216773896
REGION1,MAHYDSSN1,2038,19752.09216773896
REGION1,ZAHYDSSN1,2038,19752.09216773896
REGION1,ATHYDSSH1,2039,19707.40417640923
REGION1,BEHYDSSH1,2039,19707.40417640923
REGION1,BGHYDSSH1,2039,19707.40417640923
REGION1,CZHYDSSH1,2039,19707.40417640923
REGION1,DEHYDSSH1,2039,19707.40417640923
REGION1,GRHYDSSH1,2039,19707.40417640923
REGION1,ESHYDSSH1,2039,19707.40417640923
REGION1,FRHYDSSH1,2039,19707.40417640923
REGION1,HRHYDSSH1,2039,19707.40417640923
REGION1,IEHYDSSH1,2039,19707.40417640923
REGION1,ITHYDSSH1,2039,19707.40417640923
REGION1,LTHYDSSH1,2039,19707.40417640923
REGION1,LUHYDSSH1,2039,19707.40417640923
REGION1,SLHYDSSH1,2039,19707.40417640923
REGION1,STHYDSSH1,2039,19707.40417640923
REGION1,ROHYDSSH1,2039,19707.40417640923
REGION1,SEHYDSSH1,2039,19707.40417640923
REGION1,SIHYDSSH1,2039,19707.40417640923
REGION1,SKHYDSSH1,2039,19707.40417640923
REGION1,CHHYDSSH1,2039,19707.40417640923
REGION1,UKHYDSSH1,2039,19707.40417640923
REGION1,ATHYDSSN1,2039,19707.40417640923
REGION1,BEHYDSSN1,2039,19707.40417640923
REGION1,BGHYDSSN1,2039,19707.40417640923
REGION1,CZHYDSSN1,2039,19707.40417640923
REGION1,DEHYDSSN1,2039,19707.40417640923
REGION1,GRHYDSSN1,2039,19707.40417640923
REGION1,ESHYDSSN1,2039,19707.40417640923
REGION1,FRHYDSSN1,2039,19707.40417640923
REGION1,HRHYDSSN1,2039,19707.40417640923
REGION1,IEHYDSSN1,2039,19707.40417640923
REGION1,ITHYDSSN1,2039,19707.40417640923
REGION1,LTHYDSSN1,2039,19707.40417640923
REGION1,LUHYDSSN1,2039,19707.40417640923
REGION1,SLHYDSSN1,2039,19707.40417640923
REGION1,STHYDSSN1,2039,19707.40417640923
REGION1,ROHYDSSN1,2039,19707.40417640923
REGION1,SEHYDSSN1,2039,19707.40417640923
REGION1,SIHYDSSN1,2039,19707.40417640923
REGION1,SKHYDSSN1,2039,19707.40417640923
REGION1,CHHYDSSN1,2039,19707.40417640923
REGION1,UKHYDSSN1,2039,19707.40417640923
REGION1,ATBATSH1,2039,713520.639216
REGION1,BEBATSH1,2039,713520.639216
REGION1,BGBATSH1,2039,713520.639216
REGION1,CHBATSH1,2039,713520.639216
REGION1,CYBATSH1,2039,713520.639216
REGION1,CZBATSH1,2039,713520.639216
REGION1,DEBATSH1,2039,713520.639216
REGION1,DKBATSH1,2039,713520.639216
REGION1,EEBATSH1,2039,713520.639216
REGION1,GRBATSH1,2039,713520.639216
REGION1,ESBATSH1,2039,713520.639216
REGION1,FIBATSH1,2039,713520.639216
REGION1,FRBATSH1,2039,713520.639216
REGION1,HRBATSH1,2039,713520.639216
REGION1,HUBATSH1,2039,713520.639216
REGION1,IEBATSH1,2039,713520.639216
REGION1,ITBATSH1,2039,713520.639216
REGION1,LTBATSH1,2039,713520.639216
REGION1,LUBATSH1,2039,713520.639216
REGION1,LVBATSH1,2039,713520.639216
REGION1,MTBATSH1,2039,713520.639216
REGION1,NLBATSH1,2039,713520.639216
REGION1,NOBATSH1,2039,713520.639216
REGION1,PLBATSH1,2039,713520.639216
REGION1,PTBATSH1,2039,713520.639216
REGION1,ROBATSH1,2039,713520.639216
REGION1,SEBATSH1,2039,713520.639216
REGION1,SIBATSH1,2039,713520.639216
REGION1,SKBATSH1,2039,713520.639216
REGION1,UKBATSH1,2039,713520.639216
REGION1,DZBATSN1,2039,713520.639216
REGION1,AOBATSN1,2039,713520.639216
REGION1,BJBATSN1,2039,713520.639216
REGION1,BWBATSN1,2039,713520.639216
REGION1,BFBATSN1,2039,713520.639216
REGION1,BIBATSN1,2039,713520.639216
REGION1,CMBATSN1,2039,713520.639216
REGION1,CFBATSN1,2039,713520.639216
REGION1,TDBATSN1,2039,713520.639216
REGION1,CIBATSN1,2039,713520.639216
REGION1,DJBATSN1,2039,713520.639216
REGION1,CDBATSN1,2039,713520.639216
REGION1,EGBATSN1,2039,713520.639216
REGION1,GQBATSN1,2039,713520.639216
REGION1,ERBATSN1,2039,713520.639216
REGION1,SZBATSN1,2039,713520.639216
REGION1,ETBATSN1,2039,713520.639216
REGION1,GABATSN1,2039,713520.639216
REGION1,GMBATSN1,2039,713520.639216
REGION1,GHBATSN1,2039,713520.639216
REGION1,GNBATSN1,2039,713520.639216
REGION1,GWBATSN1,2039,713520.639216
REGION1,KEBATSN1,2039,713520.639216
REGION1,LSBATSN1,2039,713520.639216
REGION1,LRBATSN1,2039,713520.639216
REGION1,LYBATSN1,2039,713520.639216
REGION1,MWBATSN1,2039,713520.639216
REGION1,MLBATSN1,2039,713520.639216
REGION1,MRBATSN1,2039,713520.639216
REGION1,MABATSN1,2039,713520.639216
REGION1,MZBATSN1,2039,713520.639216
REGION1,NABATSN1,2039,713520.639216
REGION1,NEBATSN1,2039,713520.639216
REGION1,NGBATSN1,2039,713520.639216
REGION1,CGBATSN1,2039,713520.639216
REGION1,RWBATSN1,2039,713520.639216
REGION1,SNBATSN1,2039,713520.639216
REGION1,SLBATSN1,2039,713520.639216
REGION1,SOBATSN1,2039,713520.639216
REGION1,ZABATSN1,2039,713520.639216
REGION1,SSBATSN1,2039,713520.639216
REGION1,SDBATSN1,2039,713520.639216
REGION1,TZBATSN1,2039,713520.639216
REGION1,TGBATSN1,2039,713520.639216
REGION1,TNBATSN1,2039,713520.639216
REGION1,UGBATSN1,2039,713520.639216
REGION1,ZMBATSN1,2039,713520.639216
REGION1,ZWBATSN1,2039,713520.639216
REGION1,MAHYDSSH1,2039,19707.40417640923
REGION1,ZAHYDSSH1,2039,19707.40417640923
REGION1,MAHYDSSN1,2039,19707.40417640923
REGION1,ZAHYDSSN1,2039,19707.40417640923
REGION1,ATHYDSSH1,2040,19662.71618507951
REGION1,BEHYDSSH1,2040,19662.71618507951
REGION1,BGHYDSSH1,2040,19662.71618507951
REGION1,CZHYDSSH1,2040,19662.71618507951
REGION1,DEHYDSSH1,2040,19662.71618507951
REGION1,GRHYDSSH1,2040,19662.71618507951
REGION1,ESHYDSSH1,2040,19662.71618507951
REGION1,FRHYDSSH1,2040,19662.71618507951
REGION1,HRHYDSSH1,2040,19662.71618507951
REGION1,IEHYDSSH1,2040,19662.71618507951
REGION1,ITHYDSSH1,2040,19662.71618507951
REGION1,LTHYDSSH1,2040,19662.71618507951
REGION1,LUHYDSSH1,2040,19662.71618507951
REGION1,SLHYDSSH1,2040,19662.71618507951
REGION1,STHYDSSH1,2040,19662.71618507951
REGION1,ROHYDSSH1,2040,19662.71618507951
REGION1,SEHYDSSH1,2040,19662.71618507951
REGION1,SIHYDSSH1,2040,19662.71618507951
REGION1,SKHYDSSH1,2040,19662.71618507951
REGION1,CHHYDSSH1,2040,19662.71618507951
REGION1,UKHYDSSH1,2040,19662.71618507951
REGION1,ATHYDSSN1,2040,19662.71618507951
REGION1,BEHYDSSN1,2040,19662.71618507951
REGION1,BGHYDSSN1,2040,19662.71618507951
REGION1,CZHYDSSN1,2040,19662.71618507951
REGION1,DEHYDSSN1,2040,19662.71618507951
REGION1,GRHYDSSN1,2040,19662.71618507951
REGION1,ESHYDSSN1,2040,19662.71618507951
REGION1,FRHYDSSN1,2040,19662.71618507951
REGION1,HRHYDSSN1,2040,19662.71618507951
REGION1,IEHYDSSN1,2040,19662.71618507951
REGION1,ITHYDSSN1,2040,19662.71618507951
REGION1,LTHYDSSN1,2040,19662.71618507951
REGION1,LUHYDSSN1,2040,19662.71618507951
REGION1,SLHYDSSN1,2040,19662.71618507951
REGION1,STHYDSSN1,2040,19662.71618507951
REGION1,ROHYDSSN1,2040,19662.71618507951
REGION1,SEHYDSSN1,2040,19662.71618507951
REGION1,SIHYDSSN1,2040,19662.71618507951
REGION1,SKHYDSSN1,2040,19662.71618507951
REGION1,CHHYDSSN1,2040,19662.71618507951
REGION1,UKHYDSSN1,2040,19662.71618507951
REGION1,ATBATSH1,2040,694987.6355999998
REGION1,BEBATSH1,2040,694987.6355999998
REGION1,BGBATSH1,2040,694987.6355999998
REGION1,CHBATSH1,2040,694987.6355999998
REGION1,CYBATSH1,2040,694987.6355999998
REGION1,CZBATSH1,2040,694987.6355999998
REGION1,DEBATSH1,2040,694987.6355999998
REGION1,DKBATSH1,2040,694987.6355999998
REGION1,EEBATSH1,2040,694987.6355999998
REGION1,GRBATSH1,2040,694987.6355999998
REGION1,ESBATSH1,2040,694987.6355999998
REGION1,FIBATSH1,2040,694987.6355999998
REGION1,FRBATSH1,2040,694987.6355999998
REGION1,HRBATSH1,2040,694987.6355999998
REGION1,HUBATSH1,2040,694987.6355999998
REGION1,IEBATSH1,2040,694987.6355999998
REGION1,ITBATSH1,2040,694987.6355999998
REGION1,LTBATSH1,2040,694987.6355999998
REGION1,LUBATSH1,2040,694987.6355999998
REGION1,LVBATSH1,2040,694987.6355999998
REGION1,MTBATSH1,2040,694987.6355999998
REGION1,NLBATSH1,2040,694987.6355999998
REGION1,NOBATSH1,2040,694987.6355999998
REGION1,PLBATSH1,2040,694987.6355999998
REGION1,PTBATSH1,2040,694987.6355999998
REGION1,ROBATSH1,2040,694987.6355999998
REGION1,SEBATSH1,2040,694987.6355999998
REGION1,SIBATSH1,2040,694987.6355999998
REGION1,SKBATSH1,2040,694987.6355999998
REGION1,UKBATSH1,2040,694987.6355999998
REGION1,DZBATSN1,2040,694987.6355999998
REGION1,AOBATSN1,2040,694987.6355999998
REGION1,BJBATSN1,2040,694987.6355999998
REGION1,BWBATSN1,2040,694987.6355999998
REGION1,BFBATSN1,2040,694987.6355999998
REGION1,BIBATSN1,2040,694987.6355999998
REGION1,CMBATSN1,2040,694987.6355999998
REGION1,CFBATSN1,2040,694987.6355999998
REGION1,TDBATSN1,2040,694987.6355999998
REGION1,CIBATSN1,2040,694987.6355999998
REGION1,DJBATSN1,2040,694987.6355999998
REGION1,CDBATSN1,2040,694987.6355999998
REGION1,EGBATSN1,2040,694987.6355999998
REGION1,GQBATSN1,2040,694987.6355999998
REGION1,ERBATSN1,2040,694987.6355999998
REGION1,SZBATSN1,2040,694987.6355999998
REGION1,ETBATSN1,2040,694987.6355999998
REGION1,GABATSN1,2040,694987.6355999998
REGION1,GMBATSN1,2040,694987.6355999998
REGION1,GHBATSN1,2040,694987.6355999998
REGION1,GNBATSN1,2040,694987.6355999998
REGION1,GWBATSN1,2040,694987.6355999998
REGION1,KEBATSN1,2040,694987.6355999998
REGION1,LSBATSN1,2040,694987.6355999998
REGION1,LRBATSN1,2040,694987.6355999998
REGION1,LYBATSN1,2040,694987.6355999998
REGION1,MWBATSN1,2040,694987.6355999998
REGION1,MLBATSN1,2040,694987.6355999998
REGION1,MRBATSN1,2040,694987.6355999998
REGION1,MABATSN1,2040,694987.6355999998
REGION1,MZBATSN1,2040,694987.6355999998
REGION1,NABATSN1,2040,694987.6355999998
REGION1,NEBATSN1,2040,694987.6355999998
REGION1,NGBATSN1,2040,694987.6355999998
REGION1,CGBATSN1,2040,694987.6355999998
REGION1,RWBATSN1,2040,694987.6355999998
REGION1,SNBATSN1,2040,694987.6355999998
REGION1,SLBATSN1,2040,694987.6355999998
REGION1,SOBATSN1,2040,694987.6355999998
REGION1,ZABATSN1,2040,694987.6355999998
REGION1,SSBATSN1,2040,694987.6355999998
REGION1,SDBATSN1,2040,694987.6355999998
REGION1,TZBATSN1,2040,694987.6355999998
REGION1,TGBATSN1,2040,694987.6355999998
REGION1,TNBATSN1,2040,694987.6355999998
REGION1,UGBATSN1,2040,694987.6355999998
REGION1,ZMBATSN1,2040,694987.6355999998
REGION1,ZWBATSN1,2040,694987.6355999998
REGION1,MAHYDSSH1,2040,19662.71618507951
REGION1,ZAHYDSSH1,2040,19662.71618507951
REGION1,MAHYDSSN1,2040,19662.71618507951
REGION1,ZAHYDSSN1,2040,19662.71618507951
REGION1,ATHYDSSH1,2041,19662.71618507951
REGION1,BEHYDSSH1,2041,19662.71618507951
REGION1,BGHYDSSH1,2041,19662.71618507951
REGION1,CZHYDSSH1,2041,19662.71618507951
REGION1,DEHYDSSH1,2041,19662.71618507951
REGION1,GRHYDSSH1,2041,19662.71618507951
REGION1,ESHYDSSH1,2041,19662.71618507951
REGION1,FRHYDSSH1,2041,19662.71618507951
REGION1,HRHYDSSH1,2041,19662.71618507951
REGION1,IEHYDSSH1,2041,19662.71618507951
REGION1,ITHYDSSH1,2041,19662.71618507951
REGION1,LTHYDSSH1,2041,19662.71618507951
REGION1,LUHYDSSH1,2041,19662.71618507951
REGION1,SLHYDSSH1,2041,19662.71618507951
REGION1,STHYDSSH1,2041,19662.71618507951
REGION1,ROHYDSSH1,2041,19662.71618507951
REGION1,SEHYDSSH1,2041,19662.71618507951
REGION1,SIHYDSSH1,2041,19662.71618507951
REGION1,SKHYDSSH1,2041,19662.71618507951
REGION1,CHHYDSSH1,2041,19662.71618507951
REGION1,UKHYDSSH1,2041,19662.71618507951
REGION1,ATHYDSSN1,2041,19662.71618507951
REGION1,BEHYDSSN1,2041,19662.71618507951
REGION1,BGHYDSSN1,2041,19662.71618507951
REGION1,CZHYDSSN1,2041,19662.71618507951
REGION1,DEHYDSSN1,2041,19662.71618507951
REGION1,GRHYDSSN1,2041,19662.71618507951
REGION1,ESHYDSSN1,2041,19662.71618507951
REGION1,FRHYDSSN1,2041,19662.71618507951
REGION1,HRHYDSSN1,2041,19662.71618507951
REGION1,IEHYDSSN1,2041,19662.71618507951
REGION1,ITHYDSSN1,2041,19662.71618507951
REGION1,LTHYDSSN1,2041,19662.71618507951
REGION1,LUHYDSSN1,2041,19662.71618507951
REGION1,SLHYDSSN1,2041,19662.71618507951
REGION1,STHYDSSN1,2041,19662.71618507951
REGION1,ROHYDSSN1,2041,19662.71618507951
REGION1,SEHYDSSN1,2041,19662.71618507951
REGION1,SIHYDSSN1,2041,19662.71618507951
REGION1,SKHYDSSN1,2041,19662.71618507951
REGION1,CHHYDSSN1,2041,19662.71618507951
REGION1,UKHYDSSN1,2041,19662.71618507951
REGION1,ATBATSH1,2041,694987.6355999998
REGION1,BEBATSH1,2041,694987.6355999998
REGION1,BGBATSH1,2041,694987.6355999998
REGION1,CHBATSH1,2041,694987.6355999998
REGION1,CYBATSH1,2041,694987.6355999998
REGION1,CZBATSH1,2041,694987.6355999998
REGION1,DEBATSH1,2041,694987.6355999998
REGION1,DKBATSH1,2041,694987.6355999998
REGION1,EEBATSH1,2041,694987.6355999998
REGION1,GRBATSH1,2041,694987.6355999998
REGION1,ESBATSH1,2041,694987.6355999998
REGION1,FIBATSH1,2041,694987.6355999998
REGION1,FRBATSH1,2041,694987.6355999998
REGION1,HRBATSH1,2041,694987.6355999998
REGION1,HUBATSH1,2041,694987.6355999998
REGION1,IEBATSH1,2041,694987.6355999998
REGION1,ITBATSH1,2041,694987.6355999998
REGION1,LTBATSH1,2041,694987.6355999998
REGION1,LUBATSH1,2041,694987.6355999998
REGION1,LVBATSH1,2041,694987.6355999998
REGION1,MTBATSH1,2041,694987.6355999998
REGION1,NLBATSH1,2041,694987.6355999998
REGION1,NOBATSH1,2041,694987.6355999998
REGION1,PLBATSH1,2041,694987.6355999998
REGION1,PTBATSH1,2041,694987.6355999998
REGION1,ROBATSH1,2041,694987.6355999998
REGION1,SEBATSH1,2041,694987.6355999998
REGION1,SIBATSH1,2041,694987.6355999998
REGION1,SKBATSH1,2041,694987.6355999998
REGION1,UKBATSH1,2041,694987.6355999998
REGION1,DZBATSN1,2041,694987.6355999998
REGION1,AOBATSN1,2041,694987.6355999998
REGION1,BJBATSN1,2041,694987.6355999998
REGION1,BWBATSN1,2041,694987.6355999998
REGION1,BFBATSN1,2041,694987.6355999998
REGION1,BIBATSN1,2041,694987.6355999998
REGION1,CMBATSN1,2041,694987.6355999998
REGION1,CFBATSN1,2041,694987.6355999998
REGION1,TDBATSN1,2041,694987.6355999998
REGION1,CIBATSN1,2041,694987.6355999998
REGION1,DJBATSN1,2041,694987.6355999998
REGION1,CDBATSN1,2041,694987.6355999998
REGION1,EGBATSN1,2041,694987.6355999998
REGION1,GQBATSN1,2041,694987.6355999998
REGION1,ERBATSN1,2041,694987.6355999998
REGION1,SZBATSN1,2041,694987.6355999998
REGION1,ETBATSN1,2041,694987.6355999998
REGION1,GABATSN1,2041,694987.6355999998
REGION1,GMBATSN1,2041,694987.6355999998
REGION1,GHBATSN1,2041,694987.6355999998
REGION1,GNBATSN1,2041,694987.6355999998
REGION1,GWBATSN1,2041,694987.6355999998
REGION1,KEBATSN1,2041,694987.6355999998
REGION1,LSBATSN1,2041,694987.6355999998
REGION1,LRBATSN1,2041,694987.6355999998
REGION1,LYBATSN1,2041,694987.6355999998
REGION1,MWBATSN1,2041,694987.6355999998
REGION1,MLBATSN1,2041,694987.6355999998
REGION1,MRBATSN1,2041,694987.6355999998
REGION1,MABATSN1,2041,694987.6355999998
REGION1,MZBATSN1,2041,694987.6355999998
REGION1,NABATSN1,2041,694987.6355999998
REGION1,NEBATSN1,2041,694987.6355999998
REGION1,NGBATSN1,2041,694987.6355999998
REGION1,CGBATSN1,2041,694987.6355999998
REGION1,RWBATSN1,2041,694987.6355999998
REGION1,SNBATSN1,2041,694987.6355999998
REGION1,SLBATSN1,2041,694987.6355999998
REGION1,SOBATSN1,2041,694987.6355999998
REGION1,ZABATSN1,2041,694987.6355999998
REGION1,SSBATSN1,2041,694987.6355999998
REGION1,SDBATSN1,2041,694987.6355999998
REGION1,TZBATSN1,2041,694987.6355999998
REGION1,TGBATSN1,2041,694987.6355999998
REGION1,TNBATSN1,2041,694987.6355999998
REGION1,UGBATSN1,2041,694987.6355999998
REGION1,ZMBATSN1,2041,694987.6355999998
REGION1,ZWBATSN1,2041,694987.6355999998
REGION1,MAHYDSSH1,2041,19662.71618507951
REGION1,ZAHYDSSH1,2041,19662.71618507951
REGION1,MAHYDSSN1,2041,19662.71618507951
REGION1,ZAHYDSSN1,2041,19662.71618507951
REGION1,ATHYDSSH1,2042,19662.71618507951
REGION1,BEHYDSSH1,2042,19662.71618507951
REGION1,BGHYDSSH1,2042,19662.71618507951
REGION1,CZHYDSSH1,2042,19662.71618507951
REGION1,DEHYDSSH1,2042,19662.71618507951
REGION1,GRHYDSSH1,2042,19662.71618507951
REGION1,ESHYDSSH1,2042,19662.71618507951
REGION1,FRHYDSSH1,2042,19662.71618507951
REGION1,HRHYDSSH1,2042,19662.71618507951
REGION1,IEHYDSSH1,2042,19662.71618507951
REGION1,ITHYDSSH1,2042,19662.71618507951
REGION1,LTHYDSSH1,2042,19662.71618507951
REGION1,LUHYDSSH1,2042,19662.71618507951
REGION1,SLHYDSSH1,2042,19662.71618507951
REGION1,STHYDSSH1,2042,19662.71618507951
REGION1,ROHYDSSH1,2042,19662.71618507951
REGION1,SEHYDSSH1,2042,19662.71618507951
REGION1,SIHYDSSH1,2042,19662.71618507951
REGION1,SKHYDSSH1,2042,19662.71618507951
REGION1,CHHYDSSH1,2042,19662.71618507951
REGION1,UKHYDSSH1,2042,19662.71618507951
REGION1,ATHYDSSN1,2042,19662.71618507951
REGION1,BEHYDSSN1,2042,19662.71618507951
REGION1,BGHYDSSN1,2042,19662.71618507951
REGION1,CZHYDSSN1,2042,19662.71618507951
REGION1,DEHYDSSN1,2042,19662.71618507951
REGION1,GRHYDSSN1,2042,19662.71618507951
REGION1,ESHYDSSN1,2042,19662.71618507951
REGION1,FRHYDSSN1,2042,19662.71618507951
REGION1,HRHYDSSN1,2042,19662.71618507951
REGION1,IEHYDSSN1,2042,19662.71618507951
REGION1,ITHYDSSN1,2042,19662.71618507951
REGION1,LTHYDSSN1,2042,19662.71618507951
REGION1,LUHYDSSN1,2042,19662.71618507951
REGION1,SLHYDSSN1,2042,19662.71618507951
REGION1,STHYDSSN1,2042,19662.71618507951
REGION1,ROHYDSSN1,2042,19662.71618507951
REGION1,SEHYDSSN1,2042,19662.71618507951
REGION1,SIHYDSSN1,2042,19662.71618507951
REGION1,SKHYDSSN1,2042,19662.71618507951
REGION1,CHHYDSSN1,2042,19662.71618507951
REGION1,UKHYDSSN1,2042,19662.71618507951
REGION1,ATBATSH1,2042,694987.6355999998
REGION1,BEBATSH1,2042,694987.6355999998
REGION1,BGBATSH1,2042,694987.6355999998
REGION1,CHBATSH1,2042,694987.6355999998
REGION1,CYBATSH1,2042,694987.6355999998
REGION1,CZBATSH1,2042,694987.6355999998
REGION1,DEBATSH1,2042,694987.6355999998
REGION1,DKBATSH1,2042,694987.6355999998
REGION1,EEBATSH1,2042,694987.6355999998
REGION1,GRBATSH1,2042,694987.6355999998
REGION1,ESBATSH1,2042,694987.6355999998
REGION1,FIBATSH1,2042,694987.6355999998
REGION1,FRBATSH1,2042,694987.6355999998
REGION1,HRBATSH1,2042,694987.6355999998
REGION1,HUBATSH1,2042,694987.6355999998
REGION1,IEBATSH1,2042,694987.6355999998
REGION1,ITBATSH1,2042,694987.6355999998
REGION1,LTBATSH1,2042,694987.6355999998
REGION1,LUBATSH1,2042,694987.6355999998
REGION1,LVBATSH1,2042,694987.6355999998
REGION1,MTBATSH1,2042,694987.6355999998
REGION1,NLBATSH1,2042,694987.6355999998
REGION1,NOBATSH1,2042,694987.6355999998
REGION1,PLBATSH1,2042,694987.6355999998
REGION1,PTBATSH1,2042,694987.6355999998
REGION1,ROBATSH1,2042,694987.6355999998
REGION1,SEBATSH1,2042,694987.6355999998
REGION1,SIBATSH1,2042,694987.6355999998
REGION1,SKBATSH1,2042,694987.6355999998
REGION1,UKBATSH1,2042,694987.6355999998
REGION1,DZBATSN1,2042,694987.6355999998
REGION1,AOBATSN1,2042,694987.6355999998
REGION1,BJBATSN1,2042,694987.6355999998
REGION1,BWBATSN1,2042,694987.6355999998
REGION1,BFBATSN1,2042,694987.6355999998
REGION1,BIBATSN1,2042,694987.6355999998
REGION1,CMBATSN1,2042,694987.6355999998
REGION1,CFBATSN1,2042,694987.6355999998
REGION1,TDBATSN1,2042,694987.6355999998
REGION1,CIBATSN1,2042,694987.6355999998
REGION1,DJBATSN1,2042,694987.6355999998
REGION1,CDBATSN1,2042,694987.6355999998
REGION1,EGBATSN1,2042,694987.6355999998
REGION1,GQBATSN1,2042,694987.6355999998
REGION1,ERBATSN1,2042,694987.6355999998
REGION1,SZBATSN1,2042,694987.6355999998
REGION1,ETBATSN1,2042,694987.6355999998
REGION1,GABATSN1,2042,694987.6355999998
REGION1,GMBATSN1,2042,694987.6355999998
REGION1,GHBATSN1,2042,694987.6355999998
REGION1,GNBATSN1,2042,694987.6355999998
REGION1,GWBATSN1,2042,694987.6355999998
REGION1,KEBATSN1,2042,694987.6355999998
REGION1,LSBATSN1,2042,694987.6355999998
REGION1,LRBATSN1,2042,694987.6355999998
REGION1,LYBATSN1,2042,694987.6355999998
REGION1,MWBATSN1,2042,694987.6355999998
REGION1,MLBATSN1,2042,694987.6355999998
REGION1,MRBATSN1,2042,694987.6355999998
REGION1,MABATSN1,2042,694987.6355999998
REGION1,MZBATSN1,2042,694987.6355999998
REGION1,NABATSN1,2042,694987.6355999998
REGION1,NEBATSN1,2042,694987.6355999998
REGION1,NGBATSN1,2042,694987.6355999998
REGION1,CGBATSN1,2042,694987.6355999998
REGION1,RWBATSN1,2042,694987.6355999998
REGION1,SNBATSN1,2042,694987.6355999998
REGION1,SLBATSN1,2042,694987.6355999998
REGION1,SOBATSN1,2042,694987.6355999998
REGION1,ZABATSN1,2042,694987.6355999998
REGION1,SSBATSN1,2042,694987.6355999998
REGION1,SDBATSN1,2042,694987.6355999998
REGION1,TZBATSN1,2042,694987.6355999998
REGION1,TGBATSN1,2042,694987.6355999998
REGION1,TNBATSN1,2042,694987.6355999998
REGION1,UGBATSN1,2042,694987.6355999998
REGION1,ZMBATSN1,2042,694987.6355999998
REGION1,ZWBATSN1,2042,694987.6355999998
REGION1,MAHYDSSH1,2042,19662.71618507951
REGION1,ZAHYDSSH1,2042,19662.71618507951
REGION1,MAHYDSSN1,2042,19662.71618507951
REGION1,ZAHYDSSN1,2042,19662.71618507951
REGION1,ATHYDSSH1,2043,19662.71618507951
REGION1,BEHYDSSH1,2043,19662.71618507951
REGION1,BGHYDSSH1,2043,19662.71618507951
REGION1,CZHYDSSH1,2043,19662.71618507951
REGION1,DEHYDSSH1,2043,19662.71618507951
REGION1,GRHYDSSH1,2043,19662.71618507951
REGION1,ESHYDSSH1,2043,19662.71618507951
REGION1,FRHYDSSH1,2043,19662.71618507951
REGION1,HRHYDSSH1,2043,19662.71618507951
REGION1,IEHYDSSH1,2043,19662.71618507951
REGION1,ITHYDSSH1,2043,19662.71618507951
REGION1,LTHYDSSH1,2043,19662.71618507951
REGION1,LUHYDSSH1,2043,19662.71618507951
REGION1,SLHYDSSH1,2043,19662.71618507951
REGION1,STHYDSSH1,2043,19662.71618507951
REGION1,ROHYDSSH1,2043,19662.71618507951
REGION1,SEHYDSSH1,2043,19662.71618507951
REGION1,SIHYDSSH1,2043,19662.71618507951
REGION1,SKHYDSSH1,2043,19662.71618507951
REGION1,CHHYDSSH1,2043,19662.71618507951
REGION1,UKHYDSSH1,2043,19662.71618507951
REGION1,ATHYDSSN1,2043,19662.71618507951
REGION1,BEHYDSSN1,2043,19662.71618507951
REGION1,BGHYDSSN1,2043,19662.71618507951
REGION1,CZHYDSSN1,2043,19662.71618507951
REGION1,DEHYDSSN1,2043,19662.71618507951
REGION1,GRHYDSSN1,2043,19662.71618507951
REGION1,ESHYDSSN1,2043,19662.71618507951
REGION1,FRHYDSSN1,2043,19662.71618507951
REGION1,HRHYDSSN1,2043,19662.71618507951
REGION1,IEHYDSSN1,2043,19662.71618507951
REGION1,ITHYDSSN1,2043,19662.71618507951
REGION1,LTHYDSSN1,2043,19662.71618507951
REGION1,LUHYDSSN1,2043,19662.71618507951
REGION1,SLHYDSSN1,2043,19662.71618507951
REGION1,STHYDSSN1,2043,19662.71618507951
REGION1,ROHYDSSN1,2043,19662.71618507951
REGION1,SEHYDSSN1,2043,19662.71618507951
REGION1,SIHYDSSN1,2043,19662.71618507951
REGION1,SKHYDSSN1,2043,19662.71618507951
REGION1,CHHYDSSN1,2043,19662.71618507951
REGION1,UKHYDSSN1,2043,19662.71618507951
REGION1,ATBATSH1,2043,694987.6355999998
REGION1,BEBATSH1,2043,694987.6355999998
REGION1,BGBATSH1,2043,694987.6355999998
REGION1,CHBATSH1,2043,694987.6355999998
REGION1,CYBATSH1,2043,694987.6355999998
REGION1,CZBATSH1,2043,694987.6355999998
REGION1,DEBATSH1,2043,694987.6355999998
REGION1,DKBATSH1,2043,694987.6355999998
REGION1,EEBATSH1,2043,694987.6355999998
REGION1,GRBATSH1,2043,694987.6355999998
REGION1,ESBATSH1,2043,694987.6355999998
REGION1,FIBATSH1,2043,694987.6355999998
REGION1,FRBATSH1,2043,694987.6355999998
REGION1,HRBATSH1,2043,694987.6355999998
REGION1,HUBATSH1,2043,694987.6355999998
REGION1,IEBATSH1,2043,694987.6355999998
REGION1,ITBATSH1,2043,694987.6355999998
REGION1,LTBATSH1,2043,694987.6355999998
REGION1,LUBATSH1,2043,694987.6355999998
REGION1,LVBATSH1,2043,694987.6355999998
REGION1,MTBATSH1,2043,694987.6355999998
REGION1,NLBATSH1,2043,694987.6355999998
REGION1,NOBATSH1,2043,694987.6355999998
REGION1,PLBATSH1,2043,694987.6355999998
REGION1,PTBATSH1,2043,694987.6355999998
REGION1,ROBATSH1,2043,694987.6355999998
REGION1,SEBATSH1,2043,694987.6355999998
REGION1,SIBATSH1,2043,694987.6355999998
REGION1,SKBATSH1,2043,694987.6355999998
REGION1,UKBATSH1,2043,694987.6355999998
REGION1,DZBATSN1,2043,694987.6355999998
REGION1,AOBATSN1,2043,694987.6355999998
REGION1,BJBATSN1,2043,694987.6355999998
REGION1,BWBATSN1,2043,694987.6355999998
REGION1,BFBATSN1,2043,694987.6355999998
REGION1,BIBATSN1,2043,694987.6355999998
REGION1,CMBATSN1,2043,694987.6355999998
REGION1,CFBATSN1,2043,694987.6355999998
REGION1,TDBATSN1,2043,694987.6355999998
REGION1,CIBATSN1,2043,694987.6355999998
REGION1,DJBATSN1,2043,694987.6355999998
REGION1,CDBATSN1,2043,694987.6355999998
REGION1,EGBATSN1,2043,694987.6355999998
REGION1,GQBATSN1,2043,694987.6355999998
REGION1,ERBATSN1,2043,694987.6355999998
REGION1,SZBATSN1,2043,694987.6355999998
REGION1,ETBATSN1,2043,694987.6355999998
REGION1,GABATSN1,2043,694987.6355999998
REGION1,GMBATSN1,2043,694987.6355999998
REGION1,GHBATSN1,2043,694987.6355999998
REGION1,GNBATSN1,2043,694987.6355999998
REGION1,GWBATSN1,2043,694987.6355999998
REGION1,KEBATSN1,2043,694987.6355999998
REGION1,LSBATSN1,2043,694987.6355999998
REGION1,LRBATSN1,2043,694987.6355999998
REGION1,LYBATSN1,2043,694987.6355999998
REGION1,MWBATSN1,2043,694987.6355999998
REGION1,MLBATSN1,2043,694987.6355999998
REGION1,MRBATSN1,2043,694987.6355999998
REGION1,MABATSN1,2043,694987.6355999998
REGION1,MZBATSN1,2043,694987.6355999998
REGION1,NABATSN1,2043,694987.6355999998
REGION1,NEBATSN1,2043,694987.6355999998
REGION1,NGBATSN1,2043,694987.6355999998
REGION1,CGBATSN1,2043,694987.6355999998
REGION1,RWBATSN1,2043,694987.6355999998
REGION1,SNBATSN1,2043,694987.6355999998
REGION1,SLBATSN1,2043,694987.6355999998
REGION1,SOBATSN1,2043,694987.6355999998
REGION1,ZABATSN1,2043,694987.6355999998
REGION1,SSBATSN1,2043,694987.6355999998
REGION1,SDBATSN1,2043,694987.6355999998
REGION1,TZBATSN1,2043,694987.6355999998
REGION1,TGBATSN1,2043,694987.6355999998
REGION1,TNBATSN1,2043,694987.6355999998
REGION1,UGBATSN1,2043,694987.6355999998
REGION1,ZMBATSN1,2043,694987.6355999998
REGION1,ZWBATSN1,2043,694987.6355999998
REGION1,MAHYDSSH1,2043,19662.71618507951
REGION1,ZAHYDSSH1,2043,19662.71618507951
REGION1,MAHYDSSN1,2043,19662.71618507951
REGION1,ZAHYDSSN1,2043,19662.71618507951
REGION1,ATHYDSSH1,2044,19662.71618507951
REGION1,BEHYDSSH1,2044,19662.71618507951
REGION1,BGHYDSSH1,2044,19662.71618507951
REGION1,CZHYDSSH1,2044,19662.71618507951
REGION1,DEHYDSSH1,2044,19662.71618507951
REGION1,GRHYDSSH1,2044,19662.71618507951
REGION1,ESHYDSSH1,2044,19662.71618507951
REGION1,FRHYDSSH1,2044,19662.71618507951
REGION1,HRHYDSSH1,2044,19662.71618507951
REGION1,IEHYDSSH1,2044,19662.71618507951
REGION1,ITHYDSSH1,2044,19662.71618507951
REGION1,LTHYDSSH1,2044,19662.71618507951
REGION1,LUHYDSSH1,2044,19662.71618507951
REGION1,SLHYDSSH1,2044,19662.71618507951
REGION1,STHYDSSH1,2044,19662.71618507951
REGION1,ROHYDSSH1,2044,19662.71618507951
REGION1,SEHYDSSH1,2044,19662.71618507951
REGION1,SIHYDSSH1,2044,19662.71618507951
REGION1,SKHYDSSH1,2044,19662.71618507951
REGION1,CHHYDSSH1,2044,19662.71618507951
REGION1,UKHYDSSH1,2044,19662.71618507951
REGION1,ATHYDSSN1,2044,19662.71618507951
REGION1,BEHYDSSN1,2044,19662.71618507951
REGION1,BGHYDSSN1,2044,19662.71618507951
REGION1,CZHYDSSN1,2044,19662.71618507951
REGION1,DEHYDSSN1,2044,19662.71618507951
REGION1,GRHYDSSN1,2044,19662.71618507951
REGION1,ESHYDSSN1,2044,19662.71618507951
REGION1,FRHYDSSN1,2044,19662.71618507951
REGION1,HRHYDSSN1,2044,19662.71618507951
REGION1,IEHYDSSN1,2044,19662.71618507951
REGION1,ITHYDSSN1,2044,19662.71618507951
REGION1,LTHYDSSN1,2044,19662.71618507951
REGION1,LUHYDSSN1,2044,19662.71618507951
REGION1,SLHYDSSN1,2044,19662.71618507951
REGION1,STHYDSSN1,2044,19662.71618507951
REGION1,ROHYDSSN1,2044,19662.71618507951
REGION1,SEHYDSSN1,2044,19662.71618507951
REGION1,SIHYDSSN1,2044,19662.71618507951
REGION1,SKHYDSSN1,2044,19662.71618507951
REGION1,CHHYDSSN1,2044,19662.71618507951
REGION1,UKHYDSSN1,2044,19662.71618507951
REGION1,ATBATSH1,2044,694987.6355999999
REGION1,BEBATSH1,2044,694987.6355999999
REGION1,BGBATSH1,2044,694987.6355999999
REGION1,CHBATSH1,2044,694987.6355999999
REGION1,CYBATSH1,2044,694987.6355999999
REGION1,CZBATSH1,2044,694987.6355999999
REGION1,DEBATSH1,2044,694987.6355999999
REGION1,DKBATSH1,2044,694987.6355999999
REGION1,EEBATSH1,2044,694987.6355999999
REGION1,GRBATSH1,2044,694987.6355999999
REGION1,ESBATSH1,2044,694987.6355999999
REGION1,FIBATSH1,2044,694987.6355999999
REGION1,FRBATSH1,2044,694987.6355999999
REGION1,HRBATSH1,2044,694987.6355999999
REGION1,HUBATSH1,2044,694987.6355999999
REGION1,IEBATSH1,2044,694987.6355999999
REGION1,ITBATSH1,2044,694987.6355999999
REGION1,LTBATSH1,2044,694987.6355999999
REGION1,LUBATSH1,2044,694987.6355999999
REGION1,LVBATSH1,2044,694987.6355999999
REGION1,MTBATSH1,2044,694987.6355999999
REGION1,NLBATSH1,2044,694987.6355999999
REGION1,NOBATSH1,2044,694987.6355999999
REGION1,PLBATSH1,2044,694987.6355999999
REGION1,PTBATSH1,2044,694987.6355999999
REGION1,ROBATSH1,2044,694987.6355999999
REGION1,SEBATSH1,2044,694987.6355999999
REGION1,SIBATSH1,2044,694987.6355999999
REGION1,SKBATSH1,2044,694987.6355999999
REGION1,UKBATSH1,2044,694987.6355999999
REGION1,DZBATSN1,2044,694987.6355999999
REGION1,AOBATSN1,2044,694987.6355999999
REGION1,BJBATSN1,2044,694987.6355999999
REGION1,BWBATSN1,2044,694987.6355999999
REGION1,BFBATSN1,2044,694987.6355999999
REGION1,BIBATSN1,2044,694987.6355999999
REGION1,CMBATSN1,2044,694987.6355999999
REGION1,CFBATSN1,2044,694987.6355999999
REGION1,TDBATSN1,2044,694987.6355999999
REGION1,CIBATSN1,2044,694987.6355999999
REGION1,DJBATSN1,2044,694987.6355999999
REGION1,CDBATSN1,2044,694987.6355999999
REGION1,EGBATSN1,2044,694987.6355999999
REGION1,GQBATSN1,2044,694987.6355999999
REGION1,ERBATSN1,2044,694987.6355999999
REGION1,SZBATSN1,2044,694987.6355999999
REGION1,ETBATSN1,2044,694987.6355999999
REGION1,GABATSN1,2044,694987.6355999999
REGION1,GMBATSN1,2044,694987.6355999999
REGION1,GHBATSN1,2044,694987.6355999999
REGION1,GNBATSN1,2044,694987.6355999999
REGION1,GWBATSN1,2044,694987.6355999999
REGION1,KEBATSN1,2044,694987.6355999999
REGION1,LSBATSN1,2044,694987.6355999999
REGION1,LRBATSN1,2044,694987.6355999999
REGION1,LYBATSN1,2044,694987.6355999999
REGION1,MWBATSN1,2044,694987.6355999999
REGION1,MLBATSN1,2044,694987.6355999999
REGION1,MRBATSN1,2044,694987.6355999999
REGION1,MABATSN1,2044,694987.6355999999
REGION1,MZBATSN1,2044,694987.6355999999
REGION1,NABATSN1,2044,694987.6355999999
REGION1,NEBATSN1,2044,694987.6355999999
REGION1,NGBATSN1,2044,694987.6355999999
REGION1,CGBATSN1,2044,694987.6355999999
REGION1,RWBATSN1,2044,694987.6355999999
REGION1,SNBATSN1,2044,694987.6355999999
REGION1,SLBATSN1,2044,694987.6355999999
REGION1,SOBATSN1,2044,694987.6355999999
REGION1,ZABATSN1,2044,694987.6355999999
REGION1,SSBATSN1,2044,694987.6355999999
REGION1,SDBATSN1,2044,694987.6355999999
REGION1,TZBATSN1,2044,694987.6355999999
REGION1,TGBATSN1,2044,694987.6355999999
REGION1,TNBATSN1,2044,694987.6355999999
REGION1,UGBATSN1,2044,694987.6355999999
REGION1,ZMBATSN1,2044,694987.6355999999
REGION1,ZWBATSN1,2044,694987.6355999999
REGION1,MAHYDSSH1,2044,19662.71618507951
REGION1,ZAHYDSSH1,2044,19662.71618507951
REGION1,MAHYDSSN1,2044,19662.71618507951
REGION1,ZAHYDSSN1,2044,19662.71618507951
REGION1,ATHYDSSH1,2045,19662.71618507951
REGION1,BEHYDSSH1,2045,19662.71618507951
REGION1,BGHYDSSH1,2045,19662.71618507951
REGION1,CZHYDSSH1,2045,19662.71618507951
REGION1,DEHYDSSH1,2045,19662.71618507951
REGION1,GRHYDSSH1,2045,19662.71618507951
REGION1,ESHYDSSH1,2045,19662.71618507951
REGION1,FRHYDSSH1,2045,19662.71618507951
REGION1,HRHYDSSH1,2045,19662.71618507951
REGION1,IEHYDSSH1,2045,19662.71618507951
REGION1,ITHYDSSH1,2045,19662.71618507951
REGION1,LTHYDSSH1,2045,19662.71618507951
REGION1,LUHYDSSH1,2045,19662.71618507951
REGION1,SLHYDSSH1,2045,19662.71618507951
REGION1,STHYDSSH1,2045,19662.71618507951
REGION1,ROHYDSSH1,2045,19662.71618507951
REGION1,SEHYDSSH1,2045,19662.71618507951
REGION1,SIHYDSSH1,2045,19662.71618507951
REGION1,SKHYDSSH1,2045,19662.71618507951
REGION1,CHHYDSSH1,2045,19662.71618507951
REGION1,UKHYDSSH1,2045,19662.71618507951
REGION1,ATHYDSSN1,2045,19662.71618507951
REGION1,BEHYDSSN1,2045,19662.71618507951
REGION1,BGHYDSSN1,2045,19662.71618507951
REGION1,CZHYDSSN1,2045,19662.71618507951
REGION1,DEHYDSSN1,2045,19662.71618507951
REGION1,GRHYDSSN1,2045,19662.71618507951
REGION1,ESHYDSSN1,2045,19662.71618507951
REGION1,FRHYDSSN1,2045,19662.71618507951
REGION1,HRHYDSSN1,2045,19662.71618507951
REGION1,IEHYDSSN1,2045,19662.71618507951
REGION1,ITHYDSSN1,2045,19662.71618507951
REGION1,LTHYDSSN1,2045,19662.71618507951
REGION1,LUHYDSSN1,2045,19662.71618507951
REGION1,SLHYDSSN1,2045,19662.71618507951
REGION1,STHYDSSN1,2045,19662.71618507951
REGION1,ROHYDSSN1,2045,19662.71618507951
REGION1,SEHYDSSN1,2045,19662.71618507951
REGION1,SIHYDSSN1,2045,19662.71618507951
REGION1,SKHYDSSN1,2045,19662.71618507951
REGION1,CHHYDSSN1,2045,19662.71618507951
REGION1,UKHYDSSN1,2045,19662.71618507951
REGION1,ATBATSH1,2045,694987.6355999999
REGION1,BEBATSH1,2045,694987.6355999999
REGION1,BGBATSH1,2045,694987.6355999999
REGION1,CHBATSH1,2045,694987.6355999999
REGION1,CYBATSH1,2045,694987.6355999999
REGION1,CZBATSH1,2045,694987.6355999999
REGION1,DEBATSH1,2045,694987.6355999999
REGION1,DKBATSH1,2045,694987.6355999999
REGION1,EEBATSH1,2045,694987.6355999999
REGION1,GRBATSH1,2045,694987.6355999999
REGION1,ESBATSH1,2045,694987.6355999999
REGION1,FIBATSH1,2045,694987.6355999999
REGION1,FRBATSH1,2045,694987.6355999999
REGION1,HRBATSH1,2045,694987.6355999999
REGION1,HUBATSH1,2045,694987.6355999999
REGION1,IEBATSH1,2045,694987.6355999999
REGION1,ITBATSH1,2045,694987.6355999999
REGION1,LTBATSH1,2045,694987.6355999999
REGION1,LUBATSH1,2045,694987.6355999999
REGION1,LVBATSH1,2045,694987.6355999999
REGION1,MTBATSH1,2045,694987.6355999999
REGION1,NLBATSH1,2045,694987.6355999999
REGION1,NOBATSH1,2045,694987.6355999999
REGION1,PLBATSH1,2045,694987.6355999999
REGION1,PTBATSH1,2045,694987.6355999999
REGION1,ROBATSH1,2045,694987.6355999999
REGION1,SEBATSH1,2045,694987.6355999999
REGION1,SIBATSH1,2045,694987.6355999999
REGION1,SKBATSH1,2045,694987.6355999999
REGION1,UKBATSH1,2045,694987.6355999999
REGION1,DZBATSN1,2045,694987.6355999999
REGION1,AOBATSN1,2045,694987.6355999999
REGION1,BJBATSN1,2045,694987.6355999999
REGION1,BWBATSN1,2045,694987.6355999999
REGION1,BFBATSN1,2045,694987.6355999999
REGION1,BIBATSN1,2045,694987.6355999999
REGION1,CMBATSN1,2045,694987.6355999999
REGION1,CFBATSN1,2045,694987.6355999999
REGION1,TDBATSN1,2045,694987.6355999999
REGION1,CIBATSN1,2045,694987.6355999999
REGION1,DJBATSN1,2045,694987.6355999999
REGION1,CDBATSN1,2045,694987.6355999999
REGION1,EGBATSN1,2045,694987.6355999999
REGION1,GQBATSN1,2045,694987.6355999999
REGION1,ERBATSN1,2045,694987.6355999999
REGION1,SZBATSN1,2045,694987.6355999999
REGION1,ETBATSN1,2045,694987.6355999999
REGION1,GABATSN1,2045,694987.6355999999
REGION1,GMBATSN1,2045,694987.6355999999
REGION1,GHBATSN1,2045,694987.6355999999
REGION1,GNBATSN1,2045,694987.6355999999
REGION1,GWBATSN1,2045,694987.6355999999
REGION1,KEBATSN1,2045,694987.6355999999
REGION1,LSBATSN1,2045,694987.6355999999
REGION1,LRBATSN1,2045,694987.6355999999
REGION1,LYBATSN1,2045,694987.6355999999
REGION1,MWBATSN1,2045,694987.6355999999
REGION1,MLBATSN1,2045,694987.6355999999
REGION1,MRBATSN1,2045,694987.6355999999
REGION1,MABATSN1,2045,694987.6355999999
REGION1,MZBATSN1,2045,694987.6355999999
REGION1,NABATSN1,2045,694987.6355999999
REGION1,NEBATSN1,2045,694987.6355999999
REGION1,NGBATSN1,2045,694987.6355999999
REGION1,CGBATSN1,2045,694987.6355999999
REGION1,RWBATSN1,2045,694987.6355999999
REGION1,SNBATSN1,2045,694987.6355999999
REGION1,SLBATSN1,2045,694987.6355999999
REGION1,SOBATSN1,2045,694987.6355999999
REGION1,ZABATSN1,2045,694987.6355999999
REGION1,SSBATSN1,2045,694987.6355999999
REGION1,SDBATSN1,2045,694987.6355999999
REGION1,TZBATSN1,2045,694987.6355999999
REGION1,TGBATSN1,2045,694987.6355999999
REGION1,TNBATSN1,2045,694987.6355999999
REGION1,UGBATSN1,2045,694987.6355999999
REGION1,ZMBATSN1,2045,694987.6355999999
REGION1,ZWBATSN1,2045,694987.6355999999
REGION1,MAHYDSSH1,2045,19662.71618507951
REGION1,ZAHYDSSH1,2045,19662.71618507951
REGION1,MAHYDSSN1,2045,19662.71618507951
REGION1,ZAHYDSSN1,2045,19662.71618507951
REGION1,ATHYDSSH1,2046,19662.71618507951
REGION1,BEHYDSSH1,2046,19662.71618507951
REGION1,BGHYDSSH1,2046,19662.71618507951
REGION1,CZHYDSSH1,2046,19662.71618507951
REGION1,DEHYDSSH1,2046,19662.71618507951
REGION1,GRHYDSSH1,2046,19662.71618507951
REGION1,ESHYDSSH1,2046,19662.71618507951
REGION1,FRHYDSSH1,2046,19662.71618507951
REGION1,HRHYDSSH1,2046,19662.71618507951
REGION1,IEHYDSSH1,2046,19662.71618507951
REGION1,ITHYDSSH1,2046,19662.71618507951
REGION1,LTHYDSSH1,2046,19662.71618507951
REGION1,LUHYDSSH1,2046,19662.71618507951
REGION1,SLHYDSSH1,2046,19662.71618507951
REGION1,STHYDSSH1,2046,19662.71618507951
REGION1,ROHYDSSH1,2046,19662.71618507951
REGION1,SEHYDSSH1,2046,19662.71618507951
REGION1,SIHYDSSH1,2046,19662.71618507951
REGION1,SKHYDSSH1,2046,19662.71618507951
REGION1,CHHYDSSH1,2046,19662.71618507951
REGION1,UKHYDSSH1,2046,19662.71618507951
REGION1,ATHYDSSN1,2046,19662.71618507951
REGION1,BEHYDSSN1,2046,19662.71618507951
REGION1,BGHYDSSN1,2046,19662.71618507951
REGION1,CZHYDSSN1,2046,19662.71618507951
REGION1,DEHYDSSN1,2046,19662.71618507951
REGION1,GRHYDSSN1,2046,19662.71618507951
REGION1,ESHYDSSN1,2046,19662.71618507951
REGION1,FRHYDSSN1,2046,19662.71618507951
REGION1,HRHYDSSN1,2046,19662.71618507951
REGION1,IEHYDSSN1,2046,19662.71618507951
REGION1,ITHYDSSN1,2046,19662.71618507951
REGION1,LTHYDSSN1,2046,19662.71618507951
REGION1,LUHYDSSN1,2046,19662.71618507951
REGION1,SLHYDSSN1,2046,19662.71618507951
REGION1,STHYDSSN1,2046,19662.71618507951
REGION1,ROHYDSSN1,2046,19662.71618507951
REGION1,SEHYDSSN1,2046,19662.71618507951
REGION1,SIHYDSSN1,2046,19662.71618507951
REGION1,SKHYDSSN1,2046,19662.71618507951
REGION1,CHHYDSSN1,2046,19662.71618507951
REGION1,UKHYDSSN1,2046,19662.71618507951
REGION1,ATBATSH1,2046,694987.6355999999
REGION1,BEBATSH1,2046,694987.6355999999
REGION1,BGBATSH1,2046,694987.6355999999
REGION1,CHBATSH1,2046,694987.6355999999
REGION1,CYBATSH1,2046,694987.6355999999
REGION1,CZBATSH1,2046,694987.6355999999
REGION1,DEBATSH1,2046,694987.6355999999
REGION1,DKBATSH1,2046,694987.6355999999
REGION1,EEBATSH1,2046,694987.6355999999
REGION1,GRBATSH1,2046,694987.6355999999
REGION1,ESBATSH1,2046,694987.6355999999
REGION1,FIBATSH1,2046,694987.6355999999
REGION1,FRBATSH1,2046,694987.6355999999
REGION1,HRBATSH1,2046,694987.6355999999
REGION1,HUBATSH1,2046,694987.6355999999
REGION1,IEBATSH1,2046,694987.6355999999
REGION1,ITBATSH1,2046,694987.6355999999
REGION1,LTBATSH1,2046,694987.6355999999
REGION1,LUBATSH1,2046,694987.6355999999
REGION1,LVBATSH1,2046,694987.6355999999
REGION1,MTBATSH1,2046,694987.6355999999
REGION1,NLBATSH1,2046,694987.6355999999
REGION1,NOBATSH1,2046,694987.6355999999
REGION1,PLBATSH1,2046,694987.6355999999
REGION1,PTBATSH1,2046,694987.6355999999
REGION1,ROBATSH1,2046,694987.6355999999
REGION1,SEBATSH1,2046,694987.6355999999
REGION1,SIBATSH1,2046,694987.6355999999
REGION1,SKBATSH1,2046,694987.6355999999
REGION1,UKBATSH1,2046,694987.6355999999
REGION1,DZBATSN1,2046,694987.6355999999
REGION1,AOBATSN1,2046,694987.6355999999
REGION1,BJBATSN1,2046,694987.6355999999
REGION1,BWBATSN1,2046,694987.6355999999
REGION1,BFBATSN1,2046,694987.6355999999
REGION1,BIBATSN1,2046,694987.6355999999
REGION1,CMBATSN1,2046,694987.6355999999
REGION1,CFBATSN1,2046,694987.6355999999
REGION1,TDBATSN1,2046,694987.6355999999
REGION1,CIBATSN1,2046,694987.6355999999
REGION1,DJBATSN1,2046,694987.6355999999
REGION1,CDBATSN1,2046,694987.6355999999
REGION1,EGBATSN1,2046,694987.6355999999
REGION1,GQBATSN1,2046,694987.6355999999
REGION1,ERBATSN1,2046,694987.6355999999
REGION1,SZBATSN1,2046,694987.6355999999
REGION1,ETBATSN1,2046,694987.6355999999
REGION1,GABATSN1,2046,694987.6355999999
REGION1,GMBATSN1,2046,694987.6355999999
REGION1,GHBATSN1,2046,694987.6355999999
REGION1,GNBATSN1,2046,694987.6355999999
REGION1,GWBATSN1,2046,694987.6355999999
REGION1,KEBATSN1,2046,694987.6355999999
REGION1,LSBATSN1,2046,694987.6355999999
REGION1,LRBATSN1,2046,694987.6355999999
REGION1,LYBATSN1,2046,694987.6355999999
REGION1,MWBATSN1,2046,694987.6355999999
REGION1,MLBATSN1,2046,694987.6355999999
REGION1,MRBATSN1,2046,694987.6355999999
REGION1,MABATSN1,2046,694987.6355999999
REGION1,MZBATSN1,2046,694987.6355999999
REGION1,NABATSN1,2046,694987.6355999999
REGION1,NEBATSN1,2046,694987.6355999999
REGION1,NGBATSN1,2046,694987.6355999999
REGION1,CGBATSN1,2046,694987.6355999999
REGION1,RWBATSN1,2046,694987.6355999999
REGION1,SNBATSN1,2046,694987.6355999999
REGION1,SLBATSN1,2046,694987.6355999999
REGION1,SOBATSN1,2046,694987.6355999999
REGION1,ZABATSN1,2046,694987.6355999999
REGION1,SSBATSN1,2046,694987.6355999999
REGION1,SDBATSN1,2046,694987.6355999999
REGION1,TZBATSN1,2046,694987.6355999999
REGION1,TGBATSN1,2046,694987.6355999999
REGION1,TNBATSN1,2046,694987.6355999999
REGION1,UGBATSN1,2046,694987.6355999999
REGION1,ZMBATSN1,2046,694987.6355999999
REGION1,ZWBATSN1,2046,694987.6355999999
REGION1,MAHYDSSH1,2046,19662.71618507951
REGION1,ZAHYDSSH1,2046,19662.71618507951
REGION1,MAHYDSSN1,2046,19662.71618507951
REGION1,ZAHYDSSN1,2046,19662.71618507951
REGION1,ATHYDSSH1,2047,19662.71618507951
REGION1,BEHYDSSH1,2047,19662.71618507951
REGION1,BGHYDSSH1,2047,19662.71618507951
REGION1,CZHYDSSH1,2047,19662.71618507951
REGION1,DEHYDSSH1,2047,19662.71618507951
REGION1,GRHYDSSH1,2047,19662.71618507951
REGION1,ESHYDSSH1,2047,19662.71618507951
REGION1,FRHYDSSH1,2047,19662.71618507951
REGION1,HRHYDSSH1,2047,19662.71618507951
REGION1,IEHYDSSH1,2047,19662.71618507951
REGION1,ITHYDSSH1,2047,19662.71618507951
REGION1,LTHYDSSH1,2047,19662.71618507951
REGION1,LUHYDSSH1,2047,19662.71618507951
REGION1,SLHYDSSH1,2047,19662.71618507951
REGION1,STHYDSSH1,2047,19662.71618507951
REGION1,ROHYDSSH1,2047,19662.71618507951
REGION1,SEHYDSSH1,2047,19662.71618507951
REGION1,SIHYDSSH1,2047,19662.71618507951
REGION1,SKHYDSSH1,2047,19662.71618507951
REGION1,CHHYDSSH1,2047,19662.71618507951
REGION1,UKHYDSSH1,2047,19662.71618507951
REGION1,ATHYDSSN1,2047,19662.71618507951
REGION1,BEHYDSSN1,2047,19662.71618507951
REGION1,BGHYDSSN1,2047,19662.71618507951
REGION1,CZHYDSSN1,2047,19662.71618507951
REGION1,DEHYDSSN1,2047,19662.71618507951
REGION1,GRHYDSSN1,2047,19662.71618507951
REGION1,ESHYDSSN1,2047,19662.71618507951
REGION1,FRHYDSSN1,2047,19662.71618507951
REGION1,HRHYDSSN1,2047,19662.71618507951
REGION1,IEHYDSSN1,2047,19662.71618507951
REGION1,ITHYDSSN1,2047,19662.71618507951
REGION1,LTHYDSSN1,2047,19662.71618507951
REGION1,LUHYDSSN1,2047,19662.71618507951
REGION1,SLHYDSSN1,2047,19662.71618507951
REGION1,STHYDSSN1,2047,19662.71618507951
REGION1,ROHYDSSN1,2047,19662.71618507951
REGION1,SEHYDSSN1,2047,19662.71618507951
REGION1,SIHYDSSN1,2047,19662.71618507951
REGION1,SKHYDSSN1,2047,19662.71618507951
REGION1,CHHYDSSN1,2047,19662.71618507951
REGION1,UKHYDSSN1,2047,19662.71618507951
REGION1,ATBATSH1,2047,694987.6355999999
REGION1,BEBATSH1,2047,694987.6355999999
REGION1,BGBATSH1,2047,694987.6355999999
REGION1,CHBATSH1,2047,694987.6355999999
REGION1,CYBATSH1,2047,694987.6355999999
REGION1,CZBATSH1,2047,694987.6355999999
REGION1,DEBATSH1,2047,694987.6355999999
REGION1,DKBATSH1,2047,694987.6355999999
REGION1,EEBATSH1,2047,694987.6355999999
REGION1,GRBATSH1,2047,694987.6355999999
REGION1,ESBATSH1,2047,694987.6355999999
REGION1,FIBATSH1,2047,694987.6355999999
REGION1,FRBATSH1,2047,694987.6355999999
REGION1,HRBATSH1,2047,694987.6355999999
REGION1,HUBATSH1,2047,694987.6355999999
REGION1,IEBATSH1,2047,694987.6355999999
REGION1,ITBATSH1,2047,694987.6355999999
REGION1,LTBATSH1,2047,694987.6355999999
REGION1,LUBATSH1,2047,694987.6355999999
REGION1,LVBATSH1,2047,694987.6355999999
REGION1,MTBATSH1,2047,694987.6355999999
REGION1,NLBATSH1,2047,694987.6355999999
REGION1,NOBATSH1,2047,694987.6355999999
REGION1,PLBATSH1,2047,694987.6355999999
REGION1,PTBATSH1,2047,694987.6355999999
REGION1,ROBATSH1,2047,694987.6355999999
REGION1,SEBATSH1,2047,694987.6355999999
REGION1,SIBATSH1,2047,694987.6355999999
REGION1,SKBATSH1,2047,694987.6355999999
REGION1,UKBATSH1,2047,694987.6355999999
REGION1,DZBATSN1,2047,694987.6355999999
REGION1,AOBATSN1,2047,694987.6355999999
REGION1,BJBATSN1,2047,694987.6355999999
REGION1,BWBATSN1,2047,694987.6355999999
REGION1,BFBATSN1,2047,694987.6355999999
REGION1,BIBATSN1,2047,694987.6355999999
REGION1,CMBATSN1,2047,694987.6355999999
REGION1,CFBATSN1,2047,694987.6355999999
REGION1,TDBATSN1,2047,694987.6355999999
REGION1,CIBATSN1,2047,694987.6355999999
REGION1,DJBATSN1,2047,694987.6355999999
REGION1,CDBATSN1,2047,694987.6355999999
REGION1,EGBATSN1,2047,694987.6355999999
REGION1,GQBATSN1,2047,694987.6355999999
REGION1,ERBATSN1,2047,694987.6355999999
REGION1,SZBATSN1,2047,694987.6355999999
REGION1,ETBATSN1,2047,694987.6355999999
REGION1,GABATSN1,2047,694987.6355999999
REGION1,GMBATSN1,2047,694987.6355999999
REGION1,GHBATSN1,2047,694987.6355999999
REGION1,GNBATSN1,2047,694987.6355999999
REGION1,GWBATSN1,2047,694987.6355999999
REGION1,KEBATSN1,2047,694987.6355999999
REGION1,LSBATSN1,2047,694987.6355999999
REGION1,LRBATSN1,2047,694987.6355999999
REGION1,LYBATSN1,2047,694987.6355999999
REGION1,MWBATSN1,2047,694987.6355999999
REGION1,MLBATSN1,2047,694987.6355999999
REGION1,MRBATSN1,2047,694987.6355999999
REGION1,MABATSN1,2047,694987.6355999999
REGION1,MZBATSN1,2047,694987.6355999999
REGION1,NABATSN1,2047,694987.6355999999
REGION1,NEBATSN1,2047,694987.6355999999
REGION1,NGBATSN1,2047,694987.6355999999
REGION1,CGBATSN1,2047,694987.6355999999
REGION1,RWBATSN1,2047,694987.6355999999
REGION1,SNBATSN1,2047,694987.6355999999
REGION1,SLBATSN1,2047,694987.6355999999
REGION1,SOBATSN1,2047,694987.6355999999
REGION1,ZABATSN1,2047,694987.6355999999
REGION1,SSBATSN1,2047,694987.6355999999
REGION1,SDBATSN1,2047,694987.6355999999
REGION1,TZBATSN1,2047,694987.6355999999
REGION1,TGBATSN1,2047,694987.6355999999
REGION1,TNBATSN1,2047,694987.6355999999
REGION1,UGBATSN1,2047,694987.6355999999
REGION1,ZMBATSN1,2047,694987.6355999999
REGION1,ZWBATSN1,2047,694987.6355999999
REGION1,MAHYDSSH1,2047,19662.71618507951
REGION1,ZAHYDSSH1,2047,19662.71618507951
REGION1,MAHYDSSN1,2047,19662.71618507951
REGION1,ZAHYDSSN1,2047,19662.71618507951
REGION1,ATHYDSSH1,2048,19662.71618507951
REGION1,BEHYDSSH1,2048,19662.71618507951
REGION1,BGHYDSSH1,2048,19662.71618507951
REGION1,CZHYDSSH1,2048,19662.71618507951
REGION1,DEHYDSSH1,2048,19662.71618507951
REGION1,GRHYDSSH1,2048,19662.71618507951
REGION1,ESHYDSSH1,2048,19662.71618507951
REGION1,FRHYDSSH1,2048,19662.71618507951
REGION1,HRHYDSSH1,2048,19662.71618507951
REGION1,IEHYDSSH1,2048,19662.71618507951
REGION1,ITHYDSSH1,2048,19662.71618507951
REGION1,LTHYDSSH1,2048,19662.71618507951
REGION1,LUHYDSSH1,2048,19662.71618507951
REGION1,SLHYDSSH1,2048,19662.71618507951
REGION1,STHYDSSH1,2048,19662.71618507951
REGION1,ROHYDSSH1,2048,19662.71618507951
REGION1,SEHYDSSH1,2048,19662.71618507951
REGION1,SIHYDSSH1,2048,19662.71618507951
REGION1,SKHYDSSH1,2048,19662.71618507951
REGION1,CHHYDSSH1,2048,19662.71618507951
REGION1,UKHYDSSH1,2048,19662.71618507951
REGION1,ATHYDSSN1,2048,19662.71618507951
REGION1,BEHYDSSN1,2048,19662.71618507951
REGION1,BGHYDSSN1,2048,19662.71618507951
REGION1,CZHYDSSN1,2048,19662.71618507951
REGION1,DEHYDSSN1,2048,19662.71618507951
REGION1,GRHYDSSN1,2048,19662.71618507951
REGION1,ESHYDSSN1,2048,19662.71618507951
REGION1,FRHYDSSN1,2048,19662.71618507951
REGION1,HRHYDSSN1,2048,19662.71618507951
REGION1,IEHYDSSN1,2048,19662.71618507951
REGION1,ITHYDSSN1,2048,19662.71618507951
REGION1,LTHYDSSN1,2048,19662.71618507951
REGION1,LUHYDSSN1,2048,19662.71618507951
REGION1,SLHYDSSN1,2048,19662.71618507951
REGION1,STHYDSSN1,2048,19662.71618507951
REGION1,ROHYDSSN1,2048,19662.71618507951
REGION1,SEHYDSSN1,2048,19662.71618507951
REGION1,SIHYDSSN1,2048,19662.71618507951
REGION1,SKHYDSSN1,2048,19662.71618507951
REGION1,CHHYDSSN1,2048,19662.71618507951
REGION1,UKHYDSSN1,2048,19662.71618507951
REGION1,ATBATSH1,2048,694987.6355999999
REGION1,BEBATSH1,2048,694987.6355999999
REGION1,BGBATSH1,2048,694987.6355999999
REGION1,CHBATSH1,2048,694987.6355999999
REGION1,CYBATSH1,2048,694987.6355999999
REGION1,CZBATSH1,2048,694987.6355999999
REGION1,DEBATSH1,2048,694987.6355999999
REGION1,DKBATSH1,2048,694987.6355999999
REGION1,EEBATSH1,2048,694987.6355999999
REGION1,GRBATSH1,2048,694987.6355999999
REGION1,ESBATSH1,2048,694987.6355999999
REGION1,FIBATSH1,2048,694987.6355999999
REGION1,FRBATSH1,2048,694987.6355999999
REGION1,HRBATSH1,2048,694987.6355999999
REGION1,HUBATSH1,2048,694987.6355999999
REGION1,IEBATSH1,2048,694987.6355999999
REGION1,ITBATSH1,2048,694987.6355999999
REGION1,LTBATSH1,2048,694987.6355999999
REGION1,LUBATSH1,2048,694987.6355999999
REGION1,LVBATSH1,2048,694987.6355999999
REGION1,MTBATSH1,2048,694987.6355999999
REGION1,NLBATSH1,2048,694987.6355999999
REGION1,NOBATSH1,2048,694987.6355999999
REGION1,PLBATSH1,2048,694987.6355999999
REGION1,PTBATSH1,2048,694987.6355999999
REGION1,ROBATSH1,2048,694987.6355999999
REGION1,SEBATSH1,2048,694987.6355999999
REGION1,SIBATSH1,2048,694987.6355999999
REGION1,SKBATSH1,2048,694987.6355999999
REGION1,UKBATSH1,2048,694987.6355999999
REGION1,DZBATSN1,2048,694987.6355999999
REGION1,AOBATSN1,2048,694987.6355999999
REGION1,BJBATSN1,2048,694987.6355999999
REGION1,BWBATSN1,2048,694987.6355999999
REGION1,BFBATSN1,2048,694987.6355999999
REGION1,BIBATSN1,2048,694987.6355999999
REGION1,CMBATSN1,2048,694987.6355999999
REGION1,CFBATSN1,2048,694987.6355999999
REGION1,TDBATSN1,2048,694987.6355999999
REGION1,CIBATSN1,2048,694987.6355999999
REGION1,DJBATSN1,2048,694987.6355999999
REGION1,CDBATSN1,2048,694987.6355999999
REGION1,EGBATSN1,2048,694987.6355999999
REGION1,GQBATSN1,2048,694987.6355999999
REGION1,ERBATSN1,2048,694987.6355999999
REGION1,SZBATSN1,2048,694987.6355999999
REGION1,ETBATSN1,2048,694987.6355999999
REGION1,GABATSN1,2048,694987.6355999999
REGION1,GMBATSN1,2048,694987.6355999999
REGION1,GHBATSN1,2048,694987.6355999999
REGION1,GNBATSN1,2048,694987.6355999999
REGION1,GWBATSN1,2048,694987.6355999999
REGION1,KEBATSN1,2048,694987.6355999999
REGION1,LSBATSN1,2048,694987.6355999999
REGION1,LRBATSN1,2048,694987.6355999999
REGION1,LYBATSN1,2048,694987.6355999999
REGION1,MWBATSN1,2048,694987.6355999999
REGION1,MLBATSN1,2048,694987.6355999999
REGION1,MRBATSN1,2048,694987.6355999999
REGION1,MABATSN1,2048,694987.6355999999
REGION1,MZBATSN1,2048,694987.6355999999
REGION1,NABATSN1,2048,694987.6355999999
REGION1,NEBATSN1,2048,694987.6355999999
REGION1,NGBATSN1,2048,694987.6355999999
REGION1,CGBATSN1,2048,694987.6355999999
REGION1,RWBATSN1,2048,694987.6355999999
REGION1,SNBATSN1,2048,694987.6355999999
REGION1,SLBATSN1,2048,694987.6355999999
REGION1,SOBATSN1,2048,694987.6355999999
REGION1,ZABATSN1,2048,694987.6355999999
REGION1,SSBATSN1,2048,694987.6355999999
REGION1,SDBATSN1,2048,694987.6355999999
REGION1,TZBATSN1,2048,694987.6355999999
REGION1,TGBATSN1,2048,694987.6355999999
REGION1,TNBATSN1,2048,694987.6355999999
REGION1,UGBATSN1,2048,694987.6355999999
REGION1,ZMBATSN1,2048,694987.6355999999
REGION1,ZWBATSN1,2048,694987.6355999999
REGION1,MAHYDSSH1,2048,19662.71618507951
REGION1,ZAHYDSSH1,2048,19662.71618507951
REGION1,MAHYDSSN1,2048,19662.71618507951
REGION1,ZAHYDSSN1,2048,19662.71618507951
REGION1,ATHYDSSH1,2049,19662.71618507951
REGION1,BEHYDSSH1,2049,19662.71618507951
REGION1,BGHYDSSH1,2049,19662.71618507951
REGION1,CZHYDSSH1,2049,19662.71618507951
REGION1,DEHYDSSH1,2049,19662.71618507951
REGION1,GRHYDSSH1,2049,19662.71618507951
REGION1,ESHYDSSH1,2049,19662.71618507951
REGION1,FRHYDSSH1,2049,19662.71618507951
REGION1,HRHYDSSH1,2049,19662.71618507951
REGION1,IEHYDSSH1,2049,19662.71618507951
REGION1,ITHYDSSH1,2049,19662.71618507951
REGION1,LTHYDSSH1,2049,19662.71618507951
REGION1,LUHYDSSH1,2049,19662.71618507951
REGION1,SLHYDSSH1,2049,19662.71618507951
REGION1,STHYDSSH1,2049,19662.71618507951
REGION1,ROHYDSSH1,2049,19662.71618507951
REGION1,SEHYDSSH1,2049,19662.71618507951
REGION1,SIHYDSSH1,2049,19662.71618507951
REGION1,SKHYDSSH1,2049,19662.71618507951
REGION1,CHHYDSSH1,2049,19662.71618507951
REGION1,UKHYDSSH1,2049,19662.71618507951
REGION1,ATHYDSSN1,2049,19662.71618507951
REGION1,BEHYDSSN1,2049,19662.71618507951
REGION1,BGHYDSSN1,2049,19662.71618507951
REGION1,CZHYDSSN1,2049,19662.71618507951
REGION1,DEHYDSSN1,2049,19662.71618507951
REGION1,GRHYDSSN1,2049,19662.71618507951
REGION1,ESHYDSSN1,2049,19662.71618507951
REGION1,FRHYDSSN1,2049,19662.71618507951
REGION1,HRHYDSSN1,2049,19662.71618507951
REGION1,IEHYDSSN1,2049,19662.71618507951
REGION1,ITHYDSSN1,2049,19662.71618507951
REGION1,LTHYDSSN1,2049,19662.71618507951
REGION1,LUHYDSSN1,2049,19662.71618507951
REGION1,SLHYDSSN1,2049,19662.71618507951
REGION1,STHYDSSN1,2049,19662.71618507951
REGION1,ROHYDSSN1,2049,19662.71618507951
REGION1,SEHYDSSN1,2049,19662.71618507951
REGION1,SIHYDSSN1,2049,19662.71618507951
REGION1,SKHYDSSN1,2049,19662.71618507951
REGION1,CHHYDSSN1,2049,19662.71618507951
REGION1,UKHYDSSN1,2049,19662.71618507951
REGION1,ATBATSH1,2049,694987.6355999999
REGION1,BEBATSH1,2049,694987.6355999999
REGION1,BGBATSH1,2049,694987.6355999999
REGION1,CHBATSH1,2049,694987.6355999999
REGION1,CYBATSH1,2049,694987.6355999999
REGION1,CZBATSH1,2049,694987.6355999999
REGION1,DEBATSH1,2049,694987.6355999999
REGION1,DKBATSH1,2049,694987.6355999999
REGION1,EEBATSH1,2049,694987.6355999999
REGION1,GRBATSH1,2049,694987.6355999999
REGION1,ESBATSH1,2049,694987.6355999999
REGION1,FIBATSH1,2049,694987.6355999999
REGION1,FRBATSH1,2049,694987.6355999999
REGION1,HRBATSH1,2049,694987.6355999999
REGION1,HUBATSH1,2049,694987.6355999999
REGION1,IEBATSH1,2049,694987.6355999999
REGION1,ITBATSH1,2049,694987.6355999999
REGION1,LTBATSH1,2049,694987.6355999999
REGION1,LUBATSH1,2049,694987.6355999999
REGION1,LVBATSH1,2049,694987.6355999999
REGION1,MTBATSH1,2049,694987.6355999999
REGION1,NLBATSH1,2049,694987.6355999999
REGION1,NOBATSH1,2049,694987.6355999999
REGION1,PLBATSH1,2049,694987.6355999999
REGION1,PTBATSH1,2049,694987.6355999999
REGION1,ROBATSH1,2049,694987.6355999999
REGION1,SEBATSH1,2049,694987.6355999999
REGION1,SIBATSH1,2049,694987.6355999999
REGION1,SKBATSH1,2049,694987.6355999999
REGION1,UKBATSH1,2049,694987.6355999999
REGION1,DZBATSN1,2049,694987.6355999999
REGION1,AOBATSN1,2049,694987.6355999999
REGION1,BJBATSN1,2049,694987.6355999999
REGION1,BWBATSN1,2049,694987.6355999999
REGION1,BFBATSN1,2049,694987.6355999999
REGION1,BIBATSN1,2049,694987.6355999999
REGION1,CMBATSN1,2049,694987.6355999999
REGION1,CFBATSN1,2049,694987.6355999999
REGION1,TDBATSN1,2049,694987.6355999999
REGION1,CIBATSN1,2049,694987.6355999999
REGION1,DJBATSN1,2049,694987.6355999999
REGION1,CDBATSN1,2049,694987.6355999999
REGION1,EGBATSN1,2049,694987.6355999999
REGION1,GQBATSN1,2049,694987.6355999999
REGION1,ERBATSN1,2049,694987.6355999999
REGION1,SZBATSN1,2049,694987.6355999999
REGION1,ETBATSN1,2049,694987.6355999999
REGION1,GABATSN1,2049,694987.6355999999
REGION1,GMBATSN1,2049,694987.6355999999
REGION1,GHBATSN1,2049,694987.6355999999
REGION1,GNBATSN1,2049,694987.6355999999
REGION1,GWBATSN1,2049,694987.6355999999
REGION1,KEBATSN1,2049,694987.6355999999
REGION1,LSBATSN1,2049,694987.6355999999
REGION1,LRBATSN1,2049,694987.6355999999
REGION1,LYBATSN1,2049,694987.6355999999
REGION1,MWBATSN1,2049,694987.6355999999
REGION1,MLBATSN1,2049,694987.6355999999
REGION1,MRBATSN1,2049,694987.6355999999
REGION1,MABATSN1,2049,694987.6355999999
REGION1,MZBATSN1,2049,694987.6355999999
REGION1,NABATSN1,2049,694987.6355999999
REGION1,NEBATSN1,2049,694987.6355999999
REGION1,NGBATSN1,2049,694987.6355999999
REGION1,CGBATSN1,2049,694987.6355999999
REGION1,RWBATSN1,2049,694987.6355999999
REGION1,SNBATSN1,2049,694987.6355999999
REGION1,SLBATSN1,2049,694987.6355999999
REGION1,SOBATSN1,2049,694987.6355999999
REGION1,ZABATSN1,2049,694987.6355999999
REGION1,SSBATSN1,2049,694987.6355999999
REGION1,SDBATSN1,2049,694987.6355999999
REGION1,TZBATSN1,2049,694987.6355999999
REGION1,TGBATSN1,2049,694987.6355999999
REGION1,TNBATSN1,2049,694987.6355999999
REGION1,UGBATSN1,2049,694987.6355999999
REGION1,ZMBATSN1,2049,694987.6355999999
REGION1,ZWBATSN1,2049,694987.6355999999
REGION1,MAHYDSSH1,2049,19662.71618507951
REGION1,ZAHYDSSH1,2049,19662.71618507951
REGION1,MAHYDSSN1,2049,19662.71618507951
REGION1,ZAHYDSSN1,2049,19662.71618507951
REGION1,ATHYDSSH1,2050,19662.71618507951
REGION1,BEHYDSSH1,2050,19662.71618507951
REGION1,BGHYDSSH1,2050,19662.71618507951
REGION1,CZHYDSSH1,2050,19662.71618507951
REGION1,DEHYDSSH1,2050,19662.71618507951
REGION1,GRHYDSSH1,2050,19662.71618507951
REGION1,ESHYDSSH1,2050,19662.71618507951
REGION1,FRHYDSSH1,2050,19662.71618507951
REGION1,HRHYDSSH1,2050,19662.71618507951
REGION1,IEHYDSSH1,2050,19662.71618507951
REGION1,ITHYDSSH1,2050,19662.71618507951
REGION1,LTHYDSSH1,2050,19662.71618507951
REGION1,LUHYDSSH1,2050,19662.71618507951
REGION1,SLHYDSSH1,2050,19662.71618507951
REGION1,STHYDSSH1,2050,19662.71618507951
REGION1,ROHYDSSH1,2050,19662.71618507951
REGION1,SEHYDSSH1,2050,19662.71618507951
REGION1,SIHYDSSH1,2050,19662.71618507951
REGION1,SKHYDSSH1,2050,19662.71618507951
REGION1,CHHYDSSH1,2050,19662.71618507951
REGION1,UKHYDSSH1,2050,19662.71618507951
REGION1,ATHYDSSN1,2050,19662.71618507951
REGION1,BEHYDSSN1,2050,19662.71618507951
REGION1,BGHYDSSN1,2050,19662.71618507951
REGION1,CZHYDSSN1,2050,19662.71618507951
REGION1,DEHYDSSN1,2050,19662.71618507951
REGION1,GRHYDSSN1,2050,19662.71618507951
REGION1,ESHYDSSN1,2050,19662.71618507951
REGION1,FRHYDSSN1,2050,19662.71618507951
REGION1,HRHYDSSN1,2050,19662.71618507951
REGION1,IEHYDSSN1,2050,19662.71618507951
REGION1,ITHYDSSN1,2050,19662.71618507951
REGION1,LTHYDSSN1,2050,19662.71618507951
REGION1,LUHYDSSN1,2050,19662.71618507951
REGION1,SLHYDSSN1,2050,19662.71618507951
REGION1,STHYDSSN1,2050,19662.71618507951
REGION1,ROHYDSSN1,2050,19662.71618507951
REGION1,SEHYDSSN1,2050,19662.71618507951
REGION1,SIHYDSSN1,2050,19662.71618507951
REGION1,SKHYDSSN1,2050,19662.71618507951
REGION1,CHHYDSSN1,2050,19662.71618507951
REGION1,UKHYDSSN1,2050,19662.71618507951
REGION1,ATBATSH1,2050,694987.6355999999
REGION1,BEBATSH1,2050,694987.6355999999
REGION1,BGBATSH1,2050,694987.6355999999
REGION1,CHBATSH1,2050,694987.6355999999
REGION1,CYBATSH1,2050,694987.6355999999
REGION1,CZBATSH1,2050,694987.6355999999
REGION1,DEBATSH1,2050,694987.6355999999
REGION1,DKBATSH1,2050,694987.6355999999
REGION1,EEBATSH1,2050,694987.6355999999
REGION1,GRBATSH1,2050,694987.6355999999
REGION1,ESBATSH1,2050,694987.6355999999
REGION1,FIBATSH1,2050,694987.6355999999
REGION1,FRBATSH1,2050,694987.6355999999
REGION1,HRBATSH1,2050,694987.6355999999
REGION1,HUBATSH1,2050,694987.6355999999
REGION1,IEBATSH1,2050,694987.6355999999
REGION1,ITBATSH1,2050,694987.6355999999
REGION1,LTBATSH1,2050,694987.6355999999
REGION1,LUBATSH1,2050,694987.6355999999
REGION1,LVBATSH1,2050,694987.6355999999
REGION1,MTBATSH1,2050,694987.6355999999
REGION1,NLBATSH1,2050,694987.6355999999
REGION1,NOBATSH1,2050,694987.6355999999
REGION1,PLBATSH1,2050,694987.6355999999
REGION1,PTBATSH1,2050,694987.6355999999
REGION1,ROBATSH1,2050,694987.6355999999
REGION1,SEBATSH1,2050,694987.6355999999
REGION1,SIBATSH1,2050,694987.6355999999
REGION1,SKBATSH1,2050,694987.6355999999
REGION1,UKBATSH1,2050,694987.6355999999
REGION1,DZBATSN1,2050,694987.6355999999
REGION1,AOBATSN1,2050,694987.6355999999
REGION1,BJBATSN1,2050,694987.6355999999
REGION1,BWBATSN1,2050,694987.6355999999
REGION1,BFBATSN1,2050,694987.6355999999
REGION1,BIBATSN1,2050,694987.6355999999
REGION1,CMBATSN1,2050,694987.6355999999
REGION1,CFBATSN1,2050,694987.6355999999
REGION1,TDBATSN1,2050,694987.6355999999
REGION1,CIBATSN1,2050,694987.6355999999
REGION1,DJBATSN1,2050,694987.6355999999
REGION1,CDBATSN1,2050,694987.6355999999
REGION1,EGBATSN1,2050,694987.6355999999
REGION1,GQBATSN1,2050,694987.6355999999
REGION1,ERBATSN1,2050,694987.6355999999
REGION1,SZBATSN1,2050,694987.6355999999
REGION1,ETBATSN1,2050,694987.6355999999
REGION1,GABATSN1,2050,694987.6355999999
REGION1,GMBATSN1,2050,694987.6355999999
REGION1,GHBATSN1,2050,694987.6355999999
REGION1,GNBATSN1,2050,694987.6355999999
REGION1,GWBATSN1,2050,694987.6355999999
REGION1,KEBATSN1,2050,694987.6355999999
REGION1,LSBATSN1,2050,694987.6355999999
REGION1,LRBATSN1,2050,694987.6355999999
REGION1,LYBATSN1,2050,694987.6355999999
REGION1,MWBATSN1,2050,694987.6355999999
REGION1,MLBATSN1,2050,694987.6355999999
REGION1,MRBATSN1,2050,694987.6355999999
REGION1,MABATSN1,2050,694987.6355999999
REGION1,MZBATSN1,2050,694987.6355999999
REGION1,NABATSN1,2050,694987.6355999999
REGION1,NEBATSN1,2050,694987.6355999999
REGION1,NGBATSN1,2050,694987.6355999999
REGION1,CGBATSN1,2050,694987.6355999999
REGION1,RWBATSN1,2050,694987.6355999999
REGION1,SNBATSN1,2050,694987.6355999999
REGION1,SLBATSN1,2050,694987.6355999999
REGION1,SOBATSN1,2050,694987.6355999999
REGION1,ZABATSN1,2050,694987.6355999999
REGION1,SSBATSN1,2050,694987.6355999999
REGION1,SDBATSN1,2050,694987.6355999999
REGION1,TZBATSN1,2050,694987.6355999999
REGION1,TGBATSN1,2050,694987.6355999999
REGION1,TNBATSN1,2050,694987.6355999999
REGION1,UGBATSN1,2050,694987.6355999999
REGION1,ZMBATSN1,2050,694987.6355999999
REGION1,ZWBATSN1,2050,694987.6355999999
REGION1,MAHYDSSH1,2050,19662.71618507951
REGION1,ZAHYDSSH1,2050,19662.71618507951
REGION1,MAHYDSSN1,2050,19662.71618507951
REGION1,ZAHYDSSN1,2050,19662.71618507951
REGION1,ATHYDSSH1,2051,19662.71618507951
REGION1,BEHYDSSH1,2051,19662.71618507951
REGION1,BGHYDSSH1,2051,19662.71618507951
REGION1,CZHYDSSH1,2051,19662.71618507951
REGION1,DEHYDSSH1,2051,19662.71618507951
REGION1,GRHYDSSH1,2051,19662.71618507951
REGION1,ESHYDSSH1,2051,19662.71618507951
REGION1,FRHYDSSH1,2051,19662.71618507951
REGION1,HRHYDSSH1,2051,19662.71618507951
REGION1,IEHYDSSH1,2051,19662.71618507951
REGION1,ITHYDSSH1,2051,19662.71618507951
REGION1,LTHYDSSH1,2051,19662.71618507951
REGION1,LUHYDSSH1,2051,19662.71618507951
REGION1,SLHYDSSH1,2051,19662.71618507951
REGION1,STHYDSSH1,2051,19662.71618507951
REGION1,ROHYDSSH1,2051,19662.71618507951
REGION1,SEHYDSSH1,2051,19662.71618507951
REGION1,SIHYDSSH1,2051,19662.71618507951
REGION1,SKHYDSSH1,2051,19662.71618507951
REGION1,CHHYDSSH1,2051,19662.71618507951
REGION1,UKHYDSSH1,2051,19662.71618507951
REGION1,ATHYDSSN1,2051,19662.71618507951
REGION1,BEHYDSSN1,2051,19662.71618507951
REGION1,BGHYDSSN1,2051,19662.71618507951
REGION1,CZHYDSSN1,2051,19662.71618507951
REGION1,DEHYDSSN1,2051,19662.71618507951
REGION1,GRHYDSSN1,2051,19662.71618507951
REGION1,ESHYDSSN1,2051,19662.71618507951
REGION1,FRHYDSSN1,2051,19662.71618507951
REGION1,HRHYDSSN1,2051,19662.71618507951
REGION1,IEHYDSSN1,2051,19662.71618507951
REGION1,ITHYDSSN1,2051,19662.71618507951
REGION1,LTHYDSSN1,2051,19662.71618507951
REGION1,LUHYDSSN1,2051,19662.71618507951
REGION1,SLHYDSSN1,2051,19662.71618507951
REGION1,STHYDSSN1,2051,19662.71618507951
REGION1,ROHYDSSN1,2051,19662.71618507951
REGION1,SEHYDSSN1,2051,19662.71618507951
REGION1,SIHYDSSN1,2051,19662.71618507951
REGION1,SKHYDSSN1,2051,19662.71618507951
REGION1,CHHYDSSN1,2051,19662.71618507951
REGION1,UKHYDSSN1,2051,19662.71618507951
REGION1,ATBATSH1,2051,694987.6355999999
REGION1,BEBATSH1,2051,694987.6355999999
REGION1,BGBATSH1,2051,694987.6355999999
REGION1,CHBATSH1,2051,694987.6355999999
REGION1,CYBATSH1,2051,694987.6355999999
REGION1,CZBATSH1,2051,694987.6355999999
REGION1,DEBATSH1,2051,694987.6355999999
REGION1,DKBATSH1,2051,694987.6355999999
REGION1,EEBATSH1,2051,694987.6355999999
REGION1,GRBATSH1,2051,694987.6355999999
REGION1,ESBATSH1,2051,694987.6355999999
REGION1,FIBATSH1,2051,694987.6355999999
REGION1,FRBATSH1,2051,694987.6355999999
REGION1,HRBATSH1,2051,694987.6355999999
REGION1,HUBATSH1,2051,694987.6355999999
REGION1,IEBATSH1,2051,694987.6355999999
REGION1,ITBATSH1,2051,694987.6355999999
REGION1,LTBATSH1,2051,694987.6355999999
REGION1,LUBATSH1,2051,694987.6355999999
REGION1,LVBATSH1,2051,694987.6355999999
REGION1,MTBATSH1,2051,694987.6355999999
REGION1,NLBATSH1,2051,694987.6355999999
REGION1,NOBATSH1,2051,694987.6355999999
REGION1,PLBATSH1,2051,694987.6355999999
REGION1,PTBATSH1,2051,694987.6355999999
REGION1,ROBATSH1,2051,694987.6355999999
REGION1,SEBATSH1,2051,694987.6355999999
REGION1,SIBATSH1,2051,694987.6355999999
REGION1,SKBATSH1,2051,694987.6355999999
REGION1,UKBATSH1,2051,694987.6355999999
REGION1,DZBATSN1,2051,694987.6355999999
REGION1,AOBATSN1,2051,694987.6355999999
REGION1,BJBATSN1,2051,694987.6355999999
REGION1,BWBATSN1,2051,694987.6355999999
REGION1,BFBATSN1,2051,694987.6355999999
REGION1,BIBATSN1,2051,694987.6355999999
REGION1,CMBATSN1,2051,694987.6355999999
REGION1,CFBATSN1,2051,694987.6355999999
REGION1,TDBATSN1,2051,694987.6355999999
REGION1,CIBATSN1,2051,694987.6355999999
REGION1,DJBATSN1,2051,694987.6355999999
REGION1,CDBATSN1,2051,694987.6355999999
REGION1,EGBATSN1,2051,694987.6355999999
REGION1,GQBATSN1,2051,694987.6355999999
REGION1,ERBATSN1,2051,694987.6355999999
REGION1,SZBATSN1,2051,694987.6355999999
REGION1,ETBATSN1,2051,694987.6355999999
REGION1,GABATSN1,2051,694987.6355999999
REGION1,GMBATSN1,2051,694987.6355999999
REGION1,GHBATSN1,2051,694987.6355999999
REGION1,GNBATSN1,2051,694987.6355999999
REGION1,GWBATSN1,2051,694987.6355999999
REGION1,KEBATSN1,2051,694987.6355999999
REGION1,LSBATSN1,2051,694987.6355999999
REGION1,LRBATSN1,2051,694987.6355999999
REGION1,LYBATSN1,2051,694987.6355999999
REGION1,MWBATSN1,2051,694987.6355999999
REGION1,MLBATSN1,2051,694987.6355999999
REGION1,MRBATSN1,2051,694987.6355999999
REGION1,MABATSN1,2051,694987.6355999999
REGION1,MZBATSN1,2051,694987.6355999999
REGION1,NABATSN1,2051,694987.6355999999
REGION1,NEBATSN1,2051,694987.6355999999
REGION1,NGBATSN1,2051,694987.6355999999
REGION1,CGBATSN1,2051,694987.6355999999
REGION1,RWBATSN1,2051,694987.6355999999
REGION1,SNBATSN1,2051,694987.6355999999
REGION1,SLBATSN1,2051,694987.6355999999
REGION1,SOBATSN1,2051,694987.6355999999
REGION1,ZABATSN1,2051,694987.6355999999
REGION1,SSBATSN1,2051,694987.6355999999
REGION1,SDBATSN1,2051,694987.6355999999
REGION1,TZBATSN1,2051,694987.6355999999
REGION1,TGBATSN1,2051,694987.6355999999
REGION1,TNBATSN1,2051,694987.6355999999
REGION1,UGBATSN1,2051,694987.6355999999
REGION1,ZMBATSN1,2051,694987.6355999999
REGION1,ZWBATSN1,2051,694987.6355999999
REGION1,MAHYDSSH1,2051,19662.71618507951
REGION1,ZAHYDSSH1,2051,19662.71618507951
REGION1,MAHYDSSN1,2051,19662.71618507951
REGION1,ZAHYDSSN1,2051,19662.71618507951
REGION1,ATHYDSSH1,2052,19662.71618507951
REGION1,BEHYDSSH1,2052,19662.71618507951
REGION1,BGHYDSSH1,2052,19662.71618507951
REGION1,CZHYDSSH1,2052,19662.71618507951
REGION1,DEHYDSSH1,2052,19662.71618507951
REGION1,GRHYDSSH1,2052,19662.71618507951
REGION1,ESHYDSSH1,2052,19662.71618507951
REGION1,FRHYDSSH1,2052,19662.71618507951
REGION1,HRHYDSSH1,2052,19662.71618507951
REGION1,IEHYDSSH1,2052,19662.71618507951
REGION1,ITHYDSSH1,2052,19662.71618507951
REGION1,LTHYDSSH1,2052,19662.71618507951
REGION1,LUHYDSSH1,2052,19662.71618507951
REGION1,SLHYDSSH1,2052,19662.71618507951
REGION1,STHYDSSH1,2052,19662.71618507951
REGION1,ROHYDSSH1,2052,19662.71618507951
REGION1,SEHYDSSH1,2052,19662.71618507951
REGION1,SIHYDSSH1,2052,19662.71618507951
REGION1,SKHYDSSH1,2052,19662.71618507951
REGION1,CHHYDSSH1,2052,19662.71618507951
REGION1,UKHYDSSH1,2052,19662.71618507951
REGION1,ATHYDSSN1,2052,19662.71618507951
REGION1,BEHYDSSN1,2052,19662.71618507951
REGION1,BGHYDSSN1,2052,19662.71618507951
REGION1,CZHYDSSN1,2052,19662.71618507951
REGION1,DEHYDSSN1,2052,19662.71618507951
REGION1,GRHYDSSN1,2052,19662.71618507951
REGION1,ESHYDSSN1,2052,19662.71618507951
REGION1,FRHYDSSN1,2052,19662.71618507951
REGION1,HRHYDSSN1,2052,19662.71618507951
REGION1,IEHYDSSN1,2052,19662.71618507951
REGION1,ITHYDSSN1,2052,19662.71618507951
REGION1,LTHYDSSN1,2052,19662.71618507951
REGION1,LUHYDSSN1,2052,19662.71618507951
REGION1,SLHYDSSN1,2052,19662.71618507951
REGION1,STHYDSSN1,2052,19662.71618507951
REGION1,ROHYDSSN1,2052,19662.71618507951
REGION1,SEHYDSSN1,2052,19662.71618507951
REGION1,SIHYDSSN1,2052,19662.71618507951
REGION1,SKHYDSSN1,2052,19662.71618507951
REGION1,CHHYDSSN1,2052,19662.71618507951
REGION1,UKHYDSSN1,2052,19662.71618507951
REGION1,ATBATSH1,2052,694987.6355999999
REGION1,BEBATSH1,2052,694987.6355999999
REGION1,BGBATSH1,2052,694987.6355999999
REGION1,CHBATSH1,2052,694987.6355999999
REGION1,CYBATSH1,2052,694987.6355999999
REGION1,CZBATSH1,2052,694987.6355999999
REGION1,DEBATSH1,2052,694987.6355999999
REGION1,DKBATSH1,2052,694987.6355999999
REGION1,EEBATSH1,2052,694987.6355999999
REGION1,GRBATSH1,2052,694987.6355999999
REGION1,ESBATSH1,2052,694987.6355999999
REGION1,FIBATSH1,2052,694987.6355999999
REGION1,FRBATSH1,2052,694987.6355999999
REGION1,HRBATSH1,2052,694987.6355999999
REGION1,HUBATSH1,2052,694987.6355999999
REGION1,IEBATSH1,2052,694987.6355999999
REGION1,ITBATSH1,2052,694987.6355999999
REGION1,LTBATSH1,2052,694987.6355999999
REGION1,LUBATSH1,2052,694987.6355999999
REGION1,LVBATSH1,2052,694987.6355999999
REGION1,MTBATSH1,2052,694987.6355999999
REGION1,NLBATSH1,2052,694987.6355999999
REGION1,NOBATSH1,2052,694987.6355999999
REGION1,PLBATSH1,2052,694987.6355999999
REGION1,PTBATSH1,2052,694987.6355999999
REGION1,ROBATSH1,2052,694987.6355999999
REGION1,SEBATSH1,2052,694987.6355999999
REGION1,SIBATSH1,2052,694987.6355999999
REGION1,SKBATSH1,2052,694987.6355999999
REGION1,UKBATSH1,2052,694987.6355999999
REGION1,DZBATSN1,2052,694987.6355999999
REGION1,AOBATSN1,2052,694987.6355999999
REGION1,BJBATSN1,2052,694987.6355999999
REGION1,BWBATSN1,2052,694987.6355999999
REGION1,BFBATSN1,2052,694987.6355999999
REGION1,BIBATSN1,2052,694987.6355999999
REGION1,CMBATSN1,2052,694987.6355999999
REGION1,CFBATSN1,2052,694987.6355999999
REGION1,TDBATSN1,2052,694987.6355999999
REGION1,CIBATSN1,2052,694987.6355999999
REGION1,DJBATSN1,2052,694987.6355999999
REGION1,CDBATSN1,2052,694987.6355999999
REGION1,EGBATSN1,2052,694987.6355999999
REGION1,GQBATSN1,2052,694987.6355999999
REGION1,ERBATSN1,2052,694987.6355999999
REGION1,SZBATSN1,2052,694987.6355999999
REGION1,ETBATSN1,2052,694987.6355999999
REGION1,GABATSN1,2052,694987.6355999999
REGION1,GMBATSN1,2052,694987.6355999999
REGION1,GHBATSN1,2052,694987.6355999999
REGION1,GNBATSN1,2052,694987.6355999999
REGION1,GWBATSN1,2052,694987.6355999999
REGION1,KEBATSN1,2052,694987.6355999999
REGION1,LSBATSN1,2052,694987.6355999999
REGION1,LRBATSN1,2052,694987.6355999999
REGION1,LYBATSN1,2052,694987.6355999999
REGION1,MWBATSN1,2052,694987.6355999999
REGION1,MLBATSN1,2052,694987.6355999999
REGION1,MRBATSN1,2052,694987.6355999999
REGION1,MABATSN1,2052,694987.6355999999
REGION1,MZBATSN1,2052,694987.6355999999
REGION1,NABATSN1,2052,694987.6355999999
REGION1,NEBATSN1,2052,694987.6355999999
REGION1,NGBATSN1,2052,694987.6355999999
REGION1,CGBATSN1,2052,694987.6355999999
REGION1,RWBATSN1,2052,694987.6355999999
REGION1,SNBATSN1,2052,694987.6355999999
REGION1,SLBATSN1,2052,694987.6355999999
REGION1,SOBATSN1,2052,694987.6355999999
REGION1,ZABATSN1,2052,694987.6355999999
REGION1,SSBATSN1,2052,694987.6355999999
REGION1,SDBATSN1,2052,694987.6355999999
REGION1,TZBATSN1,2052,694987.6355999999
REGION1,TGBATSN1,2052,694987.6355999999
REGION1,TNBATSN1,2052,694987.6355999999
REGION1,UGBATSN1,2052,694987.6355999999
REGION1,ZMBATSN1,2052,694987.6355999999
REGION1,ZWBATSN1,2052,694987.6355999999
REGION1,MAHYDSSH1,2052,19662.71618507951
REGION1,ZAHYDSSH1,2052,19662.71618507951
REGION1,MAHYDSSN1,2052,19662.71618507951
REGION1,ZAHYDSSN1,2052,19662.71618507951
REGION1,ATHYDSSH1,2053,19662.71618507951
REGION1,BEHYDSSH1,2053,19662.71618507951
REGION1,BGHYDSSH1,2053,19662.71618507951
REGION1,CZHYDSSH1,2053,19662.71618507951
REGION1,DEHYDSSH1,2053,19662.71618507951
REGION1,GRHYDSSH1,2053,19662.71618507951
REGION1,ESHYDSSH1,2053,19662.71618507951
REGION1,FRHYDSSH1,2053,19662.71618507951
REGION1,HRHYDSSH1,2053,19662.71618507951
REGION1,IEHYDSSH1,2053,19662.71618507951
REGION1,ITHYDSSH1,2053,19662.71618507951
REGION1,LTHYDSSH1,2053,19662.71618507951
REGION1,LUHYDSSH1,2053,19662.71618507951
REGION1,SLHYDSSH1,2053,19662.71618507951
REGION1,STHYDSSH1,2053,19662.71618507951
REGION1,ROHYDSSH1,2053,19662.71618507951
REGION1,SEHYDSSH1,2053,19662.71618507951
REGION1,SIHYDSSH1,2053,19662.71618507951
REGION1,SKHYDSSH1,2053,19662.71618507951
REGION1,CHHYDSSH1,2053,19662.71618507951
REGION1,UKHYDSSH1,2053,19662.71618507951
REGION1,ATHYDSSN1,2053,19662.71618507951
REGION1,BEHYDSSN1,2053,19662.71618507951
REGION1,BGHYDSSN1,2053,19662.71618507951
REGION1,CZHYDSSN1,2053,19662.71618507951
REGION1,DEHYDSSN1,2053,19662.71618507951
REGION1,GRHYDSSN1,2053,19662.71618507951
REGION1,ESHYDSSN1,2053,19662.71618507951
REGION1,FRHYDSSN1,2053,19662.71618507951
REGION1,HRHYDSSN1,2053,19662.71618507951
REGION1,IEHYDSSN1,2053,19662.71618507951
REGION1,ITHYDSSN1,2053,19662.71618507951
REGION1,LTHYDSSN1,2053,19662.71618507951
REGION1,LUHYDSSN1,2053,19662.71618507951
REGION1,SLHYDSSN1,2053,19662.71618507951
REGION1,STHYDSSN1,2053,19662.71618507951
REGION1,ROHYDSSN1,2053,19662.71618507951
REGION1,SEHYDSSN1,2053,19662.71618507951
REGION1,SIHYDSSN1,2053,19662.71618507951
REGION1,SKHYDSSN1,2053,19662.71618507951
REGION1,CHHYDSSN1,2053,19662.71618507951
REGION1,UKHYDSSN1,2053,19662.71618507951
REGION1,ATBATSH1,2053,694987.6355999999
REGION1,BEBATSH1,2053,694987.6355999999
REGION1,BGBATSH1,2053,694987.6355999999
REGION1,CHBATSH1,2053,694987.6355999999
REGION1,CYBATSH1,2053,694987.6355999999
REGION1,CZBATSH1,2053,694987.6355999999
REGION1,DEBATSH1,2053,694987.6355999999
REGION1,DKBATSH1,2053,694987.6355999999
REGION1,EEBATSH1,2053,694987.6355999999
REGION1,GRBATSH1,2053,694987.6355999999
REGION1,ESBATSH1,2053,694987.6355999999
REGION1,FIBATSH1,2053,694987.6355999999
REGION1,FRBATSH1,2053,694987.6355999999
REGION1,HRBATSH1,2053,694987.6355999999
REGION1,HUBATSH1,2053,694987.6355999999
REGION1,IEBATSH1,2053,694987.6355999999
REGION1,ITBATSH1,2053,694987.6355999999
REGION1,LTBATSH1,2053,694987.6355999999
REGION1,LUBATSH1,2053,694987.6355999999
REGION1,LVBATSH1,2053,694987.6355999999
REGION1,MTBATSH1,2053,694987.6355999999
REGION1,NLBATSH1,2053,694987.6355999999
REGION1,NOBATSH1,2053,694987.6355999999
REGION1,PLBATSH1,2053,694987.6355999999
REGION1,PTBATSH1,2053,694987.6355999999
REGION1,ROBATSH1,2053,694987.6355999999
REGION1,SEBATSH1,2053,694987.6355999999
REGION1,SIBATSH1,2053,694987.6355999999
REGION1,SKBATSH1,2053,694987.6355999999
REGION1,UKBATSH1,2053,694987.6355999999
REGION1,DZBATSN1,2053,694987.6355999999
REGION1,AOBATSN1,2053,694987.6355999999
REGION1,BJBATSN1,2053,694987.6355999999
REGION1,BWBATSN1,2053,694987.6355999999
REGION1,BFBATSN1,2053,694987.6355999999
REGION1,BIBATSN1,2053,694987.6355999999
REGION1,CMBATSN1,2053,694987.6355999999
REGION1,CFBATSN1,2053,694987.6355999999
REGION1,TDBATSN1,2053,694987.6355999999
REGION1,CIBATSN1,2053,694987.6355999999
REGION1,DJBATSN1,2053,694987.6355999999
REGION1,CDBATSN1,2053,694987.6355999999
REGION1,EGBATSN1,2053,694987.6355999999
REGION1,GQBATSN1,2053,694987.6355999999
REGION1,ERBATSN1,2053,694987.6355999999
REGION1,SZBATSN1,2053,694987.6355999999
REGION1,ETBATSN1,2053,694987.6355999999
REGION1,GABATSN1,2053,694987.6355999999
REGION1,GMBATSN1,2053,694987.6355999999
REGION1,GHBATSN1,2053,694987.6355999999
REGION1,GNBATSN1,2053,694987.6355999999
REGION1,GWBATSN1,2053,694987.6355999999
REGION1,KEBATSN1,2053,694987.6355999999
REGION1,LSBATSN1,2053,694987.6355999999
REGION1,LRBATSN1,2053,694987.6355999999
REGION1,LYBATSN1,2053,694987.6355999999
REGION1,MWBATSN1,2053,694987.6355999999
REGION1,MLBATSN1,2053,694987.6355999999
REGION1,MRBATSN1,2053,694987.6355999999
REGION1,MABATSN1,2053,694987.6355999999
REGION1,MZBATSN1,2053,694987.6355999999
REGION1,NABATSN1,2053,694987.6355999999
REGION1,NEBATSN1,2053,694987.6355999999
REGION1,NGBATSN1,2053,694987.6355999999
REGION1,CGBATSN1,2053,694987.6355999999
REGION1,RWBATSN1,2053,694987.6355999999
REGION1,SNBATSN1,2053,694987.6355999999
REGION1,SLBATSN1,2053,694987.6355999999
REGION1,SOBATSN1,2053,694987.6355999999
REGION1,ZABATSN1,2053,694987.6355999999
REGION1,SSBATSN1,2053,694987.6355999999
REGION1,SDBATSN1,2053,694987.6355999999
REGION1,TZBATSN1,2053,694987.6355999999
REGION1,TGBATSN1,2053,694987.6355999999
REGION1,TNBATSN1,2053,694987.6355999999
REGION1,UGBATSN1,2053,694987.6355999999
REGION1,ZMBATSN1,2053,694987.6355999999
REGION1,ZWBATSN1,2053,694987.6355999999
REGION1,MAHYDSSH1,2053,19662.71618507951
REGION1,ZAHYDSSH1,2053,19662.71618507951
REGION1,MAHYDSSN1,2053,19662.71618507951
REGION1,ZAHYDSSN1,2053,19662.71618507951
REGION1,ATHYDSSH1,2054,19662.71618507951
REGION1,BEHYDSSH1,2054,19662.71618507951
REGION1,BGHYDSSH1,2054,19662.71618507951
REGION1,CZHYDSSH1,2054,19662.71618507951
REGION1,DEHYDSSH1,2054,19662.71618507951
REGION1,GRHYDSSH1,2054,19662.71618507951
REGION1,ESHYDSSH1,2054,19662.71618507951
REGION1,FRHYDSSH1,2054,19662.71618507951
REGION1,HRHYDSSH1,2054,19662.71618507951
REGION1,IEHYDSSH1,2054,19662.71618507951
REGION1,ITHYDSSH1,2054,19662.71618507951
REGION1,LTHYDSSH1,2054,19662.71618507951
REGION1,LUHYDSSH1,2054,19662.71618507951
REGION1,SLHYDSSH1,2054,19662.71618507951
REGION1,STHYDSSH1,2054,19662.71618507951
REGION1,ROHYDSSH1,2054,19662.71618507951
REGION1,SEHYDSSH1,2054,19662.71618507951
REGION1,SIHYDSSH1,2054,19662.71618507951
REGION1,SKHYDSSH1,2054,19662.71618507951
REGION1,CHHYDSSH1,2054,19662.71618507951
REGION1,UKHYDSSH1,2054,19662.71618507951
REGION1,ATHYDSSN1,2054,19662.71618507951
REGION1,BEHYDSSN1,2054,19662.71618507951
REGION1,BGHYDSSN1,2054,19662.71618507951
REGION1,CZHYDSSN1,2054,19662.71618507951
REGION1,DEHYDSSN1,2054,19662.71618507951
REGION1,GRHYDSSN1,2054,19662.71618507951
REGION1,ESHYDSSN1,2054,19662.71618507951
REGION1,FRHYDSSN1,2054,19662.71618507951
REGION1,HRHYDSSN1,2054,19662.71618507951
REGION1,IEHYDSSN1,2054,19662.71618507951
REGION1,ITHYDSSN1,2054,19662.71618507951
REGION1,LTHYDSSN1,2054,19662.71618507951
REGION1,LUHYDSSN1,2054,19662.71618507951
REGION1,SLHYDSSN1,2054,19662.71618507951
REGION1,STHYDSSN1,2054,19662.71618507951
REGION1,ROHYDSSN1,2054,19662.71618507951
REGION1,SEHYDSSN1,2054,19662.71618507951
REGION1,SIHYDSSN1,2054,19662.71618507951
REGION1,SKHYDSSN1,2054,19662.71618507951
REGION1,CHHYDSSN1,2054,19662.71618507951
REGION1,UKHYDSSN1,2054,19662.71618507951
REGION1,ATBATSH1,2054,694987.6355999999
REGION1,BEBATSH1,2054,694987.6355999999
REGION1,BGBATSH1,2054,694987.6355999999
REGION1,CHBATSH1,2054,694987.6355999999
REGION1,CYBATSH1,2054,694987.6355999999
REGION1,CZBATSH1,2054,694987.6355999999
REGION1,DEBATSH1,2054,694987.6355999999
REGION1,DKBATSH1,2054,694987.6355999999
REGION1,EEBATSH1,2054,694987.6355999999
REGION1,GRBATSH1,2054,694987.6355999999
REGION1,ESBATSH1,2054,694987.6355999999
REGION1,FIBATSH1,2054,694987.6355999999
REGION1,FRBATSH1,2054,694987.6355999999
REGION1,HRBATSH1,2054,694987.6355999999
REGION1,HUBATSH1,2054,694987.6355999999
REGION1,IEBATSH1,2054,694987.6355999999
REGION1,ITBATSH1,2054,694987.6355999999
REGION1,LTBATSH1,2054,694987.6355999999
REGION1,LUBATSH1,2054,694987.6355999999
REGION1,LVBATSH1,2054,694987.6355999999
REGION1,MTBATSH1,2054,694987.6355999999
REGION1,NLBATSH1,2054,694987.6355999999
REGION1,NOBATSH1,2054,694987.6355999999
REGION1,PLBATSH1,2054,694987.6355999999
REGION1,PTBATSH1,2054,694987.6355999999
REGION1,ROBATSH1,2054,694987.6355999999
REGION1,SEBATSH1,2054,694987.6355999999
REGION1,SIBATSH1,2054,694987.6355999999
REGION1,SKBATSH1,2054,694987.6355999999
REGION1,UKBATSH1,2054,694987.6355999999
REGION1,DZBATSN1,2054,694987.6355999999
REGION1,AOBATSN1,2054,694987.6355999999
REGION1,BJBATSN1,2054,694987.6355999999
REGION1,BWBATSN1,2054,694987.6355999999
REGION1,BFBATSN1,2054,694987.6355999999
REGION1,BIBATSN1,2054,694987.6355999999
REGION1,CMBATSN1,2054,694987.6355999999
REGION1,CFBATSN1,2054,694987.6355999999
REGION1,TDBATSN1,2054,694987.6355999999
REGION1,CIBATSN1,2054,694987.6355999999
REGION1,DJBATSN1,2054,694987.6355999999
REGION1,CDBATSN1,2054,694987.6355999999
REGION1,EGBATSN1,2054,694987.6355999999
REGION1,GQBATSN1,2054,694987.6355999999
REGION1,ERBATSN1,2054,694987.6355999999
REGION1,SZBATSN1,2054,694987.6355999999
REGION1,ETBATSN1,2054,694987.6355999999
REGION1,GABATSN1,2054,694987.6355999999
REGION1,GMBATSN1,2054,694987.6355999999
REGION1,GHBATSN1,2054,694987.6355999999
REGION1,GNBATSN1,2054,694987.6355999999
REGION1,GWBATSN1,2054,694987.6355999999
REGION1,KEBATSN1,2054,694987.6355999999
REGION1,LSBATSN1,2054,694987.6355999999
REGION1,LRBATSN1,2054,694987.6355999999
REGION1,LYBATSN1,2054,694987.6355999999
REGION1,MWBATSN1,2054,694987.6355999999
REGION1,MLBATSN1,2054,694987.6355999999
REGION1,MRBATSN1,2054,694987.6355999999
REGION1,MABATSN1,2054,694987.6355999999
REGION1,MZBATSN1,2054,694987.6355999999
REGION1,NABATSN1,2054,694987.6355999999
REGION1,NEBATSN1,2054,694987.6355999999
REGION1,NGBATSN1,2054,694987.6355999999
REGION1,CGBATSN1,2054,694987.6355999999
REGION1,RWBATSN1,2054,694987.6355999999
REGION1,SNBATSN1,2054,694987.6355999999
REGION1,SLBATSN1,2054,694987.6355999999
REGION1,SOBATSN1,2054,694987.6355999999
REGION1,ZABATSN1,2054,694987.6355999999
REGION1,SSBATSN1,2054,694987.6355999999
REGION1,SDBATSN1,2054,694987.6355999999
REGION1,TZBATSN1,2054,694987.6355999999
REGION1,TGBATSN1,2054,694987.6355999999
REGION1,TNBATSN1,2054,694987.6355999999
REGION1,UGBATSN1,2054,694987.6355999999
REGION1,ZMBATSN1,2054,694987.6355999999
REGION1,ZWBATSN1,2054,694987.6355999999
REGION1,MAHYDSSH1,2054,19662.71618507951
REGION1,ZAHYDSSH1,2054,19662.71618507951
REGION1,MAHYDSSN1,2054,19662.71618507951
REGION1,ZAHYDSSN1,2054,19662.71618507951
REGION1,ATHYDSSH1,2055,19662.71618507951
REGION1,BEHYDSSH1,2055,19662.71618507951
REGION1,BGHYDSSH1,2055,19662.71618507951
REGION1,CZHYDSSH1,2055,19662.71618507951
REGION1,DEHYDSSH1,2055,19662.71618507951
REGION1,GRHYDSSH1,2055,19662.71618507951
REGION1,ESHYDSSH1,2055,19662.71618507951
REGION1,FRHYDSSH1,2055,19662.71618507951
REGION1,HRHYDSSH1,2055,19662.71618507951
REGION1,IEHYDSSH1,2055,19662.71618507951
REGION1,ITHYDSSH1,2055,19662.71618507951
REGION1,LTHYDSSH1,2055,19662.71618507951
REGION1,LUHYDSSH1,2055,19662.71618507951
REGION1,SLHYDSSH1,2055,19662.71618507951
REGION1,STHYDSSH1,2055,19662.71618507951
REGION1,ROHYDSSH1,2055,19662.71618507951
REGION1,SEHYDSSH1,2055,19662.71618507951
REGION1,SIHYDSSH1,2055,19662.71618507951
REGION1,SKHYDSSH1,2055,19662.71618507951
REGION1,CHHYDSSH1,2055,19662.71618507951
REGION1,UKHYDSSH1,2055,19662.71618507951
REGION1,ATHYDSSN1,2055,19662.71618507951
REGION1,BEHYDSSN1,2055,19662.71618507951
REGION1,BGHYDSSN1,2055,19662.71618507951
REGION1,CZHYDSSN1,2055,19662.71618507951
REGION1,DEHYDSSN1,2055,19662.71618507951
REGION1,GRHYDSSN1,2055,19662.71618507951
REGION1,ESHYDSSN1,2055,19662.71618507951
REGION1,FRHYDSSN1,2055,19662.71618507951
REGION1,HRHYDSSN1,2055,19662.71618507951
REGION1,IEHYDSSN1,2055,19662.71618507951
REGION1,ITHYDSSN1,2055,19662.71618507951
REGION1,LTHYDSSN1,2055,19662.71618507951
REGION1,LUHYDSSN1,2055,19662.71618507951
REGION1,SLHYDSSN1,2055,19662.71618507951
REGION1,STHYDSSN1,2055,19662.71618507951
REGION1,ROHYDSSN1,2055,19662.71618507951
REGION1,SEHYDSSN1,2055,19662.71618507951
REGION1,SIHYDSSN1,2055,19662.71618507951
REGION1,SKHYDSSN1,2055,19662.71618507951
REGION1,CHHYDSSN1,2055,19662.71618507951
REGION1,UKHYDSSN1,2055,19662.71618507951
REGION1,ATBATSH1,2055,694987.6355999999
REGION1,BEBATSH1,2055,694987.6355999999
REGION1,BGBATSH1,2055,694987.6355999999
REGION1,CHBATSH1,2055,694987.6355999999
REGION1,CYBATSH1,2055,694987.6355999999
REGION1,CZBATSH1,2055,694987.6355999999
REGION1,DEBATSH1,2055,694987.6355999999
REGION1,DKBATSH1,2055,694987.6355999999
REGION1,EEBATSH1,2055,694987.6355999999
REGION1,GRBATSH1,2055,694987.6355999999
REGION1,ESBATSH1,2055,694987.6355999999
REGION1,FIBATSH1,2055,694987.6355999999
REGION1,FRBATSH1,2055,694987.6355999999
REGION1,HRBATSH1,2055,694987.6355999999
REGION1,HUBATSH1,2055,694987.6355999999
REGION1,IEBATSH1,2055,694987.6355999999
REGION1,ITBATSH1,2055,694987.6355999999
REGION1,LTBATSH1,2055,694987.6355999999
REGION1,LUBATSH1,2055,694987.6355999999
REGION1,LVBATSH1,2055,694987.6355999999
REGION1,MTBATSH1,2055,694987.6355999999
REGION1,NLBATSH1,2055,694987.6355999999
REGION1,NOBATSH1,2055,694987.6355999999
REGION1,PLBATSH1,2055,694987.6355999999
REGION1,PTBATSH1,2055,694987.6355999999
REGION1,ROBATSH1,2055,694987.6355999999
REGION1,SEBATSH1,2055,694987.6355999999
REGION1,SIBATSH1,2055,694987.6355999999
REGION1,SKBATSH1,2055,694987.6355999999
REGION1,UKBATSH1,2055,694987.6355999999
REGION1,DZBATSN1,2055,694987.6355999999
REGION1,AOBATSN1,2055,694987.6355999999
REGION1,BJBATSN1,2055,694987.6355999999
REGION1,BWBATSN1,2055,694987.6355999999
REGION1,BFBATSN1,2055,694987.6355999999
REGION1,BIBATSN1,2055,694987.6355999999
REGION1,CMBATSN1,2055,694987.6355999999
REGION1,CFBATSN1,2055,694987.6355999999
REGION1,TDBATSN1,2055,694987.6355999999
REGION1,CIBATSN1,2055,694987.6355999999
REGION1,DJBATSN1,2055,694987.6355999999
REGION1,CDBATSN1,2055,694987.6355999999
REGION1,EGBATSN1,2055,694987.6355999999
REGION1,GQBATSN1,2055,694987.6355999999
REGION1,ERBATSN1,2055,694987.6355999999
REGION1,SZBATSN1,2055,694987.6355999999
REGION1,ETBATSN1,2055,694987.6355999999
REGION1,GABATSN1,2055,694987.6355999999
REGION1,GMBATSN1,2055,694987.6355999999
REGION1,GHBATSN1,2055,694987.6355999999
REGION1,GNBATSN1,2055,694987.6355999999
REGION1,GWBATSN1,2055,694987.6355999999
REGION1,KEBATSN1,2055,694987.6355999999
REGION1,LSBATSN1,2055,694987.6355999999
REGION1,LRBATSN1,2055,694987.6355999999
REGION1,LYBATSN1,2055,694987.6355999999
REGION1,MWBATSN1,2055,694987.6355999999
REGION1,MLBATSN1,2055,694987.6355999999
REGION1,MRBATSN1,2055,694987.6355999999
REGION1,MABATSN1,2055,694987.6355999999
REGION1,MZBATSN1,2055,694987.6355999999
REGION1,NABATSN1,2055,694987.6355999999
REGION1,NEBATSN1,2055,694987.6355999999
REGION1,NGBATSN1,2055,694987.6355999999
REGION1,CGBATSN1,2055,694987.6355999999
REGION1,RWBATSN1,2055,694987.6355999999
REGION1,SNBATSN1,2055,694987.6355999999
REGION1,SLBATSN1,2055,694987.6355999999
REGION1,SOBATSN1,2055,694987.6355999999
REGION1,ZABATSN1,2055,694987.6355999999
REGION1,SSBATSN1,2055,694987.6355999999
REGION1,SDBATSN1,2055,694987.6355999999
REGION1,TZBATSN1,2055,694987.6355999999
REGION1,TGBATSN1,2055,694987.6355999999
REGION1,TNBATSN1,2055,694987.6355999999
REGION1,UGBATSN1,2055,694987.6355999999
REGION1,ZMBATSN1,2055,694987.6355999999
REGION1,ZWBATSN1,2055,694987.6355999999
REGION1,MAHYDSSH1,2055,19662.71618507951
REGION1,ZAHYDSSH1,2055,19662.71618507951
REGION1,MAHYDSSN1,2055,19662.71618507951
REGION1,ZAHYDSSN1,2055,19662.71618507951
