REGION,TECHNOLOGY,MODE_OF_OPERATION,YEAR,VALUE
REGION1,ALNGGRPI0,1,2021,53.03304
REGION1,ALNGITPI0,1,2021,722.20068
REGION1,ATNGDEPI0,1,2021,558.85734
REGION1,ATNGDEPI0,2,2021,606.58182
REGION1,ATNGHUPI0,1,2021,201.14712
REGION1,ATNGITPI0,1,2021,1577.27304
REGION1,ATNGITPI0,2,2021,254.7396415
REGION1,ATNGSIPI0,1,2021,147.825
REGION1,ATNGSIPI0,2,2021,0.0
REGION1,ATNGSKPI0,1,2021,323.901
REGION1,ATNGSKPI0,2,2021,2063.5056
REGION1,BENGDEPI0,1,2021,546.86052
REGION1,BENGDEPI0,2,2021,572.61492
REGION1,BENGFRPI0,1,2021,1103.76
REGION1,BENGFRPI0,2,2021,354.78
REGION1,BENGUKPI0,1,2021,1055.6676
REGION1,BENGUKPI0,2,2021,856.3338
REGION1,BENGNLPI0,1,2021,444.6576
REGION1,BENGNLPI0,2,2021,1822.7808
REGION1,BGNGGRPI0,1,2021,154.38186
REGION1,BGNGGRPI0,2,2021,87.09192
REGION1,BGNGROPI0,1,2021,240.57369
REGION1,BGNGROPI0,2,2021,339.902892
REGION1,BYNGLTPI0,1,2021,0.0
REGION1,CYNGEGPI0,1,2021,0.0
REGION1,CYNGGRPI0,1,2021,0.0
REGION1,CYNGGRPI0,2,2021,0.0
REGION1,CZNGDEPI0,1,2021,1407.951
REGION1,CZNGDEPI0,2,2021,1819.125252
REGION1,CZNGPLPI0,1,2021,36.83152512
REGION1,CZNGPLPI0,2,2021,0.0
REGION1,CZNGSKPI0,1,2021,1637.7696
REGION1,CZNGSKPI0,2,2021,601.2864
REGION1,DENGCHPI0,1,2021,455.52438
REGION1,DENGCHPI0,2,2021,315.36
REGION1,DENGFRPI0,1,2021,806.45436
REGION1,DENGNLPI0,1,2021,671.04666
REGION1,DENGNLPI0,2,2021,2903.95314
REGION1,DENGPLPI0,1,2021,63.9918
REGION1,DENGPLPI0,2,2021,0.1314
REGION1,DKNGDEPI0,1,2021,5.42682
REGION1,DKNGDEPI0,2,2021,162.55494
REGION1,DKNGPLPI0,1,2021,422.929296
REGION1,DKNGPLPI0,2,2021,119.574
REGION1,DKNGSEPI0,1,2021,115.3692
REGION1,DKNGSEPI0,2,2021,115.3692
REGION1,DZNGESPI0,1,2021,442.9802501
REGION1,DZNGITPI0,1,2021,1582.29252
REGION1,EENGFIPI0,1,2021,71.7444
REGION1,EENGFIPI0,2,2021,118.26
REGION1,EENGLVPI0,1,2021,137.97
REGION1,EENGLVPI0,2,2021,137.97
REGION1,FRNGCHPI0,1,2021,340.89102
REGION1,FRNGCHPI0,2,2021,250.23816
REGION1,FRNGESPI0,1,2021,216.24498
REGION1,FRNGESPI0,2,2021,294.8616
REGION1,GRNGITPI0,1,2021,0.0
REGION1,HRNGHUPI0,1,2021,67.9921416
REGION1,HRNGHUPI0,2,2021,101.95326
REGION1,HRNGSIPI0,1,2021,10.15722
REGION1,HRNGSIPI0,2,2021,70.5618
REGION1,HUNGROPI0,1,2021,101.78244
REGION1,HUNGROPI0,2,2021,96.40818
REGION1,HUNGSKPI0,1,2021,66.85632
REGION1,HUNGSKPI0,2,2021,169.46658
REGION1,IENGUKPI0,1,2021,0.0
REGION1,IENGUKPI0,2,2021,508.3866
REGION1,ITNGCHPI0,1,2021,580.1231055
REGION1,ITNGCHPI0,2,2021,847.75338
REGION1,ITNGMTPI0,1,2021,0.0
REGION1,ITNGMTPI0,2,2021,0.0
REGION1,ITNGSIPI0,1,2021,37.1862
REGION1,ITNGSIPI0,2,2021,33.7698
REGION1,LTNGPLPI0,1,2021,76.3029288
REGION1,LTNGPLPI0,2,2021,28.130112
REGION1,LVNGLTPI0,1,2021,85.5414
REGION1,LVNGLTPI0,2,2021,118.26
REGION1,LYNGITPI0,1,2021,0.0
REGION1,MANGESPI0,1,2021,0.0
REGION1,MDNGROPI0,1,2021,28.32984
REGION1,NLNGUKPI0,1,2021,649.6416
REGION1,NLNGUKPI0,2,2021,220.752
REGION1,NONGBEPI0,1,2021,641.232
REGION1,NONGDEPI0,1,2021,1638.4923
REGION1,NONGDKPI0,1,2021,403.1352
REGION1,NONGFRPI0,1,2021,748.98
REGION1,NONGUKPI0,1,2021,1969.8174
REGION1,NONGNLPI0,1,2021,1267.7472
REGION1,PLNGSKPI0,1,2021,189.216
REGION1,PLNGSKPI0,2,2021,228.55716
REGION1,PTNGESPI0,1,2021,105.12
REGION1,PTNGESPI0,2,2021,189.216
REGION1,RSNGBGPI0,1,2021,520.769736
REGION1,RSNGHUPI0,1,2021,322.92864
REGION1,RSNGROPI0,1,2021,0.0
REGION1,RUNGEEPI0,1,2021,96.579
REGION1,RUNGFIPI0,1,2021,289.08
REGION1,RUNGLVPI0,1,2021,0.0
REGION1,TRNGBGPI0,1,2021,757.405368
REGION1,TRNGGRPI0,1,2021,30.24828
REGION1,UANGHUPI0,1,2021,679.95558
REGION1,UANGPLPI0,1,2021,178.1784
REGION1,UANGROPI0,1,2021,1461.83814
REGION1,UANGSKPI0,1,2021,2992.7664
REGION1,BENGLUPI0,1,2021,231.12
REGION1,NGNGDZPI0,1,2021,0.0
REGION1,MZNGZAPI0,1,2021,212.0
REGION1,NGNGLYPI0,1,2021,0.0
REGION1,ETNGDJPI0,1,2021,0.0
REGION1,NGNGGQPI0,1,2021,0.0
REGION1,TZNGKEPI0,1,2021,0.0
REGION1,NGNGMAPI0,1,2021,0.0
REGION1,NGNGBJPI0,1,2021,175.85
REGION1,NGNGGHPI0,1,2021,175.85
REGION1,NGNGNEPI0,1,2021,1140.0
REGION1,NGNGTGPI0,1,2021,175.85
REGION1,NGNGTNPI0,1,2021,1273.0
REGION1,DZNGMAPI0,1,2021,456.0
REGION1,ALNGGRPI0,1,2022,53.03304
REGION1,ALNGITPI0,1,2022,722.20068
REGION1,ATNGDEPI0,1,2022,558.85734
REGION1,ATNGDEPI0,2,2022,606.58182
REGION1,ATNGHUPI0,1,2022,201.14712
REGION1,ATNGITPI0,1,2022,1577.27304
REGION1,ATNGITPI0,2,2022,254.7396415
REGION1,ATNGSIPI0,1,2022,147.825
REGION1,ATNGSIPI0,2,2022,0.0
REGION1,ATNGSKPI0,1,2022,323.901
REGION1,ATNGSKPI0,2,2022,2063.5056
REGION1,BENGDEPI0,1,2022,546.86052
REGION1,BENGDEPI0,2,2022,572.61492
REGION1,BENGFRPI0,1,2022,1103.76
REGION1,BENGFRPI0,2,2022,354.78
REGION1,BENGUKPI0,1,2022,1055.6676
REGION1,BENGUKPI0,2,2022,856.3338
REGION1,BENGNLPI0,1,2022,444.6576
REGION1,BENGNLPI0,2,2022,1822.7808
REGION1,BGNGGRPI0,1,2022,154.38186
REGION1,BGNGGRPI0,2,2022,87.09192
REGION1,BGNGROPI0,1,2022,240.57369
REGION1,BGNGROPI0,2,2022,339.902892
REGION1,BYNGLTPI0,1,2022,0.0
REGION1,CYNGEGPI0,1,2022,0.0
REGION1,CYNGGRPI0,1,2022,0.0
REGION1,CYNGGRPI0,2,2022,0.0
REGION1,CZNGDEPI0,1,2022,1407.951
REGION1,CZNGDEPI0,2,2022,1819.125252
REGION1,CZNGPLPI0,1,2022,36.83152512
REGION1,CZNGPLPI0,2,2022,0.0
REGION1,CZNGSKPI0,1,2022,1637.7696
REGION1,CZNGSKPI0,2,2022,601.2864
REGION1,DENGCHPI0,1,2022,455.52438
REGION1,DENGCHPI0,2,2022,315.36
REGION1,DENGFRPI0,1,2022,806.45436
REGION1,DENGNLPI0,1,2022,671.04666
REGION1,DENGNLPI0,2,2022,2903.95314
REGION1,DENGPLPI0,1,2022,63.9918
REGION1,DENGPLPI0,2,2022,0.1314
REGION1,DKNGDEPI0,1,2022,5.42682
REGION1,DKNGDEPI0,2,2022,162.55494
REGION1,DKNGPLPI0,1,2022,422.929296
REGION1,DKNGPLPI0,2,2022,119.574
REGION1,DKNGSEPI0,1,2022,115.3692
REGION1,DKNGSEPI0,2,2022,115.3692
REGION1,DZNGESPI0,1,2022,442.9802501
REGION1,DZNGITPI0,1,2022,1582.29252
REGION1,EENGFIPI0,1,2022,71.7444
REGION1,EENGFIPI0,2,2022,118.26
REGION1,EENGLVPI0,1,2022,137.97
REGION1,EENGLVPI0,2,2022,137.97
REGION1,FRNGCHPI0,1,2022,340.89102
REGION1,FRNGCHPI0,2,2022,250.23816
REGION1,FRNGESPI0,1,2022,216.24498
REGION1,FRNGESPI0,2,2022,294.8616
REGION1,GRNGITPI0,1,2022,0.0
REGION1,HRNGHUPI0,1,2022,67.9921416
REGION1,HRNGHUPI0,2,2022,101.95326
REGION1,HRNGSIPI0,1,2022,10.15722
REGION1,HRNGSIPI0,2,2022,70.5618
REGION1,HUNGROPI0,1,2022,101.78244
REGION1,HUNGROPI0,2,2022,96.40818
REGION1,HUNGSKPI0,1,2022,66.85632
REGION1,HUNGSKPI0,2,2022,169.46658
REGION1,IENGUKPI0,1,2022,0.0
REGION1,IENGUKPI0,2,2022,508.3866
REGION1,ITNGCHPI0,1,2022,580.1231055
REGION1,ITNGCHPI0,2,2022,847.75338
REGION1,ITNGMTPI0,1,2022,0.0
REGION1,ITNGMTPI0,2,2022,0.0
REGION1,ITNGSIPI0,1,2022,37.1862
REGION1,ITNGSIPI0,2,2022,33.7698
REGION1,LTNGPLPI0,1,2022,76.3029288
REGION1,LTNGPLPI0,2,2022,28.130112
REGION1,LVNGLTPI0,1,2022,85.5414
REGION1,LVNGLTPI0,2,2022,118.26
REGION1,LYNGITPI0,1,2022,0.0
REGION1,MANGESPI0,1,2022,0.0
REGION1,MDNGROPI0,1,2022,28.32984
REGION1,NLNGUKPI0,1,2022,649.6416
REGION1,NLNGUKPI0,2,2022,220.752
REGION1,NONGBEPI0,1,2022,641.232
REGION1,NONGDEPI0,1,2022,1638.4923
REGION1,NONGDKPI0,1,2022,403.1352
REGION1,NONGFRPI0,1,2022,748.98
REGION1,NONGUKPI0,1,2022,1969.8174
REGION1,NONGNLPI0,1,2022,1267.7472
REGION1,PLNGSKPI0,1,2022,189.216
REGION1,PLNGSKPI0,2,2022,228.55716
REGION1,PTNGESPI0,1,2022,105.12
REGION1,PTNGESPI0,2,2022,189.216
REGION1,RSNGBGPI0,1,2022,520.769736
REGION1,RSNGHUPI0,1,2022,322.92864
REGION1,RSNGROPI0,1,2022,0.0
REGION1,RUNGEEPI0,1,2022,96.579
REGION1,RUNGFIPI0,1,2022,289.08
REGION1,RUNGLVPI0,1,2022,0.0
REGION1,TRNGBGPI0,1,2022,757.405368
REGION1,TRNGGRPI0,1,2022,30.24828
REGION1,UANGHUPI0,1,2022,679.95558
REGION1,UANGPLPI0,1,2022,178.1784
REGION1,UANGROPI0,1,2022,1461.83814
REGION1,UANGSKPI0,1,2022,2992.7664
REGION1,BENGLUPI0,1,2022,231.12
REGION1,NGNGDZPI0,1,2022,0.0
REGION1,MZNGZAPI0,1,2022,212.0
REGION1,NGNGLYPI0,1,2022,0.0
REGION1,ETNGDJPI0,1,2022,0.0
REGION1,NGNGGQPI0,1,2022,0.0
REGION1,TZNGKEPI0,1,2022,0.0
REGION1,NGNGMAPI0,1,2022,0.0
REGION1,NGNGBJPI0,1,2022,175.85
REGION1,NGNGGHPI0,1,2022,175.85
REGION1,NGNGNEPI0,1,2022,1140.0
REGION1,NGNGTGPI0,1,2022,175.85
REGION1,NGNGTNPI0,1,2022,1273.0
REGION1,DZNGMAPI0,1,2022,456.0
REGION1,ALNGGRPI0,1,2023,53.03304
REGION1,ALNGITPI0,1,2023,722.20068
REGION1,ATNGDEPI0,1,2023,558.85734
REGION1,ATNGDEPI0,2,2023,606.58182
REGION1,ATNGHUPI0,1,2023,201.14712
REGION1,ATNGITPI0,1,2023,1577.27304
REGION1,ATNGITPI0,2,2023,254.7396415
REGION1,ATNGSIPI0,1,2023,147.825
REGION1,ATNGSIPI0,2,2023,0.0
REGION1,ATNGSKPI0,1,2023,323.901
REGION1,ATNGSKPI0,2,2023,2063.5056
REGION1,BENGDEPI0,1,2023,546.86052
REGION1,BENGDEPI0,2,2023,572.61492
REGION1,BENGFRPI0,1,2023,1103.76
REGION1,BENGFRPI0,2,2023,354.78
REGION1,BENGUKPI0,1,2023,1055.6676
REGION1,BENGUKPI0,2,2023,856.3338
REGION1,BENGNLPI0,1,2023,444.6576
REGION1,BENGNLPI0,2,2023,1822.7808
REGION1,BGNGGRPI0,1,2023,154.38186
REGION1,BGNGGRPI0,2,2023,87.09192
REGION1,BGNGROPI0,1,2023,240.57369
REGION1,BGNGROPI0,2,2023,339.902892
REGION1,BYNGLTPI0,1,2023,0.0
REGION1,CYNGEGPI0,1,2023,0.0
REGION1,CYNGGRPI0,1,2023,0.0
REGION1,CYNGGRPI0,2,2023,0.0
REGION1,CZNGDEPI0,1,2023,1407.951
REGION1,CZNGDEPI0,2,2023,1819.125252
REGION1,CZNGPLPI0,1,2023,36.83152512
REGION1,CZNGPLPI0,2,2023,0.0
REGION1,CZNGSKPI0,1,2023,1637.7696
REGION1,CZNGSKPI0,2,2023,601.2864
REGION1,DENGCHPI0,1,2023,455.52438
REGION1,DENGCHPI0,2,2023,315.36
REGION1,DENGFRPI0,1,2023,806.45436
REGION1,DENGNLPI0,1,2023,671.04666
REGION1,DENGNLPI0,2,2023,2903.95314
REGION1,DENGPLPI0,1,2023,63.9918
REGION1,DENGPLPI0,2,2023,0.1314
REGION1,DKNGDEPI0,1,2023,5.42682
REGION1,DKNGDEPI0,2,2023,162.55494
REGION1,DKNGPLPI0,1,2023,422.929296
REGION1,DKNGPLPI0,2,2023,119.574
REGION1,DKNGSEPI0,1,2023,115.3692
REGION1,DKNGSEPI0,2,2023,115.3692
REGION1,DZNGESPI0,1,2023,442.9802501
REGION1,DZNGITPI0,1,2023,1582.29252
REGION1,EENGFIPI0,1,2023,71.7444
REGION1,EENGFIPI0,2,2023,118.26
REGION1,EENGLVPI0,1,2023,137.97
REGION1,EENGLVPI0,2,2023,137.97
REGION1,FRNGCHPI0,1,2023,340.89102
REGION1,FRNGCHPI0,2,2023,250.23816
REGION1,FRNGESPI0,1,2023,216.24498
REGION1,FRNGESPI0,2,2023,294.8616
REGION1,GRNGITPI0,1,2023,0.0
REGION1,HRNGHUPI0,1,2023,67.9921416
REGION1,HRNGHUPI0,2,2023,101.95326
REGION1,HRNGSIPI0,1,2023,10.15722
REGION1,HRNGSIPI0,2,2023,70.5618
REGION1,HUNGROPI0,1,2023,101.78244
REGION1,HUNGROPI0,2,2023,96.40818
REGION1,HUNGSKPI0,1,2023,66.85632
REGION1,HUNGSKPI0,2,2023,169.46658
REGION1,IENGUKPI0,1,2023,0.0
REGION1,IENGUKPI0,2,2023,508.3866
REGION1,ITNGCHPI0,1,2023,580.1231055
REGION1,ITNGCHPI0,2,2023,847.75338
REGION1,ITNGMTPI0,1,2023,0.0
REGION1,ITNGMTPI0,2,2023,0.0
REGION1,ITNGSIPI0,1,2023,37.1862
REGION1,ITNGSIPI0,2,2023,33.7698
REGION1,LTNGPLPI0,1,2023,76.3029288
REGION1,LTNGPLPI0,2,2023,28.130112
REGION1,LVNGLTPI0,1,2023,85.5414
REGION1,LVNGLTPI0,2,2023,118.26
REGION1,LYNGITPI0,1,2023,0.0
REGION1,MANGESPI0,1,2023,0.0
REGION1,MDNGROPI0,1,2023,28.32984
REGION1,NLNGUKPI0,1,2023,649.6416
REGION1,NLNGUKPI0,2,2023,220.752
REGION1,NONGBEPI0,1,2023,641.232
REGION1,NONGDEPI0,1,2023,1638.4923
REGION1,NONGDKPI0,1,2023,403.1352
REGION1,NONGFRPI0,1,2023,748.98
REGION1,NONGUKPI0,1,2023,1969.8174
REGION1,NONGNLPI0,1,2023,1267.7472
REGION1,PLNGSKPI0,1,2023,189.216
REGION1,PLNGSKPI0,2,2023,228.55716
REGION1,PTNGESPI0,1,2023,105.12
REGION1,PTNGESPI0,2,2023,189.216
REGION1,RSNGBGPI0,1,2023,520.769736
REGION1,RSNGHUPI0,1,2023,322.92864
REGION1,RSNGROPI0,1,2023,0.0
REGION1,RUNGEEPI0,1,2023,96.579
REGION1,RUNGFIPI0,1,2023,289.08
REGION1,RUNGLVPI0,1,2023,0.0
REGION1,TRNGBGPI0,1,2023,757.405368
REGION1,TRNGGRPI0,1,2023,30.24828
REGION1,UANGHUPI0,1,2023,679.95558
REGION1,UANGPLPI0,1,2023,178.1784
REGION1,UANGROPI0,1,2023,1461.83814
REGION1,UANGSKPI0,1,2023,2992.7664
REGION1,BENGLUPI0,1,2023,231.12
REGION1,NGNGDZPI0,1,2023,0.0
REGION1,MZNGZAPI0,1,2023,212.0
REGION1,NGNGLYPI0,1,2023,0.0
REGION1,ETNGDJPI0,1,2023,0.0
REGION1,NGNGGQPI0,1,2023,0.0
REGION1,TZNGKEPI0,1,2023,0.0
REGION1,NGNGMAPI0,1,2023,0.0
REGION1,NGNGBJPI0,1,2023,175.85
REGION1,NGNGGHPI0,1,2023,175.85
REGION1,NGNGNEPI0,1,2023,1140.0
REGION1,NGNGTGPI0,1,2023,175.85
REGION1,NGNGTNPI0,1,2023,1273.0
REGION1,DZNGMAPI0,1,2023,456.0
REGION1,ALNGGRPI0,1,2024,53.03304
REGION1,ALNGITPI0,1,2024,722.20068
REGION1,ATNGDEPI0,1,2024,558.85734
REGION1,ATNGDEPI0,2,2024,606.58182
REGION1,ATNGHUPI0,1,2024,201.14712
REGION1,ATNGITPI0,1,2024,1577.27304
REGION1,ATNGITPI0,2,2024,254.7396415
REGION1,ATNGSIPI0,1,2024,147.825
REGION1,ATNGSIPI0,2,2024,0.0
REGION1,ATNGSKPI0,1,2024,323.901
REGION1,ATNGSKPI0,2,2024,2063.5056
REGION1,BENGDEPI0,1,2024,546.86052
REGION1,BENGDEPI0,2,2024,572.61492
REGION1,BENGFRPI0,1,2024,1103.76
REGION1,BENGFRPI0,2,2024,354.78
REGION1,BENGUKPI0,1,2024,1055.6676
REGION1,BENGUKPI0,2,2024,856.3338
REGION1,BENGNLPI0,1,2024,444.6576
REGION1,BENGNLPI0,2,2024,1822.7808
REGION1,BGNGGRPI0,1,2024,154.38186
REGION1,BGNGGRPI0,2,2024,87.09192
REGION1,BGNGROPI0,1,2024,240.57369
REGION1,BGNGROPI0,2,2024,339.902892
REGION1,BYNGLTPI0,1,2024,0.0
REGION1,CYNGEGPI0,1,2024,0.0
REGION1,CYNGGRPI0,1,2024,0.0
REGION1,CYNGGRPI0,2,2024,0.0
REGION1,CZNGDEPI0,1,2024,1407.951
REGION1,CZNGDEPI0,2,2024,1819.125252
REGION1,CZNGPLPI0,1,2024,36.83152512
REGION1,CZNGPLPI0,2,2024,0.0
REGION1,CZNGSKPI0,1,2024,1637.7696
REGION1,CZNGSKPI0,2,2024,601.2864
REGION1,DENGCHPI0,1,2024,455.52438
REGION1,DENGCHPI0,2,2024,315.36
REGION1,DENGFRPI0,1,2024,806.45436
REGION1,DENGNLPI0,1,2024,671.04666
REGION1,DENGNLPI0,2,2024,2903.95314
REGION1,DENGPLPI0,1,2024,63.9918
REGION1,DENGPLPI0,2,2024,0.1314
REGION1,DKNGDEPI0,1,2024,5.42682
REGION1,DKNGDEPI0,2,2024,162.55494
REGION1,DKNGPLPI0,1,2024,422.929296
REGION1,DKNGPLPI0,2,2024,119.574
REGION1,DKNGSEPI0,1,2024,115.3692
REGION1,DKNGSEPI0,2,2024,115.3692
REGION1,DZNGESPI0,1,2024,442.9802501
REGION1,DZNGITPI0,1,2024,1582.29252
REGION1,EENGFIPI0,1,2024,71.7444
REGION1,EENGFIPI0,2,2024,118.26
REGION1,EENGLVPI0,1,2024,137.97
REGION1,EENGLVPI0,2,2024,137.97
REGION1,FRNGCHPI0,1,2024,340.89102
REGION1,FRNGCHPI0,2,2024,250.23816
REGION1,FRNGESPI0,1,2024,216.24498
REGION1,FRNGESPI0,2,2024,294.8616
REGION1,GRNGITPI0,1,2024,0.0
REGION1,HRNGHUPI0,1,2024,67.9921416
REGION1,HRNGHUPI0,2,2024,101.95326
REGION1,HRNGSIPI0,1,2024,10.15722
REGION1,HRNGSIPI0,2,2024,70.5618
REGION1,HUNGROPI0,1,2024,101.78244
REGION1,HUNGROPI0,2,2024,96.40818
REGION1,HUNGSKPI0,1,2024,66.85632
REGION1,HUNGSKPI0,2,2024,169.46658
REGION1,IENGUKPI0,1,2024,0.0
REGION1,IENGUKPI0,2,2024,508.3866
REGION1,ITNGCHPI0,1,2024,580.1231055
REGION1,ITNGCHPI0,2,2024,847.75338
REGION1,ITNGMTPI0,1,2024,0.0
REGION1,ITNGMTPI0,2,2024,0.0
REGION1,ITNGSIPI0,1,2024,37.1862
REGION1,ITNGSIPI0,2,2024,33.7698
REGION1,LTNGPLPI0,1,2024,76.3029288
REGION1,LTNGPLPI0,2,2024,28.130112
REGION1,LVNGLTPI0,1,2024,85.5414
REGION1,LVNGLTPI0,2,2024,118.26
REGION1,LYNGITPI0,1,2024,0.0
REGION1,MANGESPI0,1,2024,0.0
REGION1,MDNGROPI0,1,2024,28.32984
REGION1,NLNGUKPI0,1,2024,649.6416
REGION1,NLNGUKPI0,2,2024,220.752
REGION1,NONGBEPI0,1,2024,641.232
REGION1,NONGDEPI0,1,2024,1638.4923
REGION1,NONGDKPI0,1,2024,403.1352
REGION1,NONGFRPI0,1,2024,748.98
REGION1,NONGUKPI0,1,2024,1969.8174
REGION1,NONGNLPI0,1,2024,1267.7472
REGION1,PLNGSKPI0,1,2024,189.216
REGION1,PLNGSKPI0,2,2024,228.55716
REGION1,PTNGESPI0,1,2024,105.12
REGION1,PTNGESPI0,2,2024,189.216
REGION1,RSNGBGPI0,1,2024,520.769736
REGION1,RSNGHUPI0,1,2024,322.92864
REGION1,RSNGROPI0,1,2024,0.0
REGION1,RUNGEEPI0,1,2024,96.579
REGION1,RUNGFIPI0,1,2024,289.08
REGION1,RUNGLVPI0,1,2024,0.0
REGION1,TRNGBGPI0,1,2024,757.405368
REGION1,TRNGGRPI0,1,2024,30.24828
REGION1,UANGHUPI0,1,2024,679.95558
REGION1,UANGPLPI0,1,2024,178.1784
REGION1,UANGROPI0,1,2024,1461.83814
REGION1,UANGSKPI0,1,2024,2992.7664
REGION1,BENGLUPI0,1,2024,231.12
REGION1,NGNGDZPI0,1,2024,0.0
REGION1,MZNGZAPI0,1,2024,212.0
REGION1,NGNGLYPI0,1,2024,0.0
REGION1,ETNGDJPI0,1,2024,0.0
REGION1,NGNGGQPI0,1,2024,0.0
REGION1,TZNGKEPI0,1,2024,0.0
REGION1,NGNGMAPI0,1,2024,0.0
REGION1,NGNGBJPI0,1,2024,175.85
REGION1,NGNGGHPI0,1,2024,175.85
REGION1,NGNGNEPI0,1,2024,1140.0
REGION1,NGNGTGPI0,1,2024,175.85
REGION1,NGNGTNPI0,1,2024,1273.0
REGION1,DZNGMAPI0,1,2024,456.0
REGION1,ALNGGRPI0,1,2025,53.03304
REGION1,ALNGITPI0,1,2025,722.20068
REGION1,ATNGDEPI0,1,2025,558.85734
REGION1,ATNGDEPI0,2,2025,606.58182
REGION1,ATNGHUPI0,1,2025,201.14712
REGION1,ATNGITPI0,1,2025,1577.27304
REGION1,ATNGITPI0,2,2025,254.7396415
REGION1,ATNGSIPI0,1,2025,147.825
REGION1,ATNGSIPI0,2,2025,0.0
REGION1,ATNGSKPI0,1,2025,323.901
REGION1,ATNGSKPI0,2,2025,2063.5056
REGION1,BENGDEPI0,1,2025,546.86052
REGION1,BENGDEPI0,2,2025,572.61492
REGION1,BENGFRPI0,1,2025,1103.76
REGION1,BENGFRPI0,2,2025,354.78
REGION1,BENGUKPI0,1,2025,1055.6676
REGION1,BENGUKPI0,2,2025,856.3338
REGION1,BENGNLPI0,1,2025,444.6576
REGION1,BENGNLPI0,2,2025,1822.7808
REGION1,BGNGGRPI0,1,2025,154.38186
REGION1,BGNGGRPI0,2,2025,87.09192
REGION1,BGNGROPI0,1,2025,240.57369
REGION1,BGNGROPI0,2,2025,339.902892
REGION1,BYNGLTPI0,1,2025,0.0
REGION1,CYNGEGPI0,1,2025,0.0
REGION1,CYNGGRPI0,1,2025,0.0
REGION1,CYNGGRPI0,2,2025,0.0
REGION1,CZNGDEPI0,1,2025,1407.951
REGION1,CZNGDEPI0,2,2025,1819.125252
REGION1,CZNGPLPI0,1,2025,36.83152512
REGION1,CZNGPLPI0,2,2025,0.0
REGION1,CZNGSKPI0,1,2025,1637.7696
REGION1,CZNGSKPI0,2,2025,601.2864
REGION1,DENGCHPI0,1,2025,455.52438
REGION1,DENGCHPI0,2,2025,315.36
REGION1,DENGFRPI0,1,2025,806.45436
REGION1,DENGNLPI0,1,2025,671.04666
REGION1,DENGNLPI0,2,2025,2903.95314
REGION1,DENGPLPI0,1,2025,63.9918
REGION1,DENGPLPI0,2,2025,0.1314
REGION1,DKNGDEPI0,1,2025,5.42682
REGION1,DKNGDEPI0,2,2025,162.55494
REGION1,DKNGPLPI0,1,2025,422.929296
REGION1,DKNGPLPI0,2,2025,119.574
REGION1,DKNGSEPI0,1,2025,115.3692
REGION1,DKNGSEPI0,2,2025,115.3692
REGION1,DZNGESPI0,1,2025,442.9802501
REGION1,DZNGITPI0,1,2025,1582.29252
REGION1,EENGFIPI0,1,2025,71.7444
REGION1,EENGFIPI0,2,2025,118.26
REGION1,EENGLVPI0,1,2025,137.97
REGION1,EENGLVPI0,2,2025,137.97
REGION1,FRNGCHPI0,1,2025,340.89102
REGION1,FRNGCHPI0,2,2025,250.23816
REGION1,FRNGESPI0,1,2025,216.24498
REGION1,FRNGESPI0,2,2025,294.8616
REGION1,GRNGITPI0,1,2025,0.0
REGION1,HRNGHUPI0,1,2025,67.9921416
REGION1,HRNGHUPI0,2,2025,101.95326
REGION1,HRNGSIPI0,1,2025,10.15722
REGION1,HRNGSIPI0,2,2025,70.5618
REGION1,HUNGROPI0,1,2025,101.78244
REGION1,HUNGROPI0,2,2025,96.40818
REGION1,HUNGSKPI0,1,2025,66.85632
REGION1,HUNGSKPI0,2,2025,169.46658
REGION1,IENGUKPI0,1,2025,0.0
REGION1,IENGUKPI0,2,2025,508.3866
REGION1,ITNGCHPI0,1,2025,580.1231055
REGION1,ITNGCHPI0,2,2025,847.75338
REGION1,ITNGMTPI0,1,2025,0.0
REGION1,ITNGMTPI0,2,2025,0.0
REGION1,ITNGSIPI0,1,2025,37.1862
REGION1,ITNGSIPI0,2,2025,33.7698
REGION1,LTNGPLPI0,1,2025,76.3029288
REGION1,LTNGPLPI0,2,2025,28.130112
REGION1,LVNGLTPI0,1,2025,85.5414
REGION1,LVNGLTPI0,2,2025,118.26
REGION1,LYNGITPI0,1,2025,0.0
REGION1,MANGESPI0,1,2025,0.0
REGION1,MDNGROPI0,1,2025,28.32984
REGION1,NLNGUKPI0,1,2025,649.6416
REGION1,NLNGUKPI0,2,2025,220.752
REGION1,NONGBEPI0,1,2025,641.232
REGION1,NONGDEPI0,1,2025,1638.4923
REGION1,NONGDKPI0,1,2025,403.1352
REGION1,NONGFRPI0,1,2025,748.98
REGION1,NONGUKPI0,1,2025,1969.8174
REGION1,NONGNLPI0,1,2025,1267.7472
REGION1,PLNGSKPI0,1,2025,189.216
REGION1,PLNGSKPI0,2,2025,228.55716
REGION1,PTNGESPI0,1,2025,105.12
REGION1,PTNGESPI0,2,2025,189.216
REGION1,RSNGBGPI0,1,2025,520.769736
REGION1,RSNGHUPI0,1,2025,322.92864
REGION1,RSNGROPI0,1,2025,0.0
REGION1,RUNGEEPI0,1,2025,96.579
REGION1,RUNGFIPI0,1,2025,289.08
REGION1,RUNGLVPI0,1,2025,0.0
REGION1,TRNGBGPI0,1,2025,757.405368
REGION1,TRNGGRPI0,1,2025,30.24828
REGION1,UANGHUPI0,1,2025,679.95558
REGION1,UANGPLPI0,1,2025,178.1784
REGION1,UANGROPI0,1,2025,1461.83814
REGION1,UANGSKPI0,1,2025,2992.7664
REGION1,BENGLUPI0,1,2025,231.12
REGION1,NGNGDZPI0,1,2025,0.0
REGION1,MZNGZAPI0,1,2025,212.0
REGION1,NGNGLYPI0,1,2025,0.0
REGION1,ETNGDJPI0,1,2025,0.0
REGION1,NGNGGQPI0,1,2025,0.0
REGION1,TZNGKEPI0,1,2025,0.0
REGION1,NGNGMAPI0,1,2025,0.0
REGION1,NGNGBJPI0,1,2025,175.85
REGION1,NGNGGHPI0,1,2025,175.85
REGION1,NGNGNEPI0,1,2025,1140.0
REGION1,NGNGTGPI0,1,2025,175.85
REGION1,NGNGTNPI0,1,2025,1273.0
REGION1,DZNGMAPI0,1,2025,456.0
REGION1,ALNGGRPI0,1,2026,53.03304
REGION1,ALNGITPI0,1,2026,722.20068
REGION1,ATNGDEPI0,1,2026,558.85734
REGION1,ATNGDEPI0,2,2026,606.58182
REGION1,ATNGHUPI0,1,2026,201.14712
REGION1,ATNGITPI0,1,2026,1577.27304
REGION1,ATNGITPI0,2,2026,254.7396415
REGION1,ATNGSIPI0,1,2026,147.825
REGION1,ATNGSIPI0,2,2026,0.0
REGION1,ATNGSKPI0,1,2026,323.901
REGION1,ATNGSKPI0,2,2026,2063.5056
REGION1,BENGDEPI0,1,2026,546.86052
REGION1,BENGDEPI0,2,2026,572.61492
REGION1,BENGFRPI0,1,2026,1103.76
REGION1,BENGFRPI0,2,2026,354.78
REGION1,BENGUKPI0,1,2026,1055.6676
REGION1,BENGUKPI0,2,2026,856.3338
REGION1,BENGNLPI0,1,2026,444.6576
REGION1,BENGNLPI0,2,2026,1822.7808
REGION1,BGNGGRPI0,1,2026,154.38186
REGION1,BGNGGRPI0,2,2026,87.09192
REGION1,BGNGROPI0,1,2026,240.57369
REGION1,BGNGROPI0,2,2026,339.902892
REGION1,BYNGLTPI0,1,2026,0.0
REGION1,CYNGEGPI0,1,2026,0.0
REGION1,CYNGGRPI0,1,2026,0.0
REGION1,CYNGGRPI0,2,2026,0.0
REGION1,CZNGDEPI0,1,2026,1407.951
REGION1,CZNGDEPI0,2,2026,1819.125252
REGION1,CZNGPLPI0,1,2026,36.83152512
REGION1,CZNGPLPI0,2,2026,0.0
REGION1,CZNGSKPI0,1,2026,1637.7696
REGION1,CZNGSKPI0,2,2026,601.2864
REGION1,DENGCHPI0,1,2026,455.52438
REGION1,DENGCHPI0,2,2026,315.36
REGION1,DENGFRPI0,1,2026,806.45436
REGION1,DENGNLPI0,1,2026,671.04666
REGION1,DENGNLPI0,2,2026,2903.95314
REGION1,DENGPLPI0,1,2026,63.9918
REGION1,DENGPLPI0,2,2026,0.1314
REGION1,DKNGDEPI0,1,2026,5.42682
REGION1,DKNGDEPI0,2,2026,162.55494
REGION1,DKNGPLPI0,1,2026,422.929296
REGION1,DKNGPLPI0,2,2026,119.574
REGION1,DKNGSEPI0,1,2026,115.3692
REGION1,DKNGSEPI0,2,2026,115.3692
REGION1,DZNGESPI0,1,2026,442.9802501
REGION1,DZNGITPI0,1,2026,1582.29252
REGION1,EENGFIPI0,1,2026,71.7444
REGION1,EENGFIPI0,2,2026,118.26
REGION1,EENGLVPI0,1,2026,137.97
REGION1,EENGLVPI0,2,2026,137.97
REGION1,FRNGCHPI0,1,2026,340.89102
REGION1,FRNGCHPI0,2,2026,250.23816
REGION1,FRNGESPI0,1,2026,216.24498
REGION1,FRNGESPI0,2,2026,294.8616
REGION1,GRNGITPI0,1,2026,0.0
REGION1,HRNGHUPI0,1,2026,67.9921416
REGION1,HRNGHUPI0,2,2026,101.95326
REGION1,HRNGSIPI0,1,2026,10.15722
REGION1,HRNGSIPI0,2,2026,70.5618
REGION1,HUNGROPI0,1,2026,101.78244
REGION1,HUNGROPI0,2,2026,96.40818
REGION1,HUNGSKPI0,1,2026,66.85632
REGION1,HUNGSKPI0,2,2026,169.46658
REGION1,IENGUKPI0,1,2026,0.0
REGION1,IENGUKPI0,2,2026,508.3866
REGION1,ITNGCHPI0,1,2026,580.1231055
REGION1,ITNGCHPI0,2,2026,847.75338
REGION1,ITNGMTPI0,1,2026,0.0
REGION1,ITNGMTPI0,2,2026,0.0
REGION1,ITNGSIPI0,1,2026,37.1862
REGION1,ITNGSIPI0,2,2026,33.7698
REGION1,LTNGPLPI0,1,2026,76.3029288
REGION1,LTNGPLPI0,2,2026,28.130112
REGION1,LVNGLTPI0,1,2026,85.5414
REGION1,LVNGLTPI0,2,2026,118.26
REGION1,LYNGITPI0,1,2026,0.0
REGION1,MANGESPI0,1,2026,0.0
REGION1,MDNGROPI0,1,2026,28.32984
REGION1,NLNGUKPI0,1,2026,649.6416
REGION1,NLNGUKPI0,2,2026,220.752
REGION1,NONGBEPI0,1,2026,641.232
REGION1,NONGDEPI0,1,2026,1638.4923
REGION1,NONGDKPI0,1,2026,403.1352
REGION1,NONGFRPI0,1,2026,748.98
REGION1,NONGUKPI0,1,2026,1969.8174
REGION1,NONGNLPI0,1,2026,1267.7472
REGION1,PLNGSKPI0,1,2026,189.216
REGION1,PLNGSKPI0,2,2026,228.55716
REGION1,PTNGESPI0,1,2026,105.12
REGION1,PTNGESPI0,2,2026,189.216
REGION1,RSNGBGPI0,1,2026,520.769736
REGION1,RSNGHUPI0,1,2026,322.92864
REGION1,RSNGROPI0,1,2026,0.0
REGION1,RUNGEEPI0,1,2026,96.579
REGION1,RUNGFIPI0,1,2026,289.08
REGION1,RUNGLVPI0,1,2026,0.0
REGION1,TRNGBGPI0,1,2026,757.405368
REGION1,TRNGGRPI0,1,2026,30.24828
REGION1,UANGHUPI0,1,2026,679.95558
REGION1,UANGPLPI0,1,2026,178.1784
REGION1,UANGROPI0,1,2026,1461.83814
REGION1,UANGSKPI0,1,2026,2992.7664
REGION1,BENGLUPI0,1,2026,231.12
REGION1,NGNGDZPI0,1,2026,0.0
REGION1,MZNGZAPI0,1,2026,212.0
REGION1,NGNGLYPI0,1,2026,0.0
REGION1,ETNGDJPI0,1,2026,0.0
REGION1,NGNGGQPI0,1,2026,0.0
REGION1,TZNGKEPI0,1,2026,0.0
REGION1,NGNGMAPI0,1,2026,0.0
REGION1,NGNGBJPI0,1,2026,175.85
REGION1,NGNGGHPI0,1,2026,175.85
REGION1,NGNGNEPI0,1,2026,1140.0
REGION1,NGNGTGPI0,1,2026,175.85
REGION1,NGNGTNPI0,1,2026,1273.0
REGION1,DZNGMAPI0,1,2026,456.0
REGION1,ALNGGRPI0,1,2027,53.03304
REGION1,ALNGITPI0,1,2027,722.20068
REGION1,ATNGDEPI0,1,2027,558.85734
REGION1,ATNGDEPI0,2,2027,606.58182
REGION1,ATNGHUPI0,1,2027,201.14712
REGION1,ATNGITPI0,1,2027,1577.27304
REGION1,ATNGITPI0,2,2027,254.7396415
REGION1,ATNGSIPI0,1,2027,147.825
REGION1,ATNGSIPI0,2,2027,0.0
REGION1,ATNGSKPI0,1,2027,323.901
REGION1,ATNGSKPI0,2,2027,2063.5056
REGION1,BENGDEPI0,1,2027,546.86052
REGION1,BENGDEPI0,2,2027,572.61492
REGION1,BENGFRPI0,1,2027,1103.76
REGION1,BENGFRPI0,2,2027,354.78
REGION1,BENGUKPI0,1,2027,1055.6676
REGION1,BENGUKPI0,2,2027,856.3338
REGION1,BENGNLPI0,1,2027,444.6576
REGION1,BENGNLPI0,2,2027,1822.7808
REGION1,BGNGGRPI0,1,2027,154.38186
REGION1,BGNGGRPI0,2,2027,87.09192
REGION1,BGNGROPI0,1,2027,240.57369
REGION1,BGNGROPI0,2,2027,339.902892
REGION1,BYNGLTPI0,1,2027,0.0
REGION1,CYNGEGPI0,1,2027,0.0
REGION1,CYNGGRPI0,1,2027,0.0
REGION1,CYNGGRPI0,2,2027,0.0
REGION1,CZNGDEPI0,1,2027,1407.951
REGION1,CZNGDEPI0,2,2027,1819.125252
REGION1,CZNGPLPI0,1,2027,36.83152512
REGION1,CZNGPLPI0,2,2027,0.0
REGION1,CZNGSKPI0,1,2027,1637.7696
REGION1,CZNGSKPI0,2,2027,601.2864
REGION1,DENGCHPI0,1,2027,455.52438
REGION1,DENGCHPI0,2,2027,315.36
REGION1,DENGFRPI0,1,2027,806.45436
REGION1,DENGNLPI0,1,2027,671.04666
REGION1,DENGNLPI0,2,2027,2903.95314
REGION1,DENGPLPI0,1,2027,63.9918
REGION1,DENGPLPI0,2,2027,0.1314
REGION1,DKNGDEPI0,1,2027,5.42682
REGION1,DKNGDEPI0,2,2027,162.55494
REGION1,DKNGPLPI0,1,2027,422.929296
REGION1,DKNGPLPI0,2,2027,119.574
REGION1,DKNGSEPI0,1,2027,115.3692
REGION1,DKNGSEPI0,2,2027,115.3692
REGION1,DZNGESPI0,1,2027,442.9802501
REGION1,DZNGITPI0,1,2027,1582.29252
REGION1,EENGFIPI0,1,2027,71.7444
REGION1,EENGFIPI0,2,2027,118.26
REGION1,EENGLVPI0,1,2027,137.97
REGION1,EENGLVPI0,2,2027,137.97
REGION1,FRNGCHPI0,1,2027,340.89102
REGION1,FRNGCHPI0,2,2027,250.23816
REGION1,FRNGESPI0,1,2027,216.24498
REGION1,FRNGESPI0,2,2027,294.8616
REGION1,GRNGITPI0,1,2027,0.0
REGION1,HRNGHUPI0,1,2027,67.9921416
REGION1,HRNGHUPI0,2,2027,101.95326
REGION1,HRNGSIPI0,1,2027,10.15722
REGION1,HRNGSIPI0,2,2027,70.5618
REGION1,HUNGROPI0,1,2027,101.78244
REGION1,HUNGROPI0,2,2027,96.40818
REGION1,HUNGSKPI0,1,2027,66.85632
REGION1,HUNGSKPI0,2,2027,169.46658
REGION1,IENGUKPI0,1,2027,0.0
REGION1,IENGUKPI0,2,2027,508.3866
REGION1,ITNGCHPI0,1,2027,580.1231055
REGION1,ITNGCHPI0,2,2027,847.75338
REGION1,ITNGMTPI0,1,2027,0.0
REGION1,ITNGMTPI0,2,2027,0.0
REGION1,ITNGSIPI0,1,2027,37.1862
REGION1,ITNGSIPI0,2,2027,33.7698
REGION1,LTNGPLPI0,1,2027,76.3029288
REGION1,LTNGPLPI0,2,2027,28.130112
REGION1,LVNGLTPI0,1,2027,85.5414
REGION1,LVNGLTPI0,2,2027,118.26
REGION1,LYNGITPI0,1,2027,0.0
REGION1,MANGESPI0,1,2027,0.0
REGION1,MDNGROPI0,1,2027,28.32984
REGION1,NLNGUKPI0,1,2027,649.6416
REGION1,NLNGUKPI0,2,2027,220.752
REGION1,NONGBEPI0,1,2027,641.232
REGION1,NONGDEPI0,1,2027,1638.4923
REGION1,NONGDKPI0,1,2027,403.1352
REGION1,NONGFRPI0,1,2027,748.98
REGION1,NONGUKPI0,1,2027,1969.8174
REGION1,NONGNLPI0,1,2027,1267.7472
REGION1,PLNGSKPI0,1,2027,189.216
REGION1,PLNGSKPI0,2,2027,228.55716
REGION1,PTNGESPI0,1,2027,105.12
REGION1,PTNGESPI0,2,2027,189.216
REGION1,RSNGBGPI0,1,2027,520.769736
REGION1,RSNGHUPI0,1,2027,322.92864
REGION1,RSNGROPI0,1,2027,0.0
REGION1,RUNGEEPI0,1,2027,96.579
REGION1,RUNGFIPI0,1,2027,289.08
REGION1,RUNGLVPI0,1,2027,0.0
REGION1,TRNGBGPI0,1,2027,757.405368
REGION1,TRNGGRPI0,1,2027,30.24828
REGION1,UANGHUPI0,1,2027,679.95558
REGION1,UANGPLPI0,1,2027,178.1784
REGION1,UANGROPI0,1,2027,1461.83814
REGION1,UANGSKPI0,1,2027,2992.7664
REGION1,BENGLUPI0,1,2027,231.12
REGION1,NGNGDZPI0,1,2027,0.0
REGION1,MZNGZAPI0,1,2027,212.0
REGION1,NGNGLYPI0,1,2027,0.0
REGION1,ETNGDJPI0,1,2027,0.0
REGION1,NGNGGQPI0,1,2027,0.0
REGION1,TZNGKEPI0,1,2027,0.0
REGION1,NGNGMAPI0,1,2027,0.0
REGION1,NGNGBJPI0,1,2027,175.85
REGION1,NGNGGHPI0,1,2027,175.85
REGION1,NGNGNEPI0,1,2027,1140.0
REGION1,NGNGTGPI0,1,2027,175.85
REGION1,NGNGTNPI0,1,2027,1273.0
REGION1,DZNGMAPI0,1,2027,456.0
REGION1,ALNGGRPI0,1,2028,53.03304
REGION1,ALNGITPI0,1,2028,722.20068
REGION1,ATNGDEPI0,1,2028,558.85734
REGION1,ATNGDEPI0,2,2028,606.58182
REGION1,ATNGHUPI0,1,2028,201.14712
REGION1,ATNGITPI0,1,2028,1577.27304
REGION1,ATNGITPI0,2,2028,254.7396415
REGION1,ATNGSIPI0,1,2028,147.825
REGION1,ATNGSIPI0,2,2028,0.0
REGION1,ATNGSKPI0,1,2028,323.901
REGION1,ATNGSKPI0,2,2028,2063.5056
REGION1,BENGDEPI0,1,2028,546.86052
REGION1,BENGDEPI0,2,2028,572.61492
REGION1,BENGFRPI0,1,2028,1103.76
REGION1,BENGFRPI0,2,2028,354.78
REGION1,BENGUKPI0,1,2028,1055.6676
REGION1,BENGUKPI0,2,2028,856.3338
REGION1,BENGNLPI0,1,2028,444.6576
REGION1,BENGNLPI0,2,2028,1822.7808
REGION1,BGNGGRPI0,1,2028,154.38186
REGION1,BGNGGRPI0,2,2028,87.09192
REGION1,BGNGROPI0,1,2028,240.57369
REGION1,BGNGROPI0,2,2028,339.902892
REGION1,BYNGLTPI0,1,2028,0.0
REGION1,CYNGEGPI0,1,2028,0.0
REGION1,CYNGGRPI0,1,2028,0.0
REGION1,CYNGGRPI0,2,2028,0.0
REGION1,CZNGDEPI0,1,2028,1407.951
REGION1,CZNGDEPI0,2,2028,1819.125252
REGION1,CZNGPLPI0,1,2028,36.83152512
REGION1,CZNGPLPI0,2,2028,0.0
REGION1,CZNGSKPI0,1,2028,1637.7696
REGION1,CZNGSKPI0,2,2028,601.2864
REGION1,DENGCHPI0,1,2028,455.52438
REGION1,DENGCHPI0,2,2028,315.36
REGION1,DENGFRPI0,1,2028,806.45436
REGION1,DENGNLPI0,1,2028,671.04666
REGION1,DENGNLPI0,2,2028,2903.95314
REGION1,DENGPLPI0,1,2028,63.9918
REGION1,DENGPLPI0,2,2028,0.1314
REGION1,DKNGDEPI0,1,2028,5.42682
REGION1,DKNGDEPI0,2,2028,162.55494
REGION1,DKNGPLPI0,1,2028,422.929296
REGION1,DKNGPLPI0,2,2028,119.574
REGION1,DKNGSEPI0,1,2028,115.3692
REGION1,DKNGSEPI0,2,2028,115.3692
REGION1,DZNGESPI0,1,2028,442.9802501
REGION1,DZNGITPI0,1,2028,1582.29252
REGION1,EENGFIPI0,1,2028,71.7444
REGION1,EENGFIPI0,2,2028,118.26
REGION1,EENGLVPI0,1,2028,137.97
REGION1,EENGLVPI0,2,2028,137.97
REGION1,FRNGCHPI0,1,2028,340.89102
REGION1,FRNGCHPI0,2,2028,250.23816
REGION1,FRNGESPI0,1,2028,216.24498
REGION1,FRNGESPI0,2,2028,294.8616
REGION1,GRNGITPI0,1,2028,0.0
REGION1,HRNGHUPI0,1,2028,67.9921416
REGION1,HRNGHUPI0,2,2028,101.95326
REGION1,HRNGSIPI0,1,2028,10.15722
REGION1,HRNGSIPI0,2,2028,70.5618
REGION1,HUNGROPI0,1,2028,101.78244
REGION1,HUNGROPI0,2,2028,96.40818
REGION1,HUNGSKPI0,1,2028,66.85632
REGION1,HUNGSKPI0,2,2028,169.46658
REGION1,IENGUKPI0,1,2028,0.0
REGION1,IENGUKPI0,2,2028,508.3866
REGION1,ITNGCHPI0,1,2028,580.1231055
REGION1,ITNGCHPI0,2,2028,847.75338
REGION1,ITNGMTPI0,1,2028,0.0
REGION1,ITNGMTPI0,2,2028,0.0
REGION1,ITNGSIPI0,1,2028,37.1862
REGION1,ITNGSIPI0,2,2028,33.7698
REGION1,LTNGPLPI0,1,2028,76.3029288
REGION1,LTNGPLPI0,2,2028,28.130112
REGION1,LVNGLTPI0,1,2028,85.5414
REGION1,LVNGLTPI0,2,2028,118.26
REGION1,LYNGITPI0,1,2028,0.0
REGION1,MANGESPI0,1,2028,0.0
REGION1,MDNGROPI0,1,2028,28.32984
REGION1,NLNGUKPI0,1,2028,649.6416
REGION1,NLNGUKPI0,2,2028,220.752
REGION1,NONGBEPI0,1,2028,641.232
REGION1,NONGDEPI0,1,2028,1638.4923
REGION1,NONGDKPI0,1,2028,403.1352
REGION1,NONGFRPI0,1,2028,748.98
REGION1,NONGUKPI0,1,2028,1969.8174
REGION1,NONGNLPI0,1,2028,1267.7472
REGION1,PLNGSKPI0,1,2028,189.216
REGION1,PLNGSKPI0,2,2028,228.55716
REGION1,PTNGESPI0,1,2028,105.12
REGION1,PTNGESPI0,2,2028,189.216
REGION1,RSNGBGPI0,1,2028,520.769736
REGION1,RSNGHUPI0,1,2028,322.92864
REGION1,RSNGROPI0,1,2028,0.0
REGION1,RUNGEEPI0,1,2028,96.579
REGION1,RUNGFIPI0,1,2028,289.08
REGION1,RUNGLVPI0,1,2028,0.0
REGION1,TRNGBGPI0,1,2028,757.405368
REGION1,TRNGGRPI0,1,2028,30.24828
REGION1,UANGHUPI0,1,2028,679.95558
REGION1,UANGPLPI0,1,2028,178.1784
REGION1,UANGROPI0,1,2028,1461.83814
REGION1,UANGSKPI0,1,2028,2992.7664
REGION1,BENGLUPI0,1,2028,231.12
REGION1,NGNGDZPI0,1,2028,0.0
REGION1,MZNGZAPI0,1,2028,212.0
REGION1,NGNGLYPI0,1,2028,0.0
REGION1,ETNGDJPI0,1,2028,0.0
REGION1,NGNGGQPI0,1,2028,0.0
REGION1,TZNGKEPI0,1,2028,0.0
REGION1,NGNGMAPI0,1,2028,0.0
REGION1,NGNGBJPI0,1,2028,175.85
REGION1,NGNGGHPI0,1,2028,175.85
REGION1,NGNGNEPI0,1,2028,1140.0
REGION1,NGNGTGPI0,1,2028,175.85
REGION1,NGNGTNPI0,1,2028,1273.0
REGION1,DZNGMAPI0,1,2028,456.0
REGION1,ALNGGRPI0,1,2029,53.03304
REGION1,ALNGITPI0,1,2029,722.20068
REGION1,ATNGDEPI0,1,2029,558.85734
REGION1,ATNGDEPI0,2,2029,606.58182
REGION1,ATNGHUPI0,1,2029,201.14712
REGION1,ATNGITPI0,1,2029,1577.27304
REGION1,ATNGITPI0,2,2029,254.7396415
REGION1,ATNGSIPI0,1,2029,147.825
REGION1,ATNGSIPI0,2,2029,0.0
REGION1,ATNGSKPI0,1,2029,323.901
REGION1,ATNGSKPI0,2,2029,2063.5056
REGION1,BENGDEPI0,1,2029,546.86052
REGION1,BENGDEPI0,2,2029,572.61492
REGION1,BENGFRPI0,1,2029,1103.76
REGION1,BENGFRPI0,2,2029,354.78
REGION1,BENGUKPI0,1,2029,1055.6676
REGION1,BENGUKPI0,2,2029,856.3338
REGION1,BENGNLPI0,1,2029,444.6576
REGION1,BENGNLPI0,2,2029,1822.7808
REGION1,BGNGGRPI0,1,2029,154.38186
REGION1,BGNGGRPI0,2,2029,87.09192
REGION1,BGNGROPI0,1,2029,240.57369
REGION1,BGNGROPI0,2,2029,339.902892
REGION1,BYNGLTPI0,1,2029,0.0
REGION1,CYNGEGPI0,1,2029,0.0
REGION1,CYNGGRPI0,1,2029,0.0
REGION1,CYNGGRPI0,2,2029,0.0
REGION1,CZNGDEPI0,1,2029,1407.951
REGION1,CZNGDEPI0,2,2029,1819.125252
REGION1,CZNGPLPI0,1,2029,36.83152512
REGION1,CZNGPLPI0,2,2029,0.0
REGION1,CZNGSKPI0,1,2029,1637.7696
REGION1,CZNGSKPI0,2,2029,601.2864
REGION1,DENGCHPI0,1,2029,455.52438
REGION1,DENGCHPI0,2,2029,315.36
REGION1,DENGFRPI0,1,2029,806.45436
REGION1,DENGNLPI0,1,2029,671.04666
REGION1,DENGNLPI0,2,2029,2903.95314
REGION1,DENGPLPI0,1,2029,63.9918
REGION1,DENGPLPI0,2,2029,0.1314
REGION1,DKNGDEPI0,1,2029,5.42682
REGION1,DKNGDEPI0,2,2029,162.55494
REGION1,DKNGPLPI0,1,2029,422.929296
REGION1,DKNGPLPI0,2,2029,119.574
REGION1,DKNGSEPI0,1,2029,115.3692
REGION1,DKNGSEPI0,2,2029,115.3692
REGION1,DZNGESPI0,1,2029,442.9802501
REGION1,DZNGITPI0,1,2029,1582.29252
REGION1,EENGFIPI0,1,2029,71.7444
REGION1,EENGFIPI0,2,2029,118.26
REGION1,EENGLVPI0,1,2029,137.97
REGION1,EENGLVPI0,2,2029,137.97
REGION1,FRNGCHPI0,1,2029,340.89102
REGION1,FRNGCHPI0,2,2029,250.23816
REGION1,FRNGESPI0,1,2029,216.24498
REGION1,FRNGESPI0,2,2029,294.8616
REGION1,GRNGITPI0,1,2029,0.0
REGION1,HRNGHUPI0,1,2029,67.9921416
REGION1,HRNGHUPI0,2,2029,101.95326
REGION1,HRNGSIPI0,1,2029,10.15722
REGION1,HRNGSIPI0,2,2029,70.5618
REGION1,HUNGROPI0,1,2029,101.78244
REGION1,HUNGROPI0,2,2029,96.40818
REGION1,HUNGSKPI0,1,2029,66.85632
REGION1,HUNGSKPI0,2,2029,169.46658
REGION1,IENGUKPI0,1,2029,0.0
REGION1,IENGUKPI0,2,2029,508.3866
REGION1,ITNGCHPI0,1,2029,580.1231055
REGION1,ITNGCHPI0,2,2029,847.75338
REGION1,ITNGMTPI0,1,2029,0.0
REGION1,ITNGMTPI0,2,2029,0.0
REGION1,ITNGSIPI0,1,2029,37.1862
REGION1,ITNGSIPI0,2,2029,33.7698
REGION1,LTNGPLPI0,1,2029,76.3029288
REGION1,LTNGPLPI0,2,2029,28.130112
REGION1,LVNGLTPI0,1,2029,85.5414
REGION1,LVNGLTPI0,2,2029,118.26
REGION1,LYNGITPI0,1,2029,0.0
REGION1,MANGESPI0,1,2029,0.0
REGION1,MDNGROPI0,1,2029,28.32984
REGION1,NLNGUKPI0,1,2029,649.6416
REGION1,NLNGUKPI0,2,2029,220.752
REGION1,NONGBEPI0,1,2029,641.232
REGION1,NONGDEPI0,1,2029,1638.4923
REGION1,NONGDKPI0,1,2029,403.1352
REGION1,NONGFRPI0,1,2029,748.98
REGION1,NONGUKPI0,1,2029,1969.8174
REGION1,NONGNLPI0,1,2029,1267.7472
REGION1,PLNGSKPI0,1,2029,189.216
REGION1,PLNGSKPI0,2,2029,228.55716
REGION1,PTNGESPI0,1,2029,105.12
REGION1,PTNGESPI0,2,2029,189.216
REGION1,RSNGBGPI0,1,2029,520.769736
REGION1,RSNGHUPI0,1,2029,322.92864
REGION1,RSNGROPI0,1,2029,0.0
REGION1,RUNGEEPI0,1,2029,96.579
REGION1,RUNGFIPI0,1,2029,289.08
REGION1,RUNGLVPI0,1,2029,0.0
REGION1,TRNGBGPI0,1,2029,757.405368
REGION1,TRNGGRPI0,1,2029,30.24828
REGION1,UANGHUPI0,1,2029,679.95558
REGION1,UANGPLPI0,1,2029,178.1784
REGION1,UANGROPI0,1,2029,1461.83814
REGION1,UANGSKPI0,1,2029,2992.7664
REGION1,BENGLUPI0,1,2029,231.12
REGION1,NGNGDZPI0,1,2029,0.0
REGION1,MZNGZAPI0,1,2029,212.0
REGION1,NGNGLYPI0,1,2029,0.0
REGION1,ETNGDJPI0,1,2029,0.0
REGION1,NGNGGQPI0,1,2029,0.0
REGION1,TZNGKEPI0,1,2029,0.0
REGION1,NGNGMAPI0,1,2029,0.0
REGION1,NGNGBJPI0,1,2029,175.85
REGION1,NGNGGHPI0,1,2029,175.85
REGION1,NGNGNEPI0,1,2029,1140.0
REGION1,NGNGTGPI0,1,2029,175.85
REGION1,NGNGTNPI0,1,2029,1273.0
REGION1,DZNGMAPI0,1,2029,456.0
REGION1,ALNGGRPI0,1,2030,53.03304
REGION1,ALNGITPI0,1,2030,1371.7503
REGION1,ATNGDEPI0,1,2030,1711.061892
REGION1,ATNGDEPI0,2,2030,1643.401404
REGION1,ATNGHUPI0,1,2030,402.29424
REGION1,ATNGITPI0,1,2030,3122.68158
REGION1,ATNGITPI0,2,2030,823.7673415
REGION1,ATNGSIPI0,1,2030,295.65
REGION1,ATNGSIPI0,2,2030,218.781
REGION1,ATNGSKPI0,1,2030,829.5282
REGION1,ATNGSKPI0,2,2030,4308.7374
REGION1,BENGDEPI0,1,2030,1389.176568
REGION1,BENGDEPI0,2,2030,1040.217861
REGION1,BENGFRPI0,1,2030,1800.18
REGION1,BENGFRPI0,2,2030,710.874
REGION1,BENGUKPI0,1,2030,2111.3352
REGION1,BENGUKPI0,2,2030,1712.6676
REGION1,BENGNLPI0,1,2030,1012.3056
REGION1,BENGNLPI0,2,2030,2755.699061
REGION1,BGNGGRPI0,1,2030,312.5349
REGION1,BGNGGRPI0,2,2030,632.74356
REGION1,BGNGROPI0,1,2030,643.753566
REGION1,BGNGROPI0,2,2030,644.06367
REGION1,BYNGLTPI0,1,2030,427.5756
REGION1,CYNGEGPI0,1,2030,0.0
REGION1,CYNGGRPI0,1,2030,433.62
REGION1,CYNGGRPI0,2,2030,39.42
REGION1,CZNGDEPI0,1,2030,3026.70702
REGION1,CZNGDEPI0,2,2030,2766.808332
REGION1,CZNGPLPI0,1,2030,114.3969451
REGION1,CZNGPLPI0,2,2030,54.9252
REGION1,CZNGSKPI0,1,2030,3601.64772
REGION1,CZNGSKPI0,2,2030,1218.26196
REGION1,DENGCHPI0,1,2030,978.0075194
REGION1,DENGCHPI0,2,2030,541.368
REGION1,DENGFRPI0,1,2030,1213.79436
REGION1,DENGNLPI0,1,2030,3028.119588
REGION1,DENGNLPI0,2,2030,4237.623143
REGION1,DENGPLPI0,1,2030,468.61182
REGION1,DENGPLPI0,2,2030,0.24966
REGION1,DKNGDEPI0,1,2030,58.14290218
REGION1,DKNGDEPI0,2,2030,325.059948
REGION1,DKNGPLPI0,1,2030,845.511696
REGION1,DKNGPLPI0,2,2030,239.4108
REGION1,DKNGSEPI0,1,2030,115.3692
REGION1,DKNGSEPI0,2,2030,115.3692
REGION1,DZNGESPI0,1,2030,885.9559301
REGION1,DZNGITPI0,1,2030,3099.2661
REGION1,EENGFIPI0,1,2030,164.3814
REGION1,EENGFIPI0,2,2030,220.752
REGION1,EENGLVPI0,1,2030,275.94
REGION1,EENGLVPI0,2,2030,275.94
REGION1,FRNGCHPI0,1,2030,681.2433
REGION1,FRNGCHPI0,2,2030,381.63816
REGION1,FRNGESPI0,1,2030,432.48996
REGION1,FRNGESPI0,2,2030,589.7232
REGION1,GRNGITPI0,1,2030,420.48
REGION1,HRNGHUPI0,1,2030,203.2027416
REGION1,HRNGHUPI0,2,2030,203.90652
REGION1,HRNGSIPI0,1,2030,112.0842
REGION1,HRNGSIPI0,2,2030,141.1236
REGION1,HUNGROPI0,1,2030,203.56488
REGION1,HUNGROPI0,2,2030,192.81636
REGION1,HUNGSKPI0,1,2030,133.71264
REGION1,HUNGSKPI0,2,2030,338.93316
REGION1,IENGUKPI0,1,2030,87.1182
REGION1,IENGUKPI0,2,2030,1044.4329
REGION1,ITNGCHPI0,1,2030,1089.758005
REGION1,ITNGCHPI0,2,2030,1689.3441
REGION1,ITNGMTPI0,1,2030,0.0
REGION1,ITNGMTPI0,2,2030,0.0
REGION1,ITNGSIPI0,1,2030,100.02168
REGION1,ITNGSIPI0,2,2030,93.04434
REGION1,LTNGPLPI0,1,2030,152.6058576
REGION1,LTNGPLPI0,2,2030,124.472592
REGION1,LVNGLTPI0,1,2030,193.2894
REGION1,LVNGLTPI0,2,2030,236.52
REGION1,LYNGITPI0,1,2030,648.77436
REGION1,MANGESPI0,1,2030,581.9049
REGION1,MDNGROPI0,1,2030,56.71224
REGION1,NLNGUKPI0,1,2030,1299.2832
REGION1,NLNGUKPI0,2,2030,441.504
REGION1,NONGBEPI0,1,2030,1282.464
REGION1,NONGDEPI0,1,2030,3255.926226
REGION1,NONGDKPI0,1,2030,825.7176
REGION1,NONGFRPI0,1,2030,1504.53
REGION1,NONGUKPI0,1,2030,3939.6348
REGION1,NONGNLPI0,1,2030,2533.9176
REGION1,PLNGSKPI0,1,2030,379.094256
REGION1,PLNGSKPI0,2,2030,457.11432
REGION1,PTNGESPI0,1,2030,210.24
REGION1,PTNGESPI0,2,2030,378.432
REGION1,RSNGBGPI0,1,2030,1034.690904
REGION1,RSNGHUPI0,1,2030,645.85728
REGION1,RSNGROPI0,1,2030,60.79878
REGION1,RUNGEEPI0,1,2030,131.7942
REGION1,RUNGFIPI0,1,2030,289.08
REGION1,RUNGLVPI0,1,2030,137.97
REGION1,TRNGBGPI0,1,2030,1524.920652
REGION1,TRNGGRPI0,1,2030,798.93828
REGION1,UANGHUPI0,1,2030,1359.91116
REGION1,UANGPLPI0,1,2030,356.3568
REGION1,UANGROPI0,1,2030,1727.10846
REGION1,UANGSKPI0,1,2030,5425.45344
REGION1,BENGLUPI0,1,2030,231.12
REGION1,NGNGDZPI0,1,2030,0.0
REGION1,MZNGZAPI0,1,2030,212.0
REGION1,NGNGLYPI0,1,2030,0.0
REGION1,ETNGDJPI0,1,2030,0.0
REGION1,NGNGGQPI0,1,2030,0.0
REGION1,TZNGKEPI0,1,2030,0.0
REGION1,NGNGMAPI0,1,2030,0.0
REGION1,NGNGBJPI0,1,2030,175.85
REGION1,NGNGGHPI0,1,2030,175.85
REGION1,NGNGNEPI0,1,2030,1140.0
REGION1,NGNGTGPI0,1,2030,175.85
REGION1,NGNGTNPI0,1,2030,1273.0
REGION1,DZNGMAPI0,1,2030,456.0
REGION1,ALNGGRPI0,1,2031,53.03304
REGION1,ALNGITPI0,1,2031,1371.7503
REGION1,ATNGDEPI0,1,2031,1711.061892
REGION1,ATNGDEPI0,2,2031,1643.401404
REGION1,ATNGHUPI0,1,2031,402.29424
REGION1,ATNGITPI0,1,2031,3122.68158
REGION1,ATNGITPI0,2,2031,823.7673415
REGION1,ATNGSIPI0,1,2031,295.65
REGION1,ATNGSIPI0,2,2031,218.781
REGION1,ATNGSKPI0,1,2031,829.5282
REGION1,ATNGSKPI0,2,2031,4308.7374
REGION1,BENGDEPI0,1,2031,1389.176568
REGION1,BENGDEPI0,2,2031,1040.217861
REGION1,BENGFRPI0,1,2031,1800.18
REGION1,BENGFRPI0,2,2031,710.874
REGION1,BENGUKPI0,1,2031,2111.3352
REGION1,BENGUKPI0,2,2031,1712.6676
REGION1,BENGNLPI0,1,2031,1012.3056
REGION1,BENGNLPI0,2,2031,2755.699061
REGION1,BGNGGRPI0,1,2031,312.5349
REGION1,BGNGGRPI0,2,2031,632.74356
REGION1,BGNGROPI0,1,2031,643.753566
REGION1,BGNGROPI0,2,2031,644.06367
REGION1,BYNGLTPI0,1,2031,427.5756
REGION1,CYNGEGPI0,1,2031,0.0
REGION1,CYNGGRPI0,1,2031,433.62
REGION1,CYNGGRPI0,2,2031,39.42
REGION1,CZNGDEPI0,1,2031,3026.70702
REGION1,CZNGDEPI0,2,2031,2766.808332
REGION1,CZNGPLPI0,1,2031,114.3969451
REGION1,CZNGPLPI0,2,2031,54.9252
REGION1,CZNGSKPI0,1,2031,3601.64772
REGION1,CZNGSKPI0,2,2031,1218.26196
REGION1,DENGCHPI0,1,2031,978.0075194
REGION1,DENGCHPI0,2,2031,541.368
REGION1,DENGFRPI0,1,2031,1213.79436
REGION1,DENGNLPI0,1,2031,3028.119588
REGION1,DENGNLPI0,2,2031,4237.623143
REGION1,DENGPLPI0,1,2031,468.61182
REGION1,DENGPLPI0,2,2031,0.24966
REGION1,DKNGDEPI0,1,2031,58.14290218
REGION1,DKNGDEPI0,2,2031,325.059948
REGION1,DKNGPLPI0,1,2031,845.511696
REGION1,DKNGPLPI0,2,2031,239.4108
REGION1,DKNGSEPI0,1,2031,115.3692
REGION1,DKNGSEPI0,2,2031,115.3692
REGION1,DZNGESPI0,1,2031,885.9559301
REGION1,DZNGITPI0,1,2031,3099.2661
REGION1,EENGFIPI0,1,2031,164.3814
REGION1,EENGFIPI0,2,2031,220.752
REGION1,EENGLVPI0,1,2031,275.94
REGION1,EENGLVPI0,2,2031,275.94
REGION1,FRNGCHPI0,1,2031,681.2433
REGION1,FRNGCHPI0,2,2031,381.63816
REGION1,FRNGESPI0,1,2031,432.48996
REGION1,FRNGESPI0,2,2031,589.7232
REGION1,GRNGITPI0,1,2031,420.48
REGION1,HRNGHUPI0,1,2031,203.2027416
REGION1,HRNGHUPI0,2,2031,203.90652
REGION1,HRNGSIPI0,1,2031,112.0842
REGION1,HRNGSIPI0,2,2031,141.1236
REGION1,HUNGROPI0,1,2031,203.56488
REGION1,HUNGROPI0,2,2031,192.81636
REGION1,HUNGSKPI0,1,2031,133.71264
REGION1,HUNGSKPI0,2,2031,338.93316
REGION1,IENGUKPI0,1,2031,87.1182
REGION1,IENGUKPI0,2,2031,1044.4329
REGION1,ITNGCHPI0,1,2031,1089.758005
REGION1,ITNGCHPI0,2,2031,1689.3441
REGION1,ITNGMTPI0,1,2031,0.0
REGION1,ITNGMTPI0,2,2031,0.0
REGION1,ITNGSIPI0,1,2031,100.02168
REGION1,ITNGSIPI0,2,2031,93.04434
REGION1,LTNGPLPI0,1,2031,152.6058576
REGION1,LTNGPLPI0,2,2031,124.472592
REGION1,LVNGLTPI0,1,2031,193.2894
REGION1,LVNGLTPI0,2,2031,236.52
REGION1,LYNGITPI0,1,2031,648.77436
REGION1,MANGESPI0,1,2031,581.9049
REGION1,MDNGROPI0,1,2031,56.71224
REGION1,NLNGUKPI0,1,2031,1299.2832
REGION1,NLNGUKPI0,2,2031,441.504
REGION1,NONGBEPI0,1,2031,1282.464
REGION1,NONGDEPI0,1,2031,3255.926226
REGION1,NONGDKPI0,1,2031,825.7176
REGION1,NONGFRPI0,1,2031,1504.53
REGION1,NONGUKPI0,1,2031,3939.6348
REGION1,NONGNLPI0,1,2031,2533.9176
REGION1,PLNGSKPI0,1,2031,379.094256
REGION1,PLNGSKPI0,2,2031,457.11432
REGION1,PTNGESPI0,1,2031,210.24
REGION1,PTNGESPI0,2,2031,378.432
REGION1,RSNGBGPI0,1,2031,1034.690904
REGION1,RSNGHUPI0,1,2031,645.85728
REGION1,RSNGROPI0,1,2031,60.79878
REGION1,RUNGEEPI0,1,2031,131.7942
REGION1,RUNGFIPI0,1,2031,289.08
REGION1,RUNGLVPI0,1,2031,137.97
REGION1,TRNGBGPI0,1,2031,1524.920652
REGION1,TRNGGRPI0,1,2031,798.93828
REGION1,UANGHUPI0,1,2031,1359.91116
REGION1,UANGPLPI0,1,2031,356.3568
REGION1,UANGROPI0,1,2031,1727.10846
REGION1,UANGSKPI0,1,2031,5425.45344
REGION1,BENGLUPI0,1,2031,231.12
REGION1,NGNGDZPI0,1,2031,0.0
REGION1,MZNGZAPI0,1,2031,212.0
REGION1,NGNGLYPI0,1,2031,0.0
REGION1,ETNGDJPI0,1,2031,0.0
REGION1,NGNGGQPI0,1,2031,0.0
REGION1,TZNGKEPI0,1,2031,0.0
REGION1,NGNGMAPI0,1,2031,0.0
REGION1,NGNGBJPI0,1,2031,175.85
REGION1,NGNGGHPI0,1,2031,175.85
REGION1,NGNGNEPI0,1,2031,1140.0
REGION1,NGNGTGPI0,1,2031,175.85
REGION1,NGNGTNPI0,1,2031,1273.0
REGION1,DZNGMAPI0,1,2031,456.0
REGION1,ALNGGRPI0,1,2032,53.03304
REGION1,ALNGITPI0,1,2032,1371.7503
REGION1,ATNGDEPI0,1,2032,1711.061892
REGION1,ATNGDEPI0,2,2032,1643.401404
REGION1,ATNGHUPI0,1,2032,402.29424
REGION1,ATNGITPI0,1,2032,3122.68158
REGION1,ATNGITPI0,2,2032,823.7673415
REGION1,ATNGSIPI0,1,2032,295.65
REGION1,ATNGSIPI0,2,2032,218.781
REGION1,ATNGSKPI0,1,2032,829.5282
REGION1,ATNGSKPI0,2,2032,4308.7374
REGION1,BENGDEPI0,1,2032,1389.176568
REGION1,BENGDEPI0,2,2032,1040.217861
REGION1,BENGFRPI0,1,2032,1800.18
REGION1,BENGFRPI0,2,2032,710.874
REGION1,BENGUKPI0,1,2032,2111.3352
REGION1,BENGUKPI0,2,2032,1712.6676
REGION1,BENGNLPI0,1,2032,1012.3056
REGION1,BENGNLPI0,2,2032,2755.699061
REGION1,BGNGGRPI0,1,2032,312.5349
REGION1,BGNGGRPI0,2,2032,632.74356
REGION1,BGNGROPI0,1,2032,643.753566
REGION1,BGNGROPI0,2,2032,644.06367
REGION1,BYNGLTPI0,1,2032,427.5756
REGION1,CYNGEGPI0,1,2032,0.0
REGION1,CYNGGRPI0,1,2032,433.62
REGION1,CYNGGRPI0,2,2032,39.42
REGION1,CZNGDEPI0,1,2032,3026.70702
REGION1,CZNGDEPI0,2,2032,2766.808332
REGION1,CZNGPLPI0,1,2032,114.3969451
REGION1,CZNGPLPI0,2,2032,54.9252
REGION1,CZNGSKPI0,1,2032,3601.64772
REGION1,CZNGSKPI0,2,2032,1218.26196
REGION1,DENGCHPI0,1,2032,978.0075194
REGION1,DENGCHPI0,2,2032,541.368
REGION1,DENGFRPI0,1,2032,1213.79436
REGION1,DENGNLPI0,1,2032,3028.119588
REGION1,DENGNLPI0,2,2032,4237.623143
REGION1,DENGPLPI0,1,2032,468.61182
REGION1,DENGPLPI0,2,2032,0.24966
REGION1,DKNGDEPI0,1,2032,58.14290218
REGION1,DKNGDEPI0,2,2032,325.059948
REGION1,DKNGPLPI0,1,2032,845.511696
REGION1,DKNGPLPI0,2,2032,239.4108
REGION1,DKNGSEPI0,1,2032,115.3692
REGION1,DKNGSEPI0,2,2032,115.3692
REGION1,DZNGESPI0,1,2032,885.9559301
REGION1,DZNGITPI0,1,2032,3099.2661
REGION1,EENGFIPI0,1,2032,164.3814
REGION1,EENGFIPI0,2,2032,220.752
REGION1,EENGLVPI0,1,2032,275.94
REGION1,EENGLVPI0,2,2032,275.94
REGION1,FRNGCHPI0,1,2032,681.2433
REGION1,FRNGCHPI0,2,2032,381.63816
REGION1,FRNGESPI0,1,2032,432.48996
REGION1,FRNGESPI0,2,2032,589.7232
REGION1,GRNGITPI0,1,2032,420.48
REGION1,HRNGHUPI0,1,2032,203.2027416
REGION1,HRNGHUPI0,2,2032,203.90652
REGION1,HRNGSIPI0,1,2032,112.0842
REGION1,HRNGSIPI0,2,2032,141.1236
REGION1,HUNGROPI0,1,2032,203.56488
REGION1,HUNGROPI0,2,2032,192.81636
REGION1,HUNGSKPI0,1,2032,133.71264
REGION1,HUNGSKPI0,2,2032,338.93316
REGION1,IENGUKPI0,1,2032,87.1182
REGION1,IENGUKPI0,2,2032,1044.4329
REGION1,ITNGCHPI0,1,2032,1089.758005
REGION1,ITNGCHPI0,2,2032,1689.3441
REGION1,ITNGMTPI0,1,2032,0.0
REGION1,ITNGMTPI0,2,2032,0.0
REGION1,ITNGSIPI0,1,2032,100.02168
REGION1,ITNGSIPI0,2,2032,93.04434
REGION1,LTNGPLPI0,1,2032,152.6058576
REGION1,LTNGPLPI0,2,2032,124.472592
REGION1,LVNGLTPI0,1,2032,193.2894
REGION1,LVNGLTPI0,2,2032,236.52
REGION1,LYNGITPI0,1,2032,648.77436
REGION1,MANGESPI0,1,2032,581.9049
REGION1,MDNGROPI0,1,2032,56.71224
REGION1,NLNGUKPI0,1,2032,1299.2832
REGION1,NLNGUKPI0,2,2032,441.504
REGION1,NONGBEPI0,1,2032,1282.464
REGION1,NONGDEPI0,1,2032,3255.926226
REGION1,NONGDKPI0,1,2032,825.7176
REGION1,NONGFRPI0,1,2032,1504.53
REGION1,NONGUKPI0,1,2032,3939.6348
REGION1,NONGNLPI0,1,2032,2533.9176
REGION1,PLNGSKPI0,1,2032,379.094256
REGION1,PLNGSKPI0,2,2032,457.11432
REGION1,PTNGESPI0,1,2032,210.24
REGION1,PTNGESPI0,2,2032,378.432
REGION1,RSNGBGPI0,1,2032,1034.690904
REGION1,RSNGHUPI0,1,2032,645.85728
REGION1,RSNGROPI0,1,2032,60.79878
REGION1,RUNGEEPI0,1,2032,131.7942
REGION1,RUNGFIPI0,1,2032,289.08
REGION1,RUNGLVPI0,1,2032,137.97
REGION1,TRNGBGPI0,1,2032,1524.920652
REGION1,TRNGGRPI0,1,2032,798.93828
REGION1,UANGHUPI0,1,2032,1359.91116
REGION1,UANGPLPI0,1,2032,356.3568
REGION1,UANGROPI0,1,2032,1727.10846
REGION1,UANGSKPI0,1,2032,5425.45344
REGION1,BENGLUPI0,1,2032,231.12
REGION1,NGNGDZPI0,1,2032,0.0
REGION1,MZNGZAPI0,1,2032,212.0
REGION1,NGNGLYPI0,1,2032,0.0
REGION1,ETNGDJPI0,1,2032,0.0
REGION1,NGNGGQPI0,1,2032,0.0
REGION1,TZNGKEPI0,1,2032,0.0
REGION1,NGNGMAPI0,1,2032,0.0
REGION1,NGNGBJPI0,1,2032,175.85
REGION1,NGNGGHPI0,1,2032,175.85
REGION1,NGNGNEPI0,1,2032,1140.0
REGION1,NGNGTGPI0,1,2032,175.85
REGION1,NGNGTNPI0,1,2032,1273.0
REGION1,DZNGMAPI0,1,2032,456.0
REGION1,ALNGGRPI0,1,2033,53.03304
REGION1,ALNGITPI0,1,2033,1371.7503
REGION1,ATNGDEPI0,1,2033,1711.061892
REGION1,ATNGDEPI0,2,2033,1643.401404
REGION1,ATNGHUPI0,1,2033,402.29424
REGION1,ATNGITPI0,1,2033,3122.68158
REGION1,ATNGITPI0,2,2033,823.7673415
REGION1,ATNGSIPI0,1,2033,295.65
REGION1,ATNGSIPI0,2,2033,218.781
REGION1,ATNGSKPI0,1,2033,829.5282
REGION1,ATNGSKPI0,2,2033,4308.7374
REGION1,BENGDEPI0,1,2033,1389.176568
REGION1,BENGDEPI0,2,2033,1040.217861
REGION1,BENGFRPI0,1,2033,1800.18
REGION1,BENGFRPI0,2,2033,710.874
REGION1,BENGUKPI0,1,2033,2111.3352
REGION1,BENGUKPI0,2,2033,1712.6676
REGION1,BENGNLPI0,1,2033,1012.3056
REGION1,BENGNLPI0,2,2033,2755.699061
REGION1,BGNGGRPI0,1,2033,312.5349
REGION1,BGNGGRPI0,2,2033,632.74356
REGION1,BGNGROPI0,1,2033,643.753566
REGION1,BGNGROPI0,2,2033,644.06367
REGION1,BYNGLTPI0,1,2033,427.5756
REGION1,CYNGEGPI0,1,2033,0.0
REGION1,CYNGGRPI0,1,2033,433.62
REGION1,CYNGGRPI0,2,2033,39.42
REGION1,CZNGDEPI0,1,2033,3026.70702
REGION1,CZNGDEPI0,2,2033,2766.808332
REGION1,CZNGPLPI0,1,2033,114.3969451
REGION1,CZNGPLPI0,2,2033,54.9252
REGION1,CZNGSKPI0,1,2033,3601.64772
REGION1,CZNGSKPI0,2,2033,1218.26196
REGION1,DENGCHPI0,1,2033,978.0075194
REGION1,DENGCHPI0,2,2033,541.368
REGION1,DENGFRPI0,1,2033,1213.79436
REGION1,DENGNLPI0,1,2033,3028.119588
REGION1,DENGNLPI0,2,2033,4237.623143
REGION1,DENGPLPI0,1,2033,468.61182
REGION1,DENGPLPI0,2,2033,0.24966
REGION1,DKNGDEPI0,1,2033,58.14290218
REGION1,DKNGDEPI0,2,2033,325.059948
REGION1,DKNGPLPI0,1,2033,845.511696
REGION1,DKNGPLPI0,2,2033,239.4108
REGION1,DKNGSEPI0,1,2033,115.3692
REGION1,DKNGSEPI0,2,2033,115.3692
REGION1,DZNGESPI0,1,2033,885.9559301
REGION1,DZNGITPI0,1,2033,3099.2661
REGION1,EENGFIPI0,1,2033,164.3814
REGION1,EENGFIPI0,2,2033,220.752
REGION1,EENGLVPI0,1,2033,275.94
REGION1,EENGLVPI0,2,2033,275.94
REGION1,FRNGCHPI0,1,2033,681.2433
REGION1,FRNGCHPI0,2,2033,381.63816
REGION1,FRNGESPI0,1,2033,432.48996
REGION1,FRNGESPI0,2,2033,589.7232
REGION1,GRNGITPI0,1,2033,420.48
REGION1,HRNGHUPI0,1,2033,203.2027416
REGION1,HRNGHUPI0,2,2033,203.90652
REGION1,HRNGSIPI0,1,2033,112.0842
REGION1,HRNGSIPI0,2,2033,141.1236
REGION1,HUNGROPI0,1,2033,203.56488
REGION1,HUNGROPI0,2,2033,192.81636
REGION1,HUNGSKPI0,1,2033,133.71264
REGION1,HUNGSKPI0,2,2033,338.93316
REGION1,IENGUKPI0,1,2033,87.1182
REGION1,IENGUKPI0,2,2033,1044.4329
REGION1,ITNGCHPI0,1,2033,1089.758005
REGION1,ITNGCHPI0,2,2033,1689.3441
REGION1,ITNGMTPI0,1,2033,0.0
REGION1,ITNGMTPI0,2,2033,0.0
REGION1,ITNGSIPI0,1,2033,100.02168
REGION1,ITNGSIPI0,2,2033,93.04434
REGION1,LTNGPLPI0,1,2033,152.6058576
REGION1,LTNGPLPI0,2,2033,124.472592
REGION1,LVNGLTPI0,1,2033,193.2894
REGION1,LVNGLTPI0,2,2033,236.52
REGION1,LYNGITPI0,1,2033,648.77436
REGION1,MANGESPI0,1,2033,581.9049
REGION1,MDNGROPI0,1,2033,56.71224
REGION1,NLNGUKPI0,1,2033,1299.2832
REGION1,NLNGUKPI0,2,2033,441.504
REGION1,NONGBEPI0,1,2033,1282.464
REGION1,NONGDEPI0,1,2033,3255.926226
REGION1,NONGDKPI0,1,2033,825.7176
REGION1,NONGFRPI0,1,2033,1504.53
REGION1,NONGUKPI0,1,2033,3939.6348
REGION1,NONGNLPI0,1,2033,2533.9176
REGION1,PLNGSKPI0,1,2033,379.094256
REGION1,PLNGSKPI0,2,2033,457.11432
REGION1,PTNGESPI0,1,2033,210.24
REGION1,PTNGESPI0,2,2033,378.432
REGION1,RSNGBGPI0,1,2033,1034.690904
REGION1,RSNGHUPI0,1,2033,645.85728
REGION1,RSNGROPI0,1,2033,60.79878
REGION1,RUNGEEPI0,1,2033,131.7942
REGION1,RUNGFIPI0,1,2033,289.08
REGION1,RUNGLVPI0,1,2033,137.97
REGION1,TRNGBGPI0,1,2033,1524.920652
REGION1,TRNGGRPI0,1,2033,798.93828
REGION1,UANGHUPI0,1,2033,1359.91116
REGION1,UANGPLPI0,1,2033,356.3568
REGION1,UANGROPI0,1,2033,1727.10846
REGION1,UANGSKPI0,1,2033,5425.45344
REGION1,BENGLUPI0,1,2033,231.12
REGION1,NGNGDZPI0,1,2033,0.0
REGION1,MZNGZAPI0,1,2033,212.0
REGION1,NGNGLYPI0,1,2033,0.0
REGION1,ETNGDJPI0,1,2033,0.0
REGION1,NGNGGQPI0,1,2033,0.0
REGION1,TZNGKEPI0,1,2033,0.0
REGION1,NGNGMAPI0,1,2033,0.0
REGION1,NGNGBJPI0,1,2033,175.85
REGION1,NGNGGHPI0,1,2033,175.85
REGION1,NGNGNEPI0,1,2033,1140.0
REGION1,NGNGTGPI0,1,2033,175.85
REGION1,NGNGTNPI0,1,2033,1273.0
REGION1,DZNGMAPI0,1,2033,456.0
REGION1,ALNGGRPI0,1,2034,53.03304
REGION1,ALNGITPI0,1,2034,1371.7503
REGION1,ATNGDEPI0,1,2034,1711.061892
REGION1,ATNGDEPI0,2,2034,1643.401404
REGION1,ATNGHUPI0,1,2034,402.29424
REGION1,ATNGITPI0,1,2034,3122.68158
REGION1,ATNGITPI0,2,2034,823.7673415
REGION1,ATNGSIPI0,1,2034,295.65
REGION1,ATNGSIPI0,2,2034,218.781
REGION1,ATNGSKPI0,1,2034,829.5282
REGION1,ATNGSKPI0,2,2034,4308.7374
REGION1,BENGDEPI0,1,2034,1389.176568
REGION1,BENGDEPI0,2,2034,1040.217861
REGION1,BENGFRPI0,1,2034,1800.18
REGION1,BENGFRPI0,2,2034,710.874
REGION1,BENGUKPI0,1,2034,2111.3352
REGION1,BENGUKPI0,2,2034,1712.6676
REGION1,BENGNLPI0,1,2034,1012.3056
REGION1,BENGNLPI0,2,2034,2755.699061
REGION1,BGNGGRPI0,1,2034,312.5349
REGION1,BGNGGRPI0,2,2034,632.74356
REGION1,BGNGROPI0,1,2034,643.753566
REGION1,BGNGROPI0,2,2034,644.06367
REGION1,BYNGLTPI0,1,2034,427.5756
REGION1,CYNGEGPI0,1,2034,0.0
REGION1,CYNGGRPI0,1,2034,433.62
REGION1,CYNGGRPI0,2,2034,39.42
REGION1,CZNGDEPI0,1,2034,3026.70702
REGION1,CZNGDEPI0,2,2034,2766.808332
REGION1,CZNGPLPI0,1,2034,114.3969451
REGION1,CZNGPLPI0,2,2034,54.9252
REGION1,CZNGSKPI0,1,2034,3601.64772
REGION1,CZNGSKPI0,2,2034,1218.26196
REGION1,DENGCHPI0,1,2034,978.0075194
REGION1,DENGCHPI0,2,2034,541.368
REGION1,DENGFRPI0,1,2034,1213.79436
REGION1,DENGNLPI0,1,2034,3028.119588
REGION1,DENGNLPI0,2,2034,4237.623143
REGION1,DENGPLPI0,1,2034,468.61182
REGION1,DENGPLPI0,2,2034,0.24966
REGION1,DKNGDEPI0,1,2034,58.14290218
REGION1,DKNGDEPI0,2,2034,325.059948
REGION1,DKNGPLPI0,1,2034,845.511696
REGION1,DKNGPLPI0,2,2034,239.4108
REGION1,DKNGSEPI0,1,2034,115.3692
REGION1,DKNGSEPI0,2,2034,115.3692
REGION1,DZNGESPI0,1,2034,885.9559301
REGION1,DZNGITPI0,1,2034,3099.2661
REGION1,EENGFIPI0,1,2034,164.3814
REGION1,EENGFIPI0,2,2034,220.752
REGION1,EENGLVPI0,1,2034,275.94
REGION1,EENGLVPI0,2,2034,275.94
REGION1,FRNGCHPI0,1,2034,681.2433
REGION1,FRNGCHPI0,2,2034,381.63816
REGION1,FRNGESPI0,1,2034,432.48996
REGION1,FRNGESPI0,2,2034,589.7232
REGION1,GRNGITPI0,1,2034,420.48
REGION1,HRNGHUPI0,1,2034,203.2027416
REGION1,HRNGHUPI0,2,2034,203.90652
REGION1,HRNGSIPI0,1,2034,112.0842
REGION1,HRNGSIPI0,2,2034,141.1236
REGION1,HUNGROPI0,1,2034,203.56488
REGION1,HUNGROPI0,2,2034,192.81636
REGION1,HUNGSKPI0,1,2034,133.71264
REGION1,HUNGSKPI0,2,2034,338.93316
REGION1,IENGUKPI0,1,2034,87.1182
REGION1,IENGUKPI0,2,2034,1044.4329
REGION1,ITNGCHPI0,1,2034,1089.758005
REGION1,ITNGCHPI0,2,2034,1689.3441
REGION1,ITNGMTPI0,1,2034,0.0
REGION1,ITNGMTPI0,2,2034,0.0
REGION1,ITNGSIPI0,1,2034,100.02168
REGION1,ITNGSIPI0,2,2034,93.04434
REGION1,LTNGPLPI0,1,2034,152.6058576
REGION1,LTNGPLPI0,2,2034,124.472592
REGION1,LVNGLTPI0,1,2034,193.2894
REGION1,LVNGLTPI0,2,2034,236.52
REGION1,LYNGITPI0,1,2034,648.77436
REGION1,MANGESPI0,1,2034,581.9049
REGION1,MDNGROPI0,1,2034,56.71224
REGION1,NLNGUKPI0,1,2034,1299.2832
REGION1,NLNGUKPI0,2,2034,441.504
REGION1,NONGBEPI0,1,2034,1282.464
REGION1,NONGDEPI0,1,2034,3255.926226
REGION1,NONGDKPI0,1,2034,825.7176
REGION1,NONGFRPI0,1,2034,1504.53
REGION1,NONGUKPI0,1,2034,3939.6348
REGION1,NONGNLPI0,1,2034,2533.9176
REGION1,PLNGSKPI0,1,2034,379.094256
REGION1,PLNGSKPI0,2,2034,457.11432
REGION1,PTNGESPI0,1,2034,210.24
REGION1,PTNGESPI0,2,2034,378.432
REGION1,RSNGBGPI0,1,2034,1034.690904
REGION1,RSNGHUPI0,1,2034,645.85728
REGION1,RSNGROPI0,1,2034,60.79878
REGION1,RUNGEEPI0,1,2034,131.7942
REGION1,RUNGFIPI0,1,2034,289.08
REGION1,RUNGLVPI0,1,2034,137.97
REGION1,TRNGBGPI0,1,2034,1524.920652
REGION1,TRNGGRPI0,1,2034,798.93828
REGION1,UANGHUPI0,1,2034,1359.91116
REGION1,UANGPLPI0,1,2034,356.3568
REGION1,UANGROPI0,1,2034,1727.10846
REGION1,UANGSKPI0,1,2034,5425.45344
REGION1,BENGLUPI0,1,2034,231.12
REGION1,NGNGDZPI0,1,2034,0.0
REGION1,MZNGZAPI0,1,2034,212.0
REGION1,NGNGLYPI0,1,2034,0.0
REGION1,ETNGDJPI0,1,2034,0.0
REGION1,NGNGGQPI0,1,2034,0.0
REGION1,TZNGKEPI0,1,2034,0.0
REGION1,NGNGMAPI0,1,2034,0.0
REGION1,NGNGBJPI0,1,2034,175.85
REGION1,NGNGGHPI0,1,2034,175.85
REGION1,NGNGNEPI0,1,2034,1140.0
REGION1,NGNGTGPI0,1,2034,175.85
REGION1,NGNGTNPI0,1,2034,1273.0
REGION1,DZNGMAPI0,1,2034,456.0
REGION1,ALNGGRPI0,1,2035,53.03304
REGION1,ALNGITPI0,1,2035,1371.7503
REGION1,ATNGDEPI0,1,2035,1711.061892
REGION1,ATNGDEPI0,2,2035,1643.401404
REGION1,ATNGHUPI0,1,2035,402.29424
REGION1,ATNGITPI0,1,2035,3122.68158
REGION1,ATNGITPI0,2,2035,823.7673415
REGION1,ATNGSIPI0,1,2035,295.65
REGION1,ATNGSIPI0,2,2035,218.781
REGION1,ATNGSKPI0,1,2035,829.5282
REGION1,ATNGSKPI0,2,2035,4308.7374
REGION1,BENGDEPI0,1,2035,1389.176568
REGION1,BENGDEPI0,2,2035,1040.217861
REGION1,BENGFRPI0,1,2035,1800.18
REGION1,BENGFRPI0,2,2035,710.874
REGION1,BENGUKPI0,1,2035,2111.3352
REGION1,BENGUKPI0,2,2035,1712.6676
REGION1,BENGNLPI0,1,2035,1012.3056
REGION1,BENGNLPI0,2,2035,2755.699061
REGION1,BGNGGRPI0,1,2035,312.5349
REGION1,BGNGGRPI0,2,2035,632.74356
REGION1,BGNGROPI0,1,2035,643.753566
REGION1,BGNGROPI0,2,2035,644.06367
REGION1,BYNGLTPI0,1,2035,427.5756
REGION1,CYNGEGPI0,1,2035,0.0
REGION1,CYNGGRPI0,1,2035,433.62
REGION1,CYNGGRPI0,2,2035,39.42
REGION1,CZNGDEPI0,1,2035,3026.70702
REGION1,CZNGDEPI0,2,2035,2766.808332
REGION1,CZNGPLPI0,1,2035,114.3969451
REGION1,CZNGPLPI0,2,2035,54.9252
REGION1,CZNGSKPI0,1,2035,3601.64772
REGION1,CZNGSKPI0,2,2035,1218.26196
REGION1,DENGCHPI0,1,2035,978.0075194
REGION1,DENGCHPI0,2,2035,541.368
REGION1,DENGFRPI0,1,2035,1213.79436
REGION1,DENGNLPI0,1,2035,3028.119588
REGION1,DENGNLPI0,2,2035,4237.623143
REGION1,DENGPLPI0,1,2035,468.61182
REGION1,DENGPLPI0,2,2035,0.24966
REGION1,DKNGDEPI0,1,2035,58.14290218
REGION1,DKNGDEPI0,2,2035,325.059948
REGION1,DKNGPLPI0,1,2035,845.511696
REGION1,DKNGPLPI0,2,2035,239.4108
REGION1,DKNGSEPI0,1,2035,115.3692
REGION1,DKNGSEPI0,2,2035,115.3692
REGION1,DZNGESPI0,1,2035,885.9559301
REGION1,DZNGITPI0,1,2035,3099.2661
REGION1,EENGFIPI0,1,2035,164.3814
REGION1,EENGFIPI0,2,2035,220.752
REGION1,EENGLVPI0,1,2035,275.94
REGION1,EENGLVPI0,2,2035,275.94
REGION1,FRNGCHPI0,1,2035,681.2433
REGION1,FRNGCHPI0,2,2035,381.63816
REGION1,FRNGESPI0,1,2035,432.48996
REGION1,FRNGESPI0,2,2035,589.7232
REGION1,GRNGITPI0,1,2035,420.48
REGION1,HRNGHUPI0,1,2035,203.2027416
REGION1,HRNGHUPI0,2,2035,203.90652
REGION1,HRNGSIPI0,1,2035,112.0842
REGION1,HRNGSIPI0,2,2035,141.1236
REGION1,HUNGROPI0,1,2035,203.56488
REGION1,HUNGROPI0,2,2035,192.81636
REGION1,HUNGSKPI0,1,2035,133.71264
REGION1,HUNGSKPI0,2,2035,338.93316
REGION1,IENGUKPI0,1,2035,87.1182
REGION1,IENGUKPI0,2,2035,1044.4329
REGION1,ITNGCHPI0,1,2035,1089.758005
REGION1,ITNGCHPI0,2,2035,1689.3441
REGION1,ITNGMTPI0,1,2035,0.0
REGION1,ITNGMTPI0,2,2035,0.0
REGION1,ITNGSIPI0,1,2035,100.02168
REGION1,ITNGSIPI0,2,2035,93.04434
REGION1,LTNGPLPI0,1,2035,152.6058576
REGION1,LTNGPLPI0,2,2035,124.472592
REGION1,LVNGLTPI0,1,2035,193.2894
REGION1,LVNGLTPI0,2,2035,236.52
REGION1,LYNGITPI0,1,2035,648.77436
REGION1,MANGESPI0,1,2035,581.9049
REGION1,MDNGROPI0,1,2035,56.71224
REGION1,NLNGUKPI0,1,2035,1299.2832
REGION1,NLNGUKPI0,2,2035,441.504
REGION1,NONGBEPI0,1,2035,1282.464
REGION1,NONGDEPI0,1,2035,3255.926226
REGION1,NONGDKPI0,1,2035,825.7176
REGION1,NONGFRPI0,1,2035,1504.53
REGION1,NONGUKPI0,1,2035,3939.6348
REGION1,NONGNLPI0,1,2035,2533.9176
REGION1,PLNGSKPI0,1,2035,379.094256
REGION1,PLNGSKPI0,2,2035,457.11432
REGION1,PTNGESPI0,1,2035,210.24
REGION1,PTNGESPI0,2,2035,378.432
REGION1,RSNGBGPI0,1,2035,1034.690904
REGION1,RSNGHUPI0,1,2035,645.85728
REGION1,RSNGROPI0,1,2035,60.79878
REGION1,RUNGEEPI0,1,2035,131.7942
REGION1,RUNGFIPI0,1,2035,289.08
REGION1,RUNGLVPI0,1,2035,137.97
REGION1,TRNGBGPI0,1,2035,1524.920652
REGION1,TRNGGRPI0,1,2035,798.93828
REGION1,UANGHUPI0,1,2035,1359.91116
REGION1,UANGPLPI0,1,2035,356.3568
REGION1,UANGROPI0,1,2035,1727.10846
REGION1,UANGSKPI0,1,2035,5425.45344
REGION1,BENGLUPI0,1,2035,231.12
REGION1,NGNGDZPI0,1,2035,0.0
REGION1,MZNGZAPI0,1,2035,4402.98399999999
REGION1,NGNGLYPI0,1,2035,1140.0
REGION1,ETNGDJPI0,1,2035,456.0
REGION1,NGNGGQPI0,1,2035,304.0
REGION1,TZNGKEPI0,1,2035,304.0
REGION1,NGNGMAPI0,1,2035,0.0
REGION1,NGNGBJPI0,1,2035,175.85
REGION1,NGNGGHPI0,1,2035,175.85
REGION1,NGNGNEPI0,1,2035,1140.0
REGION1,NGNGTGPI0,1,2035,175.85
REGION1,NGNGTNPI0,1,2035,1273.0
REGION1,DZNGMAPI0,1,2035,456.0
REGION1,ALNGGRPI0,1,2036,53.03304
REGION1,ALNGITPI0,1,2036,1371.7503
REGION1,ATNGDEPI0,1,2036,1711.061892
REGION1,ATNGDEPI0,2,2036,1643.401404
REGION1,ATNGHUPI0,1,2036,402.29424
REGION1,ATNGITPI0,1,2036,3122.68158
REGION1,ATNGITPI0,2,2036,823.7673415
REGION1,ATNGSIPI0,1,2036,295.65
REGION1,ATNGSIPI0,2,2036,218.781
REGION1,ATNGSKPI0,1,2036,829.5282
REGION1,ATNGSKPI0,2,2036,4308.7374
REGION1,BENGDEPI0,1,2036,1389.176568
REGION1,BENGDEPI0,2,2036,1040.217861
REGION1,BENGFRPI0,1,2036,1800.18
REGION1,BENGFRPI0,2,2036,710.874
REGION1,BENGUKPI0,1,2036,2111.3352
REGION1,BENGUKPI0,2,2036,1712.6676
REGION1,BENGNLPI0,1,2036,1012.3056
REGION1,BENGNLPI0,2,2036,2755.699061
REGION1,BGNGGRPI0,1,2036,312.5349
REGION1,BGNGGRPI0,2,2036,632.74356
REGION1,BGNGROPI0,1,2036,643.753566
REGION1,BGNGROPI0,2,2036,644.06367
REGION1,BYNGLTPI0,1,2036,427.5756
REGION1,CYNGEGPI0,1,2036,0.0
REGION1,CYNGGRPI0,1,2036,433.62
REGION1,CYNGGRPI0,2,2036,39.42
REGION1,CZNGDEPI0,1,2036,3026.70702
REGION1,CZNGDEPI0,2,2036,2766.808332
REGION1,CZNGPLPI0,1,2036,114.3969451
REGION1,CZNGPLPI0,2,2036,54.9252
REGION1,CZNGSKPI0,1,2036,3601.64772
REGION1,CZNGSKPI0,2,2036,1218.26196
REGION1,DENGCHPI0,1,2036,978.0075194
REGION1,DENGCHPI0,2,2036,541.368
REGION1,DENGFRPI0,1,2036,1213.79436
REGION1,DENGNLPI0,1,2036,3028.119588
REGION1,DENGNLPI0,2,2036,4237.623143
REGION1,DENGPLPI0,1,2036,468.61182
REGION1,DENGPLPI0,2,2036,0.24966
REGION1,DKNGDEPI0,1,2036,58.14290218
REGION1,DKNGDEPI0,2,2036,325.059948
REGION1,DKNGPLPI0,1,2036,845.511696
REGION1,DKNGPLPI0,2,2036,239.4108
REGION1,DKNGSEPI0,1,2036,115.3692
REGION1,DKNGSEPI0,2,2036,115.3692
REGION1,DZNGESPI0,1,2036,885.9559301
REGION1,DZNGITPI0,1,2036,3099.2661
REGION1,EENGFIPI0,1,2036,164.3814
REGION1,EENGFIPI0,2,2036,220.752
REGION1,EENGLVPI0,1,2036,275.94
REGION1,EENGLVPI0,2,2036,275.94
REGION1,FRNGCHPI0,1,2036,681.2433
REGION1,FRNGCHPI0,2,2036,381.63816
REGION1,FRNGESPI0,1,2036,432.48996
REGION1,FRNGESPI0,2,2036,589.7232
REGION1,GRNGITPI0,1,2036,420.48
REGION1,HRNGHUPI0,1,2036,203.2027416
REGION1,HRNGHUPI0,2,2036,203.90652
REGION1,HRNGSIPI0,1,2036,112.0842
REGION1,HRNGSIPI0,2,2036,141.1236
REGION1,HUNGROPI0,1,2036,203.56488
REGION1,HUNGROPI0,2,2036,192.81636
REGION1,HUNGSKPI0,1,2036,133.71264
REGION1,HUNGSKPI0,2,2036,338.93316
REGION1,IENGUKPI0,1,2036,87.1182
REGION1,IENGUKPI0,2,2036,1044.4329
REGION1,ITNGCHPI0,1,2036,1089.758005
REGION1,ITNGCHPI0,2,2036,1689.3441
REGION1,ITNGMTPI0,1,2036,0.0
REGION1,ITNGMTPI0,2,2036,0.0
REGION1,ITNGSIPI0,1,2036,100.02168
REGION1,ITNGSIPI0,2,2036,93.04434
REGION1,LTNGPLPI0,1,2036,152.6058576
REGION1,LTNGPLPI0,2,2036,124.472592
REGION1,LVNGLTPI0,1,2036,193.2894
REGION1,LVNGLTPI0,2,2036,236.52
REGION1,LYNGITPI0,1,2036,648.77436
REGION1,MANGESPI0,1,2036,581.9049
REGION1,MDNGROPI0,1,2036,56.71224
REGION1,NLNGUKPI0,1,2036,1299.2832
REGION1,NLNGUKPI0,2,2036,441.504
REGION1,NONGBEPI0,1,2036,1282.464
REGION1,NONGDEPI0,1,2036,3255.926226
REGION1,NONGDKPI0,1,2036,825.7176
REGION1,NONGFRPI0,1,2036,1504.53
REGION1,NONGUKPI0,1,2036,3939.6348
REGION1,NONGNLPI0,1,2036,2533.9176
REGION1,PLNGSKPI0,1,2036,379.094256
REGION1,PLNGSKPI0,2,2036,457.11432
REGION1,PTNGESPI0,1,2036,210.24
REGION1,PTNGESPI0,2,2036,378.432
REGION1,RSNGBGPI0,1,2036,1034.690904
REGION1,RSNGHUPI0,1,2036,645.85728
REGION1,RSNGROPI0,1,2036,60.79878
REGION1,RUNGEEPI0,1,2036,131.7942
REGION1,RUNGFIPI0,1,2036,289.08
REGION1,RUNGLVPI0,1,2036,137.97
REGION1,TRNGBGPI0,1,2036,1524.920652
REGION1,TRNGGRPI0,1,2036,798.93828
REGION1,UANGHUPI0,1,2036,1359.91116
REGION1,UANGPLPI0,1,2036,356.3568
REGION1,UANGROPI0,1,2036,1727.10846
REGION1,UANGSKPI0,1,2036,5425.45344
REGION1,BENGLUPI0,1,2036,231.12
REGION1,NGNGDZPI0,1,2036,0.0
REGION1,MZNGZAPI0,1,2036,4402.98399999999
REGION1,NGNGLYPI0,1,2036,1140.0
REGION1,ETNGDJPI0,1,2036,456.0
REGION1,NGNGGQPI0,1,2036,304.0
REGION1,TZNGKEPI0,1,2036,304.0
REGION1,NGNGMAPI0,1,2036,0.0
REGION1,NGNGBJPI0,1,2036,175.85
REGION1,NGNGGHPI0,1,2036,175.85
REGION1,NGNGNEPI0,1,2036,1140.0
REGION1,NGNGTGPI0,1,2036,175.85
REGION1,NGNGTNPI0,1,2036,1273.0
REGION1,DZNGMAPI0,1,2036,456.0
REGION1,ALNGGRPI0,1,2037,53.03304
REGION1,ALNGITPI0,1,2037,1371.7503
REGION1,ATNGDEPI0,1,2037,1711.061892
REGION1,ATNGDEPI0,2,2037,1643.401404
REGION1,ATNGHUPI0,1,2037,402.29424
REGION1,ATNGITPI0,1,2037,3122.68158
REGION1,ATNGITPI0,2,2037,823.7673415
REGION1,ATNGSIPI0,1,2037,295.65
REGION1,ATNGSIPI0,2,2037,218.781
REGION1,ATNGSKPI0,1,2037,829.5282
REGION1,ATNGSKPI0,2,2037,4308.7374
REGION1,BENGDEPI0,1,2037,1389.176568
REGION1,BENGDEPI0,2,2037,1040.217861
REGION1,BENGFRPI0,1,2037,1800.18
REGION1,BENGFRPI0,2,2037,710.874
REGION1,BENGUKPI0,1,2037,2111.3352
REGION1,BENGUKPI0,2,2037,1712.6676
REGION1,BENGNLPI0,1,2037,1012.3056
REGION1,BENGNLPI0,2,2037,2755.699061
REGION1,BGNGGRPI0,1,2037,312.5349
REGION1,BGNGGRPI0,2,2037,632.74356
REGION1,BGNGROPI0,1,2037,643.753566
REGION1,BGNGROPI0,2,2037,644.06367
REGION1,BYNGLTPI0,1,2037,427.5756
REGION1,CYNGEGPI0,1,2037,0.0
REGION1,CYNGGRPI0,1,2037,433.62
REGION1,CYNGGRPI0,2,2037,39.42
REGION1,CZNGDEPI0,1,2037,3026.70702
REGION1,CZNGDEPI0,2,2037,2766.808332
REGION1,CZNGPLPI0,1,2037,114.3969451
REGION1,CZNGPLPI0,2,2037,54.9252
REGION1,CZNGSKPI0,1,2037,3601.64772
REGION1,CZNGSKPI0,2,2037,1218.26196
REGION1,DENGCHPI0,1,2037,978.0075194
REGION1,DENGCHPI0,2,2037,541.368
REGION1,DENGFRPI0,1,2037,1213.79436
REGION1,DENGNLPI0,1,2037,3028.119588
REGION1,DENGNLPI0,2,2037,4237.623143
REGION1,DENGPLPI0,1,2037,468.61182
REGION1,DENGPLPI0,2,2037,0.24966
REGION1,DKNGDEPI0,1,2037,58.14290218
REGION1,DKNGDEPI0,2,2037,325.059948
REGION1,DKNGPLPI0,1,2037,845.511696
REGION1,DKNGPLPI0,2,2037,239.4108
REGION1,DKNGSEPI0,1,2037,115.3692
REGION1,DKNGSEPI0,2,2037,115.3692
REGION1,DZNGESPI0,1,2037,885.9559301
REGION1,DZNGITPI0,1,2037,3099.2661
REGION1,EENGFIPI0,1,2037,164.3814
REGION1,EENGFIPI0,2,2037,220.752
REGION1,EENGLVPI0,1,2037,275.94
REGION1,EENGLVPI0,2,2037,275.94
REGION1,FRNGCHPI0,1,2037,681.2433
REGION1,FRNGCHPI0,2,2037,381.63816
REGION1,FRNGESPI0,1,2037,432.48996
REGION1,FRNGESPI0,2,2037,589.7232
REGION1,GRNGITPI0,1,2037,420.48
REGION1,HRNGHUPI0,1,2037,203.2027416
REGION1,HRNGHUPI0,2,2037,203.90652
REGION1,HRNGSIPI0,1,2037,112.0842
REGION1,HRNGSIPI0,2,2037,141.1236
REGION1,HUNGROPI0,1,2037,203.56488
REGION1,HUNGROPI0,2,2037,192.81636
REGION1,HUNGSKPI0,1,2037,133.71264
REGION1,HUNGSKPI0,2,2037,338.93316
REGION1,IENGUKPI0,1,2037,87.1182
REGION1,IENGUKPI0,2,2037,1044.4329
REGION1,ITNGCHPI0,1,2037,1089.758005
REGION1,ITNGCHPI0,2,2037,1689.3441
REGION1,ITNGMTPI0,1,2037,0.0
REGION1,ITNGMTPI0,2,2037,0.0
REGION1,ITNGSIPI0,1,2037,100.02168
REGION1,ITNGSIPI0,2,2037,93.04434
REGION1,LTNGPLPI0,1,2037,152.6058576
REGION1,LTNGPLPI0,2,2037,124.472592
REGION1,LVNGLTPI0,1,2037,193.2894
REGION1,LVNGLTPI0,2,2037,236.52
REGION1,LYNGITPI0,1,2037,648.77436
REGION1,MANGESPI0,1,2037,581.9049
REGION1,MDNGROPI0,1,2037,56.71224
REGION1,NLNGUKPI0,1,2037,1299.2832
REGION1,NLNGUKPI0,2,2037,441.504
REGION1,NONGBEPI0,1,2037,1282.464
REGION1,NONGDEPI0,1,2037,3255.926226
REGION1,NONGDKPI0,1,2037,825.7176
REGION1,NONGFRPI0,1,2037,1504.53
REGION1,NONGUKPI0,1,2037,3939.6348
REGION1,NONGNLPI0,1,2037,2533.9176
REGION1,PLNGSKPI0,1,2037,379.094256
REGION1,PLNGSKPI0,2,2037,457.11432
REGION1,PTNGESPI0,1,2037,210.24
REGION1,PTNGESPI0,2,2037,378.432
REGION1,RSNGBGPI0,1,2037,1034.690904
REGION1,RSNGHUPI0,1,2037,645.85728
REGION1,RSNGROPI0,1,2037,60.79878
REGION1,RUNGEEPI0,1,2037,131.7942
REGION1,RUNGFIPI0,1,2037,289.08
REGION1,RUNGLVPI0,1,2037,137.97
REGION1,TRNGBGPI0,1,2037,1524.920652
REGION1,TRNGGRPI0,1,2037,798.93828
REGION1,UANGHUPI0,1,2037,1359.91116
REGION1,UANGPLPI0,1,2037,356.3568
REGION1,UANGROPI0,1,2037,1727.10846
REGION1,UANGSKPI0,1,2037,5425.45344
REGION1,BENGLUPI0,1,2037,231.12
REGION1,NGNGDZPI0,1,2037,0.0
REGION1,MZNGZAPI0,1,2037,4402.98399999999
REGION1,NGNGLYPI0,1,2037,1140.0
REGION1,ETNGDJPI0,1,2037,456.0
REGION1,NGNGGQPI0,1,2037,304.0
REGION1,TZNGKEPI0,1,2037,304.0
REGION1,NGNGMAPI0,1,2037,0.0
REGION1,NGNGBJPI0,1,2037,175.85
REGION1,NGNGGHPI0,1,2037,175.85
REGION1,NGNGNEPI0,1,2037,1140.0
REGION1,NGNGTGPI0,1,2037,175.85
REGION1,NGNGTNPI0,1,2037,1273.0
REGION1,DZNGMAPI0,1,2037,456.0
REGION1,ALNGGRPI0,1,2038,53.03304
REGION1,ALNGITPI0,1,2038,1371.7503
REGION1,ATNGDEPI0,1,2038,1711.061892
REGION1,ATNGDEPI0,2,2038,1643.401404
REGION1,ATNGHUPI0,1,2038,402.29424
REGION1,ATNGITPI0,1,2038,3122.68158
REGION1,ATNGITPI0,2,2038,823.7673415
REGION1,ATNGSIPI0,1,2038,295.65
REGION1,ATNGSIPI0,2,2038,218.781
REGION1,ATNGSKPI0,1,2038,829.5282
REGION1,ATNGSKPI0,2,2038,4308.7374
REGION1,BENGDEPI0,1,2038,1389.176568
REGION1,BENGDEPI0,2,2038,1040.217861
REGION1,BENGFRPI0,1,2038,1800.18
REGION1,BENGFRPI0,2,2038,710.874
REGION1,BENGUKPI0,1,2038,2111.3352
REGION1,BENGUKPI0,2,2038,1712.6676
REGION1,BENGNLPI0,1,2038,1012.3056
REGION1,BENGNLPI0,2,2038,2755.699061
REGION1,BGNGGRPI0,1,2038,312.5349
REGION1,BGNGGRPI0,2,2038,632.74356
REGION1,BGNGROPI0,1,2038,643.753566
REGION1,BGNGROPI0,2,2038,644.06367
REGION1,BYNGLTPI0,1,2038,427.5756
REGION1,CYNGEGPI0,1,2038,0.0
REGION1,CYNGGRPI0,1,2038,433.62
REGION1,CYNGGRPI0,2,2038,39.42
REGION1,CZNGDEPI0,1,2038,3026.70702
REGION1,CZNGDEPI0,2,2038,2766.808332
REGION1,CZNGPLPI0,1,2038,114.3969451
REGION1,CZNGPLPI0,2,2038,54.9252
REGION1,CZNGSKPI0,1,2038,3601.64772
REGION1,CZNGSKPI0,2,2038,1218.26196
REGION1,DENGCHPI0,1,2038,978.0075194
REGION1,DENGCHPI0,2,2038,541.368
REGION1,DENGFRPI0,1,2038,1213.79436
REGION1,DENGNLPI0,1,2038,3028.119588
REGION1,DENGNLPI0,2,2038,4237.623143
REGION1,DENGPLPI0,1,2038,468.61182
REGION1,DENGPLPI0,2,2038,0.24966
REGION1,DKNGDEPI0,1,2038,58.14290218
REGION1,DKNGDEPI0,2,2038,325.059948
REGION1,DKNGPLPI0,1,2038,845.511696
REGION1,DKNGPLPI0,2,2038,239.4108
REGION1,DKNGSEPI0,1,2038,115.3692
REGION1,DKNGSEPI0,2,2038,115.3692
REGION1,DZNGESPI0,1,2038,885.9559301
REGION1,DZNGITPI0,1,2038,3099.2661
REGION1,EENGFIPI0,1,2038,164.3814
REGION1,EENGFIPI0,2,2038,220.752
REGION1,EENGLVPI0,1,2038,275.94
REGION1,EENGLVPI0,2,2038,275.94
REGION1,FRNGCHPI0,1,2038,681.2433
REGION1,FRNGCHPI0,2,2038,381.63816
REGION1,FRNGESPI0,1,2038,432.48996
REGION1,FRNGESPI0,2,2038,589.7232
REGION1,GRNGITPI0,1,2038,420.48
REGION1,HRNGHUPI0,1,2038,203.2027416
REGION1,HRNGHUPI0,2,2038,203.90652
REGION1,HRNGSIPI0,1,2038,112.0842
REGION1,HRNGSIPI0,2,2038,141.1236
REGION1,HUNGROPI0,1,2038,203.56488
REGION1,HUNGROPI0,2,2038,192.81636
REGION1,HUNGSKPI0,1,2038,133.71264
REGION1,HUNGSKPI0,2,2038,338.93316
REGION1,IENGUKPI0,1,2038,87.1182
REGION1,IENGUKPI0,2,2038,1044.4329
REGION1,ITNGCHPI0,1,2038,1089.758005
REGION1,ITNGCHPI0,2,2038,1689.3441
REGION1,ITNGMTPI0,1,2038,0.0
REGION1,ITNGMTPI0,2,2038,0.0
REGION1,ITNGSIPI0,1,2038,100.02168
REGION1,ITNGSIPI0,2,2038,93.04434
REGION1,LTNGPLPI0,1,2038,152.6058576
REGION1,LTNGPLPI0,2,2038,124.472592
REGION1,LVNGLTPI0,1,2038,193.2894
REGION1,LVNGLTPI0,2,2038,236.52
REGION1,LYNGITPI0,1,2038,648.77436
REGION1,MANGESPI0,1,2038,581.9049
REGION1,MDNGROPI0,1,2038,56.71224
REGION1,NLNGUKPI0,1,2038,1299.2832
REGION1,NLNGUKPI0,2,2038,441.504
REGION1,NONGBEPI0,1,2038,1282.464
REGION1,NONGDEPI0,1,2038,3255.926226
REGION1,NONGDKPI0,1,2038,825.7176
REGION1,NONGFRPI0,1,2038,1504.53
REGION1,NONGUKPI0,1,2038,3939.6348
REGION1,NONGNLPI0,1,2038,2533.9176
REGION1,PLNGSKPI0,1,2038,379.094256
REGION1,PLNGSKPI0,2,2038,457.11432
REGION1,PTNGESPI0,1,2038,210.24
REGION1,PTNGESPI0,2,2038,378.432
REGION1,RSNGBGPI0,1,2038,1034.690904
REGION1,RSNGHUPI0,1,2038,645.85728
REGION1,RSNGROPI0,1,2038,60.79878
REGION1,RUNGEEPI0,1,2038,131.7942
REGION1,RUNGFIPI0,1,2038,289.08
REGION1,RUNGLVPI0,1,2038,137.97
REGION1,TRNGBGPI0,1,2038,1524.920652
REGION1,TRNGGRPI0,1,2038,798.93828
REGION1,UANGHUPI0,1,2038,1359.91116
REGION1,UANGPLPI0,1,2038,356.3568
REGION1,UANGROPI0,1,2038,1727.10846
REGION1,UANGSKPI0,1,2038,5425.45344
REGION1,BENGLUPI0,1,2038,231.12
REGION1,NGNGDZPI0,1,2038,0.0
REGION1,MZNGZAPI0,1,2038,4402.98399999999
REGION1,NGNGLYPI0,1,2038,1140.0
REGION1,ETNGDJPI0,1,2038,456.0
REGION1,NGNGGQPI0,1,2038,304.0
REGION1,TZNGKEPI0,1,2038,304.0
REGION1,NGNGMAPI0,1,2038,0.0
REGION1,NGNGBJPI0,1,2038,175.85
REGION1,NGNGGHPI0,1,2038,175.85
REGION1,NGNGNEPI0,1,2038,1140.0
REGION1,NGNGTGPI0,1,2038,175.85
REGION1,NGNGTNPI0,1,2038,1273.0
REGION1,DZNGMAPI0,1,2038,456.0
REGION1,ALNGGRPI0,1,2039,53.03304
REGION1,ALNGITPI0,1,2039,1371.7503
REGION1,ATNGDEPI0,1,2039,1711.061892
REGION1,ATNGDEPI0,2,2039,1643.401404
REGION1,ATNGHUPI0,1,2039,402.29424
REGION1,ATNGITPI0,1,2039,3122.68158
REGION1,ATNGITPI0,2,2039,823.7673415
REGION1,ATNGSIPI0,1,2039,295.65
REGION1,ATNGSIPI0,2,2039,218.781
REGION1,ATNGSKPI0,1,2039,829.5282
REGION1,ATNGSKPI0,2,2039,4308.7374
REGION1,BENGDEPI0,1,2039,1389.176568
REGION1,BENGDEPI0,2,2039,1040.217861
REGION1,BENGFRPI0,1,2039,1800.18
REGION1,BENGFRPI0,2,2039,710.874
REGION1,BENGUKPI0,1,2039,2111.3352
REGION1,BENGUKPI0,2,2039,1712.6676
REGION1,BENGNLPI0,1,2039,1012.3056
REGION1,BENGNLPI0,2,2039,2755.699061
REGION1,BGNGGRPI0,1,2039,312.5349
REGION1,BGNGGRPI0,2,2039,632.74356
REGION1,BGNGROPI0,1,2039,643.753566
REGION1,BGNGROPI0,2,2039,644.06367
REGION1,BYNGLTPI0,1,2039,427.5756
REGION1,CYNGEGPI0,1,2039,0.0
REGION1,CYNGGRPI0,1,2039,433.62
REGION1,CYNGGRPI0,2,2039,39.42
REGION1,CZNGDEPI0,1,2039,3026.70702
REGION1,CZNGDEPI0,2,2039,2766.808332
REGION1,CZNGPLPI0,1,2039,114.3969451
REGION1,CZNGPLPI0,2,2039,54.9252
REGION1,CZNGSKPI0,1,2039,3601.64772
REGION1,CZNGSKPI0,2,2039,1218.26196
REGION1,DENGCHPI0,1,2039,978.0075194
REGION1,DENGCHPI0,2,2039,541.368
REGION1,DENGFRPI0,1,2039,1213.79436
REGION1,DENGNLPI0,1,2039,3028.119588
REGION1,DENGNLPI0,2,2039,4237.623143
REGION1,DENGPLPI0,1,2039,468.61182
REGION1,DENGPLPI0,2,2039,0.24966
REGION1,DKNGDEPI0,1,2039,58.14290218
REGION1,DKNGDEPI0,2,2039,325.059948
REGION1,DKNGPLPI0,1,2039,845.511696
REGION1,DKNGPLPI0,2,2039,239.4108
REGION1,DKNGSEPI0,1,2039,115.3692
REGION1,DKNGSEPI0,2,2039,115.3692
REGION1,DZNGESPI0,1,2039,885.9559301
REGION1,DZNGITPI0,1,2039,3099.2661
REGION1,EENGFIPI0,1,2039,164.3814
REGION1,EENGFIPI0,2,2039,220.752
REGION1,EENGLVPI0,1,2039,275.94
REGION1,EENGLVPI0,2,2039,275.94
REGION1,FRNGCHPI0,1,2039,681.2433
REGION1,FRNGCHPI0,2,2039,381.63816
REGION1,FRNGESPI0,1,2039,432.48996
REGION1,FRNGESPI0,2,2039,589.7232
REGION1,GRNGITPI0,1,2039,420.48
REGION1,HRNGHUPI0,1,2039,203.2027416
REGION1,HRNGHUPI0,2,2039,203.90652
REGION1,HRNGSIPI0,1,2039,112.0842
REGION1,HRNGSIPI0,2,2039,141.1236
REGION1,HUNGROPI0,1,2039,203.56488
REGION1,HUNGROPI0,2,2039,192.81636
REGION1,HUNGSKPI0,1,2039,133.71264
REGION1,HUNGSKPI0,2,2039,338.93316
REGION1,IENGUKPI0,1,2039,87.1182
REGION1,IENGUKPI0,2,2039,1044.4329
REGION1,ITNGCHPI0,1,2039,1089.758005
REGION1,ITNGCHPI0,2,2039,1689.3441
REGION1,ITNGMTPI0,1,2039,0.0
REGION1,ITNGMTPI0,2,2039,0.0
REGION1,ITNGSIPI0,1,2039,100.02168
REGION1,ITNGSIPI0,2,2039,93.04434
REGION1,LTNGPLPI0,1,2039,152.6058576
REGION1,LTNGPLPI0,2,2039,124.472592
REGION1,LVNGLTPI0,1,2039,193.2894
REGION1,LVNGLTPI0,2,2039,236.52
REGION1,LYNGITPI0,1,2039,648.77436
REGION1,MANGESPI0,1,2039,581.9049
REGION1,MDNGROPI0,1,2039,56.71224
REGION1,NLNGUKPI0,1,2039,1299.2832
REGION1,NLNGUKPI0,2,2039,441.504
REGION1,NONGBEPI0,1,2039,1282.464
REGION1,NONGDEPI0,1,2039,3255.926226
REGION1,NONGDKPI0,1,2039,825.7176
REGION1,NONGFRPI0,1,2039,1504.53
REGION1,NONGUKPI0,1,2039,3939.6348
REGION1,NONGNLPI0,1,2039,2533.9176
REGION1,PLNGSKPI0,1,2039,379.094256
REGION1,PLNGSKPI0,2,2039,457.11432
REGION1,PTNGESPI0,1,2039,210.24
REGION1,PTNGESPI0,2,2039,378.432
REGION1,RSNGBGPI0,1,2039,1034.690904
REGION1,RSNGHUPI0,1,2039,645.85728
REGION1,RSNGROPI0,1,2039,60.79878
REGION1,RUNGEEPI0,1,2039,131.7942
REGION1,RUNGFIPI0,1,2039,289.08
REGION1,RUNGLVPI0,1,2039,137.97
REGION1,TRNGBGPI0,1,2039,1524.920652
REGION1,TRNGGRPI0,1,2039,798.93828
REGION1,UANGHUPI0,1,2039,1359.91116
REGION1,UANGPLPI0,1,2039,356.3568
REGION1,UANGROPI0,1,2039,1727.10846
REGION1,UANGSKPI0,1,2039,5425.45344
REGION1,BENGLUPI0,1,2039,231.12
REGION1,NGNGDZPI0,1,2039,0.0
REGION1,MZNGZAPI0,1,2039,4402.98399999999
REGION1,NGNGLYPI0,1,2039,1140.0
REGION1,ETNGDJPI0,1,2039,456.0
REGION1,NGNGGQPI0,1,2039,304.0
REGION1,TZNGKEPI0,1,2039,304.0
REGION1,NGNGMAPI0,1,2039,0.0
REGION1,NGNGBJPI0,1,2039,175.85
REGION1,NGNGGHPI0,1,2039,175.85
REGION1,NGNGNEPI0,1,2039,1140.0
REGION1,NGNGTGPI0,1,2039,175.85
REGION1,NGNGTNPI0,1,2039,1273.0
REGION1,DZNGMAPI0,1,2039,456.0
REGION1,ALNGGRPI0,1,2040,53.03304
REGION1,ALNGITPI0,1,2040,2107.5903
REGION1,ATNGDEPI0,1,2040,2863.266444
REGION1,ATNGDEPI0,2,2040,2680.220988
REGION1,ATNGHUPI0,1,2040,603.44136
REGION1,ATNGITPI0,1,2040,4668.09012
REGION1,ATNGITPI0,2,2040,1392.795041
REGION1,ATNGSIPI0,1,2040,443.475
REGION1,ATNGSIPI0,2,2040,437.562
REGION1,ATNGSKPI0,1,2040,1335.1554
REGION1,ATNGSKPI0,2,2040,6553.9692
REGION1,BENGDEPI0,1,2040,2145.557016
REGION1,BENGDEPI0,2,2040,1507.820803
REGION1,BENGFRPI0,1,2040,2496.6
REGION1,BENGFRPI0,2,2040,1066.968
REGION1,BENGUKPI0,1,2040,3167.0028
REGION1,BENGUKPI0,2,2040,2569.0014
REGION1,BENGNLPI0,1,2040,1579.9536
REGION1,BENGNLPI0,2,2040,3610.355482
REGION1,BGNGGRPI0,1,2040,470.68794
REGION1,BGNGGRPI0,2,2040,1178.3952
REGION1,BGNGROPI0,1,2040,1046.933442
REGION1,BGNGROPI0,2,2040,948.224448
REGION1,BYNGLTPI0,1,2040,855.1512
REGION1,CYNGEGPI0,1,2040,304.0
REGION1,CYNGGRPI0,1,2040,867.24
REGION1,CYNGGRPI0,2,2040,78.84
REGION1,CZNGDEPI0,1,2040,4645.46304
REGION1,CZNGDEPI0,2,2040,3714.491412
REGION1,CZNGPLPI0,1,2040,191.9623651
REGION1,CZNGPLPI0,2,2040,109.8504
REGION1,CZNGSKPI0,1,2040,5565.52584
REGION1,CZNGSKPI0,2,2040,1835.23752
REGION1,DENGCHPI0,1,2040,1500.490659
REGION1,DENGCHPI0,2,2040,767.376
REGION1,DENGFRPI0,1,2040,1621.13436
REGION1,DENGNLPI0,1,2040,5385.192517
REGION1,DENGNLPI0,2,2040,5568.139546
REGION1,DENGPLPI0,1,2040,873.23184
REGION1,DENGPLPI0,2,2040,0.36792
REGION1,DKNGDEPI0,1,2040,110.8589844
REGION1,DKNGDEPI0,2,2040,487.564956
REGION1,DKNGPLPI0,1,2040,1268.094096
REGION1,DKNGPLPI0,2,2040,359.2476
REGION1,DKNGSEPI0,1,2040,115.3692
REGION1,DKNGSEPI0,2,2040,115.3692
REGION1,DZNGESPI0,1,2040,1328.93161
REGION1,DZNGITPI0,1,2040,4616.23968
REGION1,EENGFIPI0,1,2040,257.0184
REGION1,EENGFIPI0,2,2040,323.244
REGION1,EENGLVPI0,1,2040,413.91
REGION1,EENGLVPI0,2,2040,413.91
REGION1,FRNGCHPI0,1,2040,1021.59558
REGION1,FRNGCHPI0,2,2040,513.03816
REGION1,FRNGESPI0,1,2040,648.73494
REGION1,FRNGESPI0,2,2040,884.5848
REGION1,GRNGITPI0,1,2040,840.96
REGION1,HRNGHUPI0,1,2040,338.4133416
REGION1,HRNGHUPI0,2,2040,305.85978
REGION1,HRNGSIPI0,1,2040,347.71068
REGION1,HRNGSIPI0,2,2040,326.9889
REGION1,HUNGROPI0,1,2040,305.34732
REGION1,HUNGROPI0,2,2040,289.22454
REGION1,HUNGSKPI0,1,2040,200.56896
REGION1,HUNGSKPI0,2,2040,508.39974
REGION1,IENGUKPI0,1,2040,174.2364
REGION1,IENGUKPI0,2,2040,1580.4792
REGION1,ITNGCHPI0,1,2040,1599.392905
REGION1,ITNGCHPI0,2,2040,2530.93482
REGION1,ITNGMTPI0,1,2040,43.0992
REGION1,ITNGMTPI0,2,2040,43.0992
REGION1,ITNGSIPI0,1,2040,162.85716
REGION1,ITNGSIPI0,2,2040,152.31888
REGION1,LTNGPLPI0,1,2040,228.9087864
REGION1,LTNGPLPI0,2,2040,220.815072
REGION1,LVNGLTPI0,1,2040,301.0374
REGION1,LVNGLTPI0,2,2040,354.78
REGION1,LYNGITPI0,1,2040,1297.54872
REGION1,MANGESPI0,1,2040,1163.8098
REGION1,MDNGROPI0,1,2040,85.09464
REGION1,NLNGUKPI0,1,2040,1948.9248
REGION1,NLNGUKPI0,2,2040,662.256
REGION1,NONGBEPI0,1,2040,1923.696
REGION1,NONGDEPI0,1,2040,4873.360152
REGION1,NONGDKPI0,1,2040,1248.3
REGION1,NONGFRPI0,1,2040,2260.08
REGION1,NONGUKPI0,1,2040,5909.4522
REGION1,NONGNLPI0,1,2040,3800.088
REGION1,PLNGSKPI0,1,2040,568.972512
REGION1,PLNGSKPI0,2,2040,685.67148
REGION1,PTNGESPI0,1,2040,315.36
REGION1,PTNGESPI0,2,2040,567.648
REGION1,RSNGBGPI0,1,2040,1548.612072
REGION1,RSNGHUPI0,1,2040,968.78592
REGION1,RSNGROPI0,1,2040,121.59756
REGION1,RUNGEEPI0,1,2040,167.0094
REGION1,RUNGFIPI0,1,2040,289.08
REGION1,RUNGLVPI0,1,2040,275.94
REGION1,TRNGBGPI0,1,2040,2292.435936
REGION1,TRNGGRPI0,1,2040,1567.62828
REGION1,UANGHUPI0,1,2040,2039.86674
REGION1,UANGPLPI0,1,2040,534.5352
REGION1,UANGROPI0,1,2040,1992.37878
REGION1,UANGSKPI0,1,2040,7858.14048
REGION1,BENGLUPI0,1,2040,231.12
REGION1,NGNGDZPI0,1,2040,645.0
REGION1,MZNGZAPI0,1,2040,4402.98399999999
REGION1,NGNGLYPI0,1,2040,1140.0
REGION1,ETNGDJPI0,1,2040,456.0
REGION1,NGNGGQPI0,1,2040,304.0
REGION1,TZNGKEPI0,1,2040,304.0
REGION1,NGNGMAPI0,1,2040,0.0
REGION1,NGNGBJPI0,1,2040,175.85
REGION1,NGNGGHPI0,1,2040,175.85
REGION1,NGNGNEPI0,1,2040,1140.0
REGION1,NGNGTGPI0,1,2040,175.85
REGION1,NGNGTNPI0,1,2040,1273.0
REGION1,DZNGMAPI0,1,2040,456.0
REGION1,ALNGGRPI0,1,2041,53.03304
REGION1,ALNGITPI0,1,2041,2107.5903
REGION1,ATNGDEPI0,1,2041,2863.266444
REGION1,ATNGDEPI0,2,2041,2680.220988
REGION1,ATNGHUPI0,1,2041,603.44136
REGION1,ATNGITPI0,1,2041,4668.09012
REGION1,ATNGITPI0,2,2041,1392.795041
REGION1,ATNGSIPI0,1,2041,443.475
REGION1,ATNGSIPI0,2,2041,437.562
REGION1,ATNGSKPI0,1,2041,1335.1554
REGION1,ATNGSKPI0,2,2041,6553.9692
REGION1,BENGDEPI0,1,2041,2145.557016
REGION1,BENGDEPI0,2,2041,1507.820803
REGION1,BENGFRPI0,1,2041,2496.6
REGION1,BENGFRPI0,2,2041,1066.968
REGION1,BENGUKPI0,1,2041,3167.0028
REGION1,BENGUKPI0,2,2041,2569.0014
REGION1,BENGNLPI0,1,2041,1579.9536
REGION1,BENGNLPI0,2,2041,3610.355482
REGION1,BGNGGRPI0,1,2041,470.68794
REGION1,BGNGGRPI0,2,2041,1178.3952
REGION1,BGNGROPI0,1,2041,1046.933442
REGION1,BGNGROPI0,2,2041,948.224448
REGION1,BYNGLTPI0,1,2041,855.1512
REGION1,CYNGEGPI0,1,2041,304.0
REGION1,CYNGGRPI0,1,2041,867.24
REGION1,CYNGGRPI0,2,2041,78.84
REGION1,CZNGDEPI0,1,2041,4645.46304
REGION1,CZNGDEPI0,2,2041,3714.491412
REGION1,CZNGPLPI0,1,2041,191.9623651
REGION1,CZNGPLPI0,2,2041,109.8504
REGION1,CZNGSKPI0,1,2041,5565.52584
REGION1,CZNGSKPI0,2,2041,1835.23752
REGION1,DENGCHPI0,1,2041,1500.490659
REGION1,DENGCHPI0,2,2041,767.376
REGION1,DENGFRPI0,1,2041,1621.13436
REGION1,DENGNLPI0,1,2041,5385.192517
REGION1,DENGNLPI0,2,2041,5568.139546
REGION1,DENGPLPI0,1,2041,873.23184
REGION1,DENGPLPI0,2,2041,0.36792
REGION1,DKNGDEPI0,1,2041,110.8589844
REGION1,DKNGDEPI0,2,2041,487.564956
REGION1,DKNGPLPI0,1,2041,1268.094096
REGION1,DKNGPLPI0,2,2041,359.2476
REGION1,DKNGSEPI0,1,2041,115.3692
REGION1,DKNGSEPI0,2,2041,115.3692
REGION1,DZNGESPI0,1,2041,1328.93161
REGION1,DZNGITPI0,1,2041,4616.23968
REGION1,EENGFIPI0,1,2041,257.0184
REGION1,EENGFIPI0,2,2041,323.244
REGION1,EENGLVPI0,1,2041,413.91
REGION1,EENGLVPI0,2,2041,413.91
REGION1,FRNGCHPI0,1,2041,1021.59558
REGION1,FRNGCHPI0,2,2041,513.03816
REGION1,FRNGESPI0,1,2041,648.73494
REGION1,FRNGESPI0,2,2041,884.5848
REGION1,GRNGITPI0,1,2041,840.96
REGION1,HRNGHUPI0,1,2041,338.4133416
REGION1,HRNGHUPI0,2,2041,305.85978
REGION1,HRNGSIPI0,1,2041,347.71068
REGION1,HRNGSIPI0,2,2041,326.9889
REGION1,HUNGROPI0,1,2041,305.34732
REGION1,HUNGROPI0,2,2041,289.22454
REGION1,HUNGSKPI0,1,2041,200.56896
REGION1,HUNGSKPI0,2,2041,508.39974
REGION1,IENGUKPI0,1,2041,174.2364
REGION1,IENGUKPI0,2,2041,1580.4792
REGION1,ITNGCHPI0,1,2041,1599.392905
REGION1,ITNGCHPI0,2,2041,2530.93482
REGION1,ITNGMTPI0,1,2041,43.0992
REGION1,ITNGMTPI0,2,2041,43.0992
REGION1,ITNGSIPI0,1,2041,162.85716
REGION1,ITNGSIPI0,2,2041,152.31888
REGION1,LTNGPLPI0,1,2041,228.9087864
REGION1,LTNGPLPI0,2,2041,220.815072
REGION1,LVNGLTPI0,1,2041,301.0374
REGION1,LVNGLTPI0,2,2041,354.78
REGION1,LYNGITPI0,1,2041,1297.54872
REGION1,MANGESPI0,1,2041,1163.8098
REGION1,MDNGROPI0,1,2041,85.09464
REGION1,NLNGUKPI0,1,2041,1948.9248
REGION1,NLNGUKPI0,2,2041,662.256
REGION1,NONGBEPI0,1,2041,1923.696
REGION1,NONGDEPI0,1,2041,4873.360152
REGION1,NONGDKPI0,1,2041,1248.3
REGION1,NONGFRPI0,1,2041,2260.08
REGION1,NONGUKPI0,1,2041,5909.4522
REGION1,NONGNLPI0,1,2041,3800.088
REGION1,PLNGSKPI0,1,2041,568.972512
REGION1,PLNGSKPI0,2,2041,685.67148
REGION1,PTNGESPI0,1,2041,315.36
REGION1,PTNGESPI0,2,2041,567.648
REGION1,RSNGBGPI0,1,2041,1548.612072
REGION1,RSNGHUPI0,1,2041,968.78592
REGION1,RSNGROPI0,1,2041,121.59756
REGION1,RUNGEEPI0,1,2041,167.0094
REGION1,RUNGFIPI0,1,2041,289.08
REGION1,RUNGLVPI0,1,2041,275.94
REGION1,TRNGBGPI0,1,2041,2292.435936
REGION1,TRNGGRPI0,1,2041,1567.62828
REGION1,UANGHUPI0,1,2041,2039.86674
REGION1,UANGPLPI0,1,2041,534.5352
REGION1,UANGROPI0,1,2041,1992.37878
REGION1,UANGSKPI0,1,2041,7858.14048
REGION1,BENGLUPI0,1,2041,231.12
REGION1,NGNGDZPI0,1,2041,645.0
REGION1,MZNGZAPI0,1,2041,4402.98399999999
REGION1,NGNGLYPI0,1,2041,1140.0
REGION1,ETNGDJPI0,1,2041,456.0
REGION1,NGNGGQPI0,1,2041,304.0
REGION1,TZNGKEPI0,1,2041,304.0
REGION1,NGNGMAPI0,1,2041,0.0
REGION1,NGNGBJPI0,1,2041,175.85
REGION1,NGNGGHPI0,1,2041,175.85
REGION1,NGNGNEPI0,1,2041,1140.0
REGION1,NGNGTGPI0,1,2041,175.85
REGION1,NGNGTNPI0,1,2041,1273.0
REGION1,DZNGMAPI0,1,2041,456.0
REGION1,ALNGGRPI0,1,2042,53.03304
REGION1,ALNGITPI0,1,2042,2107.5903
REGION1,ATNGDEPI0,1,2042,2863.266444
REGION1,ATNGDEPI0,2,2042,2680.220988
REGION1,ATNGHUPI0,1,2042,603.44136
REGION1,ATNGITPI0,1,2042,4668.09012
REGION1,ATNGITPI0,2,2042,1392.795041
REGION1,ATNGSIPI0,1,2042,443.475
REGION1,ATNGSIPI0,2,2042,437.562
REGION1,ATNGSKPI0,1,2042,1335.1554
REGION1,ATNGSKPI0,2,2042,6553.9692
REGION1,BENGDEPI0,1,2042,2145.557016
REGION1,BENGDEPI0,2,2042,1507.820803
REGION1,BENGFRPI0,1,2042,2496.6
REGION1,BENGFRPI0,2,2042,1066.968
REGION1,BENGUKPI0,1,2042,3167.0028
REGION1,BENGUKPI0,2,2042,2569.0014
REGION1,BENGNLPI0,1,2042,1579.9536
REGION1,BENGNLPI0,2,2042,3610.355482
REGION1,BGNGGRPI0,1,2042,470.68794
REGION1,BGNGGRPI0,2,2042,1178.3952
REGION1,BGNGROPI0,1,2042,1046.933442
REGION1,BGNGROPI0,2,2042,948.224448
REGION1,BYNGLTPI0,1,2042,855.1512
REGION1,CYNGEGPI0,1,2042,304.0
REGION1,CYNGGRPI0,1,2042,867.24
REGION1,CYNGGRPI0,2,2042,78.84
REGION1,CZNGDEPI0,1,2042,4645.46304
REGION1,CZNGDEPI0,2,2042,3714.491412
REGION1,CZNGPLPI0,1,2042,191.9623651
REGION1,CZNGPLPI0,2,2042,109.8504
REGION1,CZNGSKPI0,1,2042,5565.52584
REGION1,CZNGSKPI0,2,2042,1835.23752
REGION1,DENGCHPI0,1,2042,1500.490659
REGION1,DENGCHPI0,2,2042,767.376
REGION1,DENGFRPI0,1,2042,1621.13436
REGION1,DENGNLPI0,1,2042,5385.192517
REGION1,DENGNLPI0,2,2042,5568.139546
REGION1,DENGPLPI0,1,2042,873.23184
REGION1,DENGPLPI0,2,2042,0.36792
REGION1,DKNGDEPI0,1,2042,110.8589844
REGION1,DKNGDEPI0,2,2042,487.564956
REGION1,DKNGPLPI0,1,2042,1268.094096
REGION1,DKNGPLPI0,2,2042,359.2476
REGION1,DKNGSEPI0,1,2042,115.3692
REGION1,DKNGSEPI0,2,2042,115.3692
REGION1,DZNGESPI0,1,2042,1328.93161
REGION1,DZNGITPI0,1,2042,4616.23968
REGION1,EENGFIPI0,1,2042,257.0184
REGION1,EENGFIPI0,2,2042,323.244
REGION1,EENGLVPI0,1,2042,413.91
REGION1,EENGLVPI0,2,2042,413.91
REGION1,FRNGCHPI0,1,2042,1021.59558
REGION1,FRNGCHPI0,2,2042,513.03816
REGION1,FRNGESPI0,1,2042,648.73494
REGION1,FRNGESPI0,2,2042,884.5848
REGION1,GRNGITPI0,1,2042,840.96
REGION1,HRNGHUPI0,1,2042,338.4133416
REGION1,HRNGHUPI0,2,2042,305.85978
REGION1,HRNGSIPI0,1,2042,347.71068
REGION1,HRNGSIPI0,2,2042,326.9889
REGION1,HUNGROPI0,1,2042,305.34732
REGION1,HUNGROPI0,2,2042,289.22454
REGION1,HUNGSKPI0,1,2042,200.56896
REGION1,HUNGSKPI0,2,2042,508.39974
REGION1,IENGUKPI0,1,2042,174.2364
REGION1,IENGUKPI0,2,2042,1580.4792
REGION1,ITNGCHPI0,1,2042,1599.392905
REGION1,ITNGCHPI0,2,2042,2530.93482
REGION1,ITNGMTPI0,1,2042,43.0992
REGION1,ITNGMTPI0,2,2042,43.0992
REGION1,ITNGSIPI0,1,2042,162.85716
REGION1,ITNGSIPI0,2,2042,152.31888
REGION1,LTNGPLPI0,1,2042,228.9087864
REGION1,LTNGPLPI0,2,2042,220.815072
REGION1,LVNGLTPI0,1,2042,301.0374
REGION1,LVNGLTPI0,2,2042,354.78
REGION1,LYNGITPI0,1,2042,1297.54872
REGION1,MANGESPI0,1,2042,1163.8098
REGION1,MDNGROPI0,1,2042,85.09464
REGION1,NLNGUKPI0,1,2042,1948.9248
REGION1,NLNGUKPI0,2,2042,662.256
REGION1,NONGBEPI0,1,2042,1923.696
REGION1,NONGDEPI0,1,2042,4873.360152
REGION1,NONGDKPI0,1,2042,1248.3
REGION1,NONGFRPI0,1,2042,2260.08
REGION1,NONGUKPI0,1,2042,5909.4522
REGION1,NONGNLPI0,1,2042,3800.088
REGION1,PLNGSKPI0,1,2042,568.972512
REGION1,PLNGSKPI0,2,2042,685.67148
REGION1,PTNGESPI0,1,2042,315.36
REGION1,PTNGESPI0,2,2042,567.648
REGION1,RSNGBGPI0,1,2042,1548.612072
REGION1,RSNGHUPI0,1,2042,968.78592
REGION1,RSNGROPI0,1,2042,121.59756
REGION1,RUNGEEPI0,1,2042,167.0094
REGION1,RUNGFIPI0,1,2042,289.08
REGION1,RUNGLVPI0,1,2042,275.94
REGION1,TRNGBGPI0,1,2042,2292.435936
REGION1,TRNGGRPI0,1,2042,1567.62828
REGION1,UANGHUPI0,1,2042,2039.86674
REGION1,UANGPLPI0,1,2042,534.5352
REGION1,UANGROPI0,1,2042,1992.37878
REGION1,UANGSKPI0,1,2042,7858.14048
REGION1,BENGLUPI0,1,2042,231.12
REGION1,NGNGDZPI0,1,2042,645.0
REGION1,MZNGZAPI0,1,2042,4402.98399999999
REGION1,NGNGLYPI0,1,2042,1140.0
REGION1,ETNGDJPI0,1,2042,456.0
REGION1,NGNGGQPI0,1,2042,304.0
REGION1,TZNGKEPI0,1,2042,304.0
REGION1,NGNGMAPI0,1,2042,0.0
REGION1,NGNGBJPI0,1,2042,175.85
REGION1,NGNGGHPI0,1,2042,175.85
REGION1,NGNGNEPI0,1,2042,1140.0
REGION1,NGNGTGPI0,1,2042,175.85
REGION1,NGNGTNPI0,1,2042,1273.0
REGION1,DZNGMAPI0,1,2042,456.0
REGION1,ALNGGRPI0,1,2043,53.03304
REGION1,ALNGITPI0,1,2043,2107.5903
REGION1,ATNGDEPI0,1,2043,2863.266444
REGION1,ATNGDEPI0,2,2043,2680.220988
REGION1,ATNGHUPI0,1,2043,603.44136
REGION1,ATNGITPI0,1,2043,4668.09012
REGION1,ATNGITPI0,2,2043,1392.795041
REGION1,ATNGSIPI0,1,2043,443.475
REGION1,ATNGSIPI0,2,2043,437.562
REGION1,ATNGSKPI0,1,2043,1335.1554
REGION1,ATNGSKPI0,2,2043,6553.9692
REGION1,BENGDEPI0,1,2043,2145.557016
REGION1,BENGDEPI0,2,2043,1507.820803
REGION1,BENGFRPI0,1,2043,2496.6
REGION1,BENGFRPI0,2,2043,1066.968
REGION1,BENGUKPI0,1,2043,3167.0028
REGION1,BENGUKPI0,2,2043,2569.0014
REGION1,BENGNLPI0,1,2043,1579.9536
REGION1,BENGNLPI0,2,2043,3610.355482
REGION1,BGNGGRPI0,1,2043,470.68794
REGION1,BGNGGRPI0,2,2043,1178.3952
REGION1,BGNGROPI0,1,2043,1046.933442
REGION1,BGNGROPI0,2,2043,948.224448
REGION1,BYNGLTPI0,1,2043,855.1512
REGION1,CYNGEGPI0,1,2043,304.0
REGION1,CYNGGRPI0,1,2043,867.24
REGION1,CYNGGRPI0,2,2043,78.84
REGION1,CZNGDEPI0,1,2043,4645.46304
REGION1,CZNGDEPI0,2,2043,3714.491412
REGION1,CZNGPLPI0,1,2043,191.9623651
REGION1,CZNGPLPI0,2,2043,109.8504
REGION1,CZNGSKPI0,1,2043,5565.52584
REGION1,CZNGSKPI0,2,2043,1835.23752
REGION1,DENGCHPI0,1,2043,1500.490659
REGION1,DENGCHPI0,2,2043,767.376
REGION1,DENGFRPI0,1,2043,1621.13436
REGION1,DENGNLPI0,1,2043,5385.192517
REGION1,DENGNLPI0,2,2043,5568.139546
REGION1,DENGPLPI0,1,2043,873.23184
REGION1,DENGPLPI0,2,2043,0.36792
REGION1,DKNGDEPI0,1,2043,110.8589844
REGION1,DKNGDEPI0,2,2043,487.564956
REGION1,DKNGPLPI0,1,2043,1268.094096
REGION1,DKNGPLPI0,2,2043,359.2476
REGION1,DKNGSEPI0,1,2043,115.3692
REGION1,DKNGSEPI0,2,2043,115.3692
REGION1,DZNGESPI0,1,2043,1328.93161
REGION1,DZNGITPI0,1,2043,4616.23968
REGION1,EENGFIPI0,1,2043,257.0184
REGION1,EENGFIPI0,2,2043,323.244
REGION1,EENGLVPI0,1,2043,413.91
REGION1,EENGLVPI0,2,2043,413.91
REGION1,FRNGCHPI0,1,2043,1021.59558
REGION1,FRNGCHPI0,2,2043,513.03816
REGION1,FRNGESPI0,1,2043,648.73494
REGION1,FRNGESPI0,2,2043,884.5848
REGION1,GRNGITPI0,1,2043,840.96
REGION1,HRNGHUPI0,1,2043,338.4133416
REGION1,HRNGHUPI0,2,2043,305.85978
REGION1,HRNGSIPI0,1,2043,347.71068
REGION1,HRNGSIPI0,2,2043,326.9889
REGION1,HUNGROPI0,1,2043,305.34732
REGION1,HUNGROPI0,2,2043,289.22454
REGION1,HUNGSKPI0,1,2043,200.56896
REGION1,HUNGSKPI0,2,2043,508.39974
REGION1,IENGUKPI0,1,2043,174.2364
REGION1,IENGUKPI0,2,2043,1580.4792
REGION1,ITNGCHPI0,1,2043,1599.392905
REGION1,ITNGCHPI0,2,2043,2530.93482
REGION1,ITNGMTPI0,1,2043,43.0992
REGION1,ITNGMTPI0,2,2043,43.0992
REGION1,ITNGSIPI0,1,2043,162.85716
REGION1,ITNGSIPI0,2,2043,152.31888
REGION1,LTNGPLPI0,1,2043,228.9087864
REGION1,LTNGPLPI0,2,2043,220.815072
REGION1,LVNGLTPI0,1,2043,301.0374
REGION1,LVNGLTPI0,2,2043,354.78
REGION1,LYNGITPI0,1,2043,1297.54872
REGION1,MANGESPI0,1,2043,1163.8098
REGION1,MDNGROPI0,1,2043,85.09464
REGION1,NLNGUKPI0,1,2043,1948.9248
REGION1,NLNGUKPI0,2,2043,662.256
REGION1,NONGBEPI0,1,2043,1923.696
REGION1,NONGDEPI0,1,2043,4873.360152
REGION1,NONGDKPI0,1,2043,1248.3
REGION1,NONGFRPI0,1,2043,2260.08
REGION1,NONGUKPI0,1,2043,5909.4522
REGION1,NONGNLPI0,1,2043,3800.088
REGION1,PLNGSKPI0,1,2043,568.972512
REGION1,PLNGSKPI0,2,2043,685.67148
REGION1,PTNGESPI0,1,2043,315.36
REGION1,PTNGESPI0,2,2043,567.648
REGION1,RSNGBGPI0,1,2043,1548.612072
REGION1,RSNGHUPI0,1,2043,968.78592
REGION1,RSNGROPI0,1,2043,121.59756
REGION1,RUNGEEPI0,1,2043,167.0094
REGION1,RUNGFIPI0,1,2043,289.08
REGION1,RUNGLVPI0,1,2043,275.94
REGION1,TRNGBGPI0,1,2043,2292.435936
REGION1,TRNGGRPI0,1,2043,1567.62828
REGION1,UANGHUPI0,1,2043,2039.86674
REGION1,UANGPLPI0,1,2043,534.5352
REGION1,UANGROPI0,1,2043,1992.37878
REGION1,UANGSKPI0,1,2043,7858.14048
REGION1,BENGLUPI0,1,2043,231.12
REGION1,NGNGDZPI0,1,2043,645.0
REGION1,MZNGZAPI0,1,2043,4402.98399999999
REGION1,NGNGLYPI0,1,2043,1140.0
REGION1,ETNGDJPI0,1,2043,456.0
REGION1,NGNGGQPI0,1,2043,304.0
REGION1,TZNGKEPI0,1,2043,304.0
REGION1,NGNGMAPI0,1,2043,0.0
REGION1,NGNGBJPI0,1,2043,175.85
REGION1,NGNGGHPI0,1,2043,175.85
REGION1,NGNGNEPI0,1,2043,1140.0
REGION1,NGNGTGPI0,1,2043,175.85
REGION1,NGNGTNPI0,1,2043,1273.0
REGION1,DZNGMAPI0,1,2043,456.0
REGION1,ALNGGRPI0,1,2044,53.03304
REGION1,ALNGITPI0,1,2044,2107.5903
REGION1,ATNGDEPI0,1,2044,2863.266444
REGION1,ATNGDEPI0,2,2044,2680.220988
REGION1,ATNGHUPI0,1,2044,603.44136
REGION1,ATNGITPI0,1,2044,4668.09012
REGION1,ATNGITPI0,2,2044,1392.795041
REGION1,ATNGSIPI0,1,2044,443.475
REGION1,ATNGSIPI0,2,2044,437.562
REGION1,ATNGSKPI0,1,2044,1335.1554
REGION1,ATNGSKPI0,2,2044,6553.9692
REGION1,BENGDEPI0,1,2044,2145.557016
REGION1,BENGDEPI0,2,2044,1507.820803
REGION1,BENGFRPI0,1,2044,2496.6
REGION1,BENGFRPI0,2,2044,1066.968
REGION1,BENGUKPI0,1,2044,3167.0028
REGION1,BENGUKPI0,2,2044,2569.0014
REGION1,BENGNLPI0,1,2044,1579.9536
REGION1,BENGNLPI0,2,2044,3610.355482
REGION1,BGNGGRPI0,1,2044,470.68794
REGION1,BGNGGRPI0,2,2044,1178.3952
REGION1,BGNGROPI0,1,2044,1046.933442
REGION1,BGNGROPI0,2,2044,948.224448
REGION1,BYNGLTPI0,1,2044,855.1512
REGION1,CYNGEGPI0,1,2044,304.0
REGION1,CYNGGRPI0,1,2044,867.24
REGION1,CYNGGRPI0,2,2044,78.84
REGION1,CZNGDEPI0,1,2044,4645.46304
REGION1,CZNGDEPI0,2,2044,3714.491412
REGION1,CZNGPLPI0,1,2044,191.9623651
REGION1,CZNGPLPI0,2,2044,109.8504
REGION1,CZNGSKPI0,1,2044,5565.52584
REGION1,CZNGSKPI0,2,2044,1835.23752
REGION1,DENGCHPI0,1,2044,1500.490659
REGION1,DENGCHPI0,2,2044,767.376
REGION1,DENGFRPI0,1,2044,1621.13436
REGION1,DENGNLPI0,1,2044,5385.192517
REGION1,DENGNLPI0,2,2044,5568.139546
REGION1,DENGPLPI0,1,2044,873.23184
REGION1,DENGPLPI0,2,2044,0.36792
REGION1,DKNGDEPI0,1,2044,110.8589844
REGION1,DKNGDEPI0,2,2044,487.564956
REGION1,DKNGPLPI0,1,2044,1268.094096
REGION1,DKNGPLPI0,2,2044,359.2476
REGION1,DKNGSEPI0,1,2044,115.3692
REGION1,DKNGSEPI0,2,2044,115.3692
REGION1,DZNGESPI0,1,2044,1328.93161
REGION1,DZNGITPI0,1,2044,4616.23968
REGION1,EENGFIPI0,1,2044,257.0184
REGION1,EENGFIPI0,2,2044,323.244
REGION1,EENGLVPI0,1,2044,413.91
REGION1,EENGLVPI0,2,2044,413.91
REGION1,FRNGCHPI0,1,2044,1021.59558
REGION1,FRNGCHPI0,2,2044,513.03816
REGION1,FRNGESPI0,1,2044,648.73494
REGION1,FRNGESPI0,2,2044,884.5848
REGION1,GRNGITPI0,1,2044,840.96
REGION1,HRNGHUPI0,1,2044,338.4133416
REGION1,HRNGHUPI0,2,2044,305.85978
REGION1,HRNGSIPI0,1,2044,347.71068
REGION1,HRNGSIPI0,2,2044,326.9889
REGION1,HUNGROPI0,1,2044,305.34732
REGION1,HUNGROPI0,2,2044,289.22454
REGION1,HUNGSKPI0,1,2044,200.56896
REGION1,HUNGSKPI0,2,2044,508.39974
REGION1,IENGUKPI0,1,2044,174.2364
REGION1,IENGUKPI0,2,2044,1580.4792
REGION1,ITNGCHPI0,1,2044,1599.392905
REGION1,ITNGCHPI0,2,2044,2530.93482
REGION1,ITNGMTPI0,1,2044,43.0992
REGION1,ITNGMTPI0,2,2044,43.0992
REGION1,ITNGSIPI0,1,2044,162.85716
REGION1,ITNGSIPI0,2,2044,152.31888
REGION1,LTNGPLPI0,1,2044,228.9087864
REGION1,LTNGPLPI0,2,2044,220.815072
REGION1,LVNGLTPI0,1,2044,301.0374
REGION1,LVNGLTPI0,2,2044,354.78
REGION1,LYNGITPI0,1,2044,1297.54872
REGION1,MANGESPI0,1,2044,1163.8098
REGION1,MDNGROPI0,1,2044,85.09464
REGION1,NLNGUKPI0,1,2044,1948.9248
REGION1,NLNGUKPI0,2,2044,662.256
REGION1,NONGBEPI0,1,2044,1923.696
REGION1,NONGDEPI0,1,2044,4873.360152
REGION1,NONGDKPI0,1,2044,1248.3
REGION1,NONGFRPI0,1,2044,2260.08
REGION1,NONGUKPI0,1,2044,5909.4522
REGION1,NONGNLPI0,1,2044,3800.088
REGION1,PLNGSKPI0,1,2044,568.972512
REGION1,PLNGSKPI0,2,2044,685.67148
REGION1,PTNGESPI0,1,2044,315.36
REGION1,PTNGESPI0,2,2044,567.648
REGION1,RSNGBGPI0,1,2044,1548.612072
REGION1,RSNGHUPI0,1,2044,968.78592
REGION1,RSNGROPI0,1,2044,121.59756
REGION1,RUNGEEPI0,1,2044,167.0094
REGION1,RUNGFIPI0,1,2044,289.08
REGION1,RUNGLVPI0,1,2044,275.94
REGION1,TRNGBGPI0,1,2044,2292.435936
REGION1,TRNGGRPI0,1,2044,1567.62828
REGION1,UANGHUPI0,1,2044,2039.86674
REGION1,UANGPLPI0,1,2044,534.5352
REGION1,UANGROPI0,1,2044,1992.37878
REGION1,UANGSKPI0,1,2044,7858.14048
REGION1,BENGLUPI0,1,2044,231.12
REGION1,NGNGDZPI0,1,2044,645.0
REGION1,MZNGZAPI0,1,2044,4402.98399999999
REGION1,NGNGLYPI0,1,2044,1140.0
REGION1,ETNGDJPI0,1,2044,456.0
REGION1,NGNGGQPI0,1,2044,304.0
REGION1,TZNGKEPI0,1,2044,304.0
REGION1,NGNGMAPI0,1,2044,0.0
REGION1,NGNGBJPI0,1,2044,175.85
REGION1,NGNGGHPI0,1,2044,175.85
REGION1,NGNGNEPI0,1,2044,1140.0
REGION1,NGNGTGPI0,1,2044,175.85
REGION1,NGNGTNPI0,1,2044,1273.0
REGION1,DZNGMAPI0,1,2044,456.0
REGION1,ALNGGRPI0,1,2045,53.03304
REGION1,ALNGITPI0,1,2045,2107.5903
REGION1,ATNGDEPI0,1,2045,2863.266444
REGION1,ATNGDEPI0,2,2045,2680.220988
REGION1,ATNGHUPI0,1,2045,603.44136
REGION1,ATNGITPI0,1,2045,4668.09012
REGION1,ATNGITPI0,2,2045,1392.795041
REGION1,ATNGSIPI0,1,2045,443.475
REGION1,ATNGSIPI0,2,2045,437.562
REGION1,ATNGSKPI0,1,2045,1335.1554
REGION1,ATNGSKPI0,2,2045,6553.9692
REGION1,BENGDEPI0,1,2045,2145.557016
REGION1,BENGDEPI0,2,2045,1507.820803
REGION1,BENGFRPI0,1,2045,2496.6
REGION1,BENGFRPI0,2,2045,1066.968
REGION1,BENGUKPI0,1,2045,3167.0028
REGION1,BENGUKPI0,2,2045,2569.0014
REGION1,BENGNLPI0,1,2045,1579.9536
REGION1,BENGNLPI0,2,2045,3610.355482
REGION1,BGNGGRPI0,1,2045,470.68794
REGION1,BGNGGRPI0,2,2045,1178.3952
REGION1,BGNGROPI0,1,2045,1046.933442
REGION1,BGNGROPI0,2,2045,948.224448
REGION1,BYNGLTPI0,1,2045,855.1512
REGION1,CYNGEGPI0,1,2045,304.0
REGION1,CYNGGRPI0,1,2045,867.24
REGION1,CYNGGRPI0,2,2045,78.84
REGION1,CZNGDEPI0,1,2045,4645.46304
REGION1,CZNGDEPI0,2,2045,3714.491412
REGION1,CZNGPLPI0,1,2045,191.9623651
REGION1,CZNGPLPI0,2,2045,109.8504
REGION1,CZNGSKPI0,1,2045,5565.52584
REGION1,CZNGSKPI0,2,2045,1835.23752
REGION1,DENGCHPI0,1,2045,1500.490659
REGION1,DENGCHPI0,2,2045,767.376
REGION1,DENGFRPI0,1,2045,1621.13436
REGION1,DENGNLPI0,1,2045,5385.192517
REGION1,DENGNLPI0,2,2045,5568.139546
REGION1,DENGPLPI0,1,2045,873.23184
REGION1,DENGPLPI0,2,2045,0.36792
REGION1,DKNGDEPI0,1,2045,110.8589844
REGION1,DKNGDEPI0,2,2045,487.564956
REGION1,DKNGPLPI0,1,2045,1268.094096
REGION1,DKNGPLPI0,2,2045,359.2476
REGION1,DKNGSEPI0,1,2045,115.3692
REGION1,DKNGSEPI0,2,2045,115.3692
REGION1,DZNGESPI0,1,2045,1328.93161
REGION1,DZNGITPI0,1,2045,4616.23968
REGION1,EENGFIPI0,1,2045,257.0184
REGION1,EENGFIPI0,2,2045,323.244
REGION1,EENGLVPI0,1,2045,413.91
REGION1,EENGLVPI0,2,2045,413.91
REGION1,FRNGCHPI0,1,2045,1021.59558
REGION1,FRNGCHPI0,2,2045,513.03816
REGION1,FRNGESPI0,1,2045,648.73494
REGION1,FRNGESPI0,2,2045,884.5848
REGION1,GRNGITPI0,1,2045,840.96
REGION1,HRNGHUPI0,1,2045,338.4133416
REGION1,HRNGHUPI0,2,2045,305.85978
REGION1,HRNGSIPI0,1,2045,347.71068
REGION1,HRNGSIPI0,2,2045,326.9889
REGION1,HUNGROPI0,1,2045,305.34732
REGION1,HUNGROPI0,2,2045,289.22454
REGION1,HUNGSKPI0,1,2045,200.56896
REGION1,HUNGSKPI0,2,2045,508.39974
REGION1,IENGUKPI0,1,2045,174.2364
REGION1,IENGUKPI0,2,2045,1580.4792
REGION1,ITNGCHPI0,1,2045,1599.392905
REGION1,ITNGCHPI0,2,2045,2530.93482
REGION1,ITNGMTPI0,1,2045,43.0992
REGION1,ITNGMTPI0,2,2045,43.0992
REGION1,ITNGSIPI0,1,2045,162.85716
REGION1,ITNGSIPI0,2,2045,152.31888
REGION1,LTNGPLPI0,1,2045,228.9087864
REGION1,LTNGPLPI0,2,2045,220.815072
REGION1,LVNGLTPI0,1,2045,301.0374
REGION1,LVNGLTPI0,2,2045,354.78
REGION1,LYNGITPI0,1,2045,1297.54872
REGION1,MANGESPI0,1,2045,1163.8098
REGION1,MDNGROPI0,1,2045,85.09464
REGION1,NLNGUKPI0,1,2045,1948.9248
REGION1,NLNGUKPI0,2,2045,662.256
REGION1,NONGBEPI0,1,2045,1923.696
REGION1,NONGDEPI0,1,2045,4873.360152
REGION1,NONGDKPI0,1,2045,1248.3
REGION1,NONGFRPI0,1,2045,2260.08
REGION1,NONGUKPI0,1,2045,5909.4522
REGION1,NONGNLPI0,1,2045,3800.088
REGION1,PLNGSKPI0,1,2045,568.972512
REGION1,PLNGSKPI0,2,2045,685.67148
REGION1,PTNGESPI0,1,2045,315.36
REGION1,PTNGESPI0,2,2045,567.648
REGION1,RSNGBGPI0,1,2045,1548.612072
REGION1,RSNGHUPI0,1,2045,968.78592
REGION1,RSNGROPI0,1,2045,121.59756
REGION1,RUNGEEPI0,1,2045,167.0094
REGION1,RUNGFIPI0,1,2045,289.08
REGION1,RUNGLVPI0,1,2045,275.94
REGION1,TRNGBGPI0,1,2045,2292.435936
REGION1,TRNGGRPI0,1,2045,1567.62828
REGION1,UANGHUPI0,1,2045,2039.86674
REGION1,UANGPLPI0,1,2045,534.5352
REGION1,UANGROPI0,1,2045,1992.37878
REGION1,UANGSKPI0,1,2045,7858.14048
REGION1,BENGLUPI0,1,2045,231.12
REGION1,NGNGDZPI0,1,2045,645.0
REGION1,MZNGZAPI0,1,2045,4402.98399999999
REGION1,NGNGLYPI0,1,2045,1140.0
REGION1,ETNGDJPI0,1,2045,456.0
REGION1,NGNGGQPI0,1,2045,304.0
REGION1,TZNGKEPI0,1,2045,304.0
REGION1,NGNGMAPI0,1,2045,0.0
REGION1,NGNGBJPI0,1,2045,175.85
REGION1,NGNGGHPI0,1,2045,175.85
REGION1,NGNGNEPI0,1,2045,1140.0
REGION1,NGNGTGPI0,1,2045,175.85
REGION1,NGNGTNPI0,1,2045,1273.0
REGION1,DZNGMAPI0,1,2045,456.0
REGION1,ALNGGRPI0,1,2046,53.03304
REGION1,ALNGITPI0,1,2046,2107.5903
REGION1,ATNGDEPI0,1,2046,2863.266444
REGION1,ATNGDEPI0,2,2046,2680.220988
REGION1,ATNGHUPI0,1,2046,603.44136
REGION1,ATNGITPI0,1,2046,4668.09012
REGION1,ATNGITPI0,2,2046,1392.795041
REGION1,ATNGSIPI0,1,2046,443.475
REGION1,ATNGSIPI0,2,2046,437.562
REGION1,ATNGSKPI0,1,2046,1335.1554
REGION1,ATNGSKPI0,2,2046,6553.9692
REGION1,BENGDEPI0,1,2046,2145.557016
REGION1,BENGDEPI0,2,2046,1507.820803
REGION1,BENGFRPI0,1,2046,2496.6
REGION1,BENGFRPI0,2,2046,1066.968
REGION1,BENGUKPI0,1,2046,3167.0028
REGION1,BENGUKPI0,2,2046,2569.0014
REGION1,BENGNLPI0,1,2046,1579.9536
REGION1,BENGNLPI0,2,2046,3610.355482
REGION1,BGNGGRPI0,1,2046,470.68794
REGION1,BGNGGRPI0,2,2046,1178.3952
REGION1,BGNGROPI0,1,2046,1046.933442
REGION1,BGNGROPI0,2,2046,948.224448
REGION1,BYNGLTPI0,1,2046,855.1512
REGION1,CYNGEGPI0,1,2046,304.0
REGION1,CYNGGRPI0,1,2046,867.24
REGION1,CYNGGRPI0,2,2046,78.84
REGION1,CZNGDEPI0,1,2046,4645.46304
REGION1,CZNGDEPI0,2,2046,3714.491412
REGION1,CZNGPLPI0,1,2046,191.9623651
REGION1,CZNGPLPI0,2,2046,109.8504
REGION1,CZNGSKPI0,1,2046,5565.52584
REGION1,CZNGSKPI0,2,2046,1835.23752
REGION1,DENGCHPI0,1,2046,1500.490659
REGION1,DENGCHPI0,2,2046,767.376
REGION1,DENGFRPI0,1,2046,1621.13436
REGION1,DENGNLPI0,1,2046,5385.192517
REGION1,DENGNLPI0,2,2046,5568.139546
REGION1,DENGPLPI0,1,2046,873.23184
REGION1,DENGPLPI0,2,2046,0.36792
REGION1,DKNGDEPI0,1,2046,110.8589844
REGION1,DKNGDEPI0,2,2046,487.564956
REGION1,DKNGPLPI0,1,2046,1268.094096
REGION1,DKNGPLPI0,2,2046,359.2476
REGION1,DKNGSEPI0,1,2046,115.3692
REGION1,DKNGSEPI0,2,2046,115.3692
REGION1,DZNGESPI0,1,2046,1328.93161
REGION1,DZNGITPI0,1,2046,4616.23968
REGION1,EENGFIPI0,1,2046,257.0184
REGION1,EENGFIPI0,2,2046,323.244
REGION1,EENGLVPI0,1,2046,413.91
REGION1,EENGLVPI0,2,2046,413.91
REGION1,FRNGCHPI0,1,2046,1021.59558
REGION1,FRNGCHPI0,2,2046,513.03816
REGION1,FRNGESPI0,1,2046,648.73494
REGION1,FRNGESPI0,2,2046,884.5848
REGION1,GRNGITPI0,1,2046,840.96
REGION1,HRNGHUPI0,1,2046,338.4133416
REGION1,HRNGHUPI0,2,2046,305.85978
REGION1,HRNGSIPI0,1,2046,347.71068
REGION1,HRNGSIPI0,2,2046,326.9889
REGION1,HUNGROPI0,1,2046,305.34732
REGION1,HUNGROPI0,2,2046,289.22454
REGION1,HUNGSKPI0,1,2046,200.56896
REGION1,HUNGSKPI0,2,2046,508.39974
REGION1,IENGUKPI0,1,2046,174.2364
REGION1,IENGUKPI0,2,2046,1580.4792
REGION1,ITNGCHPI0,1,2046,1599.392905
REGION1,ITNGCHPI0,2,2046,2530.93482
REGION1,ITNGMTPI0,1,2046,43.0992
REGION1,ITNGMTPI0,2,2046,43.0992
REGION1,ITNGSIPI0,1,2046,162.85716
REGION1,ITNGSIPI0,2,2046,152.31888
REGION1,LTNGPLPI0,1,2046,228.9087864
REGION1,LTNGPLPI0,2,2046,220.815072
REGION1,LVNGLTPI0,1,2046,301.0374
REGION1,LVNGLTPI0,2,2046,354.78
REGION1,LYNGITPI0,1,2046,1297.54872
REGION1,MANGESPI0,1,2046,1163.8098
REGION1,MDNGROPI0,1,2046,85.09464
REGION1,NLNGUKPI0,1,2046,1948.9248
REGION1,NLNGUKPI0,2,2046,662.256
REGION1,NONGBEPI0,1,2046,1923.696
REGION1,NONGDEPI0,1,2046,4873.360152
REGION1,NONGDKPI0,1,2046,1248.3
REGION1,NONGFRPI0,1,2046,2260.08
REGION1,NONGUKPI0,1,2046,5909.4522
REGION1,NONGNLPI0,1,2046,3800.088
REGION1,PLNGSKPI0,1,2046,568.972512
REGION1,PLNGSKPI0,2,2046,685.67148
REGION1,PTNGESPI0,1,2046,315.36
REGION1,PTNGESPI0,2,2046,567.648
REGION1,RSNGBGPI0,1,2046,1548.612072
REGION1,RSNGHUPI0,1,2046,968.78592
REGION1,RSNGROPI0,1,2046,121.59756
REGION1,RUNGEEPI0,1,2046,167.0094
REGION1,RUNGFIPI0,1,2046,289.08
REGION1,RUNGLVPI0,1,2046,275.94
REGION1,TRNGBGPI0,1,2046,2292.435936
REGION1,TRNGGRPI0,1,2046,1567.62828
REGION1,UANGHUPI0,1,2046,2039.86674
REGION1,UANGPLPI0,1,2046,534.5352
REGION1,UANGROPI0,1,2046,1992.37878
REGION1,UANGSKPI0,1,2046,7858.14048
REGION1,BENGLUPI0,1,2046,231.12
REGION1,NGNGDZPI0,1,2046,645.0
REGION1,MZNGZAPI0,1,2046,4402.98399999999
REGION1,NGNGLYPI0,1,2046,1140.0
REGION1,ETNGDJPI0,1,2046,456.0
REGION1,NGNGGQPI0,1,2046,304.0
REGION1,TZNGKEPI0,1,2046,304.0
REGION1,NGNGMAPI0,1,2046,1140.0
REGION1,NGNGBJPI0,1,2046,175.85
REGION1,NGNGGHPI0,1,2046,175.85
REGION1,NGNGNEPI0,1,2046,1140.0
REGION1,NGNGTGPI0,1,2046,175.85
REGION1,NGNGTNPI0,1,2046,1273.0
REGION1,DZNGMAPI0,1,2046,456.0
REGION1,ALNGGRPI0,1,2047,53.03304
REGION1,ALNGITPI0,1,2047,2107.5903
REGION1,ATNGDEPI0,1,2047,2863.266444
REGION1,ATNGDEPI0,2,2047,2680.220988
REGION1,ATNGHUPI0,1,2047,603.44136
REGION1,ATNGITPI0,1,2047,4668.09012
REGION1,ATNGITPI0,2,2047,1392.795041
REGION1,ATNGSIPI0,1,2047,443.475
REGION1,ATNGSIPI0,2,2047,437.562
REGION1,ATNGSKPI0,1,2047,1335.1554
REGION1,ATNGSKPI0,2,2047,6553.9692
REGION1,BENGDEPI0,1,2047,2145.557016
REGION1,BENGDEPI0,2,2047,1507.820803
REGION1,BENGFRPI0,1,2047,2496.6
REGION1,BENGFRPI0,2,2047,1066.968
REGION1,BENGUKPI0,1,2047,3167.0028
REGION1,BENGUKPI0,2,2047,2569.0014
REGION1,BENGNLPI0,1,2047,1579.9536
REGION1,BENGNLPI0,2,2047,3610.355482
REGION1,BGNGGRPI0,1,2047,470.68794
REGION1,BGNGGRPI0,2,2047,1178.3952
REGION1,BGNGROPI0,1,2047,1046.933442
REGION1,BGNGROPI0,2,2047,948.224448
REGION1,BYNGLTPI0,1,2047,855.1512
REGION1,CYNGEGPI0,1,2047,304.0
REGION1,CYNGGRPI0,1,2047,867.24
REGION1,CYNGGRPI0,2,2047,78.84
REGION1,CZNGDEPI0,1,2047,4645.46304
REGION1,CZNGDEPI0,2,2047,3714.491412
REGION1,CZNGPLPI0,1,2047,191.9623651
REGION1,CZNGPLPI0,2,2047,109.8504
REGION1,CZNGSKPI0,1,2047,5565.52584
REGION1,CZNGSKPI0,2,2047,1835.23752
REGION1,DENGCHPI0,1,2047,1500.490659
REGION1,DENGCHPI0,2,2047,767.376
REGION1,DENGFRPI0,1,2047,1621.13436
REGION1,DENGNLPI0,1,2047,5385.192517
REGION1,DENGNLPI0,2,2047,5568.139546
REGION1,DENGPLPI0,1,2047,873.23184
REGION1,DENGPLPI0,2,2047,0.36792
REGION1,DKNGDEPI0,1,2047,110.8589844
REGION1,DKNGDEPI0,2,2047,487.564956
REGION1,DKNGPLPI0,1,2047,1268.094096
REGION1,DKNGPLPI0,2,2047,359.2476
REGION1,DKNGSEPI0,1,2047,115.3692
REGION1,DKNGSEPI0,2,2047,115.3692
REGION1,DZNGESPI0,1,2047,1328.93161
REGION1,DZNGITPI0,1,2047,4616.23968
REGION1,EENGFIPI0,1,2047,257.0184
REGION1,EENGFIPI0,2,2047,323.244
REGION1,EENGLVPI0,1,2047,413.91
REGION1,EENGLVPI0,2,2047,413.91
REGION1,FRNGCHPI0,1,2047,1021.59558
REGION1,FRNGCHPI0,2,2047,513.03816
REGION1,FRNGESPI0,1,2047,648.73494
REGION1,FRNGESPI0,2,2047,884.5848
REGION1,GRNGITPI0,1,2047,840.96
REGION1,HRNGHUPI0,1,2047,338.4133416
REGION1,HRNGHUPI0,2,2047,305.85978
REGION1,HRNGSIPI0,1,2047,347.71068
REGION1,HRNGSIPI0,2,2047,326.9889
REGION1,HUNGROPI0,1,2047,305.34732
REGION1,HUNGROPI0,2,2047,289.22454
REGION1,HUNGSKPI0,1,2047,200.56896
REGION1,HUNGSKPI0,2,2047,508.39974
REGION1,IENGUKPI0,1,2047,174.2364
REGION1,IENGUKPI0,2,2047,1580.4792
REGION1,ITNGCHPI0,1,2047,1599.392905
REGION1,ITNGCHPI0,2,2047,2530.93482
REGION1,ITNGMTPI0,1,2047,43.0992
REGION1,ITNGMTPI0,2,2047,43.0992
REGION1,ITNGSIPI0,1,2047,162.85716
REGION1,ITNGSIPI0,2,2047,152.31888
REGION1,LTNGPLPI0,1,2047,228.9087864
REGION1,LTNGPLPI0,2,2047,220.815072
REGION1,LVNGLTPI0,1,2047,301.0374
REGION1,LVNGLTPI0,2,2047,354.78
REGION1,LYNGITPI0,1,2047,1297.54872
REGION1,MANGESPI0,1,2047,1163.8098
REGION1,MDNGROPI0,1,2047,85.09464
REGION1,NLNGUKPI0,1,2047,1948.9248
REGION1,NLNGUKPI0,2,2047,662.256
REGION1,NONGBEPI0,1,2047,1923.696
REGION1,NONGDEPI0,1,2047,4873.360152
REGION1,NONGDKPI0,1,2047,1248.3
REGION1,NONGFRPI0,1,2047,2260.08
REGION1,NONGUKPI0,1,2047,5909.4522
REGION1,NONGNLPI0,1,2047,3800.088
REGION1,PLNGSKPI0,1,2047,568.972512
REGION1,PLNGSKPI0,2,2047,685.67148
REGION1,PTNGESPI0,1,2047,315.36
REGION1,PTNGESPI0,2,2047,567.648
REGION1,RSNGBGPI0,1,2047,1548.612072
REGION1,RSNGHUPI0,1,2047,968.78592
REGION1,RSNGROPI0,1,2047,121.59756
REGION1,RUNGEEPI0,1,2047,167.0094
REGION1,RUNGFIPI0,1,2047,289.08
REGION1,RUNGLVPI0,1,2047,275.94
REGION1,TRNGBGPI0,1,2047,2292.435936
REGION1,TRNGGRPI0,1,2047,1567.62828
REGION1,UANGHUPI0,1,2047,2039.86674
REGION1,UANGPLPI0,1,2047,534.5352
REGION1,UANGROPI0,1,2047,1992.37878
REGION1,UANGSKPI0,1,2047,7858.14048
REGION1,BENGLUPI0,1,2047,231.12
REGION1,NGNGDZPI0,1,2047,645.0
REGION1,MZNGZAPI0,1,2047,4402.98399999999
REGION1,NGNGLYPI0,1,2047,1140.0
REGION1,ETNGDJPI0,1,2047,456.0
REGION1,NGNGGQPI0,1,2047,304.0
REGION1,TZNGKEPI0,1,2047,304.0
REGION1,NGNGMAPI0,1,2047,1140.0
REGION1,NGNGBJPI0,1,2047,175.85
REGION1,NGNGGHPI0,1,2047,175.85
REGION1,NGNGNEPI0,1,2047,1140.0
REGION1,NGNGTGPI0,1,2047,175.85
REGION1,NGNGTNPI0,1,2047,1273.0
REGION1,DZNGMAPI0,1,2047,456.0
REGION1,ALNGGRPI0,1,2048,53.03304
REGION1,ALNGITPI0,1,2048,2107.5903
REGION1,ATNGDEPI0,1,2048,2863.266444
REGION1,ATNGDEPI0,2,2048,2680.220988
REGION1,ATNGHUPI0,1,2048,603.44136
REGION1,ATNGITPI0,1,2048,4668.09012
REGION1,ATNGITPI0,2,2048,1392.795041
REGION1,ATNGSIPI0,1,2048,443.475
REGION1,ATNGSIPI0,2,2048,437.562
REGION1,ATNGSKPI0,1,2048,1335.1554
REGION1,ATNGSKPI0,2,2048,6553.9692
REGION1,BENGDEPI0,1,2048,2145.557016
REGION1,BENGDEPI0,2,2048,1507.820803
REGION1,BENGFRPI0,1,2048,2496.6
REGION1,BENGFRPI0,2,2048,1066.968
REGION1,BENGUKPI0,1,2048,3167.0028
REGION1,BENGUKPI0,2,2048,2569.0014
REGION1,BENGNLPI0,1,2048,1579.9536
REGION1,BENGNLPI0,2,2048,3610.355482
REGION1,BGNGGRPI0,1,2048,470.68794
REGION1,BGNGGRPI0,2,2048,1178.3952
REGION1,BGNGROPI0,1,2048,1046.933442
REGION1,BGNGROPI0,2,2048,948.224448
REGION1,BYNGLTPI0,1,2048,855.1512
REGION1,CYNGEGPI0,1,2048,304.0
REGION1,CYNGGRPI0,1,2048,867.24
REGION1,CYNGGRPI0,2,2048,78.84
REGION1,CZNGDEPI0,1,2048,4645.46304
REGION1,CZNGDEPI0,2,2048,3714.491412
REGION1,CZNGPLPI0,1,2048,191.9623651
REGION1,CZNGPLPI0,2,2048,109.8504
REGION1,CZNGSKPI0,1,2048,5565.52584
REGION1,CZNGSKPI0,2,2048,1835.23752
REGION1,DENGCHPI0,1,2048,1500.490659
REGION1,DENGCHPI0,2,2048,767.376
REGION1,DENGFRPI0,1,2048,1621.13436
REGION1,DENGNLPI0,1,2048,5385.192517
REGION1,DENGNLPI0,2,2048,5568.139546
REGION1,DENGPLPI0,1,2048,873.23184
REGION1,DENGPLPI0,2,2048,0.36792
REGION1,DKNGDEPI0,1,2048,110.8589844
REGION1,DKNGDEPI0,2,2048,487.564956
REGION1,DKNGPLPI0,1,2048,1268.094096
REGION1,DKNGPLPI0,2,2048,359.2476
REGION1,DKNGSEPI0,1,2048,115.3692
REGION1,DKNGSEPI0,2,2048,115.3692
REGION1,DZNGESPI0,1,2048,1328.93161
REGION1,DZNGITPI0,1,2048,4616.23968
REGION1,EENGFIPI0,1,2048,257.0184
REGION1,EENGFIPI0,2,2048,323.244
REGION1,EENGLVPI0,1,2048,413.91
REGION1,EENGLVPI0,2,2048,413.91
REGION1,FRNGCHPI0,1,2048,1021.59558
REGION1,FRNGCHPI0,2,2048,513.03816
REGION1,FRNGESPI0,1,2048,648.73494
REGION1,FRNGESPI0,2,2048,884.5848
REGION1,GRNGITPI0,1,2048,840.96
REGION1,HRNGHUPI0,1,2048,338.4133416
REGION1,HRNGHUPI0,2,2048,305.85978
REGION1,HRNGSIPI0,1,2048,347.71068
REGION1,HRNGSIPI0,2,2048,326.9889
REGION1,HUNGROPI0,1,2048,305.34732
REGION1,HUNGROPI0,2,2048,289.22454
REGION1,HUNGSKPI0,1,2048,200.56896
REGION1,HUNGSKPI0,2,2048,508.39974
REGION1,IENGUKPI0,1,2048,174.2364
REGION1,IENGUKPI0,2,2048,1580.4792
REGION1,ITNGCHPI0,1,2048,1599.392905
REGION1,ITNGCHPI0,2,2048,2530.93482
REGION1,ITNGMTPI0,1,2048,43.0992
REGION1,ITNGMTPI0,2,2048,43.0992
REGION1,ITNGSIPI0,1,2048,162.85716
REGION1,ITNGSIPI0,2,2048,152.31888
REGION1,LTNGPLPI0,1,2048,228.9087864
REGION1,LTNGPLPI0,2,2048,220.815072
REGION1,LVNGLTPI0,1,2048,301.0374
REGION1,LVNGLTPI0,2,2048,354.78
REGION1,LYNGITPI0,1,2048,1297.54872
REGION1,MANGESPI0,1,2048,1163.8098
REGION1,MDNGROPI0,1,2048,85.09464
REGION1,NLNGUKPI0,1,2048,1948.9248
REGION1,NLNGUKPI0,2,2048,662.256
REGION1,NONGBEPI0,1,2048,1923.696
REGION1,NONGDEPI0,1,2048,4873.360152
REGION1,NONGDKPI0,1,2048,1248.3
REGION1,NONGFRPI0,1,2048,2260.08
REGION1,NONGUKPI0,1,2048,5909.4522
REGION1,NONGNLPI0,1,2048,3800.088
REGION1,PLNGSKPI0,1,2048,568.972512
REGION1,PLNGSKPI0,2,2048,685.67148
REGION1,PTNGESPI0,1,2048,315.36
REGION1,PTNGESPI0,2,2048,567.648
REGION1,RSNGBGPI0,1,2048,1548.612072
REGION1,RSNGHUPI0,1,2048,968.78592
REGION1,RSNGROPI0,1,2048,121.59756
REGION1,RUNGEEPI0,1,2048,167.0094
REGION1,RUNGFIPI0,1,2048,289.08
REGION1,RUNGLVPI0,1,2048,275.94
REGION1,TRNGBGPI0,1,2048,2292.435936
REGION1,TRNGGRPI0,1,2048,1567.62828
REGION1,UANGHUPI0,1,2048,2039.86674
REGION1,UANGPLPI0,1,2048,534.5352
REGION1,UANGROPI0,1,2048,1992.37878
REGION1,UANGSKPI0,1,2048,7858.14048
REGION1,BENGLUPI0,1,2048,231.12
REGION1,NGNGDZPI0,1,2048,645.0
REGION1,MZNGZAPI0,1,2048,4402.98399999999
REGION1,NGNGLYPI0,1,2048,1140.0
REGION1,ETNGDJPI0,1,2048,456.0
REGION1,NGNGGQPI0,1,2048,304.0
REGION1,TZNGKEPI0,1,2048,304.0
REGION1,NGNGMAPI0,1,2048,1140.0
REGION1,NGNGBJPI0,1,2048,175.85
REGION1,NGNGGHPI0,1,2048,175.85
REGION1,NGNGNEPI0,1,2048,1140.0
REGION1,NGNGTGPI0,1,2048,175.85
REGION1,NGNGTNPI0,1,2048,1273.0
REGION1,DZNGMAPI0,1,2048,456.0
REGION1,ALNGGRPI0,1,2049,53.03304
REGION1,ALNGITPI0,1,2049,2107.5903
REGION1,ATNGDEPI0,1,2049,2863.266444
REGION1,ATNGDEPI0,2,2049,2680.220988
REGION1,ATNGHUPI0,1,2049,603.44136
REGION1,ATNGITPI0,1,2049,4668.09012
REGION1,ATNGITPI0,2,2049,1392.795041
REGION1,ATNGSIPI0,1,2049,443.475
REGION1,ATNGSIPI0,2,2049,437.562
REGION1,ATNGSKPI0,1,2049,1335.1554
REGION1,ATNGSKPI0,2,2049,6553.9692
REGION1,BENGDEPI0,1,2049,2145.557016
REGION1,BENGDEPI0,2,2049,1507.820803
REGION1,BENGFRPI0,1,2049,2496.6
REGION1,BENGFRPI0,2,2049,1066.968
REGION1,BENGUKPI0,1,2049,3167.0028
REGION1,BENGUKPI0,2,2049,2569.0014
REGION1,BENGNLPI0,1,2049,1579.9536
REGION1,BENGNLPI0,2,2049,3610.355482
REGION1,BGNGGRPI0,1,2049,470.68794
REGION1,BGNGGRPI0,2,2049,1178.3952
REGION1,BGNGROPI0,1,2049,1046.933442
REGION1,BGNGROPI0,2,2049,948.224448
REGION1,BYNGLTPI0,1,2049,855.1512
REGION1,CYNGEGPI0,1,2049,304.0
REGION1,CYNGGRPI0,1,2049,867.24
REGION1,CYNGGRPI0,2,2049,78.84
REGION1,CZNGDEPI0,1,2049,4645.46304
REGION1,CZNGDEPI0,2,2049,3714.491412
REGION1,CZNGPLPI0,1,2049,191.9623651
REGION1,CZNGPLPI0,2,2049,109.8504
REGION1,CZNGSKPI0,1,2049,5565.52584
REGION1,CZNGSKPI0,2,2049,1835.23752
REGION1,DENGCHPI0,1,2049,1500.490659
REGION1,DENGCHPI0,2,2049,767.376
REGION1,DENGFRPI0,1,2049,1621.13436
REGION1,DENGNLPI0,1,2049,5385.192517
REGION1,DENGNLPI0,2,2049,5568.139546
REGION1,DENGPLPI0,1,2049,873.23184
REGION1,DENGPLPI0,2,2049,0.36792
REGION1,DKNGDEPI0,1,2049,110.8589844
REGION1,DKNGDEPI0,2,2049,487.564956
REGION1,DKNGPLPI0,1,2049,1268.094096
REGION1,DKNGPLPI0,2,2049,359.2476
REGION1,DKNGSEPI0,1,2049,115.3692
REGION1,DKNGSEPI0,2,2049,115.3692
REGION1,DZNGESPI0,1,2049,1328.93161
REGION1,DZNGITPI0,1,2049,4616.23968
REGION1,EENGFIPI0,1,2049,257.0184
REGION1,EENGFIPI0,2,2049,323.244
REGION1,EENGLVPI0,1,2049,413.91
REGION1,EENGLVPI0,2,2049,413.91
REGION1,FRNGCHPI0,1,2049,1021.59558
REGION1,FRNGCHPI0,2,2049,513.03816
REGION1,FRNGESPI0,1,2049,648.73494
REGION1,FRNGESPI0,2,2049,884.5848
REGION1,GRNGITPI0,1,2049,840.96
REGION1,HRNGHUPI0,1,2049,338.4133416
REGION1,HRNGHUPI0,2,2049,305.85978
REGION1,HRNGSIPI0,1,2049,347.71068
REGION1,HRNGSIPI0,2,2049,326.9889
REGION1,HUNGROPI0,1,2049,305.34732
REGION1,HUNGROPI0,2,2049,289.22454
REGION1,HUNGSKPI0,1,2049,200.56896
REGION1,HUNGSKPI0,2,2049,508.39974
REGION1,IENGUKPI0,1,2049,174.2364
REGION1,IENGUKPI0,2,2049,1580.4792
REGION1,ITNGCHPI0,1,2049,1599.392905
REGION1,ITNGCHPI0,2,2049,2530.93482
REGION1,ITNGMTPI0,1,2049,43.0992
REGION1,ITNGMTPI0,2,2049,43.0992
REGION1,ITNGSIPI0,1,2049,162.85716
REGION1,ITNGSIPI0,2,2049,152.31888
REGION1,LTNGPLPI0,1,2049,228.9087864
REGION1,LTNGPLPI0,2,2049,220.815072
REGION1,LVNGLTPI0,1,2049,301.0374
REGION1,LVNGLTPI0,2,2049,354.78
REGION1,LYNGITPI0,1,2049,1297.54872
REGION1,MANGESPI0,1,2049,1163.8098
REGION1,MDNGROPI0,1,2049,85.09464
REGION1,NLNGUKPI0,1,2049,1948.9248
REGION1,NLNGUKPI0,2,2049,662.256
REGION1,NONGBEPI0,1,2049,1923.696
REGION1,NONGDEPI0,1,2049,4873.360152
REGION1,NONGDKPI0,1,2049,1248.3
REGION1,NONGFRPI0,1,2049,2260.08
REGION1,NONGUKPI0,1,2049,5909.4522
REGION1,NONGNLPI0,1,2049,3800.088
REGION1,PLNGSKPI0,1,2049,568.972512
REGION1,PLNGSKPI0,2,2049,685.67148
REGION1,PTNGESPI0,1,2049,315.36
REGION1,PTNGESPI0,2,2049,567.648
REGION1,RSNGBGPI0,1,2049,1548.612072
REGION1,RSNGHUPI0,1,2049,968.78592
REGION1,RSNGROPI0,1,2049,121.59756
REGION1,RUNGEEPI0,1,2049,167.0094
REGION1,RUNGFIPI0,1,2049,289.08
REGION1,RUNGLVPI0,1,2049,275.94
REGION1,TRNGBGPI0,1,2049,2292.435936
REGION1,TRNGGRPI0,1,2049,1567.62828
REGION1,UANGHUPI0,1,2049,2039.86674
REGION1,UANGPLPI0,1,2049,534.5352
REGION1,UANGROPI0,1,2049,1992.37878
REGION1,UANGSKPI0,1,2049,7858.14048
REGION1,BENGLUPI0,1,2049,231.12
REGION1,NGNGDZPI0,1,2049,645.0
REGION1,MZNGZAPI0,1,2049,4402.98399999999
REGION1,NGNGLYPI0,1,2049,1140.0
REGION1,ETNGDJPI0,1,2049,456.0
REGION1,NGNGGQPI0,1,2049,304.0
REGION1,TZNGKEPI0,1,2049,304.0
REGION1,NGNGMAPI0,1,2049,1140.0
REGION1,NGNGBJPI0,1,2049,175.85
REGION1,NGNGGHPI0,1,2049,175.85
REGION1,NGNGNEPI0,1,2049,1140.0
REGION1,NGNGTGPI0,1,2049,175.85
REGION1,NGNGTNPI0,1,2049,1273.0
REGION1,DZNGMAPI0,1,2049,456.0
REGION1,ALNGGRPI0,1,2050,53.03304
REGION1,ALNGITPI0,1,2050,2843.4303
REGION1,ATNGDEPI0,1,2050,4015.470996
REGION1,ATNGDEPI0,2,2050,3717.040572
REGION1,ATNGHUPI0,1,2050,804.58848
REGION1,ATNGITPI0,1,2050,6213.49866
REGION1,ATNGITPI0,2,2050,1961.822741
REGION1,ATNGSIPI0,1,2050,591.3
REGION1,ATNGSIPI0,2,2050,656.343
REGION1,ATNGSKPI0,1,2050,1840.7826
REGION1,ATNGSKPI0,2,2050,8799.201
REGION1,BENGDEPI0,1,2050,2901.937464
REGION1,BENGDEPI0,2,2050,1975.423744
REGION1,BENGFRPI0,1,2050,3193.02
REGION1,BENGFRPI0,2,2050,1423.062
REGION1,BENGUKPI0,1,2050,4222.6704
REGION1,BENGUKPI0,2,2050,3425.3352
REGION1,BENGNLPI0,1,2050,2147.6016
REGION1,BENGNLPI0,2,2050,4465.011904
REGION1,BGNGGRPI0,1,2050,628.84098
REGION1,BGNGGRPI0,2,2050,1724.04684
REGION1,BGNGROPI0,1,2050,1450.113318
REGION1,BGNGROPI0,2,2050,1252.385226
REGION1,BYNGLTPI0,1,2050,1282.7268
REGION1,CYNGEGPI0,1,2050,304.0
REGION1,CYNGGRPI0,1,2050,1300.86
REGION1,CYNGGRPI0,2,2050,118.26
REGION1,CZNGDEPI0,1,2050,6264.21906
REGION1,CZNGDEPI0,2,2050,4662.174492
REGION1,CZNGPLPI0,1,2050,269.5277851
REGION1,CZNGPLPI0,2,2050,164.7756
REGION1,CZNGSKPI0,1,2050,7529.40396
REGION1,CZNGSKPI0,2,2050,2452.21308
REGION1,DENGCHPI0,1,2050,2022.973798
REGION1,DENGCHPI0,2,2050,993.384
REGION1,DENGFRPI0,1,2050,2028.47436
REGION1,DENGNLPI0,1,2050,7742.265445
REGION1,DENGNLPI0,2,2050,6898.655949
REGION1,DENGPLPI0,1,2050,1277.85186
REGION1,DENGPLPI0,2,2050,0.48618
REGION1,DKNGDEPI0,1,2050,163.5750665
REGION1,DKNGDEPI0,2,2050,650.069964
REGION1,DKNGPLPI0,1,2050,1690.676496
REGION1,DKNGPLPI0,2,2050,479.0844
REGION1,DKNGSEPI0,1,2050,115.3692
REGION1,DKNGSEPI0,2,2050,115.3692
REGION1,DZNGESPI0,1,2050,1771.90729
REGION1,DZNGITPI0,1,2050,6133.21326
REGION1,EENGFIPI0,1,2050,349.6554
REGION1,EENGFIPI0,2,2050,425.736
REGION1,EENGLVPI0,1,2050,551.88
REGION1,EENGLVPI0,2,2050,551.88
REGION1,FRNGCHPI0,1,2050,1361.94786
REGION1,FRNGCHPI0,2,2050,644.43816
REGION1,FRNGESPI0,1,2050,864.97992
REGION1,FRNGESPI0,2,2050,1179.4464
REGION1,GRNGITPI0,1,2050,1261.44
REGION1,HRNGHUPI0,1,2050,473.6239416
REGION1,HRNGHUPI0,2,2050,407.81304
REGION1,HRNGSIPI0,1,2050,583.33716
REGION1,HRNGSIPI0,2,2050,512.8542
REGION1,HUNGROPI0,1,2050,407.12976
REGION1,HUNGROPI0,2,2050,385.63272
REGION1,HUNGSKPI0,1,2050,267.42528
REGION1,HUNGSKPI0,2,2050,677.86632
REGION1,IENGUKPI0,1,2050,261.3546
REGION1,IENGUKPI0,2,2050,2116.5255
REGION1,ITNGCHPI0,1,2050,2109.027805
REGION1,ITNGCHPI0,2,2050,3372.52554
REGION1,ITNGMTPI0,1,2050,86.1984
REGION1,ITNGMTPI0,2,2050,86.1984
REGION1,ITNGSIPI0,1,2050,225.69264
REGION1,ITNGSIPI0,2,2050,211.59342
REGION1,LTNGPLPI0,1,2050,305.2117152
REGION1,LTNGPLPI0,2,2050,317.157552
REGION1,LVNGLTPI0,1,2050,408.7854
REGION1,LVNGLTPI0,2,2050,473.04
REGION1,LYNGITPI0,1,2050,1946.32308
REGION1,MANGESPI0,1,2050,1745.7147
REGION1,MDNGROPI0,1,2050,113.47704
REGION1,NLNGUKPI0,1,2050,2598.5664
REGION1,NLNGUKPI0,2,2050,883.008
REGION1,NONGBEPI0,1,2050,2564.928
REGION1,NONGDEPI0,1,2050,6490.794077
REGION1,NONGDKPI0,1,2050,1670.8824
REGION1,NONGFRPI0,1,2050,3015.63
REGION1,NONGUKPI0,1,2050,7879.2696
REGION1,NONGNLPI0,1,2050,5066.2584
REGION1,PLNGSKPI0,1,2050,758.850768
REGION1,PLNGSKPI0,2,2050,914.22864
REGION1,PTNGESPI0,1,2050,420.48
REGION1,PTNGESPI0,2,2050,756.864
REGION1,RSNGBGPI0,1,2050,2062.53324
REGION1,RSNGHUPI0,1,2050,1291.71456
REGION1,RSNGROPI0,1,2050,182.39634
REGION1,RUNGEEPI0,1,2050,202.2246
REGION1,RUNGFIPI0,1,2050,289.08
REGION1,RUNGLVPI0,1,2050,413.91
REGION1,TRNGBGPI0,1,2050,3059.95122
REGION1,TRNGGRPI0,1,2050,2336.31828
REGION1,UANGHUPI0,1,2050,2719.82232
REGION1,UANGPLPI0,1,2050,712.7136
REGION1,UANGROPI0,1,2050,2257.6491
REGION1,UANGSKPI0,1,2050,10290.82752
REGION1,BENGLUPI0,1,2050,231.12
REGION1,NGNGDZPI0,1,2050,645.0
REGION1,MZNGZAPI0,1,2050,4402.98399999999
REGION1,NGNGLYPI0,1,2050,1140.0
REGION1,ETNGDJPI0,1,2050,456.0
REGION1,NGNGGQPI0,1,2050,304.0
REGION1,TZNGKEPI0,1,2050,304.0
REGION1,NGNGMAPI0,1,2050,1140.0
REGION1,NGNGBJPI0,1,2050,175.85
REGION1,NGNGGHPI0,1,2050,175.85
REGION1,NGNGNEPI0,1,2050,1140.0
REGION1,NGNGTGPI0,1,2050,175.85
REGION1,NGNGTNPI0,1,2050,1273.0
REGION1,DZNGMAPI0,1,2050,456.0
REGION1,ALNGGRPI0,1,2051,53.03304
REGION1,ALNGITPI0,1,2051,2843.4303
REGION1,ATNGDEPI0,1,2051,4015.470996
REGION1,ATNGDEPI0,2,2051,3717.040572
REGION1,ATNGHUPI0,1,2051,804.58848
REGION1,ATNGITPI0,1,2051,6213.49866
REGION1,ATNGITPI0,2,2051,1961.822741
REGION1,ATNGSIPI0,1,2051,591.3
REGION1,ATNGSIPI0,2,2051,656.343
REGION1,ATNGSKPI0,1,2051,1840.7826
REGION1,ATNGSKPI0,2,2051,8799.201
REGION1,BENGDEPI0,1,2051,2901.937464
REGION1,BENGDEPI0,2,2051,1975.423744
REGION1,BENGFRPI0,1,2051,3193.02
REGION1,BENGFRPI0,2,2051,1423.062
REGION1,BENGUKPI0,1,2051,4222.6704
REGION1,BENGUKPI0,2,2051,3425.3352
REGION1,BENGNLPI0,1,2051,2147.6016
REGION1,BENGNLPI0,2,2051,4465.011904
REGION1,BGNGGRPI0,1,2051,628.84098
REGION1,BGNGGRPI0,2,2051,1724.04684
REGION1,BGNGROPI0,1,2051,1450.113318
REGION1,BGNGROPI0,2,2051,1252.385226
REGION1,BYNGLTPI0,1,2051,1282.7268
REGION1,CYNGEGPI0,1,2051,304.0
REGION1,CYNGGRPI0,1,2051,1300.86
REGION1,CYNGGRPI0,2,2051,118.26
REGION1,CZNGDEPI0,1,2051,6264.21906
REGION1,CZNGDEPI0,2,2051,4662.174492
REGION1,CZNGPLPI0,1,2051,269.5277851
REGION1,CZNGPLPI0,2,2051,164.7756
REGION1,CZNGSKPI0,1,2051,7529.40396
REGION1,CZNGSKPI0,2,2051,2452.21308
REGION1,DENGCHPI0,1,2051,2022.973798
REGION1,DENGCHPI0,2,2051,993.384
REGION1,DENGFRPI0,1,2051,2028.47436
REGION1,DENGNLPI0,1,2051,7742.265445
REGION1,DENGNLPI0,2,2051,6898.655949
REGION1,DENGPLPI0,1,2051,1277.85186
REGION1,DENGPLPI0,2,2051,0.48618
REGION1,DKNGDEPI0,1,2051,163.5750665
REGION1,DKNGDEPI0,2,2051,650.069964
REGION1,DKNGPLPI0,1,2051,1690.676496
REGION1,DKNGPLPI0,2,2051,479.0844
REGION1,DKNGSEPI0,1,2051,115.3692
REGION1,DKNGSEPI0,2,2051,115.3692
REGION1,DZNGESPI0,1,2051,1771.90729
REGION1,DZNGITPI0,1,2051,6133.21326
REGION1,EENGFIPI0,1,2051,349.6554
REGION1,EENGFIPI0,2,2051,425.736
REGION1,EENGLVPI0,1,2051,551.88
REGION1,EENGLVPI0,2,2051,551.88
REGION1,FRNGCHPI0,1,2051,1361.94786
REGION1,FRNGCHPI0,2,2051,644.43816
REGION1,FRNGESPI0,1,2051,864.97992
REGION1,FRNGESPI0,2,2051,1179.4464
REGION1,GRNGITPI0,1,2051,1261.44
REGION1,HRNGHUPI0,1,2051,473.6239416
REGION1,HRNGHUPI0,2,2051,407.81304
REGION1,HRNGSIPI0,1,2051,583.33716
REGION1,HRNGSIPI0,2,2051,512.8542
REGION1,HUNGROPI0,1,2051,407.12976
REGION1,HUNGROPI0,2,2051,385.63272
REGION1,HUNGSKPI0,1,2051,267.42528
REGION1,HUNGSKPI0,2,2051,677.86632
REGION1,IENGUKPI0,1,2051,261.3546
REGION1,IENGUKPI0,2,2051,2116.5255
REGION1,ITNGCHPI0,1,2051,2109.027805
REGION1,ITNGCHPI0,2,2051,3372.52554
REGION1,ITNGMTPI0,1,2051,86.1984
REGION1,ITNGMTPI0,2,2051,86.1984
REGION1,ITNGSIPI0,1,2051,225.69264
REGION1,ITNGSIPI0,2,2051,211.59342
REGION1,LTNGPLPI0,1,2051,305.2117152
REGION1,LTNGPLPI0,2,2051,317.157552
REGION1,LVNGLTPI0,1,2051,408.7854
REGION1,LVNGLTPI0,2,2051,473.04
REGION1,LYNGITPI0,1,2051,1946.32308
REGION1,MANGESPI0,1,2051,1745.7147
REGION1,MDNGROPI0,1,2051,113.47704
REGION1,NLNGUKPI0,1,2051,2598.5664
REGION1,NLNGUKPI0,2,2051,883.008
REGION1,NONGBEPI0,1,2051,2564.928
REGION1,NONGDEPI0,1,2051,6490.794077
REGION1,NONGDKPI0,1,2051,1670.8824
REGION1,NONGFRPI0,1,2051,3015.63
REGION1,NONGUKPI0,1,2051,7879.2696
REGION1,NONGNLPI0,1,2051,5066.2584
REGION1,PLNGSKPI0,1,2051,758.850768
REGION1,PLNGSKPI0,2,2051,914.22864
REGION1,PTNGESPI0,1,2051,420.48
REGION1,PTNGESPI0,2,2051,756.864
REGION1,RSNGBGPI0,1,2051,2062.53324
REGION1,RSNGHUPI0,1,2051,1291.71456
REGION1,RSNGROPI0,1,2051,182.39634
REGION1,RUNGEEPI0,1,2051,202.2246
REGION1,RUNGFIPI0,1,2051,289.08
REGION1,RUNGLVPI0,1,2051,413.91
REGION1,TRNGBGPI0,1,2051,3059.95122
REGION1,TRNGGRPI0,1,2051,2336.31828
REGION1,UANGHUPI0,1,2051,2719.82232
REGION1,UANGPLPI0,1,2051,712.7136
REGION1,UANGROPI0,1,2051,2257.6491
REGION1,UANGSKPI0,1,2051,10290.82752
REGION1,BENGLUPI0,1,2051,231.12
REGION1,NGNGDZPI0,1,2051,645.0
REGION1,MZNGZAPI0,1,2051,4402.98399999999
REGION1,NGNGLYPI0,1,2051,1140.0
REGION1,ETNGDJPI0,1,2051,456.0
REGION1,NGNGGQPI0,1,2051,304.0
REGION1,TZNGKEPI0,1,2051,304.0
REGION1,NGNGMAPI0,1,2051,1140.0
REGION1,NGNGBJPI0,1,2051,175.85
REGION1,NGNGGHPI0,1,2051,175.85
REGION1,NGNGNEPI0,1,2051,1140.0
REGION1,NGNGTGPI0,1,2051,175.85
REGION1,NGNGTNPI0,1,2051,1273.0
REGION1,DZNGMAPI0,1,2051,456.0
REGION1,ALNGGRPI0,1,2052,53.03304
REGION1,ALNGITPI0,1,2052,2843.4303
REGION1,ATNGDEPI0,1,2052,4015.470996
REGION1,ATNGDEPI0,2,2052,3717.040572
REGION1,ATNGHUPI0,1,2052,804.58848
REGION1,ATNGITPI0,1,2052,6213.49866
REGION1,ATNGITPI0,2,2052,1961.822741
REGION1,ATNGSIPI0,1,2052,591.3
REGION1,ATNGSIPI0,2,2052,656.343
REGION1,ATNGSKPI0,1,2052,1840.7826
REGION1,ATNGSKPI0,2,2052,8799.201
REGION1,BENGDEPI0,1,2052,2901.937464
REGION1,BENGDEPI0,2,2052,1975.423744
REGION1,BENGFRPI0,1,2052,3193.02
REGION1,BENGFRPI0,2,2052,1423.062
REGION1,BENGUKPI0,1,2052,4222.6704
REGION1,BENGUKPI0,2,2052,3425.3352
REGION1,BENGNLPI0,1,2052,2147.6016
REGION1,BENGNLPI0,2,2052,4465.011904
REGION1,BGNGGRPI0,1,2052,628.84098
REGION1,BGNGGRPI0,2,2052,1724.04684
REGION1,BGNGROPI0,1,2052,1450.113318
REGION1,BGNGROPI0,2,2052,1252.385226
REGION1,BYNGLTPI0,1,2052,1282.7268
REGION1,CYNGEGPI0,1,2052,304.0
REGION1,CYNGGRPI0,1,2052,1300.86
REGION1,CYNGGRPI0,2,2052,118.26
REGION1,CZNGDEPI0,1,2052,6264.21906
REGION1,CZNGDEPI0,2,2052,4662.174492
REGION1,CZNGPLPI0,1,2052,269.5277851
REGION1,CZNGPLPI0,2,2052,164.7756
REGION1,CZNGSKPI0,1,2052,7529.40396
REGION1,CZNGSKPI0,2,2052,2452.21308
REGION1,DENGCHPI0,1,2052,2022.973798
REGION1,DENGCHPI0,2,2052,993.384
REGION1,DENGFRPI0,1,2052,2028.47436
REGION1,DENGNLPI0,1,2052,7742.265445
REGION1,DENGNLPI0,2,2052,6898.655949
REGION1,DENGPLPI0,1,2052,1277.85186
REGION1,DENGPLPI0,2,2052,0.48618
REGION1,DKNGDEPI0,1,2052,163.5750665
REGION1,DKNGDEPI0,2,2052,650.069964
REGION1,DKNGPLPI0,1,2052,1690.676496
REGION1,DKNGPLPI0,2,2052,479.0844
REGION1,DKNGSEPI0,1,2052,115.3692
REGION1,DKNGSEPI0,2,2052,115.3692
REGION1,DZNGESPI0,1,2052,1771.90729
REGION1,DZNGITPI0,1,2052,6133.21326
REGION1,EENGFIPI0,1,2052,349.6554
REGION1,EENGFIPI0,2,2052,425.736
REGION1,EENGLVPI0,1,2052,551.88
REGION1,EENGLVPI0,2,2052,551.88
REGION1,FRNGCHPI0,1,2052,1361.94786
REGION1,FRNGCHPI0,2,2052,644.43816
REGION1,FRNGESPI0,1,2052,864.97992
REGION1,FRNGESPI0,2,2052,1179.4464
REGION1,GRNGITPI0,1,2052,1261.44
REGION1,HRNGHUPI0,1,2052,473.6239416
REGION1,HRNGHUPI0,2,2052,407.81304
REGION1,HRNGSIPI0,1,2052,583.33716
REGION1,HRNGSIPI0,2,2052,512.8542
REGION1,HUNGROPI0,1,2052,407.12976
REGION1,HUNGROPI0,2,2052,385.63272
REGION1,HUNGSKPI0,1,2052,267.42528
REGION1,HUNGSKPI0,2,2052,677.86632
REGION1,IENGUKPI0,1,2052,261.3546
REGION1,IENGUKPI0,2,2052,2116.5255
REGION1,ITNGCHPI0,1,2052,2109.027805
REGION1,ITNGCHPI0,2,2052,3372.52554
REGION1,ITNGMTPI0,1,2052,86.1984
REGION1,ITNGMTPI0,2,2052,86.1984
REGION1,ITNGSIPI0,1,2052,225.69264
REGION1,ITNGSIPI0,2,2052,211.59342
REGION1,LTNGPLPI0,1,2052,305.2117152
REGION1,LTNGPLPI0,2,2052,317.157552
REGION1,LVNGLTPI0,1,2052,408.7854
REGION1,LVNGLTPI0,2,2052,473.04
REGION1,LYNGITPI0,1,2052,1946.32308
REGION1,MANGESPI0,1,2052,1745.7147
REGION1,MDNGROPI0,1,2052,113.47704
REGION1,NLNGUKPI0,1,2052,2598.5664
REGION1,NLNGUKPI0,2,2052,883.008
REGION1,NONGBEPI0,1,2052,2564.928
REGION1,NONGDEPI0,1,2052,6490.794077
REGION1,NONGDKPI0,1,2052,1670.8824
REGION1,NONGFRPI0,1,2052,3015.63
REGION1,NONGUKPI0,1,2052,7879.2696
REGION1,NONGNLPI0,1,2052,5066.2584
REGION1,PLNGSKPI0,1,2052,758.850768
REGION1,PLNGSKPI0,2,2052,914.22864
REGION1,PTNGESPI0,1,2052,420.48
REGION1,PTNGESPI0,2,2052,756.864
REGION1,RSNGBGPI0,1,2052,2062.53324
REGION1,RSNGHUPI0,1,2052,1291.71456
REGION1,RSNGROPI0,1,2052,182.39634
REGION1,RUNGEEPI0,1,2052,202.2246
REGION1,RUNGFIPI0,1,2052,289.08
REGION1,RUNGLVPI0,1,2052,413.91
REGION1,TRNGBGPI0,1,2052,3059.95122
REGION1,TRNGGRPI0,1,2052,2336.31828
REGION1,UANGHUPI0,1,2052,2719.82232
REGION1,UANGPLPI0,1,2052,712.7136
REGION1,UANGROPI0,1,2052,2257.6491
REGION1,UANGSKPI0,1,2052,10290.82752
REGION1,BENGLUPI0,1,2052,231.12
REGION1,NGNGDZPI0,1,2052,645.0
REGION1,MZNGZAPI0,1,2052,4402.98399999999
REGION1,NGNGLYPI0,1,2052,1140.0
REGION1,ETNGDJPI0,1,2052,456.0
REGION1,NGNGGQPI0,1,2052,304.0
REGION1,TZNGKEPI0,1,2052,304.0
REGION1,NGNGMAPI0,1,2052,1140.0
REGION1,NGNGBJPI0,1,2052,175.85
REGION1,NGNGGHPI0,1,2052,175.85
REGION1,NGNGNEPI0,1,2052,1140.0
REGION1,NGNGTGPI0,1,2052,175.85
REGION1,NGNGTNPI0,1,2052,1273.0
REGION1,DZNGMAPI0,1,2052,456.0
REGION1,ALNGGRPI0,1,2053,53.03304
REGION1,ALNGITPI0,1,2053,2843.4303
REGION1,ATNGDEPI0,1,2053,4015.470996
REGION1,ATNGDEPI0,2,2053,3717.040572
REGION1,ATNGHUPI0,1,2053,804.58848
REGION1,ATNGITPI0,1,2053,6213.49866
REGION1,ATNGITPI0,2,2053,1961.822741
REGION1,ATNGSIPI0,1,2053,591.3
REGION1,ATNGSIPI0,2,2053,656.343
REGION1,ATNGSKPI0,1,2053,1840.7826
REGION1,ATNGSKPI0,2,2053,8799.201
REGION1,BENGDEPI0,1,2053,2901.937464
REGION1,BENGDEPI0,2,2053,1975.423744
REGION1,BENGFRPI0,1,2053,3193.02
REGION1,BENGFRPI0,2,2053,1423.062
REGION1,BENGUKPI0,1,2053,4222.6704
REGION1,BENGUKPI0,2,2053,3425.3352
REGION1,BENGNLPI0,1,2053,2147.6016
REGION1,BENGNLPI0,2,2053,4465.011904
REGION1,BGNGGRPI0,1,2053,628.84098
REGION1,BGNGGRPI0,2,2053,1724.04684
REGION1,BGNGROPI0,1,2053,1450.113318
REGION1,BGNGROPI0,2,2053,1252.385226
REGION1,BYNGLTPI0,1,2053,1282.7268
REGION1,CYNGEGPI0,1,2053,304.0
REGION1,CYNGGRPI0,1,2053,1300.86
REGION1,CYNGGRPI0,2,2053,118.26
REGION1,CZNGDEPI0,1,2053,6264.21906
REGION1,CZNGDEPI0,2,2053,4662.174492
REGION1,CZNGPLPI0,1,2053,269.5277851
REGION1,CZNGPLPI0,2,2053,164.7756
REGION1,CZNGSKPI0,1,2053,7529.40396
REGION1,CZNGSKPI0,2,2053,2452.21308
REGION1,DENGCHPI0,1,2053,2022.973798
REGION1,DENGCHPI0,2,2053,993.384
REGION1,DENGFRPI0,1,2053,2028.47436
REGION1,DENGNLPI0,1,2053,7742.265445
REGION1,DENGNLPI0,2,2053,6898.655949
REGION1,DENGPLPI0,1,2053,1277.85186
REGION1,DENGPLPI0,2,2053,0.48618
REGION1,DKNGDEPI0,1,2053,163.5750665
REGION1,DKNGDEPI0,2,2053,650.069964
REGION1,DKNGPLPI0,1,2053,1690.676496
REGION1,DKNGPLPI0,2,2053,479.0844
REGION1,DKNGSEPI0,1,2053,115.3692
REGION1,DKNGSEPI0,2,2053,115.3692
REGION1,DZNGESPI0,1,2053,1771.90729
REGION1,DZNGITPI0,1,2053,6133.21326
REGION1,EENGFIPI0,1,2053,349.6554
REGION1,EENGFIPI0,2,2053,425.736
REGION1,EENGLVPI0,1,2053,551.88
REGION1,EENGLVPI0,2,2053,551.88
REGION1,FRNGCHPI0,1,2053,1361.94786
REGION1,FRNGCHPI0,2,2053,644.43816
REGION1,FRNGESPI0,1,2053,864.97992
REGION1,FRNGESPI0,2,2053,1179.4464
REGION1,GRNGITPI0,1,2053,1261.44
REGION1,HRNGHUPI0,1,2053,473.6239416
REGION1,HRNGHUPI0,2,2053,407.81304
REGION1,HRNGSIPI0,1,2053,583.33716
REGION1,HRNGSIPI0,2,2053,512.8542
REGION1,HUNGROPI0,1,2053,407.12976
REGION1,HUNGROPI0,2,2053,385.63272
REGION1,HUNGSKPI0,1,2053,267.42528
REGION1,HUNGSKPI0,2,2053,677.86632
REGION1,IENGUKPI0,1,2053,261.3546
REGION1,IENGUKPI0,2,2053,2116.5255
REGION1,ITNGCHPI0,1,2053,2109.027805
REGION1,ITNGCHPI0,2,2053,3372.52554
REGION1,ITNGMTPI0,1,2053,86.1984
REGION1,ITNGMTPI0,2,2053,86.1984
REGION1,ITNGSIPI0,1,2053,225.69264
REGION1,ITNGSIPI0,2,2053,211.59342
REGION1,LTNGPLPI0,1,2053,305.2117152
REGION1,LTNGPLPI0,2,2053,317.157552
REGION1,LVNGLTPI0,1,2053,408.7854
REGION1,LVNGLTPI0,2,2053,473.04
REGION1,LYNGITPI0,1,2053,1946.32308
REGION1,MANGESPI0,1,2053,1745.7147
REGION1,MDNGROPI0,1,2053,113.47704
REGION1,NLNGUKPI0,1,2053,2598.5664
REGION1,NLNGUKPI0,2,2053,883.008
REGION1,NONGBEPI0,1,2053,2564.928
REGION1,NONGDEPI0,1,2053,6490.794077
REGION1,NONGDKPI0,1,2053,1670.8824
REGION1,NONGFRPI0,1,2053,3015.63
REGION1,NONGUKPI0,1,2053,7879.2696
REGION1,NONGNLPI0,1,2053,5066.2584
REGION1,PLNGSKPI0,1,2053,758.850768
REGION1,PLNGSKPI0,2,2053,914.22864
REGION1,PTNGESPI0,1,2053,420.48
REGION1,PTNGESPI0,2,2053,756.864
REGION1,RSNGBGPI0,1,2053,2062.53324
REGION1,RSNGHUPI0,1,2053,1291.71456
REGION1,RSNGROPI0,1,2053,182.39634
REGION1,RUNGEEPI0,1,2053,202.2246
REGION1,RUNGFIPI0,1,2053,289.08
REGION1,RUNGLVPI0,1,2053,413.91
REGION1,TRNGBGPI0,1,2053,3059.95122
REGION1,TRNGGRPI0,1,2053,2336.31828
REGION1,UANGHUPI0,1,2053,2719.82232
REGION1,UANGPLPI0,1,2053,712.7136
REGION1,UANGROPI0,1,2053,2257.6491
REGION1,UANGSKPI0,1,2053,10290.82752
REGION1,BENGLUPI0,1,2053,231.12
REGION1,NGNGDZPI0,1,2053,645.0
REGION1,MZNGZAPI0,1,2053,4402.98399999999
REGION1,NGNGLYPI0,1,2053,1140.0
REGION1,ETNGDJPI0,1,2053,456.0
REGION1,NGNGGQPI0,1,2053,304.0
REGION1,TZNGKEPI0,1,2053,304.0
REGION1,NGNGMAPI0,1,2053,1140.0
REGION1,NGNGBJPI0,1,2053,175.85
REGION1,NGNGGHPI0,1,2053,175.85
REGION1,NGNGNEPI0,1,2053,1140.0
REGION1,NGNGTGPI0,1,2053,175.85
REGION1,NGNGTNPI0,1,2053,1273.0
REGION1,DZNGMAPI0,1,2053,456.0
REGION1,ALNGGRPI0,1,2054,53.03304
REGION1,ALNGITPI0,1,2054,2843.4303
REGION1,ATNGDEPI0,1,2054,4015.470996
REGION1,ATNGDEPI0,2,2054,3717.040572
REGION1,ATNGHUPI0,1,2054,804.58848
REGION1,ATNGITPI0,1,2054,6213.49866
REGION1,ATNGITPI0,2,2054,1961.822741
REGION1,ATNGSIPI0,1,2054,591.3
REGION1,ATNGSIPI0,2,2054,656.343
REGION1,ATNGSKPI0,1,2054,1840.7826
REGION1,ATNGSKPI0,2,2054,8799.201
REGION1,BENGDEPI0,1,2054,2901.937464
REGION1,BENGDEPI0,2,2054,1975.423744
REGION1,BENGFRPI0,1,2054,3193.02
REGION1,BENGFRPI0,2,2054,1423.062
REGION1,BENGUKPI0,1,2054,4222.6704
REGION1,BENGUKPI0,2,2054,3425.3352
REGION1,BENGNLPI0,1,2054,2147.6016
REGION1,BENGNLPI0,2,2054,4465.011904
REGION1,BGNGGRPI0,1,2054,628.84098
REGION1,BGNGGRPI0,2,2054,1724.04684
REGION1,BGNGROPI0,1,2054,1450.113318
REGION1,BGNGROPI0,2,2054,1252.385226
REGION1,BYNGLTPI0,1,2054,1282.7268
REGION1,CYNGEGPI0,1,2054,304.0
REGION1,CYNGGRPI0,1,2054,1300.86
REGION1,CYNGGRPI0,2,2054,118.26
REGION1,CZNGDEPI0,1,2054,6264.21906
REGION1,CZNGDEPI0,2,2054,4662.174492
REGION1,CZNGPLPI0,1,2054,269.5277851
REGION1,CZNGPLPI0,2,2054,164.7756
REGION1,CZNGSKPI0,1,2054,7529.40396
REGION1,CZNGSKPI0,2,2054,2452.21308
REGION1,DENGCHPI0,1,2054,2022.973798
REGION1,DENGCHPI0,2,2054,993.384
REGION1,DENGFRPI0,1,2054,2028.47436
REGION1,DENGNLPI0,1,2054,7742.265445
REGION1,DENGNLPI0,2,2054,6898.655949
REGION1,DENGPLPI0,1,2054,1277.85186
REGION1,DENGPLPI0,2,2054,0.48618
REGION1,DKNGDEPI0,1,2054,163.5750665
REGION1,DKNGDEPI0,2,2054,650.069964
REGION1,DKNGPLPI0,1,2054,1690.676496
REGION1,DKNGPLPI0,2,2054,479.0844
REGION1,DKNGSEPI0,1,2054,115.3692
REGION1,DKNGSEPI0,2,2054,115.3692
REGION1,DZNGESPI0,1,2054,1771.90729
REGION1,DZNGITPI0,1,2054,6133.21326
REGION1,EENGFIPI0,1,2054,349.6554
REGION1,EENGFIPI0,2,2054,425.736
REGION1,EENGLVPI0,1,2054,551.88
REGION1,EENGLVPI0,2,2054,551.88
REGION1,FRNGCHPI0,1,2054,1361.94786
REGION1,FRNGCHPI0,2,2054,644.43816
REGION1,FRNGESPI0,1,2054,864.97992
REGION1,FRNGESPI0,2,2054,1179.4464
REGION1,GRNGITPI0,1,2054,1261.44
REGION1,HRNGHUPI0,1,2054,473.6239416
REGION1,HRNGHUPI0,2,2054,407.81304
REGION1,HRNGSIPI0,1,2054,583.33716
REGION1,HRNGSIPI0,2,2054,512.8542
REGION1,HUNGROPI0,1,2054,407.12976
REGION1,HUNGROPI0,2,2054,385.63272
REGION1,HUNGSKPI0,1,2054,267.42528
REGION1,HUNGSKPI0,2,2054,677.86632
REGION1,IENGUKPI0,1,2054,261.3546
REGION1,IENGUKPI0,2,2054,2116.5255
REGION1,ITNGCHPI0,1,2054,2109.027805
REGION1,ITNGCHPI0,2,2054,3372.52554
REGION1,ITNGMTPI0,1,2054,86.1984
REGION1,ITNGMTPI0,2,2054,86.1984
REGION1,ITNGSIPI0,1,2054,225.69264
REGION1,ITNGSIPI0,2,2054,211.59342
REGION1,LTNGPLPI0,1,2054,305.2117152
REGION1,LTNGPLPI0,2,2054,317.157552
REGION1,LVNGLTPI0,1,2054,408.7854
REGION1,LVNGLTPI0,2,2054,473.04
REGION1,LYNGITPI0,1,2054,1946.32308
REGION1,MANGESPI0,1,2054,1745.7147
REGION1,MDNGROPI0,1,2054,113.47704
REGION1,NLNGUKPI0,1,2054,2598.5664
REGION1,NLNGUKPI0,2,2054,883.008
REGION1,NONGBEPI0,1,2054,2564.928
REGION1,NONGDEPI0,1,2054,6490.794077
REGION1,NONGDKPI0,1,2054,1670.8824
REGION1,NONGFRPI0,1,2054,3015.63
REGION1,NONGUKPI0,1,2054,7879.2696
REGION1,NONGNLPI0,1,2054,5066.2584
REGION1,PLNGSKPI0,1,2054,758.850768
REGION1,PLNGSKPI0,2,2054,914.22864
REGION1,PTNGESPI0,1,2054,420.48
REGION1,PTNGESPI0,2,2054,756.864
REGION1,RSNGBGPI0,1,2054,2062.53324
REGION1,RSNGHUPI0,1,2054,1291.71456
REGION1,RSNGROPI0,1,2054,182.39634
REGION1,RUNGEEPI0,1,2054,202.2246
REGION1,RUNGFIPI0,1,2054,289.08
REGION1,RUNGLVPI0,1,2054,413.91
REGION1,TRNGBGPI0,1,2054,3059.95122
REGION1,TRNGGRPI0,1,2054,2336.31828
REGION1,UANGHUPI0,1,2054,2719.82232
REGION1,UANGPLPI0,1,2054,712.7136
REGION1,UANGROPI0,1,2054,2257.6491
REGION1,UANGSKPI0,1,2054,10290.82752
REGION1,BENGLUPI0,1,2054,231.12
REGION1,NGNGDZPI0,1,2054,645.0
REGION1,MZNGZAPI0,1,2054,4402.98399999999
REGION1,NGNGLYPI0,1,2054,1140.0
REGION1,ETNGDJPI0,1,2054,456.0
REGION1,NGNGGQPI0,1,2054,304.0
REGION1,TZNGKEPI0,1,2054,304.0
REGION1,NGNGMAPI0,1,2054,1140.0
REGION1,NGNGBJPI0,1,2054,175.85
REGION1,NGNGGHPI0,1,2054,175.85
REGION1,NGNGNEPI0,1,2054,1140.0
REGION1,NGNGTGPI0,1,2054,175.85
REGION1,NGNGTNPI0,1,2054,1273.0
REGION1,DZNGMAPI0,1,2054,456.0
REGION1,ALNGGRPI0,1,2055,53.03304
REGION1,ALNGITPI0,1,2055,2843.4303
REGION1,ATNGDEPI0,1,2055,4015.470996
REGION1,ATNGDEPI0,2,2055,3717.040572
REGION1,ATNGHUPI0,1,2055,804.58848
REGION1,ATNGITPI0,1,2055,6213.49866
REGION1,ATNGITPI0,2,2055,1961.822741
REGION1,ATNGSIPI0,1,2055,591.3
REGION1,ATNGSIPI0,2,2055,656.343
REGION1,ATNGSKPI0,1,2055,1840.7826
REGION1,ATNGSKPI0,2,2055,8799.201
REGION1,BENGDEPI0,1,2055,2901.937464
REGION1,BENGDEPI0,2,2055,1975.423744
REGION1,BENGFRPI0,1,2055,3193.02
REGION1,BENGFRPI0,2,2055,1423.062
REGION1,BENGUKPI0,1,2055,4222.6704
REGION1,BENGUKPI0,2,2055,3425.3352
REGION1,BENGNLPI0,1,2055,2147.6016
REGION1,BENGNLPI0,2,2055,4465.011904
REGION1,BGNGGRPI0,1,2055,628.84098
REGION1,BGNGGRPI0,2,2055,1724.04684
REGION1,BGNGROPI0,1,2055,1450.113318
REGION1,BGNGROPI0,2,2055,1252.385226
REGION1,BYNGLTPI0,1,2055,1282.7268
REGION1,CYNGEGPI0,1,2055,304.0
REGION1,CYNGGRPI0,1,2055,1300.86
REGION1,CYNGGRPI0,2,2055,118.26
REGION1,CZNGDEPI0,1,2055,6264.21906
REGION1,CZNGDEPI0,2,2055,4662.174492
REGION1,CZNGPLPI0,1,2055,269.5277851
REGION1,CZNGPLPI0,2,2055,164.7756
REGION1,CZNGSKPI0,1,2055,7529.40396
REGION1,CZNGSKPI0,2,2055,2452.21308
REGION1,DENGCHPI0,1,2055,2022.973798
REGION1,DENGCHPI0,2,2055,993.384
REGION1,DENGFRPI0,1,2055,2028.47436
REGION1,DENGNLPI0,1,2055,7742.265445
REGION1,DENGNLPI0,2,2055,6898.655949
REGION1,DENGPLPI0,1,2055,1277.85186
REGION1,DENGPLPI0,2,2055,0.48618
REGION1,DKNGDEPI0,1,2055,163.5750665
REGION1,DKNGDEPI0,2,2055,650.069964
REGION1,DKNGPLPI0,1,2055,1690.676496
REGION1,DKNGPLPI0,2,2055,479.0844
REGION1,DKNGSEPI0,1,2055,115.3692
REGION1,DKNGSEPI0,2,2055,115.3692
REGION1,DZNGESPI0,1,2055,1771.90729
REGION1,DZNGITPI0,1,2055,6133.21326
REGION1,EENGFIPI0,1,2055,349.6554
REGION1,EENGFIPI0,2,2055,425.736
REGION1,EENGLVPI0,1,2055,551.88
REGION1,EENGLVPI0,2,2055,551.88
REGION1,FRNGCHPI0,1,2055,1361.94786
REGION1,FRNGCHPI0,2,2055,644.43816
REGION1,FRNGESPI0,1,2055,864.97992
REGION1,FRNGESPI0,2,2055,1179.4464
REGION1,GRNGITPI0,1,2055,1261.44
REGION1,HRNGHUPI0,1,2055,473.6239416
REGION1,HRNGHUPI0,2,2055,407.81304
REGION1,HRNGSIPI0,1,2055,583.33716
REGION1,HRNGSIPI0,2,2055,512.8542
REGION1,HUNGROPI0,1,2055,407.12976
REGION1,HUNGROPI0,2,2055,385.63272
REGION1,HUNGSKPI0,1,2055,267.42528
REGION1,HUNGSKPI0,2,2055,677.86632
REGION1,IENGUKPI0,1,2055,261.3546
REGION1,IENGUKPI0,2,2055,2116.5255
REGION1,ITNGCHPI0,1,2055,2109.027805
REGION1,ITNGCHPI0,2,2055,3372.52554
REGION1,ITNGMTPI0,1,2055,86.1984
REGION1,ITNGMTPI0,2,2055,86.1984
REGION1,ITNGSIPI0,1,2055,225.69264
REGION1,ITNGSIPI0,2,2055,211.59342
REGION1,LTNGPLPI0,1,2055,305.2117152
REGION1,LTNGPLPI0,2,2055,317.157552
REGION1,LVNGLTPI0,1,2055,408.7854
REGION1,LVNGLTPI0,2,2055,473.04
REGION1,LYNGITPI0,1,2055,1946.32308
REGION1,MANGESPI0,1,2055,1745.7147
REGION1,MDNGROPI0,1,2055,113.47704
REGION1,NLNGUKPI0,1,2055,2598.5664
REGION1,NLNGUKPI0,2,2055,883.008
REGION1,NONGBEPI0,1,2055,2564.928
REGION1,NONGDEPI0,1,2055,6490.794077
REGION1,NONGDKPI0,1,2055,1670.8824
REGION1,NONGFRPI0,1,2055,3015.63
REGION1,NONGUKPI0,1,2055,7879.2696
REGION1,NONGNLPI0,1,2055,5066.2584
REGION1,PLNGSKPI0,1,2055,758.850768
REGION1,PLNGSKPI0,2,2055,914.22864
REGION1,PTNGESPI0,1,2055,420.48
REGION1,PTNGESPI0,2,2055,756.864
REGION1,RSNGBGPI0,1,2055,2062.53324
REGION1,RSNGHUPI0,1,2055,1291.71456
REGION1,RSNGROPI0,1,2055,182.39634
REGION1,RUNGEEPI0,1,2055,202.2246
REGION1,RUNGFIPI0,1,2055,289.08
REGION1,RUNGLVPI0,1,2055,413.91
REGION1,TRNGBGPI0,1,2055,3059.95122
REGION1,TRNGGRPI0,1,2055,2336.31828
REGION1,UANGHUPI0,1,2055,2719.82232
REGION1,UANGPLPI0,1,2055,712.7136
REGION1,UANGROPI0,1,2055,2257.6491
REGION1,UANGSKPI0,1,2055,10290.82752
REGION1,BENGLUPI0,1,2055,231.12
REGION1,NGNGDZPI0,1,2055,645.0
REGION1,MZNGZAPI0,1,2055,4402.98399999999
REGION1,NGNGLYPI0,1,2055,1140.0
REGION1,ETNGDJPI0,1,2055,456.0
REGION1,NGNGGQPI0,1,2055,304.0
REGION1,TZNGKEPI0,1,2055,304.0
REGION1,NGNGMAPI0,1,2055,1140.0
REGION1,NGNGBJPI0,1,2055,175.85
REGION1,NGNGGHPI0,1,2055,175.85
REGION1,NGNGNEPI0,1,2055,1140.0
REGION1,NGNGTGPI0,1,2055,175.85
REGION1,NGNGTNPI0,1,2055,1273.0
REGION1,DZNGMAPI0,1,2055,456.0
