REGION,TECHNOLOGY,YEAR,VALUE
REGION1,BELG00I00,2021,0.0
REGION1,HRLG00I00,2021,0.0
REGION1,CYLG00I00,2021,0.0
REGION1,FRLG00I00,2021,0.0
REGION1,FILG00I00,2021,0.0
REGION1,DELG00I00,2021,0.0
REGION1,GRLG00I00,2021,0.0
REGION1,ITLG00I00,2021,0.0
REGION1,LVLG00I00,2021,0.0
REGION1,LTLG00I00,2021,0.0
REGION1,MTLG00I00,2021,0.0
REGION1,NLLG00I00,2021,0.0
REGION1,PLLG00I00,2021,0.0
REGION1,ESLG00I00,2021,0.0
REGION1,UKLG00I00,2021,0.0
REGION1,PTLG00I00,2021,0.0
REGION1,BENUG2PN1,2021,0.0
REGION1,BGNUG2PN1,2021,0.0
REGION1,CZNUG2PN1,2021,0.0
REGION1,DENUG2PN1,2021,0.0
REGION1,ESNUG2PN1,2021,0.0
REGION1,FINUG2PN1,2021,0.0
REGION1,FRNUG2PN1,2021,0.0
REGION1,HUNUG2PN1,2021,0.0
REGION1,NLNUG2PN1,2021,0.0
REGION1,RONUG2PN1,2021,0.0
REGION1,SENUG2PN1,2021,0.0
REGION1,SINUG2PN1,2021,0.0
REGION1,SKNUG2PN1,2021,0.0
REGION1,CHNUG2PN1,2021,0.0
REGION1,UKNUG2PN1,2021,0.0
REGION1,ATHYDSPN1,2021,0.0
REGION1,BEHYDSPN1,2021,0.0
REGION1,BGHYDSPN1,2021,0.0
REGION1,CZHYDSPN1,2021,0.0
REGION1,DEHYDSPN1,2021,0.0
REGION1,GRHYDSPN1,2021,0.0
REGION1,ESHYDSPN1,2021,0.0
REGION1,FRHYDSPN1,2021,0.0
REGION1,HRHYDSPN1,2021,0.0
REGION1,IEHYDSPN1,2021,0.0
REGION1,ITHYDSPN1,2021,0.0
REGION1,LTHYDSPN1,2021,0.0
REGION1,LUHYDSPN1,2021,0.0
REGION1,PLHYDSPN1,2021,0.0
REGION1,PTHYDSPN1,2021,0.0
REGION1,ROHYDSPN1,2021,0.0
REGION1,SEHYDSPN1,2021,0.0
REGION1,SIHYDSPN1,2021,0.0
REGION1,SKHYDSPN1,2021,0.0
REGION1,CHHYDSPN1,2021,0.0
REGION1,UKHYDSPN1,2021,0.0
REGION1,ATHYDMPN1,2021,0.0
REGION1,ATHYDRPN1,2021,0.0
REGION1,BEHYDMPN1,2021,0.0
REGION1,BEHYDRPN1,2021,0.0
REGION1,BGHYDMPN1,2021,0.0
REGION1,BGHYDRPN1,2021,0.0
REGION1,CZHYDRPN1,2021,0.0
REGION1,CZHYDMPN1,2021,0.0
REGION1,DEHYDMPN1,2021,0.0
REGION1,DEHYDRPN1,2021,0.0
REGION1,DKHYDRPN1,2021,0.0
REGION1,DKHYDMPN1,2021,0.0
REGION1,EEHYDRPN1,2021,0.0
REGION1,GRHYDMPN1,2021,0.0
REGION1,GRHYDRPN1,2021,0.0
REGION1,ESHYDMPN1,2021,0.0
REGION1,ESHYDRPN1,2021,0.0
REGION1,FIHYDMPN1,2021,0.0
REGION1,FIHYDRPN1,2021,0.0
REGION1,FRHYDMPN1,2021,0.0
REGION1,FRHYDRPN1,2021,0.0
REGION1,HRHYDMPN1,2021,0.0
REGION1,HRHYDRPN1,2021,0.0
REGION1,HUHYDMPN1,2021,0.0
REGION1,HUHYDRPN1,2021,0.0
REGION1,IEHYDMPN1,2021,0.0
REGION1,IEHYDRPN1,2021,0.0
REGION1,ITHYDMPN1,2021,0.0
REGION1,ITHYDRPN1,2021,0.0
REGION1,LTHYDRPN1,2021,0.0
REGION1,LUHYDRPN1,2021,0.0
REGION1,LVHYDMPN1,2021,0.0
REGION1,LVHYDRPN1,2021,0.0
REGION1,NLHYDRPN1,2021,0.0
REGION1,PLHYDMPN1,2021,0.0
REGION1,PLHYDRPN1,2021,0.0
REGION1,PTHYDMPN1,2021,0.0
REGION1,PTHYDRPN1,2021,0.0
REGION1,ROHYDMPN1,2021,0.0
REGION1,ROHYDRPN1,2021,0.0
REGION1,SEHYDMPN1,2021,0.0
REGION1,SEHYDRPN1,2021,0.0
REGION1,SIHYDMPN1,2021,0.0
REGION1,SIHYDRPN1,2021,0.0
REGION1,SKHYDMPN1,2021,0.0
REGION1,SKHYDRPN1,2021,0.0
REGION1,NOHYDRPN1,2021,0.0
REGION1,NOHYDMPN1,2021,0.0
REGION1,CHHYDRPN1,2021,0.0
REGION1,CHHYDMPN1,2021,0.0
REGION1,UKHYDMPN1,2021,0.0
REGION1,UKHYDRPN1,2021,0.0
REGION1,EGLG00I00,2021,0.0
REGION1,GHLG00I00,2021,0.0
REGION1,MALG00I00,2021,0.0
REGION1,MZLG00I00,2021,0.0
REGION1,SNLG00I00,2021,0.0
REGION1,ZALG00I00,2021,0.0
REGION1,DZLG00E00,2021,0.0
REGION1,NGLG00E00,2021,0.0
REGION1,EGLG00E00,2021,0.0
REGION1,AOLG00E00,2021,0.0
REGION1,GQLG00E00,2021,0.0
REGION1,MZLG00E00,2021,0.0
REGION1,CGLG00E00,2021,0.0
REGION1,GALG00E00,2021,0.0
REGION1,MRLG00E00,2021,0.0
REGION1,SNLG00E00,2021,0.0
REGION1,TZLG00E00,2021,0.0
REGION1,BFHYDMSN1,2021,0.0
REGION1,BIHYDMSN1,2021,0.0
REGION1,CMHYDMSN1,2021,0.0
REGION1,CDHYDMSN1,2021,0.0
REGION1,ETHYDMSN1,2021,0.0
REGION1,KEHYDMSN1,2021,0.0
REGION1,MLHYDMSN1,2021,0.0
REGION1,NGHYDMSN1,2021,0.0
REGION1,UGHYDMSN1,2021,0.0
REGION1,ZMHYDMSN1,2021,0.0
REGION1,DZHYDMSN1,2021,0.0
REGION1,EGHYDMSN1,2021,0.0
REGION1,MAHYDMSN1,2021,0.0
REGION1,SDHYDMSN1,2021,0.0
REGION1,TNHYDMSN1,2021,0.0
REGION1,AOHYDMSN1,2021,0.0
REGION1,BJHYDMSN1,2021,0.0
REGION1,CFHYDMSN1,2021,0.0
REGION1,CGHYDMSN1,2021,0.0
REGION1,CIHYDMSN1,2021,0.0
REGION1,GQHYDMSN1,2021,0.0
REGION1,SZHYDMSN1,2021,0.0
REGION1,GAHYDMSN1,2021,0.0
REGION1,GHHYDMSN1,2021,0.0
REGION1,GNHYDMSN1,2021,0.0
REGION1,LSHYDMSN1,2021,0.0
REGION1,LRHYDMSN1,2021,0.0
REGION1,MWHYDMSN1,2021,0.0
REGION1,MZHYDMSN1,2021,0.0
REGION1,NAHYDMSN1,2021,0.0
REGION1,RWHYDMSN1,2021,0.0
REGION1,SNHYDMSN1,2021,0.0
REGION1,SLHYDMSN1,2021,0.0
REGION1,ZAHYDMSN1,2021,0.0
REGION1,TGHYDMSN1,2021,0.0
REGION1,TZHYDMSN1,2021,0.0
REGION1,ZWHYDMSN1,2021,0.0
REGION1,MAHYDSPN1,2021,0.0
REGION1,ZAHYDSPN1,2021,0.0
REGION1,KEBATTN1,2021,0.0
REGION1,ETBMCHPN1,2021,0.0
REGION1,KEBMCHPN1,2021,0.0
REGION1,ZABMCHPN1,2021,0.0
REGION1,BWCOSCPN1,2021,0.0
REGION1,ZACOSCPN1,2021,0.0
REGION1,ETGOCVPN1,2021,0.0
REGION1,KEGOCVPN1,2021,0.0
REGION1,RWNGGCPN1,2021,0.0
REGION1,DZNGCCPN1,2021,0.0
REGION1,MANGCCPN1,2021,0.0
REGION1,TNNGCCPN1,2021,0.0
REGION1,UGNGCCPN1,2021,0.0
REGION1,MZNGGCPN1,2021,0.0
REGION1,NGNGGCPN1,2021,0.0
REGION1,AOSOU1PN1,2021,0.0
REGION1,GASOU1PN1,2021,0.00049
REGION1,DZSOU1PN1,2021,0.0
REGION1,MASOU1PN1,2021,0.0
REGION1,TNSOU1PN1,2021,0.0
REGION1,ETSOU1PN1,2021,0.021184
REGION1,KESOU1PN1,2021,0.0
REGION1,TZSOU1PN1,2021,0.0
REGION1,BWSOU1PN1,2021,0.0
REGION1,ZASOU1PN1,2021,0.0
REGION1,MAWINDPN1,2021,0.0
REGION1,TNWINDPN1,2021,0.0
REGION1,ETWINDPN1,2021,0.0
REGION1,KEWINDPN1,2021,0.0
REGION1,ZAWINDPN1,2021,2.495
REGION1,CICOSCPN1,2021,0.0
REGION1,EGNULWPN1,2021,0.0
REGION1,SSHYDMSN1,2021,0.0
REGION1,MABATTN1,2021,0.0
REGION1,CGSOU1PN1,2021,0.000565
REGION1,DJSOU1PN1,2021,0.000429
REGION1,DZWINDPN1,2021,0.01
REGION1,ERSOU1PN1,2021,0.025125
REGION1,ERWINDPN1,2021,0.000825
REGION1,GHWINDPN1,2021,2e-05
REGION1,GQSOU1PN1,2021,0.000189
REGION1,GWSOU1PN1,2021,0.002053
REGION1,LRSOU1PN1,2021,0.002136
REGION1,RWSOU1PN1,2021,0.02505
REGION1,SLSOU1PN1,2021,0.014772
REGION1,SSSOU1PN1,2021,0.003533
REGION1,SZNGCCPN1,2021,0.0
REGION1,SZWINDPN1,2021,0.0
REGION1,TDWINDPN1,2021,0.0011
REGION1,TGWINDPN1,2021,0.0
REGION1,TZWINDPN1,2021,0.0024
REGION1,ZMSOU1PN1,2021,0.096888
REGION1,DZNGCCPH1,2021,0.0
REGION1,DZNGGCPH1,2021,0.0
REGION1,DZSOU1PH1,2021,0.0
REGION1,EGBMCHPH1,2021,0.0
REGION1,EGSOU1PH1,2021,0.0
REGION1,EGWINDPH1,2021,0.0
REGION1,LYNGCCPH1,2021,0.0
REGION1,LYNGGCPH1,2021,0.0
REGION1,LYLFRCPH1,2021,0.0
REGION1,LYHFGCPH1,2021,0.0
REGION1,LYSOU1PH1,2021,0.0
REGION1,MASOU1PH1,2021,0.0
REGION1,MAWINDPH1,2021,0.0
REGION1,SDSOU1PH1,2021,0.0
REGION1,TNNGCCPH1,2021,0.0
REGION1,TNNGGCPH1,2021,0.0
REGION1,TNSOU1PH1,2021,0.0
REGION1,AOSOU1PH1,2021,0.0
REGION1,BJSOU1PH1,2021,0.0
REGION1,BFLFRCPH1,2021,0.0
REGION1,BFHFGCPH1,2021,0.0
REGION1,BFHYDMSH1,2021,0.0
REGION1,BFSOU1PH1,2021,0.0
REGION1,BIHYDMSH1,2021,0.0
REGION1,CMHYDMSH1,2021,0.0
REGION1,CMSOU1PH1,2021,0.0
REGION1,CFSOU1PH1,2021,0.0
REGION1,CINGCCPH1,2021,0.0
REGION1,CINGGCPH1,2021,0.0
REGION1,CISOU1PH1,2021,0.0
REGION1,CDLFRCPH1,2021,0.0
REGION1,CDHFGCPH1,2021,0.0
REGION1,CDHYDMSH1,2021,0.0
REGION1,CDSOU1PH1,2021,0.0
REGION1,DJWINDPH1,2021,0.0
REGION1,ETBMCHPH1,2021,0.0
REGION1,ETHYDMSH1,2021,0.0
REGION1,ETWINDPH1,2021,0.0
REGION1,GHNGCCPH1,2021,0.0
REGION1,GHNGGCPH1,2021,0.0
REGION1,GHSOU1PH1,2021,0.0
REGION1,KEGOCVPH1,2021,0.0
REGION1,KEHYDMSH1,2021,0.0
REGION1,KESOU1PH1,2021,0.0
REGION1,LSSOU1PH1,2021,0.0
REGION1,MWSOU1PH1,2021,0.0
REGION1,MLHYDMSH1,2021,0.0
REGION1,MLSOU1PH1,2021,0.0
REGION1,MRSOU1PH1,2021,0.0
REGION1,MRWINDPH1,2021,0.0
REGION1,MZLFRCPH1,2021,0.0
REGION1,MZHFGCPH1,2021,0.0
REGION1,MZSOU1PH1,2021,0.0
REGION1,NASOU1PH1,2021,0.0
REGION1,NELFRCPH1,2021,0.0
REGION1,NEHFGCPH1,2021,0.0
REGION1,NESOU1PH1,2021,0.0
REGION1,NGNGCCPH1,2021,0.0
REGION1,NGNGGCPH1,2021,0.0
REGION1,NGLFRCPH1,2021,0.0
REGION1,NGHFGCPH1,2021,0.0
REGION1,NGHYDMSH1,2021,0.0
REGION1,NGSOU1PH1,2021,0.0
REGION1,RWCOSCPH1,2021,0.0
REGION1,SNNGCCPH1,2021,0.0
REGION1,SNLFRCPH1,2021,0.0
REGION1,SNHFGCPH1,2021,0.0
REGION1,SNSOU1PH1,2021,0.0
REGION1,ZANULWPH1,2021,0.0
REGION1,ZASOU1PH1,2021,0.0
REGION1,SSWINDPH1,2021,0.0
REGION1,TGSOU1PH1,2021,0.0
REGION1,UGHYDMSH1,2021,0.0
REGION1,TZSOU1PH1,2021,0.0
REGION1,ZMHYDMSH1,2021,0.0
REGION1,ZWSOU1PH1,2021,0.0
REGION1,ZWCOSCPH1,2021,0.0
REGION1,DZLFRCPH1,2021,0.0
REGION1,DZHFGCPH1,2021,0.0
REGION1,DZHYDMSH1,2021,0.0
REGION1,DZSOC1PH1,2021,0.0
REGION1,EGNGCCPH1,2021,0.0
REGION1,EGNGGCPH1,2021,0.0
REGION1,EGLFRCPH1,2021,0.0
REGION1,EGHFGCPH1,2021,0.0
REGION1,EGHYDMSH1,2021,0.0
REGION1,EGSOC1PH1,2021,0.0
REGION1,MACOSCPH1,2021,0.0
REGION1,MALFRCPH1,2021,0.0
REGION1,MAHFGCPH1,2021,0.0
REGION1,MANGCCPH1,2021,0.0
REGION1,MANGGCPH1,2021,0.0
REGION1,MABMCHPH1,2021,0.0
REGION1,MAHYDMSH1,2021,0.0
REGION1,MASOC1PH1,2021,0.0
REGION1,SDLFRCPH1,2021,0.0
REGION1,SDHFGCPH1,2021,0.0
REGION1,SDBMCHPH1,2021,0.0
REGION1,SDHYDMSH1,2021,0.0
REGION1,TNLFRCPH1,2021,0.0
REGION1,TNHFGCPH1,2021,0.0
REGION1,TNHYDMSH1,2021,0.0
REGION1,TNWINDPH1,2021,0.0
REGION1,AONGGCPH1,2021,0.0
REGION1,AOLFRCPH1,2021,0.0
REGION1,AOHFGCPH1,2021,0.0
REGION1,AOBMCHPH1,2021,0.0
REGION1,AOHYDMSH1,2021,0.0
REGION1,BJNGGCPH1,2021,0.0
REGION1,BJLFRCPH1,2021,0.0
REGION1,BJHFGCPH1,2021,0.0
REGION1,BJHYDMSH1,2021,0.0
REGION1,BWCOSCPH1,2021,0.0
REGION1,BWLFRCPH1,2021,0.0
REGION1,BWSOU1PH1,2021,0.0
REGION1,BFBMCHPH1,2021,0.0
REGION1,BILFRCPH1,2021,0.0
REGION1,BISOU1PH1,2021,0.0
REGION1,CMNGGCPH1,2021,0.0
REGION1,CMLFRCPH1,2021,0.0
REGION1,CMHFGCPH1,2021,0.0
REGION1,CFLFRCPH1,2021,0.0
REGION1,CFHYDMSH1,2021,0.0
REGION1,TDNGCCPH1,2021,0.0
REGION1,TDLFRCPH1,2021,0.0
REGION1,TDHFGCPH1,2021,0.0
REGION1,TDBMCHPH1,2021,0.0
REGION1,TDSOU1PH1,2021,0.0
REGION1,CGNGGCPH1,2021,0.0
REGION1,CGLFRCPH1,2021,0.0
REGION1,CGHFGCPH1,2021,0.0
REGION1,CGBMCHPH1,2021,0.0
REGION1,CGHYDMSH1,2021,0.0
REGION1,CILFRCPH1,2021,0.0
REGION1,CIHFGCPH1,2021,0.0
REGION1,CIHYDMSH1,2021,0.0
REGION1,DJLFRCPH1,2021,0.0
REGION1,DJHFGCPH1,2021,0.0
REGION1,GWNGCCPH1,2021,0.0
REGION1,GQNGGCPH1,2021,0.0
REGION1,GQLFRCPH1,2021,0.0
REGION1,GQHFGCPH1,2021,0.0
REGION1,GQHYDMSH1,2021,0.0
REGION1,ERLFRCPH1,2021,0.0
REGION1,ERHFGCPH1,2021,0.0
REGION1,SZLFRCPH1,2021,0.0
REGION1,SZHFGCPH1,2021,0.0
REGION1,SZBMCHPH1,2021,0.0
REGION1,SZHYDMSH1,2021,0.0
REGION1,SZSOU1PH1,2021,0.0
REGION1,ETLFRCPH1,2021,0.0
REGION1,ETGOCVPH1,2021,0.0
REGION1,GANGGCPH1,2021,0.0
REGION1,GALFRCPH1,2021,0.0
REGION1,GAHFGCPH1,2021,0.0
REGION1,GAHYDMSH1,2021,0.0
REGION1,GMLFRCPH1,2021,0.0
REGION1,GMHFGCPH1,2021,0.0
REGION1,GMWINDPH1,2021,0.0
REGION1,GMSOU1PH1,2021,0.0
REGION1,GHLFRCPH1,2021,0.0
REGION1,GHHFGCPH1,2021,0.0
REGION1,GHBMCHPH1,2021,0.0
REGION1,GHHYDMSH1,2021,0.0
REGION1,GNLFRCPH1,2021,0.0
REGION1,GNHFGCPH1,2021,0.0
REGION1,GNHYDMSH1,2021,0.0
REGION1,GNSOU1PH1,2021,0.0
REGION1,GWLFRCPH1,2021,0.0
REGION1,KELFRCPH1,2021,0.0
REGION1,KEHFGCPH1,2021,0.0
REGION1,KEBMCHPH1,2021,0.0
REGION1,KEWINDPH1,2021,0.0
REGION1,LSHYDMSH1,2021,0.0
REGION1,LRLFRCPH1,2021,0.0
REGION1,LRHFGCPH1,2021,0.0
REGION1,LRHYDMSH1,2021,0.0
REGION1,MWLFRCPH1,2021,0.0
REGION1,MWBMCHPH1,2021,0.0
REGION1,MWHYDMSH1,2021,0.0
REGION1,MLLFRCPH1,2021,0.0
REGION1,MLHFGCPH1,2021,0.0
REGION1,MLBMCHPH1,2021,0.0
REGION1,MRNGCCPH1,2021,0.0
REGION1,MRLFRCPH1,2021,0.0
REGION1,MRHFGCPH1,2021,0.0
REGION1,MZNGGCPH1,2021,0.0
REGION1,MZBMCHPH1,2021,0.0
REGION1,MZHYDMSH1,2021,0.0
REGION1,NACOSCPH1,2021,0.0
REGION1,NALFRCPH1,2021,0.0
REGION1,NAHFGCPH1,2021,0.0
REGION1,NABMCHPH1,2021,0.0
REGION1,NAHYDMSH1,2021,0.0
REGION1,NAWINDPH1,2021,0.0
REGION1,NECOSCPH1,2021,0.0
REGION1,NENGCCPH1,2021,0.0
REGION1,NGBMCHPH1,2021,0.0
REGION1,RWWINDPH1,2021,0.0
REGION1,RWNGGCPH1,2021,0.0
REGION1,RWLFRCPH1,2021,0.0
REGION1,RWHFGCPH1,2021,0.0
REGION1,RWBMCHPH1,2021,0.0
REGION1,RWHYDMSH1,2021,0.0
REGION1,SNHYDMSH1,2021,0.0
REGION1,SNCOSCPH1,2021,0.0
REGION1,SNBMCHPH1,2021,0.0
REGION1,SLWINDPH1,2021,0.0
REGION1,SLLFRCPH1,2021,0.0
REGION1,SLHFGCPH1,2021,0.0
REGION1,SLBMCHPH1,2021,0.0
REGION1,SLHYDMSH1,2021,0.0
REGION1,ZACOSCPH1,2021,0.0
REGION1,ZALFRCPH1,2021,0.0
REGION1,ZAHFGCPH1,2021,0.0
REGION1,ZABMCHPH1,2021,0.0
REGION1,ZAHYDMSH1,2021,0.0
REGION1,ZASOC1PH1,2021,0.0
REGION1,SSLFRCPH1,2021,0.0
REGION1,SSHFGCPH1,2021,0.0
REGION1,TGNGCCPH1,2021,0.0
REGION1,TGLFRCPH1,2021,0.0
REGION1,TGHFGCPH1,2021,0.0
REGION1,TGHYDMSH1,2021,0.0
REGION1,UGSOU1PH1,2021,0.0
REGION1,UGLFRCPH1,2021,0.0
REGION1,UGHFGCPH1,2021,0.0
REGION1,UGBMCHPH1,2021,0.0
REGION1,TZNGGCPH1,2021,0.0
REGION1,TZLFRCPH1,2021,0.0
REGION1,TZHFGCPH1,2021,0.0
REGION1,TZBMCHPH1,2021,0.0
REGION1,TZHYDMSH1,2021,0.0
REGION1,ZMWINDPH1,2021,0.0
REGION1,ZMCOSCPH1,2021,0.0
REGION1,ZMLFRCPH1,2021,0.0
REGION1,ZMHFGCPH1,2021,0.0
REGION1,ZMBMCHPH1,2021,0.0
REGION1,ZWLFRCPH1,2021,0.0
REGION1,SNWINDPH1,2021,0.0
REGION1,ZWHYDMSH1,2021,0.0
REGION1,ZWBMCHPH1,2021,0.0
REGION1,SOLFRCPH1,2021,0.0
REGION1,SOSOU1PH1,2021,0.0
REGION1,SOWINDPH1,2021,0.0
REGION1,MAHYDSPH1,2021,0.0
REGION1,ZAHYDSPH1,2021,0.0
REGION1,ATELCZPH1,2021,0.0
REGION1,ATELDEPH1,2021,0.0
REGION1,ATELHUPH1,2021,0.0
REGION1,ATELITPH1,2021,0.0
REGION1,ATELSIPH1,2021,0.0
REGION1,ATELCHPH1,2021,0.0
REGION1,BEELFRPH1,2021,0.0
REGION1,BEELDEPH1,2021,0.0
REGION1,BEELLUPH1,2021,0.0
REGION1,BEELNLPH1,2021,0.0
REGION1,BEELUKPH1,2021,0.0
REGION1,BGELGRPH1,2021,0.0
REGION1,BGELROPH1,2021,0.0
REGION1,CZELDEPH1,2021,0.0
REGION1,CZELPLPH1,2021,0.0
REGION1,CZELSKPH1,2021,0.0
REGION1,HRELHUPH1,2021,0.0
REGION1,HRELSIPH1,2021,0.0
REGION1,DKELNLPH1,2021,0.0
REGION1,DKELNOPH1,2021,0.0
REGION1,DKELSEPH1,2021,0.0
REGION1,DKELUKPH1,2021,0.0
REGION1,EEELFIPH1,2021,0.0
REGION1,EEELLVPH1,2021,0.0
REGION1,FIELNOPH1,2021,0.0
REGION1,FIELSEPH1,2021,0.0
REGION1,FRELITPH1,2021,0.0
REGION1,FRELLUPH1,2021,0.0
REGION1,FRELUKPH1,2021,0.0
REGION1,DEELDKPH1,2021,0.0
REGION1,DEELFRPH1,2021,0.0
REGION1,DEELLUPH1,2021,0.0
REGION1,DEELNLPH1,2021,0.0
REGION1,DEELNOPH1,2021,0.0
REGION1,DEELPLPH1,2021,0.0
REGION1,DEELSEPH1,2021,0.0
REGION1,DEELUKPH1,2021,0.0
REGION1,HUELROPH1,2021,0.0
REGION1,HUELSKPH1,2021,0.0
REGION1,HUELSIPH1,2021,0.0
REGION1,IEELUKPH1,2021,0.0
REGION1,ITELMTPH1,2021,0.0
REGION1,ITELSIPH1,2021,0.0
REGION1,LTELLVPH1,2021,0.0
REGION1,LTELPLPH1,2021,0.0
REGION1,LTELSEPH1,2021,0.0
REGION1,NLELNOPH1,2021,0.0
REGION1,NLELUKPH1,2021,0.0
REGION1,NOELSEPH1,2021,0.0
REGION1,NOELUKPH1,2021,0.0
REGION1,PLELSKPH1,2021,0.0
REGION1,PLELSEPH1,2021,0.0
REGION1,ESELFRPH1,2021,0.0
REGION1,ESELPTPH1,2021,0.0
REGION1,CHELFRPH1,2021,0.0
REGION1,CHELDEPH1,2021,0.0
REGION1,CHELITPH1,2021,0.0
REGION1,GRELITPH1,2021,0.0
REGION1,BGELMKPH1,2021,0.0
REGION1,BGELRSPH1,2021,0.0
REGION1,BGELTRPH1,2021,0.0
REGION1,HRELBAPH1,2021,0.0
REGION1,HRELRSPH1,2021,0.0
REGION1,EEELRUPH1,2021,0.0
REGION1,GRELALPH1,2021,0.0
REGION1,GRELTRPH1,2021,0.0
REGION1,HUELRSPH1,2021,0.0
REGION1,HUELUAPH1,2021,0.0
REGION1,ITELMEPH1,2021,0.0
REGION1,LVELRUPH1,2021,0.0
REGION1,LTELBYPH1,2021,0.0
REGION1,LTELRUPH1,2021,0.0
REGION1,PLELUAPH1,2021,0.0
REGION1,ROELMDPH1,2021,0.0
REGION1,ROELRSPH1,2021,0.0
REGION1,ROELUAPH1,2021,0.0
REGION1,SKELUAPH1,2021,0.0
REGION1,GRELMKPH1,2021,0.0
REGION1,ESELMAPH1,2021,0.0
REGION1,CYELILPH1,2021,0.0
REGION1,SEELLVPH1,2021,0.0
REGION1,BEELDKPH1,2021,0.0
REGION1,ITELTNPH1,2021,0.0
REGION1,GRELEGPH1,2021,0.0
REGION1,ITELDZPH1,2021,0.0
REGION1,MTELTNPH1,2021,0.0
REGION1,ROELGEPH1,2021,0.0
REGION1,ESELITPH1,2021,0.0
REGION1,DEELLVPH1,2021,0.0
REGION1,GRELDEPH1,2021,0.0
REGION1,ITELSAPH1,2021,0.0
REGION1,UKELMAPH1,2021,0.0
REGION1,DEELMAPH1,2021,0.0
REGION1,BIELRWPH1,2021,0.0
REGION1,BWELZAPH1,2021,0.0
REGION1,CDELBIPH1,2021,0.0
REGION1,CDELCGPH1,2021,0.0
REGION1,CDELRWPH1,2021,0.0
REGION1,CDELZMPH1,2021,0.0
REGION1,CIELBFPH1,2021,0.0
REGION1,EGELJOPH1,2021,0.0
REGION1,EGELSDPH1,2021,0.0
REGION1,ETELDJPH1,2021,0.0
REGION1,ETELSDPH1,2021,0.0
REGION1,GHELCIPH1,2021,0.0
REGION1,GHELTGPH1,2021,0.0
REGION1,KEELTZPH1,2021,0.0
REGION1,LSELZAPH1,2021,0.0
REGION1,LYELEGPH1,2021,0.0
REGION1,MAELDZPH1,2021,0.0
REGION1,MZELSZPH1,2021,0.0
REGION1,MZELZAPH1,2021,0.0
REGION1,MZELZWPH1,2021,0.0
REGION1,NGELBJPH1,2021,0.0
REGION1,NGELNEPH1,2021,0.0
REGION1,NAELZAPH1,2021,0.0
REGION1,RWELBIPH1,2021,0.0
REGION1,SNELMLPH1,2021,0.0
REGION1,TGELBJPH1,2021,0.0
REGION1,TNELDZPH1,2021,0.0
REGION1,TZELUGPH1,2021,0.0
REGION1,UGELKEPH1,2021,0.0
REGION1,UGELRWPH1,2021,0.0
REGION1,UGELTZPH1,2021,0.0
REGION1,ZAELSZPH1,2021,0.0
REGION1,ZAELZWPH1,2021,0.0
REGION1,ZMELZWPH1,2021,0.0
REGION1,AOELBWPH1,2021,0.0
REGION1,AOELCDPH1,2021,0.0
REGION1,AOELNAPH1,2021,0.0
REGION1,BFELMLPH1,2021,0.0
REGION1,BWELNAPH1,2021,0.0
REGION1,CDELNAPH1,2021,0.0
REGION1,CDELZAPH1,2021,0.0
REGION1,CGELGAPH1,2021,0.0
REGION1,CMELTDPH1,2021,0.0
REGION1,ETELKEPH1,2021,0.0
REGION1,GAELGQPH1,2021,0.0
REGION1,GHELBFPH1,2021,0.0
REGION1,GMELGWPH1,2021,0.0
REGION1,GQELCMPH1,2021,0.0
REGION1,GWELGNPH1,2021,0.0
REGION1,LRELGNPH1,2021,0.0
REGION1,LRELSLPH1,2021,0.0
REGION1,MLELCIPH1,2021,0.0
REGION1,MWELMZPH1,2021,0.0
REGION1,MWELZMPH1,2021,0.0
REGION1,NAELZWPH1,2021,0.0
REGION1,NEELBFPH1,2021,0.0
REGION1,NEELBJPH1,2021,0.0
REGION1,NEELTGPH1,2021,0.0
REGION1,SLELGNPH1,2021,0.0
REGION1,SNELGMPH1,2021,0.0
REGION1,SNELGNPH1,2021,0.0
REGION1,TGELGHPH1,2021,0.0
REGION1,TZELZMPH1,2021,0.0
REGION1,CIELLRPH1,2021,0.0
REGION1,GNELMLPH1,2021,0.0
REGION1,AOELZMPH1,2021,0.0
REGION1,BFELBJPH1,2021,0.0
REGION1,BFELTGPH1,2021,0.0
REGION1,BIELTZPH1,2021,0.0
REGION1,BJELGHPH1,2021,0.0
REGION1,BWELZMPH1,2021,0.0
REGION1,CDELCFPH1,2021,0.0
REGION1,CDELSDPH1,2021,0.0
REGION1,CDELTZPH1,2021,0.0
REGION1,CDELUGPH1,2021,0.0
REGION1,CFELCGPH1,2021,0.0
REGION1,CFELCMPH1,2021,0.0
REGION1,CFELSDPH1,2021,0.0
REGION1,CFELTDPH1,2021,0.0
REGION1,CGELCMPH1,2021,0.0
REGION1,CIELGNPH1,2021,0.0
REGION1,CMELGAPH1,2021,0.0
REGION1,CMELNGPH1,2021,0.0
REGION1,DJELERPH1,2021,0.0
REGION1,DJELSOPH1,2021,0.0
REGION1,DZELLYPH1,2021,0.0
REGION1,DZELMLPH1,2021,0.0
REGION1,DZELMRPH1,2021,0.0
REGION1,DZELNEPH1,2021,0.0
REGION1,ETELERPH1,2021,0.0
REGION1,ETELSOPH1,2021,0.0
REGION1,GWELSNPH1,2021,0.0
REGION1,KEELSDPH1,2021,0.0
REGION1,KEELSOPH1,2021,0.0
REGION1,LYELNEPH1,2021,0.0
REGION1,LYELSDPH1,2021,0.0
REGION1,LYELTDPH1,2021,0.0
REGION1,LYELTNPH1,2021,0.0
REGION1,MLELMRPH1,2021,0.0
REGION1,MLELNEPH1,2021,0.0
REGION1,MRELSNPH1,2021,0.0
REGION1,MWELTZPH1,2021,0.0
REGION1,MZELTZPH1,2021,0.0
REGION1,MZELZMPH1,2021,0.0
REGION1,NEELTDPH1,2021,0.0
REGION1,NGELTDPH1,2021,0.0
REGION1,RWELTZPH1,2021,0.0
REGION1,SDELERPH1,2021,0.0
REGION1,SDELTDPH1,2021,0.0
REGION1,SDELUGPH1,2021,0.0
REGION1,CYELGRPH1,2021,0.0
REGION1,ALNGGRPI0,2021,0.0
REGION1,ALNGITPI0,2021,0.0
REGION1,ATNGDEPI0,2021,0.0
REGION1,ATNGHUPI0,2021,0.0
REGION1,ATNGITPI0,2021,0.0
REGION1,ATNGSIPI0,2021,0.0
REGION1,ATNGSKPI0,2021,0.0
REGION1,BENGDEPI0,2021,0.0
REGION1,BENGFRPI0,2021,0.0
REGION1,BENGUKPI0,2021,0.0
REGION1,BENGNLPI0,2021,0.0
REGION1,BGNGGRPI0,2021,0.0
REGION1,BGNGROPI0,2021,0.0
REGION1,BYNGLTPI0,2021,0.0
REGION1,CYNGEGPI0,2021,0.0
REGION1,CYNGGRPI0,2021,0.0
REGION1,CZNGDEPI0,2021,0.0
REGION1,CZNGPLPI0,2021,0.0
REGION1,CZNGSKPI0,2021,0.0
REGION1,DENGCHPI0,2021,0.0
REGION1,DENGFRPI0,2021,0.0
REGION1,DENGNLPI0,2021,0.0
REGION1,DENGPLPI0,2021,0.0
REGION1,DKNGDEPI0,2021,0.0
REGION1,DKNGPLPI0,2021,0.0
REGION1,DKNGSEPI0,2021,0.0
REGION1,DZNGESPI0,2021,0.0
REGION1,DZNGITPI0,2021,0.0
REGION1,EENGFIPI0,2021,0.0
REGION1,EENGLVPI0,2021,0.0
REGION1,FRNGCHPI0,2021,0.0
REGION1,FRNGESPI0,2021,0.0
REGION1,GRNGITPI0,2021,0.0
REGION1,HRNGHUPI0,2021,0.0
REGION1,HRNGSIPI0,2021,0.0
REGION1,HUNGROPI0,2021,0.0
REGION1,HUNGSKPI0,2021,0.0
REGION1,IENGUKPI0,2021,0.0
REGION1,ITNGCHPI0,2021,0.0
REGION1,ITNGMTPI0,2021,0.0
REGION1,ITNGSIPI0,2021,0.0
REGION1,LTNGPLPI0,2021,0.0
REGION1,LVNGLTPI0,2021,0.0
REGION1,LYNGITPI0,2021,0.0
REGION1,MANGESPI0,2021,0.0
REGION1,MDNGROPI0,2021,0.0
REGION1,NLNGUKPI0,2021,0.0
REGION1,NONGBEPI0,2021,0.0
REGION1,NONGDEPI0,2021,0.0
REGION1,NONGDKPI0,2021,0.0
REGION1,NONGFRPI0,2021,0.0
REGION1,NONGUKPI0,2021,0.0
REGION1,NONGNLPI0,2021,0.0
REGION1,PLNGSKPI0,2021,0.0
REGION1,PTNGESPI0,2021,0.0
REGION1,RSNGBGPI0,2021,0.0
REGION1,RSNGHUPI0,2021,0.0
REGION1,RSNGROPI0,2021,0.0
REGION1,RUNGEEPI0,2021,0.0
REGION1,RUNGFIPI0,2021,0.0
REGION1,RUNGLVPI0,2021,0.0
REGION1,TRNGBGPI0,2021,0.0
REGION1,TRNGGRPI0,2021,0.0
REGION1,UANGHUPI0,2021,0.0
REGION1,UANGPLPI0,2021,0.0
REGION1,UANGROPI0,2021,0.0
REGION1,UANGSKPI0,2021,0.0
REGION1,BENGLUPI0,2021,0.0
REGION1,NGNGDZPI0,2021,0.0
REGION1,MZNGZAPI0,2021,0.0
REGION1,NGNGLYPI0,2021,0.0
REGION1,ETNGDJPI0,2021,0.0
REGION1,NGNGGQPI0,2021,0.0
REGION1,TZNGKEPI0,2021,0.0
REGION1,NGNGMAPI0,2021,0.0
REGION1,NGNGBJPI0,2021,0.0
REGION1,NGNGGHPI0,2021,0.0
REGION1,NGNGNEPI0,2021,0.0
REGION1,NGNGTGPI0,2021,0.0
REGION1,NGNGTNPI0,2021,0.0
REGION1,DZNGMAPI0,2021,0.0
REGION1,BELG00I00,2022,0.0
REGION1,HRLG00I00,2022,0.0
REGION1,CYLG00I00,2022,0.0
REGION1,FRLG00I00,2022,0.0
REGION1,FILG00I00,2022,0.0
REGION1,DELG00I00,2022,0.0
REGION1,GRLG00I00,2022,0.0
REGION1,ITLG00I00,2022,0.0
REGION1,LVLG00I00,2022,0.0
REGION1,LTLG00I00,2022,0.0
REGION1,MTLG00I00,2022,0.0
REGION1,NLLG00I00,2022,0.0
REGION1,PLLG00I00,2022,0.0
REGION1,ESLG00I00,2022,0.0
REGION1,UKLG00I00,2022,0.0
REGION1,PTLG00I00,2022,0.0
REGION1,BENUG2PN1,2022,0.0
REGION1,BGNUG2PN1,2022,0.0
REGION1,CZNUG2PN1,2022,0.0
REGION1,DENUG2PN1,2022,0.0
REGION1,ESNUG2PN1,2022,0.0
REGION1,FINUG2PN1,2022,0.0
REGION1,FRNUG2PN1,2022,0.0
REGION1,HUNUG2PN1,2022,0.0
REGION1,NLNUG2PN1,2022,0.0
REGION1,RONUG2PN1,2022,0.0
REGION1,SENUG2PN1,2022,0.0
REGION1,SINUG2PN1,2022,0.0
REGION1,SKNUG2PN1,2022,0.0
REGION1,CHNUG2PN1,2022,0.0
REGION1,UKNUG2PN1,2022,0.0
REGION1,ATHYDSPN1,2022,0.0
REGION1,BEHYDSPN1,2022,0.0
REGION1,BGHYDSPN1,2022,0.0
REGION1,CZHYDSPN1,2022,0.0
REGION1,DEHYDSPN1,2022,0.0
REGION1,GRHYDSPN1,2022,0.0
REGION1,ESHYDSPN1,2022,0.0
REGION1,FRHYDSPN1,2022,0.0
REGION1,HRHYDSPN1,2022,0.0
REGION1,IEHYDSPN1,2022,0.0
REGION1,ITHYDSPN1,2022,0.0
REGION1,LTHYDSPN1,2022,0.0
REGION1,LUHYDSPN1,2022,0.0
REGION1,PLHYDSPN1,2022,0.0
REGION1,PTHYDSPN1,2022,0.0
REGION1,ROHYDSPN1,2022,0.0
REGION1,SEHYDSPN1,2022,0.0
REGION1,SIHYDSPN1,2022,0.0
REGION1,SKHYDSPN1,2022,0.0
REGION1,CHHYDSPN1,2022,0.0
REGION1,UKHYDSPN1,2022,0.0
REGION1,ATHYDMPN1,2022,0.0
REGION1,ATHYDRPN1,2022,0.0
REGION1,BEHYDMPN1,2022,0.0
REGION1,BEHYDRPN1,2022,0.0
REGION1,BGHYDMPN1,2022,0.0
REGION1,BGHYDRPN1,2022,0.0
REGION1,CZHYDRPN1,2022,0.0
REGION1,CZHYDMPN1,2022,0.0
REGION1,DEHYDMPN1,2022,0.0
REGION1,DEHYDRPN1,2022,0.0
REGION1,DKHYDRPN1,2022,0.0
REGION1,DKHYDMPN1,2022,0.0
REGION1,EEHYDRPN1,2022,0.0
REGION1,GRHYDMPN1,2022,0.0
REGION1,GRHYDRPN1,2022,0.0
REGION1,ESHYDMPN1,2022,0.0
REGION1,ESHYDRPN1,2022,0.0
REGION1,FIHYDMPN1,2022,0.0
REGION1,FIHYDRPN1,2022,0.0
REGION1,FRHYDMPN1,2022,0.0
REGION1,FRHYDRPN1,2022,0.0
REGION1,HRHYDMPN1,2022,0.0
REGION1,HRHYDRPN1,2022,0.0
REGION1,HUHYDMPN1,2022,0.0
REGION1,HUHYDRPN1,2022,0.0
REGION1,IEHYDMPN1,2022,0.0
REGION1,IEHYDRPN1,2022,0.0
REGION1,ITHYDMPN1,2022,0.0
REGION1,ITHYDRPN1,2022,0.0
REGION1,LTHYDRPN1,2022,0.0
REGION1,LUHYDRPN1,2022,0.0
REGION1,LVHYDMPN1,2022,0.0
REGION1,LVHYDRPN1,2022,0.0
REGION1,NLHYDRPN1,2022,0.0
REGION1,PLHYDMPN1,2022,0.0
REGION1,PLHYDRPN1,2022,0.0
REGION1,PTHYDMPN1,2022,0.0
REGION1,PTHYDRPN1,2022,0.0
REGION1,ROHYDMPN1,2022,0.0
REGION1,ROHYDRPN1,2022,0.0
REGION1,SEHYDMPN1,2022,0.0
REGION1,SEHYDRPN1,2022,0.0
REGION1,SIHYDMPN1,2022,0.0
REGION1,SIHYDRPN1,2022,0.0
REGION1,SKHYDMPN1,2022,0.0
REGION1,SKHYDRPN1,2022,0.0
REGION1,NOHYDRPN1,2022,0.0
REGION1,NOHYDMPN1,2022,0.0
REGION1,CHHYDRPN1,2022,0.0
REGION1,CHHYDMPN1,2022,0.0
REGION1,UKHYDMPN1,2022,0.0
REGION1,UKHYDRPN1,2022,0.0
REGION1,EGLG00I00,2022,0.0
REGION1,GHLG00I00,2022,0.0
REGION1,MALG00I00,2022,0.0
REGION1,MZLG00I00,2022,0.0
REGION1,SNLG00I00,2022,0.0
REGION1,ZALG00I00,2022,0.0
REGION1,DZLG00E00,2022,0.0
REGION1,NGLG00E00,2022,0.0
REGION1,EGLG00E00,2022,0.0
REGION1,AOLG00E00,2022,0.0
REGION1,GQLG00E00,2022,0.0
REGION1,MZLG00E00,2022,0.0
REGION1,CGLG00E00,2022,0.0
REGION1,GALG00E00,2022,0.0
REGION1,MRLG00E00,2022,0.0
REGION1,SNLG00E00,2022,0.0
REGION1,TZLG00E00,2022,0.0
REGION1,BFHYDMSN1,2022,0.0
REGION1,BIHYDMSN1,2022,0.0
REGION1,CMHYDMSN1,2022,0.0
REGION1,CDHYDMSN1,2022,0.0
REGION1,ETHYDMSN1,2022,0.0
REGION1,KEHYDMSN1,2022,0.0
REGION1,MLHYDMSN1,2022,0.0
REGION1,NGHYDMSN1,2022,0.0
REGION1,UGHYDMSN1,2022,0.0
REGION1,ZMHYDMSN1,2022,0.0
REGION1,DZHYDMSN1,2022,0.0
REGION1,EGHYDMSN1,2022,0.0
REGION1,MAHYDMSN1,2022,0.0
REGION1,SDHYDMSN1,2022,0.0
REGION1,TNHYDMSN1,2022,0.0
REGION1,AOHYDMSN1,2022,0.0
REGION1,BJHYDMSN1,2022,0.0
REGION1,CFHYDMSN1,2022,0.0
REGION1,CGHYDMSN1,2022,0.0
REGION1,CIHYDMSN1,2022,0.0
REGION1,GQHYDMSN1,2022,0.0
REGION1,SZHYDMSN1,2022,0.0
REGION1,GAHYDMSN1,2022,0.0
REGION1,GHHYDMSN1,2022,0.0
REGION1,GNHYDMSN1,2022,0.0
REGION1,LSHYDMSN1,2022,0.0
REGION1,LRHYDMSN1,2022,0.0
REGION1,MWHYDMSN1,2022,0.0
REGION1,MZHYDMSN1,2022,0.0
REGION1,NAHYDMSN1,2022,0.0
REGION1,RWHYDMSN1,2022,0.0
REGION1,SNHYDMSN1,2022,0.0
REGION1,SLHYDMSN1,2022,0.0
REGION1,ZAHYDMSN1,2022,0.0
REGION1,TGHYDMSN1,2022,0.0
REGION1,TZHYDMSN1,2022,0.0
REGION1,ZWHYDMSN1,2022,0.0
REGION1,MAHYDSPN1,2022,0.0
REGION1,ZAHYDSPN1,2022,0.0
REGION1,KEBATTN1,2022,0.0
REGION1,ETBMCHPN1,2022,0.0
REGION1,KEBMCHPN1,2022,0.0
REGION1,ZABMCHPN1,2022,0.0
REGION1,BWCOSCPN1,2022,0.0
REGION1,ZACOSCPN1,2022,0.0
REGION1,ETGOCVPN1,2022,0.0
REGION1,KEGOCVPN1,2022,0.0
REGION1,RWNGGCPN1,2022,0.0
REGION1,DZNGCCPN1,2022,0.0
REGION1,MANGCCPN1,2022,0.0
REGION1,TNNGCCPN1,2022,0.0
REGION1,UGNGCCPN1,2022,0.0
REGION1,MZNGGCPN1,2022,0.0
REGION1,NGNGGCPN1,2022,0.0
REGION1,AOSOU1PN1,2022,0.0
REGION1,GASOU1PN1,2022,2.000000000000005e-05
REGION1,DZSOU1PN1,2022,0.0
REGION1,MASOU1PN1,2022,0.0
REGION1,TNSOU1PN1,2022,0.0
REGION1,ETSOU1PN1,2022,0.0
REGION1,KESOU1PN1,2022,0.0
REGION1,TZSOU1PN1,2022,0.0
REGION1,BWSOU1PN1,2022,0.0
REGION1,ZASOU1PN1,2022,0.0
REGION1,MAWINDPN1,2022,0.0
REGION1,TNWINDPN1,2022,0.0
REGION1,ETWINDPN1,2022,0.0
REGION1,KEWINDPN1,2022,0.0
REGION1,ZAWINDPN1,2022,0.6679999999999997
REGION1,CICOSCPN1,2022,0.0
REGION1,EGNULWPN1,2022,0.0
REGION1,SSHYDMSN1,2022,0.0
REGION1,MABATTN1,2022,0.0
REGION1,CGSOU1PN1,2022,7.500000000000009e-05
REGION1,DJSOU1PN1,2022,0.0
REGION1,DZWINDPN1,2022,0.0
REGION1,ERSOU1PN1,2022,0.0
REGION1,ERWINDPN1,2022,0.0
REGION1,GHWINDPN1,2022,0.0
REGION1,GQSOU1PN1,2022,0.0
REGION1,GWSOU1PN1,2022,0.0
REGION1,LRSOU1PN1,2022,0.0006230000000000003
REGION1,RWSOU1PN1,2022,0.001410999999999999
REGION1,SLSOU1PN1,2022,0.005329
REGION1,SSSOU1PN1,2022,0.0004500000000000003
REGION1,SZNGCCPN1,2022,0.0
REGION1,SZWINDPN1,2022,0.0
REGION1,TDWINDPN1,2022,0.0
REGION1,TGWINDPN1,2022,0.0
REGION1,TZWINDPN1,2022,0.0
REGION1,ZMSOU1PN1,2022,0.00121099999999999
REGION1,DZNGCCPH1,2022,0.2217181506990552
REGION1,DZNGGCPH1,2022,0.5782818493009455
REGION1,DZSOU1PH1,2022,0.08406000000000002
REGION1,EGBMCHPH1,2022,0.0
REGION1,EGSOU1PH1,2022,0.06203999999999987
REGION1,EGWINDPH1,2022,0.002500000000000169
REGION1,LYNGCCPH1,2022,0.0
REGION1,LYNGGCPH1,2022,0.0
REGION1,LYLFRCPH1,2022,0.104709530547336
REGION1,LYHFGCPH1,2022,0.0802904694526636
REGION1,LYSOU1PH1,2022,0.0
REGION1,MASOU1PH1,2022,0.0
REGION1,MAWINDPH1,2022,0.08699999999999997
REGION1,SDSOU1PH1,2022,0.054
REGION1,TNNGCCPH1,2022,0.1694102288966579
REGION1,TNNGGCPH1,2022,0.2805897711033425
REGION1,TNSOU1PH1,2022,0.102392
REGION1,AOSOU1PH1,2022,0.284019
REGION1,BJSOU1PH1,2022,0.027366
REGION1,BFLFRCPH1,2022,0.0
REGION1,BFHFGCPH1,2022,0.0
REGION1,BFHYDMSH1,2022,0.0
REGION1,BFSOU1PH1,2022,0.03059499999999999
REGION1,BIHYDMSH1,2022,0.015
REGION1,CMHYDMSH1,2022,0.001479999999999926
REGION1,CMSOU1PH1,2022,7.599999999999968e-05
REGION1,CFSOU1PH1,2022,0.0
REGION1,CINGCCPH1,2022,0.059873125720876545
REGION1,CINGGCPH1,2022,0.11912687427912337
REGION1,CISOU1PH1,2022,0.001249999999999999
REGION1,CDLFRCPH1,2022,0.008784995633187768
REGION1,CDHFGCPH1,2022,0.03494900436681223
REGION1,CDHYDMSH1,2022,0.3247520000000002
REGION1,CDSOU1PH1,2022,0.004652
REGION1,DJWINDPH1,2022,0.0
REGION1,ETBMCHPH1,2022,0.0
REGION1,ETHYDMSH1,2022,0.75
REGION1,ETWINDPH1,2022,0.08000000000000002
REGION1,GHNGCCPH1,2022,0.050767853648992396
REGION1,GHNGGCPH1,2022,0.05823214635100761
REGION1,GHSOU1PH1,2022,0.003100999999999993
REGION1,KEGOCVPH1,2022,0.08600000000000008
REGION1,KEHYDMSH1,2022,0.0004270000000000662
REGION1,KESOU1PH1,2022,0.101738
REGION1,LSSOU1PH1,2022,0.0
REGION1,MWSOU1PH1,2022,0.04202599999999999
REGION1,MLHYDMSH1,2022,0.14
REGION1,MLSOU1PH1,2022,0.004415000000000002
REGION1,MRSOU1PH1,2022,0.001500000000000001
REGION1,MRWINDPH1,2022,0.0
REGION1,MZLFRCPH1,2022,0.009891543997867484
REGION1,MZHFGCPH1,2022,0.0035084560021325165
REGION1,MZSOU1PH1,2022,0.04157
REGION1,NASOU1PH1,2022,0.04842299999999999
REGION1,NELFRCPH1,2022,0.06835449620801737
REGION1,NEHFGCPH1,2022,0.02764550379198268
REGION1,NESOU1PH1,2022,0.035399
REGION1,NGNGCCPH1,2022,0.0
REGION1,NGNGGCPH1,2022,0.0
REGION1,NGLFRCPH1,2022,0.0004817487612097182
REGION1,NGHFGCPH1,2022,0.004518251238790284
REGION1,NGHYDMSH1,2022,0.0
REGION1,NGSOU1PH1,2022,0.029475
REGION1,RWCOSCPH1,2022,0.035
REGION1,SNNGCCPH1,2022,0.12
REGION1,SNLFRCPH1,2022,0.0
REGION1,SNHFGCPH1,2022,0.0
REGION1,SNSOU1PH1,2022,0.002792000000000017
REGION1,ZANULWPH1,2022,0.006000000000000005
REGION1,ZASOU1PH1,2022,1.499929000000001
REGION1,SSWINDPH1,2022,0.6679999999999997
REGION1,TGSOU1PH1,2022,0.001939999999999997
REGION1,UGHYDMSH1,2022,0.02179999999999982
REGION1,TZSOU1PH1,2022,0.0007629999999999998
REGION1,ZMHYDMSH1,2022,0.4590000000000001
REGION1,ZWSOU1PH1,2022,0.01286500000000001
REGION1,ZWCOSCPH1,2022,0.05000000000000004
REGION1,DZLFRCPH1,2022,0.0
REGION1,DZHFGCPH1,2022,0.0
REGION1,DZHYDMSH1,2022,0.0
REGION1,DZSOC1PH1,2022,0.0
REGION1,EGNGCCPH1,2022,0.24644712157384466
REGION1,EGNGGCPH1,2022,0.26290287842615306
REGION1,EGLFRCPH1,2022,0.002049747223020195
REGION1,EGHFGCPH1,2022,0.008800252776979834
REGION1,EGHYDMSH1,2022,0.0
REGION1,EGSOC1PH1,2022,0.0
REGION1,MACOSCPH1,2022,0.0
REGION1,MALFRCPH1,2022,0.0
REGION1,MAHFGCPH1,2022,0.0
REGION1,MANGCCPH1,2022,0.0
REGION1,MANGGCPH1,2022,0.0
REGION1,MABMCHPH1,2022,0.0
REGION1,MAHYDMSH1,2022,0.0
REGION1,MASOC1PH1,2022,0.0
REGION1,SDLFRCPH1,2022,0.0
REGION1,SDHFGCPH1,2022,0.0
REGION1,SDBMCHPH1,2022,0.0
REGION1,SDHYDMSH1,2022,0.0
REGION1,TNLFRCPH1,2022,0.0
REGION1,TNHFGCPH1,2022,0.0
REGION1,TNHYDMSH1,2022,0.0
REGION1,TNWINDPH1,2022,0.0
REGION1,AONGGCPH1,2022,0.0
REGION1,AOLFRCPH1,2022,0.0
REGION1,AOHFGCPH1,2022,0.0
REGION1,AOBMCHPH1,2022,0.0
REGION1,AOHYDMSH1,2022,0.0
REGION1,BJNGGCPH1,2022,0.0
REGION1,BJLFRCPH1,2022,0.0
REGION1,BJHFGCPH1,2022,0.0
REGION1,BJHYDMSH1,2022,0.0
REGION1,BWCOSCPH1,2022,0.0
REGION1,BWLFRCPH1,2022,0.0
REGION1,BWSOU1PH1,2022,0.0
REGION1,BFBMCHPH1,2022,0.0
REGION1,BILFRCPH1,2022,0.0
REGION1,BISOU1PH1,2022,0.0
REGION1,CMNGGCPH1,2022,0.0
REGION1,CMLFRCPH1,2022,0.0
REGION1,CMHFGCPH1,2022,0.0
REGION1,CFLFRCPH1,2022,0.0
REGION1,CFHYDMSH1,2022,0.0
REGION1,TDNGCCPH1,2022,0.0
REGION1,TDLFRCPH1,2022,0.0
REGION1,TDHFGCPH1,2022,0.0
REGION1,TDBMCHPH1,2022,0.0
REGION1,TDSOU1PH1,2022,4.599999999999982e-05
REGION1,CGNGGCPH1,2022,0.0
REGION1,CGLFRCPH1,2022,0.0
REGION1,CGHFGCPH1,2022,0.0
REGION1,CGBMCHPH1,2022,0.0
REGION1,CGHYDMSH1,2022,0.0
REGION1,CILFRCPH1,2022,0.05000000000000005
REGION1,CIHFGCPH1,2022,0.05000000000000005
REGION1,CIHYDMSH1,2022,0.0
REGION1,DJLFRCPH1,2022,0.0
REGION1,DJHFGCPH1,2022,0.0
REGION1,GWNGCCPH1,2022,0.0
REGION1,GQNGGCPH1,2022,0.0
REGION1,GQLFRCPH1,2022,0.0
REGION1,GQHFGCPH1,2022,0.0
REGION1,GQHYDMSH1,2022,0.0
REGION1,ERLFRCPH1,2022,0.0
REGION1,ERHFGCPH1,2022,0.0
REGION1,SZLFRCPH1,2022,0.0
REGION1,SZHFGCPH1,2022,0.0
REGION1,SZBMCHPH1,2022,0.0
REGION1,SZHYDMSH1,2022,0.0
REGION1,SZSOU1PH1,2022,0.0
REGION1,ETLFRCPH1,2022,0.0
REGION1,ETGOCVPH1,2022,0.0
REGION1,GANGGCPH1,2022,0.0
REGION1,GALFRCPH1,2022,0.0
REGION1,GAHFGCPH1,2022,0.0
REGION1,GAHYDMSH1,2022,0.0
REGION1,GMLFRCPH1,2022,0.0
REGION1,GMHFGCPH1,2022,0.0
REGION1,GMWINDPH1,2022,0.0
REGION1,GMSOU1PH1,2022,0.0
REGION1,GHLFRCPH1,2022,0.0
REGION1,GHHFGCPH1,2022,0.0
REGION1,GHBMCHPH1,2022,0.0
REGION1,GHHYDMSH1,2022,0.0
REGION1,GNLFRCPH1,2022,0.0
REGION1,GNHFGCPH1,2022,0.0
REGION1,GNHYDMSH1,2022,0.0
REGION1,GNSOU1PH1,2022,0.001098
REGION1,GWLFRCPH1,2022,0.0
REGION1,KELFRCPH1,2022,0.0
REGION1,KEHFGCPH1,2022,0.0
REGION1,KEBMCHPH1,2022,0.0
REGION1,KEWINDPH1,2022,0.0
REGION1,LSHYDMSH1,2022,0.0
REGION1,LRLFRCPH1,2022,0.0
REGION1,LRHFGCPH1,2022,0.0
REGION1,LRHYDMSH1,2022,0.0
REGION1,MWLFRCPH1,2022,0.0
REGION1,MWBMCHPH1,2022,0.0
REGION1,MWHYDMSH1,2022,0.0
REGION1,MLLFRCPH1,2022,0.012144308353061366
REGION1,MLHFGCPH1,2022,0.010755691646938554
REGION1,MLBMCHPH1,2022,0.0
REGION1,MRNGCCPH1,2022,0.0
REGION1,MRLFRCPH1,2022,0.0
REGION1,MRHFGCPH1,2022,0.0
REGION1,MZNGGCPH1,2022,0.0
REGION1,MZBMCHPH1,2022,0.0
REGION1,MZHYDMSH1,2022,0.0
REGION1,NACOSCPH1,2022,0.0
REGION1,NALFRCPH1,2022,0.0
REGION1,NAHFGCPH1,2022,0.0
REGION1,NABMCHPH1,2022,0.0
REGION1,NAHYDMSH1,2022,0.0
REGION1,NAWINDPH1,2022,0.0
REGION1,NECOSCPH1,2022,0.0
REGION1,NENGCCPH1,2022,0.0
REGION1,NGBMCHPH1,2022,0.0
REGION1,RWWINDPH1,2022,0.0
REGION1,RWNGGCPH1,2022,0.0
REGION1,RWLFRCPH1,2022,0.0
REGION1,RWHFGCPH1,2022,0.0
REGION1,RWBMCHPH1,2022,0.0
REGION1,RWHYDMSH1,2022,0.005339999999999998
REGION1,SNHYDMSH1,2022,0.0
REGION1,SNCOSCPH1,2022,0.0
REGION1,SNBMCHPH1,2022,0.0
REGION1,SLWINDPH1,2022,0.0
REGION1,SLLFRCPH1,2022,0.0
REGION1,SLHFGCPH1,2022,0.0
REGION1,SLBMCHPH1,2022,0.0
REGION1,SLHYDMSH1,2022,0.0
REGION1,ZACOSCPH1,2022,0.0
REGION1,ZALFRCPH1,2022,0.0
REGION1,ZAHFGCPH1,2022,0.0
REGION1,ZABMCHPH1,2022,0.0
REGION1,ZAHYDMSH1,2022,0.0
REGION1,ZASOC1PH1,2022,0.0
REGION1,SSLFRCPH1,2022,0.0006237064910630299
REGION1,SSHFGCPH1,2022,0.0003762935089369712
REGION1,TGNGCCPH1,2022,0.0
REGION1,TGLFRCPH1,2022,0.0
REGION1,TGHFGCPH1,2022,0.0
REGION1,TGHYDMSH1,2022,0.0
REGION1,UGSOU1PH1,2022,0.004854999999999998
REGION1,UGLFRCPH1,2022,0.0
REGION1,UGHFGCPH1,2022,0.0
REGION1,UGBMCHPH1,2022,0.0
REGION1,TZNGGCPH1,2022,0.0824999999999998
REGION1,TZLFRCPH1,2022,0.0
REGION1,TZHFGCPH1,2022,0.0
REGION1,TZBMCHPH1,2022,0.0
REGION1,TZHYDMSH1,2022,0.000319999999999987
REGION1,ZMWINDPH1,2022,0.0
REGION1,ZMCOSCPH1,2022,0.0
REGION1,ZMLFRCPH1,2022,0.0
REGION1,ZMHFGCPH1,2022,0.0
REGION1,ZMBMCHPH1,2022,0.0
REGION1,ZWLFRCPH1,2022,0.0
REGION1,SNWINDPH1,2022,0.0
REGION1,ZWHYDMSH1,2022,0.0
REGION1,ZWBMCHPH1,2022,0.0
REGION1,SOLFRCPH1,2022,0.0
REGION1,SOSOU1PH1,2022,0.0235
REGION1,SOWINDPH1,2022,0.0
REGION1,MAHYDSPH1,2022,0.0
REGION1,ZAHYDSPH1,2022,0.0
REGION1,ATELCZPH1,2022,0.0
REGION1,ATELDEPH1,2022,0.0
REGION1,ATELHUPH1,2022,0.0
REGION1,ATELITPH1,2022,0.0
REGION1,ATELSIPH1,2022,0.0
REGION1,ATELCHPH1,2022,0.0
REGION1,BEELFRPH1,2022,0.0
REGION1,BEELDEPH1,2022,0.0
REGION1,BEELLUPH1,2022,0.0
REGION1,BEELNLPH1,2022,0.0
REGION1,BEELUKPH1,2022,0.0
REGION1,BGELGRPH1,2022,0.0
REGION1,BGELROPH1,2022,0.0
REGION1,CZELDEPH1,2022,0.0
REGION1,CZELPLPH1,2022,0.0
REGION1,CZELSKPH1,2022,0.0
REGION1,HRELHUPH1,2022,0.0
REGION1,HRELSIPH1,2022,0.0
REGION1,DKELNLPH1,2022,0.0
REGION1,DKELNOPH1,2022,0.0
REGION1,DKELSEPH1,2022,0.0
REGION1,DKELUKPH1,2022,0.0
REGION1,EEELFIPH1,2022,0.0
REGION1,EEELLVPH1,2022,0.0
REGION1,FIELNOPH1,2022,0.0
REGION1,FIELSEPH1,2022,0.0
REGION1,FRELITPH1,2022,0.0
REGION1,FRELLUPH1,2022,0.0
REGION1,FRELUKPH1,2022,0.0
REGION1,DEELDKPH1,2022,0.0
REGION1,DEELFRPH1,2022,0.0
REGION1,DEELLUPH1,2022,0.0
REGION1,DEELNLPH1,2022,0.0
REGION1,DEELNOPH1,2022,0.0
REGION1,DEELPLPH1,2022,0.0
REGION1,DEELSEPH1,2022,0.0
REGION1,DEELUKPH1,2022,0.0
REGION1,HUELROPH1,2022,0.0
REGION1,HUELSKPH1,2022,0.0
REGION1,HUELSIPH1,2022,0.0
REGION1,IEELUKPH1,2022,0.0
REGION1,ITELMTPH1,2022,0.0
REGION1,ITELSIPH1,2022,0.0
REGION1,LTELLVPH1,2022,0.0
REGION1,LTELPLPH1,2022,0.0
REGION1,LTELSEPH1,2022,0.0
REGION1,NLELNOPH1,2022,0.0
REGION1,NLELUKPH1,2022,0.0
REGION1,NOELSEPH1,2022,0.0
REGION1,NOELUKPH1,2022,0.0
REGION1,PLELSKPH1,2022,0.0
REGION1,PLELSEPH1,2022,0.0
REGION1,ESELFRPH1,2022,0.0
REGION1,ESELPTPH1,2022,0.0
REGION1,CHELFRPH1,2022,0.0
REGION1,CHELDEPH1,2022,0.0
REGION1,CHELITPH1,2022,0.0
REGION1,GRELITPH1,2022,0.0
REGION1,BGELMKPH1,2022,0.0
REGION1,BGELRSPH1,2022,0.0
REGION1,BGELTRPH1,2022,0.0
REGION1,HRELBAPH1,2022,0.0
REGION1,HRELRSPH1,2022,0.0
REGION1,EEELRUPH1,2022,0.0
REGION1,GRELALPH1,2022,0.0
REGION1,GRELTRPH1,2022,0.0
REGION1,HUELRSPH1,2022,0.0
REGION1,HUELUAPH1,2022,0.0
REGION1,ITELMEPH1,2022,0.0
REGION1,LVELRUPH1,2022,0.0
REGION1,LTELBYPH1,2022,0.0
REGION1,LTELRUPH1,2022,0.0
REGION1,PLELUAPH1,2022,0.0
REGION1,ROELMDPH1,2022,0.0
REGION1,ROELRSPH1,2022,0.0
REGION1,ROELUAPH1,2022,0.0
REGION1,SKELUAPH1,2022,0.0
REGION1,GRELMKPH1,2022,0.0
REGION1,ESELMAPH1,2022,0.0
REGION1,CYELILPH1,2022,0.0
REGION1,SEELLVPH1,2022,0.0
REGION1,BEELDKPH1,2022,0.0
REGION1,ITELTNPH1,2022,0.0
REGION1,GRELEGPH1,2022,0.0
REGION1,ITELDZPH1,2022,0.0
REGION1,MTELTNPH1,2022,0.0
REGION1,ROELGEPH1,2022,0.0
REGION1,ESELITPH1,2022,0.0
REGION1,DEELLVPH1,2022,0.0
REGION1,GRELDEPH1,2022,0.0
REGION1,ITELSAPH1,2022,0.0
REGION1,UKELMAPH1,2022,0.0
REGION1,DEELMAPH1,2022,0.0
REGION1,BIELRWPH1,2022,0.0
REGION1,BWELZAPH1,2022,0.0
REGION1,CDELBIPH1,2022,0.0
REGION1,CDELCGPH1,2022,0.0
REGION1,CDELRWPH1,2022,0.0
REGION1,CDELZMPH1,2022,0.0
REGION1,CIELBFPH1,2022,0.0
REGION1,EGELJOPH1,2022,0.0
REGION1,EGELSDPH1,2022,0.0
REGION1,ETELDJPH1,2022,0.0
REGION1,ETELSDPH1,2022,0.0
REGION1,GHELCIPH1,2022,0.0
REGION1,GHELTGPH1,2022,0.0
REGION1,KEELTZPH1,2022,0.0
REGION1,LSELZAPH1,2022,0.0
REGION1,LYELEGPH1,2022,0.0
REGION1,MAELDZPH1,2022,0.0
REGION1,MZELSZPH1,2022,0.0
REGION1,MZELZAPH1,2022,0.0
REGION1,MZELZWPH1,2022,0.0
REGION1,NGELBJPH1,2022,0.0
REGION1,NGELNEPH1,2022,0.0
REGION1,NAELZAPH1,2022,0.0
REGION1,RWELBIPH1,2022,0.0
REGION1,SNELMLPH1,2022,0.0
REGION1,TGELBJPH1,2022,0.0
REGION1,TNELDZPH1,2022,0.0
REGION1,TZELUGPH1,2022,0.0
REGION1,UGELKEPH1,2022,0.0
REGION1,UGELRWPH1,2022,0.0
REGION1,UGELTZPH1,2022,0.0
REGION1,ZAELSZPH1,2022,0.0
REGION1,ZAELZWPH1,2022,0.0
REGION1,ZMELZWPH1,2022,0.0
REGION1,AOELBWPH1,2022,0.0
REGION1,AOELCDPH1,2022,0.0
REGION1,AOELNAPH1,2022,0.0
REGION1,BFELMLPH1,2022,0.0
REGION1,BWELNAPH1,2022,0.0
REGION1,CDELNAPH1,2022,0.0
REGION1,CDELZAPH1,2022,0.0
REGION1,CGELGAPH1,2022,0.0
REGION1,CMELTDPH1,2022,0.0
REGION1,ETELKEPH1,2022,0.0
REGION1,GAELGQPH1,2022,0.0
REGION1,GHELBFPH1,2022,0.0
REGION1,GMELGWPH1,2022,0.0
REGION1,GQELCMPH1,2022,0.0
REGION1,GWELGNPH1,2022,0.0
REGION1,LRELGNPH1,2022,0.0
REGION1,LRELSLPH1,2022,0.0
REGION1,MLELCIPH1,2022,0.0
REGION1,MWELMZPH1,2022,0.0
REGION1,MWELZMPH1,2022,0.0
REGION1,NAELZWPH1,2022,0.0
REGION1,NEELBFPH1,2022,0.0
REGION1,NEELBJPH1,2022,0.0
REGION1,NEELTGPH1,2022,0.0
REGION1,SLELGNPH1,2022,0.0
REGION1,SNELGMPH1,2022,0.0
REGION1,SNELGNPH1,2022,0.0
REGION1,TGELGHPH1,2022,0.0
REGION1,TZELZMPH1,2022,0.0
REGION1,CIELLRPH1,2022,0.0
REGION1,GNELMLPH1,2022,0.0
REGION1,AOELZMPH1,2022,0.0
REGION1,BFELBJPH1,2022,0.0
REGION1,BFELTGPH1,2022,0.0
REGION1,BIELTZPH1,2022,0.0
REGION1,BJELGHPH1,2022,0.0
REGION1,BWELZMPH1,2022,0.0
REGION1,CDELCFPH1,2022,0.0
REGION1,CDELSDPH1,2022,0.0
REGION1,CDELTZPH1,2022,0.0
REGION1,CDELUGPH1,2022,0.0
REGION1,CFELCGPH1,2022,0.0
REGION1,CFELCMPH1,2022,0.0
REGION1,CFELSDPH1,2022,0.0
REGION1,CFELTDPH1,2022,0.0
REGION1,CGELCMPH1,2022,0.0
REGION1,CIELGNPH1,2022,0.0
REGION1,CMELGAPH1,2022,0.0
REGION1,CMELNGPH1,2022,0.0
REGION1,DJELERPH1,2022,0.0
REGION1,DJELSOPH1,2022,0.0
REGION1,DZELLYPH1,2022,0.0
REGION1,DZELMLPH1,2022,0.0
REGION1,DZELMRPH1,2022,0.0
REGION1,DZELNEPH1,2022,0.0
REGION1,ETELERPH1,2022,0.0
REGION1,ETELSOPH1,2022,0.0
REGION1,GWELSNPH1,2022,0.0
REGION1,KEELSDPH1,2022,0.0
REGION1,KEELSOPH1,2022,0.0
REGION1,LYELNEPH1,2022,0.0
REGION1,LYELSDPH1,2022,0.0
REGION1,LYELTDPH1,2022,0.0
REGION1,LYELTNPH1,2022,0.0
REGION1,MLELMRPH1,2022,0.0
REGION1,MLELNEPH1,2022,0.0
REGION1,MRELSNPH1,2022,0.0
REGION1,MWELTZPH1,2022,0.0
REGION1,MZELTZPH1,2022,0.0
REGION1,MZELZMPH1,2022,0.0
REGION1,NEELTDPH1,2022,0.0
REGION1,NGELTDPH1,2022,0.0
REGION1,RWELTZPH1,2022,0.0
REGION1,SDELERPH1,2022,0.0
REGION1,SDELTDPH1,2022,0.0
REGION1,SDELUGPH1,2022,0.0
REGION1,CYELGRPH1,2022,0.0
REGION1,ALNGGRPI0,2022,0.0
REGION1,ALNGITPI0,2022,0.0
REGION1,ATNGDEPI0,2022,0.0
REGION1,ATNGHUPI0,2022,0.0
REGION1,ATNGITPI0,2022,0.0
REGION1,ATNGSIPI0,2022,0.0
REGION1,ATNGSKPI0,2022,0.0
REGION1,BENGDEPI0,2022,0.0
REGION1,BENGFRPI0,2022,0.0
REGION1,BENGUKPI0,2022,0.0
REGION1,BENGNLPI0,2022,0.0
REGION1,BGNGGRPI0,2022,0.0
REGION1,BGNGROPI0,2022,0.0
REGION1,BYNGLTPI0,2022,0.0
REGION1,CYNGEGPI0,2022,0.0
REGION1,CYNGGRPI0,2022,0.0
REGION1,CZNGDEPI0,2022,0.0
REGION1,CZNGPLPI0,2022,0.0
REGION1,CZNGSKPI0,2022,0.0
REGION1,DENGCHPI0,2022,0.0
REGION1,DENGFRPI0,2022,0.0
REGION1,DENGNLPI0,2022,0.0
REGION1,DENGPLPI0,2022,0.0
REGION1,DKNGDEPI0,2022,0.0
REGION1,DKNGPLPI0,2022,0.0
REGION1,DKNGSEPI0,2022,0.0
REGION1,DZNGESPI0,2022,0.0
REGION1,DZNGITPI0,2022,0.0
REGION1,EENGFIPI0,2022,0.0
REGION1,EENGLVPI0,2022,0.0
REGION1,FRNGCHPI0,2022,0.0
REGION1,FRNGESPI0,2022,0.0
REGION1,GRNGITPI0,2022,0.0
REGION1,HRNGHUPI0,2022,0.0
REGION1,HRNGSIPI0,2022,0.0
REGION1,HUNGROPI0,2022,0.0
REGION1,HUNGSKPI0,2022,0.0
REGION1,IENGUKPI0,2022,0.0
REGION1,ITNGCHPI0,2022,0.0
REGION1,ITNGMTPI0,2022,0.0
REGION1,ITNGSIPI0,2022,0.0
REGION1,LTNGPLPI0,2022,0.0
REGION1,LVNGLTPI0,2022,0.0
REGION1,LYNGITPI0,2022,0.0
REGION1,MANGESPI0,2022,0.0
REGION1,MDNGROPI0,2022,0.0
REGION1,NLNGUKPI0,2022,0.0
REGION1,NONGBEPI0,2022,0.0
REGION1,NONGDEPI0,2022,0.0
REGION1,NONGDKPI0,2022,0.0
REGION1,NONGFRPI0,2022,0.0
REGION1,NONGUKPI0,2022,0.0
REGION1,NONGNLPI0,2022,0.0
REGION1,PLNGSKPI0,2022,0.0
REGION1,PTNGESPI0,2022,0.0
REGION1,RSNGBGPI0,2022,0.0
REGION1,RSNGHUPI0,2022,0.0
REGION1,RSNGROPI0,2022,0.0
REGION1,RUNGEEPI0,2022,0.0
REGION1,RUNGFIPI0,2022,0.0
REGION1,RUNGLVPI0,2022,0.0
REGION1,TRNGBGPI0,2022,0.0
REGION1,TRNGGRPI0,2022,0.0
REGION1,UANGHUPI0,2022,0.0
REGION1,UANGPLPI0,2022,0.0
REGION1,UANGROPI0,2022,0.0
REGION1,UANGSKPI0,2022,0.0
REGION1,BENGLUPI0,2022,0.0
REGION1,NGNGDZPI0,2022,0.0
REGION1,MZNGZAPI0,2022,0.0
REGION1,NGNGLYPI0,2022,0.0
REGION1,ETNGDJPI0,2022,0.0
REGION1,NGNGGQPI0,2022,0.0
REGION1,TZNGKEPI0,2022,0.0
REGION1,NGNGMAPI0,2022,0.0
REGION1,NGNGBJPI0,2022,0.0
REGION1,NGNGGHPI0,2022,0.0
REGION1,NGNGNEPI0,2022,0.0
REGION1,NGNGTGPI0,2022,0.0
REGION1,NGNGTNPI0,2022,0.0
REGION1,DZNGMAPI0,2022,0.0
REGION1,BELG00I00,2023,0.0
REGION1,HRLG00I00,2023,0.0
REGION1,CYLG00I00,2023,0.0
REGION1,FRLG00I00,2023,0.0
REGION1,FILG00I00,2023,0.0
REGION1,DELG00I00,2023,0.0
REGION1,GRLG00I00,2023,0.0
REGION1,ITLG00I00,2023,0.0
REGION1,LVLG00I00,2023,0.0
REGION1,LTLG00I00,2023,0.0
REGION1,MTLG00I00,2023,0.0
REGION1,NLLG00I00,2023,0.0
REGION1,PLLG00I00,2023,0.0
REGION1,ESLG00I00,2023,0.0
REGION1,UKLG00I00,2023,0.0
REGION1,PTLG00I00,2023,0.0
REGION1,BENUG2PN1,2023,0.0
REGION1,BGNUG2PN1,2023,0.0
REGION1,CZNUG2PN1,2023,0.0
REGION1,DENUG2PN1,2023,0.0
REGION1,ESNUG2PN1,2023,0.0
REGION1,FINUG2PN1,2023,0.0
REGION1,FRNUG2PN1,2023,0.0
REGION1,HUNUG2PN1,2023,0.0
REGION1,NLNUG2PN1,2023,0.0
REGION1,RONUG2PN1,2023,0.0
REGION1,SENUG2PN1,2023,0.0
REGION1,SINUG2PN1,2023,0.0
REGION1,SKNUG2PN1,2023,0.0
REGION1,CHNUG2PN1,2023,0.0
REGION1,UKNUG2PN1,2023,0.0
REGION1,ATHYDSPN1,2023,0.0
REGION1,BEHYDSPN1,2023,0.0
REGION1,BGHYDSPN1,2023,0.0
REGION1,CZHYDSPN1,2023,0.0
REGION1,DEHYDSPN1,2023,0.0
REGION1,GRHYDSPN1,2023,0.0
REGION1,ESHYDSPN1,2023,0.0
REGION1,FRHYDSPN1,2023,0.0
REGION1,HRHYDSPN1,2023,0.0
REGION1,IEHYDSPN1,2023,0.0
REGION1,ITHYDSPN1,2023,0.0
REGION1,LTHYDSPN1,2023,0.0
REGION1,LUHYDSPN1,2023,0.0
REGION1,PLHYDSPN1,2023,0.0
REGION1,PTHYDSPN1,2023,0.0
REGION1,ROHYDSPN1,2023,0.0
REGION1,SEHYDSPN1,2023,0.0
REGION1,SIHYDSPN1,2023,0.0
REGION1,SKHYDSPN1,2023,0.0
REGION1,CHHYDSPN1,2023,0.0
REGION1,UKHYDSPN1,2023,0.0
REGION1,ATHYDMPN1,2023,0.0
REGION1,ATHYDRPN1,2023,0.0
REGION1,BEHYDMPN1,2023,0.0
REGION1,BEHYDRPN1,2023,0.0
REGION1,BGHYDMPN1,2023,0.0
REGION1,BGHYDRPN1,2023,0.0
REGION1,CZHYDRPN1,2023,0.0
REGION1,CZHYDMPN1,2023,0.0
REGION1,DEHYDMPN1,2023,0.0
REGION1,DEHYDRPN1,2023,0.0
REGION1,DKHYDRPN1,2023,0.0
REGION1,DKHYDMPN1,2023,0.0
REGION1,EEHYDRPN1,2023,0.0
REGION1,GRHYDMPN1,2023,0.0
REGION1,GRHYDRPN1,2023,0.0
REGION1,ESHYDMPN1,2023,0.0
REGION1,ESHYDRPN1,2023,0.0
REGION1,FIHYDMPN1,2023,0.0
REGION1,FIHYDRPN1,2023,0.0
REGION1,FRHYDMPN1,2023,0.0
REGION1,FRHYDRPN1,2023,0.0
REGION1,HRHYDMPN1,2023,0.0
REGION1,HRHYDRPN1,2023,0.0
REGION1,HUHYDMPN1,2023,0.0
REGION1,HUHYDRPN1,2023,0.0
REGION1,IEHYDMPN1,2023,0.0
REGION1,IEHYDRPN1,2023,0.0
REGION1,ITHYDMPN1,2023,0.0
REGION1,ITHYDRPN1,2023,0.0
REGION1,LTHYDRPN1,2023,0.0
REGION1,LUHYDRPN1,2023,0.0
REGION1,LVHYDMPN1,2023,0.0
REGION1,LVHYDRPN1,2023,0.0
REGION1,NLHYDRPN1,2023,0.0
REGION1,PLHYDMPN1,2023,0.0
REGION1,PLHYDRPN1,2023,0.0
REGION1,PTHYDMPN1,2023,0.0
REGION1,PTHYDRPN1,2023,0.0
REGION1,ROHYDMPN1,2023,0.0
REGION1,ROHYDRPN1,2023,0.0
REGION1,SEHYDMPN1,2023,0.0
REGION1,SEHYDRPN1,2023,0.0
REGION1,SIHYDMPN1,2023,0.0
REGION1,SIHYDRPN1,2023,0.0
REGION1,SKHYDMPN1,2023,0.0
REGION1,SKHYDRPN1,2023,0.0
REGION1,NOHYDRPN1,2023,0.0
REGION1,NOHYDMPN1,2023,0.0
REGION1,CHHYDRPN1,2023,0.0
REGION1,CHHYDMPN1,2023,0.0
REGION1,UKHYDMPN1,2023,0.0
REGION1,UKHYDRPN1,2023,0.0
REGION1,EGLG00I00,2023,0.0
REGION1,GHLG00I00,2023,0.0
REGION1,MALG00I00,2023,0.0
REGION1,MZLG00I00,2023,0.0
REGION1,SNLG00I00,2023,0.0
REGION1,ZALG00I00,2023,0.0
REGION1,DZLG00E00,2023,0.0
REGION1,NGLG00E00,2023,0.0
REGION1,EGLG00E00,2023,0.0
REGION1,AOLG00E00,2023,0.0
REGION1,GQLG00E00,2023,0.0
REGION1,MZLG00E00,2023,0.0
REGION1,CGLG00E00,2023,0.0
REGION1,GALG00E00,2023,0.0
REGION1,MRLG00E00,2023,0.0
REGION1,SNLG00E00,2023,0.0
REGION1,TZLG00E00,2023,0.0
REGION1,BFHYDMSN1,2023,0.0
REGION1,BIHYDMSN1,2023,0.0
REGION1,CMHYDMSN1,2023,0.0
REGION1,CDHYDMSN1,2023,0.0
REGION1,ETHYDMSN1,2023,0.0
REGION1,KEHYDMSN1,2023,0.0
REGION1,MLHYDMSN1,2023,0.0
REGION1,NGHYDMSN1,2023,0.0
REGION1,UGHYDMSN1,2023,0.0
REGION1,ZMHYDMSN1,2023,0.0
REGION1,DZHYDMSN1,2023,0.0
REGION1,EGHYDMSN1,2023,0.0
REGION1,MAHYDMSN1,2023,0.0
REGION1,SDHYDMSN1,2023,0.0
REGION1,TNHYDMSN1,2023,0.0
REGION1,AOHYDMSN1,2023,0.0
REGION1,BJHYDMSN1,2023,0.0
REGION1,CFHYDMSN1,2023,0.0
REGION1,CGHYDMSN1,2023,0.0
REGION1,CIHYDMSN1,2023,0.0
REGION1,GQHYDMSN1,2023,0.0
REGION1,SZHYDMSN1,2023,0.0
REGION1,GAHYDMSN1,2023,0.0
REGION1,GHHYDMSN1,2023,0.0
REGION1,GNHYDMSN1,2023,0.0
REGION1,LSHYDMSN1,2023,0.0
REGION1,LRHYDMSN1,2023,0.0
REGION1,MWHYDMSN1,2023,0.0
REGION1,MZHYDMSN1,2023,0.0
REGION1,NAHYDMSN1,2023,0.0
REGION1,RWHYDMSN1,2023,0.0
REGION1,SNHYDMSN1,2023,0.0
REGION1,SLHYDMSN1,2023,0.0
REGION1,ZAHYDMSN1,2023,0.0
REGION1,TGHYDMSN1,2023,0.0
REGION1,TZHYDMSN1,2023,0.0
REGION1,ZWHYDMSN1,2023,0.0
REGION1,MAHYDSPN1,2023,0.0
REGION1,ZAHYDSPN1,2023,0.0
REGION1,KEBATTN1,2023,0.0
REGION1,ETBMCHPN1,2023,0.0
REGION1,KEBMCHPN1,2023,0.0
REGION1,ZABMCHPN1,2023,0.0
REGION1,BWCOSCPN1,2023,0.0
REGION1,ZACOSCPN1,2023,0.0
REGION1,ETGOCVPN1,2023,0.0
REGION1,KEGOCVPN1,2023,0.0
REGION1,RWNGGCPN1,2023,0.0
REGION1,DZNGCCPN1,2023,0.0
REGION1,MANGCCPN1,2023,0.0
REGION1,TNNGCCPN1,2023,0.0
REGION1,UGNGCCPN1,2023,0.0
REGION1,MZNGGCPN1,2023,0.0
REGION1,NGNGGCPN1,2023,0.0
REGION1,AOSOU1PN1,2023,0.0
REGION1,GASOU1PN1,2023,2.999999999999997e-05
REGION1,DZSOU1PN1,2023,0.0
REGION1,MASOU1PN1,2023,0.0
REGION1,TNSOU1PN1,2023,0.0
REGION1,ETSOU1PN1,2023,0.0
REGION1,KESOU1PN1,2023,0.0
REGION1,TZSOU1PN1,2023,0.0
REGION1,BWSOU1PN1,2023,0.0
REGION1,ZASOU1PN1,2023,0.0
REGION1,MAWINDPN1,2023,0.0
REGION1,TNWINDPN1,2023,0.0
REGION1,ETWINDPN1,2023,0.0
REGION1,KEWINDPN1,2023,0.0
REGION1,ZAWINDPN1,2023,0.2790000000000004
REGION1,CICOSCPN1,2023,0.0
REGION1,EGNULWPN1,2023,0.0
REGION1,SSHYDMSN1,2023,0.0
REGION1,MABATTN1,2023,0.0
REGION1,CGSOU1PN1,2023,0.0001029999999999999
REGION1,DJSOU1PN1,2023,0.0
REGION1,DZWINDPN1,2023,0.0
REGION1,ERSOU1PN1,2023,0.0
REGION1,ERWINDPN1,2023,0.0
REGION1,GHWINDPN1,2023,0.0
REGION1,GQSOU1PN1,2023,0.0
REGION1,GWSOU1PN1,2023,0.0
REGION1,LRSOU1PN1,2023,0.0002359999999999997
REGION1,RWSOU1PN1,2023,0.001093
REGION1,SLSOU1PN1,2023,0.0003200000000000008
REGION1,SSSOU1PN1,2023,0.013756
REGION1,SZNGCCPN1,2023,0.0
REGION1,SZWINDPN1,2023,0.0
REGION1,TDWINDPN1,2023,0.0
REGION1,TGWINDPN1,2023,0.0
REGION1,TZWINDPN1,2023,0.0
REGION1,ZMSOU1PN1,2023,0.03573700000000002
REGION1,DZNGCCPH1,2023,0.33257722604858225
REGION1,DZNGGCPH1,2023,0.8674227739514169
REGION1,DZSOU1PH1,2023,0.01100000000000001
REGION1,EGBMCHPH1,2023,0.008000000000000007
REGION1,EGSOU1PH1,2023,0.13174
REGION1,EGWINDPH1,2023,0.2474999999999998
REGION1,LYNGCCPH1,2023,0.11400077809673709
REGION1,LYNGGCPH1,2023,0.17977500000000016
REGION1,LYLFRCPH1,2023,0.0
REGION1,LYHFGCPH1,2023,0.0
REGION1,LYSOU1PH1,2023,0.002
REGION1,MASOU1PH1,2023,0.0
REGION1,MAWINDPH1,2023,0.518
REGION1,SDSOU1PH1,2023,0.0
REGION1,TNNGCCPH1,2023,0.0
REGION1,TNNGGCPH1,2023,0.0
REGION1,TNSOU1PH1,2023,0.3090000000000001
REGION1,AOSOU1PH1,2023,0.02500000000000002
REGION1,BJSOU1PH1,2023,0.001875999999999996
REGION1,BFLFRCPH1,2023,0.002831108164605356
REGION1,BFHFGCPH1,2023,0.003008891835394656
REGION1,BFHYDMSH1,2023,0.002000000000000002
REGION1,BFSOU1PH1,2023,0.08714500000000001
REGION1,BIHYDMSH1,2023,0.0
REGION1,CMHYDMSH1,2023,0.0
REGION1,CMSOU1PH1,2023,0.03634
REGION1,CFSOU1PH1,2023,0.040089
REGION1,CINGCCPH1,2023,0.11004613610149941
REGION1,CINGGCPH1,2023,0.21895386389850063
REGION1,CISOU1PH1,2023,0.031067
REGION1,CDLFRCPH1,2023,0.00038828820960698745
REGION1,CDHFGCPH1,2023,0.0015447117903930165
REGION1,CDHYDMSH1,2023,0.25576
REGION1,CDSOU1PH1,2023,0.002813
REGION1,DJWINDPH1,2023,0.06
REGION1,ETBMCHPH1,2023,0.0
REGION1,ETHYDMSH1,2023,0.06130000000000013
REGION1,ETWINDPH1,2023,0.0
REGION1,GHNGCCPH1,2023,0.0
REGION1,GHNGGCPH1,2023,0.0
REGION1,GHSOU1PH1,2023,0.0
REGION1,KEGOCVPH1,2023,0.03499999999999992
REGION1,KEHYDMSH1,2023,0.0007999999999999119
REGION1,KESOU1PH1,2023,0.215815
REGION1,LSSOU1PH1,2023,0.028
REGION1,MWSOU1PH1,2023,0.0009870000000000018
REGION1,MLHYDMSH1,2023,0.0
REGION1,MLSOU1PH1,2023,4.799999999999249e-05
REGION1,MRSOU1PH1,2023,0.03399999999999999
REGION1,MRWINDPH1,2023,0.102375
REGION1,MZLFRCPH1,2023,0.0
REGION1,MZHFGCPH1,2023,0.0
REGION1,MZSOU1PH1,2023,0.015
REGION1,NASOU1PH1,2023,6.000000000000449e-05
REGION1,NELFRCPH1,2023,0.0
REGION1,NEHFGCPH1,2023,0.0
REGION1,NESOU1PH1,2023,0.033038
REGION1,NGNGCCPH1,2023,0.042445201961535006
REGION1,NGNGGCPH1,2023,0.228154798038465
REGION1,NGLFRCPH1,2023,0.004817487612097179
REGION1,NGHFGCPH1,2023,0.04518251238790282
REGION1,NGHYDMSH1,2023,0.75
REGION1,NGSOU1PH1,2023,0.04117999999999999
REGION1,RWCOSCPH1,2023,0.0
REGION1,SNNGCCPH1,2023,0.0
REGION1,SNLFRCPH1,2023,0.0004524030934865003
REGION1,SNHFGCPH1,2023,0.001999596906513523
REGION1,SNSOU1PH1,2023,0.0
REGION1,ZANULWPH1,2023,0.0
REGION1,ZASOU1PH1,2023,2.300583
REGION1,SSWINDPH1,2023,0.2790000000000004
REGION1,TGSOU1PH1,2023,0.0007489999999999997
REGION1,UGHYDMSH1,2023,0.40012
REGION1,TZSOU1PH1,2023,0.0
REGION1,ZMHYDMSH1,2023,0.0
REGION1,ZWSOU1PH1,2023,0.005725999999999988
REGION1,ZWCOSCPH1,2023,0.6000000000000001
REGION1,DZLFRCPH1,2023,0.0
REGION1,DZHFGCPH1,2023,0.0
REGION1,DZHYDMSH1,2023,0.0
REGION1,DZSOC1PH1,2023,0.0
REGION1,EGNGCCPH1,2023,0.0
REGION1,EGNGGCPH1,2023,0.0
REGION1,EGLFRCPH1,2023,0.0
REGION1,EGHFGCPH1,2023,0.0
REGION1,EGHYDMSH1,2023,0.0
REGION1,EGSOC1PH1,2023,0.0
REGION1,MACOSCPH1,2023,0.0
REGION1,MALFRCPH1,2023,0.0
REGION1,MAHFGCPH1,2023,0.0
REGION1,MANGCCPH1,2023,0.0
REGION1,MANGGCPH1,2023,0.0
REGION1,MABMCHPH1,2023,0.0
REGION1,MAHYDMSH1,2023,0.0
REGION1,MASOC1PH1,2023,0.0
REGION1,SDLFRCPH1,2023,0.0
REGION1,SDHFGCPH1,2023,0.0
REGION1,SDBMCHPH1,2023,0.0
REGION1,SDHYDMSH1,2023,0.0
REGION1,TNLFRCPH1,2023,0.0
REGION1,TNHFGCPH1,2023,0.0
REGION1,TNHYDMSH1,2023,0.0
REGION1,TNWINDPH1,2023,0.0
REGION1,AONGGCPH1,2023,0.0
REGION1,AOLFRCPH1,2023,0.0
REGION1,AOHFGCPH1,2023,0.0
REGION1,AOBMCHPH1,2023,0.0
REGION1,AOHYDMSH1,2023,0.0
REGION1,BJNGGCPH1,2023,0.0
REGION1,BJLFRCPH1,2023,0.0
REGION1,BJHFGCPH1,2023,0.0
REGION1,BJHYDMSH1,2023,0.0
REGION1,BWCOSCPH1,2023,0.0
REGION1,BWLFRCPH1,2023,0.0
REGION1,BWSOU1PH1,2023,0.004011000000000002
REGION1,BFBMCHPH1,2023,0.0
REGION1,BILFRCPH1,2023,0.0
REGION1,BISOU1PH1,2023,0.0006650000000000007
REGION1,CMNGGCPH1,2023,0.0
REGION1,CMLFRCPH1,2023,0.0
REGION1,CMHFGCPH1,2023,0.0
REGION1,CFLFRCPH1,2023,0.0
REGION1,CFHYDMSH1,2023,0.0
REGION1,TDNGCCPH1,2023,0.0
REGION1,TDLFRCPH1,2023,0.0
REGION1,TDHFGCPH1,2023,0.0
REGION1,TDBMCHPH1,2023,0.0
REGION1,TDSOU1PH1,2023,2.400000000000015e-05
REGION1,CGNGGCPH1,2023,0.0
REGION1,CGLFRCPH1,2023,0.0
REGION1,CGHFGCPH1,2023,0.0
REGION1,CGBMCHPH1,2023,0.0
REGION1,CGHYDMSH1,2023,0.0
REGION1,CILFRCPH1,2023,1.0000000000287555e-07
REGION1,CIHFGCPH1,2023,1.0000000000287555e-07
REGION1,CIHYDMSH1,2023,0.0
REGION1,DJLFRCPH1,2023,0.0
REGION1,DJHFGCPH1,2023,0.0
REGION1,GWNGCCPH1,2023,0.0
REGION1,GQNGGCPH1,2023,0.0
REGION1,GQLFRCPH1,2023,0.0
REGION1,GQHFGCPH1,2023,0.0
REGION1,GQHYDMSH1,2023,0.0
REGION1,ERLFRCPH1,2023,0.0
REGION1,ERHFGCPH1,2023,0.0
REGION1,SZLFRCPH1,2023,0.0
REGION1,SZHFGCPH1,2023,0.0
REGION1,SZBMCHPH1,2023,0.0
REGION1,SZHYDMSH1,2023,0.001330000000000005
REGION1,SZSOU1PH1,2023,0.0
REGION1,ETLFRCPH1,2023,0.0
REGION1,ETGOCVPH1,2023,0.0
REGION1,GANGGCPH1,2023,0.0
REGION1,GALFRCPH1,2023,0.0
REGION1,GAHFGCPH1,2023,0.0
REGION1,GAHYDMSH1,2023,0.0
REGION1,GMLFRCPH1,2023,0.0
REGION1,GMHFGCPH1,2023,0.0
REGION1,GMWINDPH1,2023,0.0
REGION1,GMSOU1PH1,2023,0.0
REGION1,GHLFRCPH1,2023,0.0
REGION1,GHHFGCPH1,2023,0.0
REGION1,GHBMCHPH1,2023,0.0
REGION1,GHHYDMSH1,2023,0.0
REGION1,GNLFRCPH1,2023,0.0
REGION1,GNHFGCPH1,2023,0.0
REGION1,GNHYDMSH1,2023,0.0
REGION1,GNSOU1PH1,2023,0.0007369999999999981
REGION1,GWLFRCPH1,2023,0.0
REGION1,KELFRCPH1,2023,0.0
REGION1,KEHFGCPH1,2023,0.0
REGION1,KEBMCHPH1,2023,0.0
REGION1,KEWINDPH1,2023,0.0
REGION1,LSHYDMSH1,2023,0.0
REGION1,LRLFRCPH1,2023,0.0
REGION1,LRHFGCPH1,2023,0.0
REGION1,LRHYDMSH1,2023,0.0
REGION1,MWLFRCPH1,2023,0.0
REGION1,MWBMCHPH1,2023,0.0
REGION1,MWHYDMSH1,2023,0.0
REGION1,MLLFRCPH1,2023,0.05303191420550839
REGION1,MLHFGCPH1,2023,0.046968085794491715
REGION1,MLBMCHPH1,2023,0.0
REGION1,MRNGCCPH1,2023,0.0
REGION1,MRLFRCPH1,2023,0.0
REGION1,MRHFGCPH1,2023,0.0
REGION1,MZNGGCPH1,2023,0.0
REGION1,MZBMCHPH1,2023,0.0
REGION1,MZHYDMSH1,2023,0.0
REGION1,NACOSCPH1,2023,0.0
REGION1,NALFRCPH1,2023,0.0
REGION1,NAHFGCPH1,2023,0.0
REGION1,NABMCHPH1,2023,0.0
REGION1,NAHYDMSH1,2023,0.0
REGION1,NAWINDPH1,2023,0.0
REGION1,NECOSCPH1,2023,0.0
REGION1,NENGCCPH1,2023,0.0
REGION1,NGBMCHPH1,2023,0.0
REGION1,RWWINDPH1,2023,0.0
REGION1,RWNGGCPH1,2023,0.0
REGION1,RWLFRCPH1,2023,0.0
REGION1,RWHFGCPH1,2023,0.0
REGION1,RWBMCHPH1,2023,0.0
REGION1,RWHYDMSH1,2023,0.0
REGION1,SNHYDMSH1,2023,0.0
REGION1,SNCOSCPH1,2023,0.0
REGION1,SNBMCHPH1,2023,0.0
REGION1,SLWINDPH1,2023,0.0
REGION1,SLLFRCPH1,2023,0.0
REGION1,SLHFGCPH1,2023,0.0
REGION1,SLBMCHPH1,2023,0.0
REGION1,SLHYDMSH1,2023,0.0
REGION1,ZACOSCPH1,2023,0.0
REGION1,ZALFRCPH1,2023,0.0
REGION1,ZAHFGCPH1,2023,0.0
REGION1,ZABMCHPH1,2023,0.0
REGION1,ZAHYDMSH1,2023,0.0
REGION1,ZASOC1PH1,2023,0.0
REGION1,SSLFRCPH1,2023,0.018711194731890875
REGION1,SSHFGCPH1,2023,0.011288805268109122
REGION1,TGNGCCPH1,2023,0.0
REGION1,TGLFRCPH1,2023,0.0
REGION1,TGHFGCPH1,2023,0.0
REGION1,TGHYDMSH1,2023,0.0
REGION1,UGSOU1PH1,2023,0.0
REGION1,UGLFRCPH1,2023,0.0
REGION1,UGHFGCPH1,2023,0.0
REGION1,UGBMCHPH1,2023,0.0
REGION1,TZNGGCPH1,2023,0.04500000000000015
REGION1,TZLFRCPH1,2023,0.0
REGION1,TZHFGCPH1,2023,0.0
REGION1,TZBMCHPH1,2023,0.0
REGION1,TZHYDMSH1,2023,0.08100000000000007
REGION1,ZMWINDPH1,2023,0.0
REGION1,ZMCOSCPH1,2023,0.0
REGION1,ZMLFRCPH1,2023,0.0
REGION1,ZMHFGCPH1,2023,0.0
REGION1,ZMBMCHPH1,2023,0.0
REGION1,ZWLFRCPH1,2023,0.0
REGION1,SNWINDPH1,2023,0.0
REGION1,ZWHYDMSH1,2023,0.0
REGION1,ZWBMCHPH1,2023,0.0
REGION1,SOLFRCPH1,2023,0.0
REGION1,SOSOU1PH1,2023,0.0035
REGION1,SOWINDPH1,2023,0.0
REGION1,MAHYDSPH1,2023,0.0
REGION1,ZAHYDSPH1,2023,0.0
REGION1,ATELCZPH1,2023,0.0
REGION1,ATELDEPH1,2023,0.0
REGION1,ATELHUPH1,2023,0.0
REGION1,ATELITPH1,2023,0.0
REGION1,ATELSIPH1,2023,0.0
REGION1,ATELCHPH1,2023,0.0
REGION1,BEELFRPH1,2023,0.0
REGION1,BEELDEPH1,2023,0.0
REGION1,BEELLUPH1,2023,0.0
REGION1,BEELNLPH1,2023,0.0
REGION1,BEELUKPH1,2023,0.0
REGION1,BGELGRPH1,2023,0.0
REGION1,BGELROPH1,2023,0.0
REGION1,CZELDEPH1,2023,0.0
REGION1,CZELPLPH1,2023,0.0
REGION1,CZELSKPH1,2023,0.0
REGION1,HRELHUPH1,2023,0.0
REGION1,HRELSIPH1,2023,0.0
REGION1,DKELNLPH1,2023,0.0
REGION1,DKELNOPH1,2023,0.0
REGION1,DKELSEPH1,2023,0.0
REGION1,DKELUKPH1,2023,0.0
REGION1,EEELFIPH1,2023,0.0
REGION1,EEELLVPH1,2023,0.0
REGION1,FIELNOPH1,2023,0.0
REGION1,FIELSEPH1,2023,0.0
REGION1,FRELITPH1,2023,0.0
REGION1,FRELLUPH1,2023,0.0
REGION1,FRELUKPH1,2023,0.0
REGION1,DEELDKPH1,2023,0.0
REGION1,DEELFRPH1,2023,0.0
REGION1,DEELLUPH1,2023,0.0
REGION1,DEELNLPH1,2023,0.0
REGION1,DEELNOPH1,2023,0.0
REGION1,DEELPLPH1,2023,0.0
REGION1,DEELSEPH1,2023,0.0
REGION1,DEELUKPH1,2023,0.0
REGION1,HUELROPH1,2023,0.0
REGION1,HUELSKPH1,2023,0.0
REGION1,HUELSIPH1,2023,0.0
REGION1,IEELUKPH1,2023,0.0
REGION1,ITELMTPH1,2023,0.0
REGION1,ITELSIPH1,2023,0.0
REGION1,LTELLVPH1,2023,0.0
REGION1,LTELPLPH1,2023,0.0
REGION1,LTELSEPH1,2023,0.0
REGION1,NLELNOPH1,2023,0.0
REGION1,NLELUKPH1,2023,0.0
REGION1,NOELSEPH1,2023,0.0
REGION1,NOELUKPH1,2023,0.0
REGION1,PLELSKPH1,2023,0.0
REGION1,PLELSEPH1,2023,0.0
REGION1,ESELFRPH1,2023,0.0
REGION1,ESELPTPH1,2023,0.0
REGION1,CHELFRPH1,2023,0.0
REGION1,CHELDEPH1,2023,0.0
REGION1,CHELITPH1,2023,0.0
REGION1,GRELITPH1,2023,0.0
REGION1,BGELMKPH1,2023,0.0
REGION1,BGELRSPH1,2023,0.0
REGION1,BGELTRPH1,2023,0.0
REGION1,HRELBAPH1,2023,0.0
REGION1,HRELRSPH1,2023,0.0
REGION1,EEELRUPH1,2023,0.0
REGION1,GRELALPH1,2023,0.0
REGION1,GRELTRPH1,2023,0.0
REGION1,HUELRSPH1,2023,0.0
REGION1,HUELUAPH1,2023,0.0
REGION1,ITELMEPH1,2023,0.0
REGION1,LVELRUPH1,2023,0.0
REGION1,LTELBYPH1,2023,0.0
REGION1,LTELRUPH1,2023,0.0
REGION1,PLELUAPH1,2023,0.0
REGION1,ROELMDPH1,2023,0.0
REGION1,ROELRSPH1,2023,0.0
REGION1,ROELUAPH1,2023,0.0
REGION1,SKELUAPH1,2023,0.0
REGION1,GRELMKPH1,2023,0.0
REGION1,ESELMAPH1,2023,0.0
REGION1,CYELILPH1,2023,0.0
REGION1,SEELLVPH1,2023,0.0
REGION1,BEELDKPH1,2023,0.0
REGION1,ITELTNPH1,2023,0.0
REGION1,GRELEGPH1,2023,0.0
REGION1,ITELDZPH1,2023,0.0
REGION1,MTELTNPH1,2023,0.0
REGION1,ROELGEPH1,2023,0.0
REGION1,ESELITPH1,2023,0.0
REGION1,DEELLVPH1,2023,0.0
REGION1,GRELDEPH1,2023,0.0
REGION1,ITELSAPH1,2023,0.0
REGION1,UKELMAPH1,2023,0.0
REGION1,DEELMAPH1,2023,0.0
REGION1,BIELRWPH1,2023,0.0
REGION1,BWELZAPH1,2023,0.0
REGION1,CDELBIPH1,2023,0.0
REGION1,CDELCGPH1,2023,0.0
REGION1,CDELRWPH1,2023,0.0
REGION1,CDELZMPH1,2023,0.0
REGION1,CIELBFPH1,2023,0.0
REGION1,EGELJOPH1,2023,0.0
REGION1,EGELSDPH1,2023,0.0
REGION1,ETELDJPH1,2023,0.0
REGION1,ETELSDPH1,2023,0.0
REGION1,GHELCIPH1,2023,0.0
REGION1,GHELTGPH1,2023,0.0
REGION1,KEELTZPH1,2023,0.0
REGION1,LSELZAPH1,2023,0.0
REGION1,LYELEGPH1,2023,0.0
REGION1,MAELDZPH1,2023,0.0
REGION1,MZELSZPH1,2023,0.0
REGION1,MZELZAPH1,2023,0.0
REGION1,MZELZWPH1,2023,0.0
REGION1,NGELBJPH1,2023,0.0
REGION1,NGELNEPH1,2023,0.0
REGION1,NAELZAPH1,2023,0.0
REGION1,RWELBIPH1,2023,0.0
REGION1,SNELMLPH1,2023,0.0
REGION1,TGELBJPH1,2023,0.0
REGION1,TNELDZPH1,2023,0.0
REGION1,TZELUGPH1,2023,0.0
REGION1,UGELKEPH1,2023,0.0
REGION1,UGELRWPH1,2023,0.0
REGION1,UGELTZPH1,2023,0.0
REGION1,ZAELSZPH1,2023,0.0
REGION1,ZAELZWPH1,2023,0.0
REGION1,ZMELZWPH1,2023,0.0
REGION1,AOELBWPH1,2023,0.0
REGION1,AOELCDPH1,2023,0.0
REGION1,AOELNAPH1,2023,0.0
REGION1,BFELMLPH1,2023,0.0
REGION1,BWELNAPH1,2023,0.0
REGION1,CDELNAPH1,2023,0.0
REGION1,CDELZAPH1,2023,0.0
REGION1,CGELGAPH1,2023,0.0
REGION1,CMELTDPH1,2023,0.0
REGION1,ETELKEPH1,2023,0.0
REGION1,GAELGQPH1,2023,0.0
REGION1,GHELBFPH1,2023,0.0
REGION1,GMELGWPH1,2023,0.0
REGION1,GQELCMPH1,2023,0.0
REGION1,GWELGNPH1,2023,0.0
REGION1,LRELGNPH1,2023,0.0
REGION1,LRELSLPH1,2023,0.0
REGION1,MLELCIPH1,2023,0.0
REGION1,MWELMZPH1,2023,0.0
REGION1,MWELZMPH1,2023,0.0
REGION1,NAELZWPH1,2023,0.0
REGION1,NEELBFPH1,2023,0.0
REGION1,NEELBJPH1,2023,0.0
REGION1,NEELTGPH1,2023,0.0
REGION1,SLELGNPH1,2023,0.0
REGION1,SNELGMPH1,2023,0.0
REGION1,SNELGNPH1,2023,0.0
REGION1,TGELGHPH1,2023,0.0
REGION1,TZELZMPH1,2023,0.0
REGION1,CIELLRPH1,2023,0.0
REGION1,GNELMLPH1,2023,0.0
REGION1,AOELZMPH1,2023,0.0
REGION1,BFELBJPH1,2023,0.0
REGION1,BFELTGPH1,2023,0.0
REGION1,BIELTZPH1,2023,0.0
REGION1,BJELGHPH1,2023,0.0
REGION1,BWELZMPH1,2023,0.0
REGION1,CDELCFPH1,2023,0.0
REGION1,CDELSDPH1,2023,0.0
REGION1,CDELTZPH1,2023,0.0
REGION1,CDELUGPH1,2023,0.0
REGION1,CFELCGPH1,2023,0.0
REGION1,CFELCMPH1,2023,0.0
REGION1,CFELSDPH1,2023,0.0
REGION1,CFELTDPH1,2023,0.0
REGION1,CGELCMPH1,2023,0.0
REGION1,CIELGNPH1,2023,0.0
REGION1,CMELGAPH1,2023,0.0
REGION1,CMELNGPH1,2023,0.0
REGION1,DJELERPH1,2023,0.0
REGION1,DJELSOPH1,2023,0.0
REGION1,DZELLYPH1,2023,0.0
REGION1,DZELMLPH1,2023,0.0
REGION1,DZELMRPH1,2023,0.0
REGION1,DZELNEPH1,2023,0.0
REGION1,ETELERPH1,2023,0.0
REGION1,ETELSOPH1,2023,0.0
REGION1,GWELSNPH1,2023,0.0
REGION1,KEELSDPH1,2023,0.0
REGION1,KEELSOPH1,2023,0.0
REGION1,LYELNEPH1,2023,0.0
REGION1,LYELSDPH1,2023,0.0
REGION1,LYELTDPH1,2023,0.0
REGION1,LYELTNPH1,2023,0.0
REGION1,MLELMRPH1,2023,0.0
REGION1,MLELNEPH1,2023,0.0
REGION1,MRELSNPH1,2023,0.0
REGION1,MWELTZPH1,2023,0.0
REGION1,MZELTZPH1,2023,0.0
REGION1,MZELZMPH1,2023,0.0
REGION1,NEELTDPH1,2023,0.0
REGION1,NGELTDPH1,2023,0.0
REGION1,RWELTZPH1,2023,0.0
REGION1,SDELERPH1,2023,0.0
REGION1,SDELTDPH1,2023,0.0
REGION1,SDELUGPH1,2023,0.0
REGION1,CYELGRPH1,2023,0.0
REGION1,ALNGGRPI0,2023,0.0
REGION1,ALNGITPI0,2023,0.0
REGION1,ATNGDEPI0,2023,0.0
REGION1,ATNGHUPI0,2023,0.0
REGION1,ATNGITPI0,2023,0.0
REGION1,ATNGSIPI0,2023,0.0
REGION1,ATNGSKPI0,2023,0.0
REGION1,BENGDEPI0,2023,0.0
REGION1,BENGFRPI0,2023,0.0
REGION1,BENGUKPI0,2023,0.0
REGION1,BENGNLPI0,2023,0.0
REGION1,BGNGGRPI0,2023,0.0
REGION1,BGNGROPI0,2023,0.0
REGION1,BYNGLTPI0,2023,0.0
REGION1,CYNGEGPI0,2023,0.0
REGION1,CYNGGRPI0,2023,0.0
REGION1,CZNGDEPI0,2023,0.0
REGION1,CZNGPLPI0,2023,0.0
REGION1,CZNGSKPI0,2023,0.0
REGION1,DENGCHPI0,2023,0.0
REGION1,DENGFRPI0,2023,0.0
REGION1,DENGNLPI0,2023,0.0
REGION1,DENGPLPI0,2023,0.0
REGION1,DKNGDEPI0,2023,0.0
REGION1,DKNGPLPI0,2023,0.0
REGION1,DKNGSEPI0,2023,0.0
REGION1,DZNGESPI0,2023,0.0
REGION1,DZNGITPI0,2023,0.0
REGION1,EENGFIPI0,2023,0.0
REGION1,EENGLVPI0,2023,0.0
REGION1,FRNGCHPI0,2023,0.0
REGION1,FRNGESPI0,2023,0.0
REGION1,GRNGITPI0,2023,0.0
REGION1,HRNGHUPI0,2023,0.0
REGION1,HRNGSIPI0,2023,0.0
REGION1,HUNGROPI0,2023,0.0
REGION1,HUNGSKPI0,2023,0.0
REGION1,IENGUKPI0,2023,0.0
REGION1,ITNGCHPI0,2023,0.0
REGION1,ITNGMTPI0,2023,0.0
REGION1,ITNGSIPI0,2023,0.0
REGION1,LTNGPLPI0,2023,0.0
REGION1,LVNGLTPI0,2023,0.0
REGION1,LYNGITPI0,2023,0.0
REGION1,MANGESPI0,2023,0.0
REGION1,MDNGROPI0,2023,0.0
REGION1,NLNGUKPI0,2023,0.0
REGION1,NONGBEPI0,2023,0.0
REGION1,NONGDEPI0,2023,0.0
REGION1,NONGDKPI0,2023,0.0
REGION1,NONGFRPI0,2023,0.0
REGION1,NONGUKPI0,2023,0.0
REGION1,NONGNLPI0,2023,0.0
REGION1,PLNGSKPI0,2023,0.0
REGION1,PTNGESPI0,2023,0.0
REGION1,RSNGBGPI0,2023,0.0
REGION1,RSNGHUPI0,2023,0.0
REGION1,RSNGROPI0,2023,0.0
REGION1,RUNGEEPI0,2023,0.0
REGION1,RUNGFIPI0,2023,0.0
REGION1,RUNGLVPI0,2023,0.0
REGION1,TRNGBGPI0,2023,0.0
REGION1,TRNGGRPI0,2023,0.0
REGION1,UANGHUPI0,2023,0.0
REGION1,UANGPLPI0,2023,0.0
REGION1,UANGROPI0,2023,0.0
REGION1,UANGSKPI0,2023,0.0
REGION1,BENGLUPI0,2023,0.0
REGION1,NGNGDZPI0,2023,0.0
REGION1,MZNGZAPI0,2023,0.0
REGION1,NGNGLYPI0,2023,0.0
REGION1,ETNGDJPI0,2023,0.0
REGION1,NGNGGQPI0,2023,0.0
REGION1,TZNGKEPI0,2023,0.0
REGION1,NGNGMAPI0,2023,0.0
REGION1,NGNGBJPI0,2023,0.0
REGION1,NGNGGHPI0,2023,0.0
REGION1,NGNGNEPI0,2023,0.0
REGION1,NGNGTGPI0,2023,0.0
REGION1,NGNGTNPI0,2023,0.0
REGION1,DZNGMAPI0,2023,0.0
REGION1,BELG00I00,2024,0.0
REGION1,HRLG00I00,2024,0.0
REGION1,CYLG00I00,2024,0.0
REGION1,FRLG00I00,2024,0.0
REGION1,FILG00I00,2024,0.0
REGION1,DELG00I00,2024,0.0
REGION1,GRLG00I00,2024,0.0
REGION1,ITLG00I00,2024,0.0
REGION1,LVLG00I00,2024,0.0
REGION1,LTLG00I00,2024,0.0
REGION1,MTLG00I00,2024,0.0
REGION1,NLLG00I00,2024,0.0
REGION1,PLLG00I00,2024,0.0
REGION1,ESLG00I00,2024,0.0
REGION1,UKLG00I00,2024,0.0
REGION1,PTLG00I00,2024,0.0
REGION1,BENUG2PN1,2024,0.0
REGION1,BGNUG2PN1,2024,0.0
REGION1,CZNUG2PN1,2024,0.0
REGION1,DENUG2PN1,2024,0.0
REGION1,ESNUG2PN1,2024,0.0
REGION1,FINUG2PN1,2024,0.0
REGION1,FRNUG2PN1,2024,0.0
REGION1,HUNUG2PN1,2024,0.0
REGION1,NLNUG2PN1,2024,0.0
REGION1,RONUG2PN1,2024,0.0
REGION1,SENUG2PN1,2024,0.0
REGION1,SINUG2PN1,2024,0.0
REGION1,SKNUG2PN1,2024,0.0
REGION1,CHNUG2PN1,2024,0.0
REGION1,UKNUG2PN1,2024,0.0
REGION1,ATHYDSPN1,2024,0.0
REGION1,BEHYDSPN1,2024,0.0
REGION1,BGHYDSPN1,2024,0.0
REGION1,CZHYDSPN1,2024,0.0
REGION1,DEHYDSPN1,2024,0.0
REGION1,GRHYDSPN1,2024,0.0
REGION1,ESHYDSPN1,2024,0.0
REGION1,FRHYDSPN1,2024,0.0
REGION1,HRHYDSPN1,2024,0.0
REGION1,IEHYDSPN1,2024,0.0
REGION1,ITHYDSPN1,2024,0.0
REGION1,LTHYDSPN1,2024,0.0
REGION1,LUHYDSPN1,2024,0.0
REGION1,PLHYDSPN1,2024,0.0
REGION1,PTHYDSPN1,2024,0.0
REGION1,ROHYDSPN1,2024,0.0
REGION1,SEHYDSPN1,2024,0.0
REGION1,SIHYDSPN1,2024,0.0
REGION1,SKHYDSPN1,2024,0.0
REGION1,CHHYDSPN1,2024,0.0
REGION1,UKHYDSPN1,2024,0.0
REGION1,ATHYDMPN1,2024,0.0
REGION1,ATHYDRPN1,2024,0.0
REGION1,BEHYDMPN1,2024,0.0
REGION1,BEHYDRPN1,2024,0.0
REGION1,BGHYDMPN1,2024,0.0
REGION1,BGHYDRPN1,2024,0.0
REGION1,CZHYDRPN1,2024,0.0
REGION1,CZHYDMPN1,2024,0.0
REGION1,DEHYDMPN1,2024,0.0
REGION1,DEHYDRPN1,2024,0.0
REGION1,DKHYDRPN1,2024,0.0
REGION1,DKHYDMPN1,2024,0.0
REGION1,EEHYDRPN1,2024,0.0
REGION1,GRHYDMPN1,2024,0.0
REGION1,GRHYDRPN1,2024,0.0
REGION1,ESHYDMPN1,2024,0.0
REGION1,ESHYDRPN1,2024,0.0
REGION1,FIHYDMPN1,2024,0.0
REGION1,FIHYDRPN1,2024,0.0
REGION1,FRHYDMPN1,2024,0.0
REGION1,FRHYDRPN1,2024,0.0
REGION1,HRHYDMPN1,2024,0.0
REGION1,HRHYDRPN1,2024,0.0
REGION1,HUHYDMPN1,2024,0.0
REGION1,HUHYDRPN1,2024,0.0
REGION1,IEHYDMPN1,2024,0.0
REGION1,IEHYDRPN1,2024,0.0
REGION1,ITHYDMPN1,2024,0.0
REGION1,ITHYDRPN1,2024,0.0
REGION1,LTHYDRPN1,2024,0.0
REGION1,LUHYDRPN1,2024,0.0
REGION1,LVHYDMPN1,2024,0.0
REGION1,LVHYDRPN1,2024,0.0
REGION1,NLHYDRPN1,2024,0.0
REGION1,PLHYDMPN1,2024,0.0
REGION1,PLHYDRPN1,2024,0.0
REGION1,PTHYDMPN1,2024,0.16
REGION1,PTHYDRPN1,2024,0.0
REGION1,ROHYDMPN1,2024,0.0
REGION1,ROHYDRPN1,2024,0.0
REGION1,SEHYDMPN1,2024,0.0
REGION1,SEHYDRPN1,2024,0.0
REGION1,SIHYDMPN1,2024,0.0
REGION1,SIHYDRPN1,2024,0.0
REGION1,SKHYDMPN1,2024,0.0
REGION1,SKHYDRPN1,2024,0.0
REGION1,NOHYDRPN1,2024,0.094
REGION1,NOHYDMPN1,2024,0.0
REGION1,CHHYDRPN1,2024,0.0
REGION1,CHHYDMPN1,2024,0.0
REGION1,UKHYDMPN1,2024,0.0
REGION1,UKHYDRPN1,2024,0.0
REGION1,EGLG00I00,2024,0.0
REGION1,GHLG00I00,2024,0.0
REGION1,MALG00I00,2024,0.0
REGION1,MZLG00I00,2024,0.0
REGION1,SNLG00I00,2024,0.0
REGION1,ZALG00I00,2024,0.0
REGION1,DZLG00E00,2024,0.0
REGION1,NGLG00E00,2024,0.0
REGION1,EGLG00E00,2024,0.0
REGION1,AOLG00E00,2024,0.0
REGION1,GQLG00E00,2024,0.0
REGION1,MZLG00E00,2024,0.0
REGION1,CGLG00E00,2024,0.0
REGION1,GALG00E00,2024,0.0
REGION1,MRLG00E00,2024,0.0
REGION1,SNLG00E00,2024,0.0
REGION1,TZLG00E00,2024,0.0
REGION1,BFHYDMSN1,2024,0.0
REGION1,BIHYDMSN1,2024,0.0
REGION1,CMHYDMSN1,2024,0.0
REGION1,CDHYDMSN1,2024,0.0
REGION1,ETHYDMSN1,2024,0.0
REGION1,KEHYDMSN1,2024,0.0
REGION1,MLHYDMSN1,2024,0.0
REGION1,NGHYDMSN1,2024,0.0
REGION1,UGHYDMSN1,2024,0.0
REGION1,ZMHYDMSN1,2024,0.0
REGION1,DZHYDMSN1,2024,0.0
REGION1,EGHYDMSN1,2024,0.0
REGION1,MAHYDMSN1,2024,0.0
REGION1,SDHYDMSN1,2024,0.0
REGION1,TNHYDMSN1,2024,0.0
REGION1,AOHYDMSN1,2024,0.0
REGION1,BJHYDMSN1,2024,0.0
REGION1,CFHYDMSN1,2024,0.0
REGION1,CGHYDMSN1,2024,0.0
REGION1,CIHYDMSN1,2024,0.112
REGION1,GQHYDMSN1,2024,0.0
REGION1,SZHYDMSN1,2024,0.0
REGION1,GAHYDMSN1,2024,0.0
REGION1,GHHYDMSN1,2024,0.0
REGION1,GNHYDMSN1,2024,0.0
REGION1,LSHYDMSN1,2024,0.0
REGION1,LRHYDMSN1,2024,0.0
REGION1,MWHYDMSN1,2024,0.0
REGION1,MZHYDMSN1,2024,0.0
REGION1,NAHYDMSN1,2024,0.0
REGION1,RWHYDMSN1,2024,0.0
REGION1,SNHYDMSN1,2024,0.0
REGION1,SLHYDMSN1,2024,0.0
REGION1,ZAHYDMSN1,2024,0.0
REGION1,TGHYDMSN1,2024,0.0
REGION1,TZHYDMSN1,2024,2.115
REGION1,ZWHYDMSN1,2024,0.0
REGION1,MAHYDSPN1,2024,0.0
REGION1,ZAHYDSPN1,2024,0.0
REGION1,KEBATTN1,2024,0.25
REGION1,ETBMCHPN1,2024,0.0
REGION1,KEBMCHPN1,2024,0.0
REGION1,ZABMCHPN1,2024,0.0
REGION1,BWCOSCPN1,2024,0.0
REGION1,ZACOSCPN1,2024,0.0
REGION1,ETGOCVPN1,2024,0.0
REGION1,KEGOCVPN1,2024,0.035
REGION1,RWNGGCPN1,2024,0.0
REGION1,DZNGCCPN1,2024,0.0
REGION1,MANGCCPN1,2024,0.0
REGION1,TNNGCCPN1,2024,0.0
REGION1,UGNGCCPN1,2024,0.0
REGION1,MZNGGCPN1,2024,0.0
REGION1,NGNGGCPN1,2024,0.0
REGION1,AOSOU1PN1,2024,0.0
REGION1,GASOU1PN1,2024,0.011
REGION1,DZSOU1PN1,2024,0.0
REGION1,MASOU1PN1,2024,0.0
REGION1,TNSOU1PN1,2024,0.0
REGION1,ETSOU1PN1,2024,0.0
REGION1,KESOU1PN1,2024,0.0
REGION1,TZSOU1PN1,2024,0.0
REGION1,BWSOU1PN1,2024,0.0
REGION1,ZASOU1PN1,2024,0.0
REGION1,MAWINDPN1,2024,0.0
REGION1,TNWINDPN1,2024,0.0
REGION1,ETWINDPN1,2024,0.0
REGION1,KEWINDPN1,2024,0.0
REGION1,ZAWINDPN1,2024,1.62
REGION1,CICOSCPN1,2024,0.0
REGION1,EGNULWPN1,2024,0.0
REGION1,SSHYDMSN1,2024,0.0
REGION1,MABATTN1,2024,0.0
REGION1,CGSOU1PN1,2024,0.0
REGION1,DJSOU1PN1,2024,0.0
REGION1,DZWINDPN1,2024,0.0
REGION1,ERSOU1PN1,2024,0.0
REGION1,ERWINDPN1,2024,0.0
REGION1,GHWINDPN1,2024,0.0
REGION1,GQSOU1PN1,2024,0.0
REGION1,GWSOU1PN1,2024,0.0
REGION1,LRSOU1PN1,2024,0.0
REGION1,RWSOU1PN1,2024,0.0
REGION1,SLSOU1PN1,2024,0.0
REGION1,SSSOU1PN1,2024,0.014
REGION1,SZNGCCPN1,2024,0.0
REGION1,SZWINDPN1,2024,0.0
REGION1,TDWINDPN1,2024,0.0
REGION1,TGWINDPN1,2024,0.0
REGION1,TZWINDPN1,2024,0.0
REGION1,ZMSOU1PN1,2024,0.062
REGION1,DZNGCCPH1,2024,0.25331298717367073
REGION1,DZNGGCPH1,2024,0.6606870128263307
REGION1,DZSOU1PH1,2024,0.0
REGION1,EGBMCHPH1,2024,0.0
REGION1,EGSOU1PH1,2024,0.734
REGION1,EGWINDPH1,2024,0.3089999999999999
REGION1,LYNGCCPH1,2024,0.08974529339530336
REGION1,LYNGGCPH1,2024,0.14152499999999965
REGION1,LYLFRCPH1,2024,0.0
REGION1,LYHFGCPH1,2024,0.0
REGION1,LYSOU1PH1,2024,0.0
REGION1,MASOU1PH1,2024,0.09699999999999998
REGION1,MAWINDPH1,2024,0.319
REGION1,SDSOU1PH1,2024,0.0
REGION1,TNNGCCPH1,2024,0.0
REGION1,TNNGGCPH1,2024,0.0
REGION1,TNSOU1PH1,2024,0.267
REGION1,AOSOU1PH1,2024,0.05142999999999998
REGION1,BJSOU1PH1,2024,0.0
REGION1,BFLFRCPH1,2024,0.0
REGION1,BFHFGCPH1,2024,0.0
REGION1,BFHYDMSH1,2024,0.0
REGION1,BFSOU1PH1,2024,0.02859999999999999
REGION1,BIHYDMSH1,2024,0.0
REGION1,CMHYDMSH1,2024,0.0
REGION1,CMSOU1PH1,2024,0.0
REGION1,CFSOU1PH1,2024,0.0
REGION1,CINGCCPH1,2024,0.0
REGION1,CINGGCPH1,2024,0.0
REGION1,CISOU1PH1,2024,0.0
REGION1,CDLFRCPH1,2024,0.06907894323144101
REGION1,CDHFGCPH1,2024,0.27481405676855897
REGION1,CDHYDMSH1,2024,0.05888800000000005
REGION1,CDSOU1PH1,2024,0.00485
REGION1,DJWINDPH1,2024,0.0
REGION1,ETBMCHPH1,2024,0.0
REGION1,ETHYDMSH1,2024,0.3386999999999993
REGION1,ETWINDPH1,2024,0.0
REGION1,GHNGCCPH1,2024,0.09315202504402284
REGION1,GHNGGCPH1,2024,0.10684797495597738
REGION1,GHSOU1PH1,2024,0.0
REGION1,KEGOCVPH1,2024,0.0
REGION1,KEHYDMSH1,2024,0.0
REGION1,KESOU1PH1,2024,0.07450100000000004
REGION1,LSSOU1PH1,2024,0.0
REGION1,MWSOU1PH1,2024,0.0
REGION1,MLHYDMSH1,2024,0.0
REGION1,MLSOU1PH1,2024,0.03999999999999999
REGION1,MRSOU1PH1,2024,0.03400000000000002
REGION1,MRWINDPH1,2024,0.0
REGION1,MZLFRCPH1,2024,0.0
REGION1,MZHFGCPH1,2024,0.0
REGION1,MZSOU1PH1,2024,0.004417999999999991
REGION1,NASOU1PH1,2024,0.0
REGION1,NELFRCPH1,2024,0.0
REGION1,NEHFGCPH1,2024,0.0
REGION1,NESOU1PH1,2024,0.0
REGION1,NGNGCCPH1,2024,0.022116679514325333
REGION1,NGNGGCPH1,2024,0.11888332048567465
REGION1,NGLFRCPH1,2024,0.0
REGION1,NGHFGCPH1,2024,0.0
REGION1,NGHYDMSH1,2024,0.0
REGION1,NGSOU1PH1,2024,0.015349
REGION1,RWCOSCPH1,2024,0.035
REGION1,SNNGCCPH1,2024,0.0
REGION1,SNLFRCPH1,2024,0.11283435001640603
REGION1,SNHFGCPH1,2024,0.498721649983594
REGION1,SNSOU1PH1,2024,0.04161899999999999
REGION1,ZANULWPH1,2024,0.0
REGION1,ZASOU1PH1,2024,0.9519999999999991
REGION1,SSWINDPH1,2024,0.0
REGION1,TGSOU1PH1,2024,0.0
REGION1,UGHYDMSH1,2024,0.2042000000000002
REGION1,TZSOU1PH1,2024,0.0
REGION1,ZMHYDMSH1,2024,0.0
REGION1,ZWSOU1PH1,2024,0.059
REGION1,ZWCOSCPH1,2024,0.0
REGION1,DZLFRCPH1,2024,0.0
REGION1,DZHFGCPH1,2024,0.0
REGION1,DZHYDMSH1,2024,0.0
REGION1,DZSOC1PH1,2024,0.0
REGION1,EGNGCCPH1,2024,0.0
REGION1,EGNGGCPH1,2024,0.0
REGION1,EGLFRCPH1,2024,0.0
REGION1,EGHFGCPH1,2024,0.0
REGION1,EGHYDMSH1,2024,0.0
REGION1,EGSOC1PH1,2024,0.0
REGION1,MACOSCPH1,2024,0.0
REGION1,MALFRCPH1,2024,0.0
REGION1,MAHFGCPH1,2024,0.0
REGION1,MANGCCPH1,2024,0.0
REGION1,MANGGCPH1,2024,0.0
REGION1,MABMCHPH1,2024,0.0
REGION1,MAHYDMSH1,2024,0.0
REGION1,MASOC1PH1,2024,0.0
REGION1,SDLFRCPH1,2024,0.0
REGION1,SDHFGCPH1,2024,0.0
REGION1,SDBMCHPH1,2024,0.0
REGION1,SDHYDMSH1,2024,0.0
REGION1,TNLFRCPH1,2024,0.0
REGION1,TNHFGCPH1,2024,0.0
REGION1,TNHYDMSH1,2024,0.0
REGION1,TNWINDPH1,2024,0.0
REGION1,AONGGCPH1,2024,0.0
REGION1,AOLFRCPH1,2024,0.0
REGION1,AOHFGCPH1,2024,0.0
REGION1,AOBMCHPH1,2024,0.0
REGION1,AOHYDMSH1,2024,0.0
REGION1,BJNGGCPH1,2024,0.0
REGION1,BJLFRCPH1,2024,0.0
REGION1,BJHFGCPH1,2024,0.0
REGION1,BJHYDMSH1,2024,0.0
REGION1,BWCOSCPH1,2024,0.0
REGION1,BWLFRCPH1,2024,0.0
REGION1,BWSOU1PH1,2024,0.0
REGION1,BFBMCHPH1,2024,0.0
REGION1,BILFRCPH1,2024,0.0
REGION1,BISOU1PH1,2024,0.0
REGION1,CMNGGCPH1,2024,0.0
REGION1,CMLFRCPH1,2024,0.0
REGION1,CMHFGCPH1,2024,0.0
REGION1,CFLFRCPH1,2024,0.0
REGION1,CFHYDMSH1,2024,0.0
REGION1,TDNGCCPH1,2024,0.0
REGION1,TDLFRCPH1,2024,0.0
REGION1,TDHFGCPH1,2024,0.0
REGION1,TDBMCHPH1,2024,0.0
REGION1,TDSOU1PH1,2024,7.799999999999994e-05
REGION1,CGNGGCPH1,2024,0.02700000000000002
REGION1,CGLFRCPH1,2024,0.0
REGION1,CGHFGCPH1,2024,0.0
REGION1,CGBMCHPH1,2024,0.0
REGION1,CGHYDMSH1,2024,0.0
REGION1,CILFRCPH1,2024,0.0
REGION1,CIHFGCPH1,2024,0.0
REGION1,CIHYDMSH1,2024,0.0
REGION1,DJLFRCPH1,2024,0.0
REGION1,DJHFGCPH1,2024,0.0
REGION1,GWNGCCPH1,2024,0.0
REGION1,GQNGGCPH1,2024,0.0
REGION1,GQLFRCPH1,2024,0.0
REGION1,GQHFGCPH1,2024,0.0
REGION1,GQHYDMSH1,2024,0.0
REGION1,ERLFRCPH1,2024,0.0
REGION1,ERHFGCPH1,2024,0.0
REGION1,SZLFRCPH1,2024,0.0
REGION1,SZHFGCPH1,2024,0.0
REGION1,SZBMCHPH1,2024,0.0
REGION1,SZHYDMSH1,2024,0.0
REGION1,SZSOU1PH1,2024,0.0
REGION1,ETLFRCPH1,2024,0.0
REGION1,ETGOCVPH1,2024,0.0
REGION1,GANGGCPH1,2024,0.0
REGION1,GALFRCPH1,2024,0.0
REGION1,GAHFGCPH1,2024,0.0
REGION1,GAHYDMSH1,2024,0.0
REGION1,GMLFRCPH1,2024,0.0
REGION1,GMHFGCPH1,2024,0.0
REGION1,GMWINDPH1,2024,0.0
REGION1,GMSOU1PH1,2024,0.023
REGION1,GHLFRCPH1,2024,0.0
REGION1,GHHFGCPH1,2024,0.0
REGION1,GHBMCHPH1,2024,0.0
REGION1,GHHYDMSH1,2024,0.0
REGION1,GNLFRCPH1,2024,0.0
REGION1,GNHFGCPH1,2024,0.0
REGION1,GNHYDMSH1,2024,0.0
REGION1,GNSOU1PH1,2024,0.0
REGION1,GWLFRCPH1,2024,0.0
REGION1,KELFRCPH1,2024,0.0
REGION1,KEHFGCPH1,2024,0.0
REGION1,KEBMCHPH1,2024,0.07549999999999998
REGION1,KEWINDPH1,2024,4.999999999999449e-05
REGION1,LSHYDMSH1,2024,0.001000000000000001
REGION1,LRLFRCPH1,2024,0.0
REGION1,LRHFGCPH1,2024,0.0
REGION1,LRHYDMSH1,2024,0.0
REGION1,MWLFRCPH1,2024,0.0
REGION1,MWBMCHPH1,2024,0.0
REGION1,MWHYDMSH1,2024,0.0
REGION1,MLLFRCPH1,2024,0.0
REGION1,MLHFGCPH1,2024,0.0
REGION1,MLBMCHPH1,2024,0.001999999999999995
REGION1,MRNGCCPH1,2024,0.0
REGION1,MRLFRCPH1,2024,0.0
REGION1,MRHFGCPH1,2024,0.0
REGION1,MZNGGCPH1,2024,0.0
REGION1,MZBMCHPH1,2024,0.0
REGION1,MZHYDMSH1,2024,0.0
REGION1,NACOSCPH1,2024,0.0
REGION1,NALFRCPH1,2024,0.0
REGION1,NAHFGCPH1,2024,0.0
REGION1,NABMCHPH1,2024,0.0
REGION1,NAHYDMSH1,2024,0.0
REGION1,NAWINDPH1,2024,0.0
REGION1,NECOSCPH1,2024,0.0
REGION1,NENGCCPH1,2024,0.0
REGION1,NGBMCHPH1,2024,0.0
REGION1,RWWINDPH1,2024,0.0
REGION1,RWNGGCPH1,2024,0.06079
REGION1,RWLFRCPH1,2024,0.0
REGION1,RWHFGCPH1,2024,0.0
REGION1,RWBMCHPH1,2024,0.0
REGION1,RWHYDMSH1,2024,0.02964499999999999
REGION1,SNHYDMSH1,2024,0.0
REGION1,SNCOSCPH1,2024,0.0
REGION1,SNBMCHPH1,2024,0.0
REGION1,SLWINDPH1,2024,0.0
REGION1,SLLFRCPH1,2024,0.0
REGION1,SLHFGCPH1,2024,0.0
REGION1,SLBMCHPH1,2024,0.0
REGION1,SLHYDMSH1,2024,0.0
REGION1,ZACOSCPH1,2024,0.0
REGION1,ZALFRCPH1,2024,0.0
REGION1,ZAHFGCPH1,2024,0.0
REGION1,ZABMCHPH1,2024,0.0
REGION1,ZAHYDMSH1,2024,0.0
REGION1,ZASOC1PH1,2024,0.09999999999999998
REGION1,SSLFRCPH1,2024,0.0
REGION1,SSHFGCPH1,2024,0.0
REGION1,TGNGCCPH1,2024,0.0
REGION1,TGLFRCPH1,2024,0.0
REGION1,TGHFGCPH1,2024,0.0
REGION1,TGHYDMSH1,2024,0.0
REGION1,UGSOU1PH1,2024,0.0
REGION1,UGLFRCPH1,2024,0.0007509422916388114
REGION1,UGHFGCPH1,2024,0.0012490577083611907
REGION1,UGBMCHPH1,2024,0.0
REGION1,TZNGGCPH1,2024,0.0
REGION1,TZLFRCPH1,2024,0.0
REGION1,TZHFGCPH1,2024,0.0
REGION1,TZBMCHPH1,2024,0.0
REGION1,TZHYDMSH1,2024,0.7050000000000001
REGION1,ZMWINDPH1,2024,0.0
REGION1,ZMCOSCPH1,2024,0.0
REGION1,ZMLFRCPH1,2024,0.0
REGION1,ZMHFGCPH1,2024,0.0
REGION1,ZMBMCHPH1,2024,0.0
REGION1,ZWLFRCPH1,2024,0.0
REGION1,SNWINDPH1,2024,0.0002999999999999947
REGION1,ZWHYDMSH1,2024,0.0
REGION1,ZWBMCHPH1,2024,0.0
REGION1,SOLFRCPH1,2024,0.0
REGION1,SOSOU1PH1,2024,0.0
REGION1,SOWINDPH1,2024,0.0
REGION1,MAHYDSPH1,2024,0.3499999999999999
REGION1,ZAHYDSPH1,2024,0.0
REGION1,ATELCZPH1,2024,0.0
REGION1,ATELDEPH1,2024,0.0
REGION1,ATELHUPH1,2024,0.0
REGION1,ATELITPH1,2024,0.0
REGION1,ATELSIPH1,2024,0.0
REGION1,ATELCHPH1,2024,0.0
REGION1,BEELFRPH1,2024,0.0
REGION1,BEELDEPH1,2024,0.0
REGION1,BEELLUPH1,2024,0.0
REGION1,BEELNLPH1,2024,0.0
REGION1,BEELUKPH1,2024,0.0
REGION1,BGELGRPH1,2024,0.0
REGION1,BGELROPH1,2024,0.0
REGION1,CZELDEPH1,2024,0.0
REGION1,CZELPLPH1,2024,0.0
REGION1,CZELSKPH1,2024,0.0
REGION1,HRELHUPH1,2024,0.0
REGION1,HRELSIPH1,2024,0.0
REGION1,DKELNLPH1,2024,0.0
REGION1,DKELNOPH1,2024,0.0
REGION1,DKELSEPH1,2024,0.0
REGION1,DKELUKPH1,2024,0.0
REGION1,EEELFIPH1,2024,0.0
REGION1,EEELLVPH1,2024,0.0
REGION1,FIELNOPH1,2024,0.0
REGION1,FIELSEPH1,2024,0.0
REGION1,FRELITPH1,2024,0.0
REGION1,FRELLUPH1,2024,0.0
REGION1,FRELUKPH1,2024,0.0
REGION1,DEELDKPH1,2024,0.0
REGION1,DEELFRPH1,2024,0.0
REGION1,DEELLUPH1,2024,0.0
REGION1,DEELNLPH1,2024,0.0
REGION1,DEELNOPH1,2024,0.0
REGION1,DEELPLPH1,2024,0.0
REGION1,DEELSEPH1,2024,0.0
REGION1,DEELUKPH1,2024,0.0
REGION1,HUELROPH1,2024,0.0
REGION1,HUELSKPH1,2024,0.0
REGION1,HUELSIPH1,2024,0.0
REGION1,IEELUKPH1,2024,0.0
REGION1,ITELMTPH1,2024,0.0
REGION1,ITELSIPH1,2024,0.0
REGION1,LTELLVPH1,2024,0.0
REGION1,LTELPLPH1,2024,0.0
REGION1,LTELSEPH1,2024,0.0
REGION1,NLELNOPH1,2024,0.0
REGION1,NLELUKPH1,2024,0.0
REGION1,NOELSEPH1,2024,0.0
REGION1,NOELUKPH1,2024,0.0
REGION1,PLELSKPH1,2024,0.0
REGION1,PLELSEPH1,2024,0.0
REGION1,ESELFRPH1,2024,0.0
REGION1,ESELPTPH1,2024,0.0
REGION1,CHELFRPH1,2024,0.0
REGION1,CHELDEPH1,2024,0.0
REGION1,CHELITPH1,2024,0.0
REGION1,GRELITPH1,2024,0.0
REGION1,BGELMKPH1,2024,0.0
REGION1,BGELRSPH1,2024,0.0
REGION1,BGELTRPH1,2024,0.0
REGION1,HRELBAPH1,2024,0.0
REGION1,HRELRSPH1,2024,0.0
REGION1,EEELRUPH1,2024,0.0
REGION1,GRELALPH1,2024,0.0
REGION1,GRELTRPH1,2024,0.0
REGION1,HUELRSPH1,2024,0.0
REGION1,HUELUAPH1,2024,0.0
REGION1,ITELMEPH1,2024,0.0
REGION1,LVELRUPH1,2024,0.0
REGION1,LTELBYPH1,2024,0.0
REGION1,LTELRUPH1,2024,0.0
REGION1,PLELUAPH1,2024,0.0
REGION1,ROELMDPH1,2024,0.0
REGION1,ROELRSPH1,2024,0.0
REGION1,ROELUAPH1,2024,0.0
REGION1,SKELUAPH1,2024,0.0
REGION1,GRELMKPH1,2024,0.0
REGION1,ESELMAPH1,2024,0.0
REGION1,CYELILPH1,2024,0.0
REGION1,SEELLVPH1,2024,0.0
REGION1,BEELDKPH1,2024,0.0
REGION1,ITELTNPH1,2024,0.0
REGION1,GRELEGPH1,2024,0.0
REGION1,ITELDZPH1,2024,0.0
REGION1,MTELTNPH1,2024,0.0
REGION1,ROELGEPH1,2024,0.0
REGION1,ESELITPH1,2024,0.0
REGION1,DEELLVPH1,2024,0.0
REGION1,GRELDEPH1,2024,0.0
REGION1,ITELSAPH1,2024,0.0
REGION1,UKELMAPH1,2024,0.0
REGION1,DEELMAPH1,2024,0.0
REGION1,BIELRWPH1,2024,0.0
REGION1,BWELZAPH1,2024,0.0
REGION1,CDELBIPH1,2024,0.0
REGION1,CDELCGPH1,2024,0.0
REGION1,CDELRWPH1,2024,0.0
REGION1,CDELZMPH1,2024,0.0
REGION1,CIELBFPH1,2024,0.0
REGION1,EGELJOPH1,2024,0.0
REGION1,EGELSDPH1,2024,0.0
REGION1,ETELDJPH1,2024,0.0
REGION1,ETELSDPH1,2024,0.0
REGION1,GHELCIPH1,2024,0.0
REGION1,GHELTGPH1,2024,0.0
REGION1,KEELTZPH1,2024,0.0
REGION1,LSELZAPH1,2024,0.0
REGION1,LYELEGPH1,2024,0.0
REGION1,MAELDZPH1,2024,0.0
REGION1,MZELSZPH1,2024,0.0
REGION1,MZELZAPH1,2024,0.0
REGION1,MZELZWPH1,2024,0.0
REGION1,NGELBJPH1,2024,0.0
REGION1,NGELNEPH1,2024,0.0
REGION1,NAELZAPH1,2024,0.0
REGION1,RWELBIPH1,2024,0.0
REGION1,SNELMLPH1,2024,0.0
REGION1,TGELBJPH1,2024,0.0
REGION1,TNELDZPH1,2024,0.0
REGION1,TZELUGPH1,2024,0.0
REGION1,UGELKEPH1,2024,0.0
REGION1,UGELRWPH1,2024,0.0
REGION1,UGELTZPH1,2024,0.0
REGION1,ZAELSZPH1,2024,0.0
REGION1,ZAELZWPH1,2024,0.0
REGION1,ZMELZWPH1,2024,0.0
REGION1,AOELBWPH1,2024,0.0
REGION1,AOELCDPH1,2024,0.0
REGION1,AOELNAPH1,2024,0.0
REGION1,BFELMLPH1,2024,0.0
REGION1,BWELNAPH1,2024,0.0
REGION1,CDELNAPH1,2024,0.0
REGION1,CDELZAPH1,2024,0.0
REGION1,CGELGAPH1,2024,0.0
REGION1,CMELTDPH1,2024,0.0
REGION1,ETELKEPH1,2024,0.0
REGION1,GAELGQPH1,2024,0.0
REGION1,GHELBFPH1,2024,0.0
REGION1,GMELGWPH1,2024,0.0
REGION1,GQELCMPH1,2024,0.0
REGION1,GWELGNPH1,2024,0.0
REGION1,LRELGNPH1,2024,0.0
REGION1,LRELSLPH1,2024,0.0
REGION1,MLELCIPH1,2024,0.0
REGION1,MWELMZPH1,2024,0.0
REGION1,MWELZMPH1,2024,0.0
REGION1,NAELZWPH1,2024,0.0
REGION1,NEELBFPH1,2024,0.0
REGION1,NEELBJPH1,2024,0.0
REGION1,NEELTGPH1,2024,0.0
REGION1,SLELGNPH1,2024,0.0
REGION1,SNELGMPH1,2024,0.0
REGION1,SNELGNPH1,2024,0.0
REGION1,TGELGHPH1,2024,0.0
REGION1,TZELZMPH1,2024,0.0
REGION1,CIELLRPH1,2024,0.0
REGION1,GNELMLPH1,2024,0.0
REGION1,AOELZMPH1,2024,0.0
REGION1,BFELBJPH1,2024,0.0
REGION1,BFELTGPH1,2024,0.0
REGION1,BIELTZPH1,2024,0.0
REGION1,BJELGHPH1,2024,0.0
REGION1,BWELZMPH1,2024,0.0
REGION1,CDELCFPH1,2024,0.0
REGION1,CDELSDPH1,2024,0.0
REGION1,CDELTZPH1,2024,0.0
REGION1,CDELUGPH1,2024,0.0
REGION1,CFELCGPH1,2024,0.0
REGION1,CFELCMPH1,2024,0.0
REGION1,CFELSDPH1,2024,0.0
REGION1,CFELTDPH1,2024,0.0
REGION1,CGELCMPH1,2024,0.0
REGION1,CIELGNPH1,2024,0.0
REGION1,CMELGAPH1,2024,0.0
REGION1,CMELNGPH1,2024,0.0
REGION1,DJELERPH1,2024,0.0
REGION1,DJELSOPH1,2024,0.0
REGION1,DZELLYPH1,2024,0.0
REGION1,DZELMLPH1,2024,0.0
REGION1,DZELMRPH1,2024,0.0
REGION1,DZELNEPH1,2024,0.0
REGION1,ETELERPH1,2024,0.0
REGION1,ETELSOPH1,2024,0.0
REGION1,GWELSNPH1,2024,0.0
REGION1,KEELSDPH1,2024,0.0
REGION1,KEELSOPH1,2024,0.0
REGION1,LYELNEPH1,2024,0.0
REGION1,LYELSDPH1,2024,0.0
REGION1,LYELTDPH1,2024,0.0
REGION1,LYELTNPH1,2024,0.0
REGION1,MLELMRPH1,2024,0.0
REGION1,MLELNEPH1,2024,0.0
REGION1,MRELSNPH1,2024,0.0
REGION1,MWELTZPH1,2024,0.0
REGION1,MZELTZPH1,2024,0.0
REGION1,MZELZMPH1,2024,0.0
REGION1,NEELTDPH1,2024,0.0
REGION1,NGELTDPH1,2024,0.0
REGION1,RWELTZPH1,2024,0.0
REGION1,SDELERPH1,2024,0.0
REGION1,SDELTDPH1,2024,0.0
REGION1,SDELUGPH1,2024,0.0
REGION1,CYELGRPH1,2024,0.0
REGION1,ALNGGRPI0,2024,0.0
REGION1,ALNGITPI0,2024,0.0
REGION1,ATNGDEPI0,2024,0.0
REGION1,ATNGHUPI0,2024,0.0
REGION1,ATNGITPI0,2024,0.0
REGION1,ATNGSIPI0,2024,0.0
REGION1,ATNGSKPI0,2024,0.0
REGION1,BENGDEPI0,2024,0.0
REGION1,BENGFRPI0,2024,0.0
REGION1,BENGUKPI0,2024,0.0
REGION1,BENGNLPI0,2024,0.0
REGION1,BGNGGRPI0,2024,0.0
REGION1,BGNGROPI0,2024,0.0
REGION1,BYNGLTPI0,2024,0.0
REGION1,CYNGEGPI0,2024,0.0
REGION1,CYNGGRPI0,2024,0.0
REGION1,CZNGDEPI0,2024,0.0
REGION1,CZNGPLPI0,2024,0.0
REGION1,CZNGSKPI0,2024,0.0
REGION1,DENGCHPI0,2024,0.0
REGION1,DENGFRPI0,2024,0.0
REGION1,DENGNLPI0,2024,0.0
REGION1,DENGPLPI0,2024,0.0
REGION1,DKNGDEPI0,2024,0.0
REGION1,DKNGPLPI0,2024,0.0
REGION1,DKNGSEPI0,2024,0.0
REGION1,DZNGESPI0,2024,0.0
REGION1,DZNGITPI0,2024,0.0
REGION1,EENGFIPI0,2024,0.0
REGION1,EENGLVPI0,2024,0.0
REGION1,FRNGCHPI0,2024,0.0
REGION1,FRNGESPI0,2024,0.0
REGION1,GRNGITPI0,2024,0.0
REGION1,HRNGHUPI0,2024,0.0
REGION1,HRNGSIPI0,2024,0.0
REGION1,HUNGROPI0,2024,0.0
REGION1,HUNGSKPI0,2024,0.0
REGION1,IENGUKPI0,2024,0.0
REGION1,ITNGCHPI0,2024,0.0
REGION1,ITNGMTPI0,2024,0.0
REGION1,ITNGSIPI0,2024,0.0
REGION1,LTNGPLPI0,2024,0.0
REGION1,LVNGLTPI0,2024,0.0
REGION1,LYNGITPI0,2024,0.0
REGION1,MANGESPI0,2024,0.0
REGION1,MDNGROPI0,2024,0.0
REGION1,NLNGUKPI0,2024,0.0
REGION1,NONGBEPI0,2024,0.0
REGION1,NONGDEPI0,2024,0.0
REGION1,NONGDKPI0,2024,0.0
REGION1,NONGFRPI0,2024,0.0
REGION1,NONGUKPI0,2024,0.0
REGION1,NONGNLPI0,2024,0.0
REGION1,PLNGSKPI0,2024,0.0
REGION1,PTNGESPI0,2024,0.0
REGION1,RSNGBGPI0,2024,0.0
REGION1,RSNGHUPI0,2024,0.0
REGION1,RSNGROPI0,2024,0.0
REGION1,RUNGEEPI0,2024,0.0
REGION1,RUNGFIPI0,2024,0.0
REGION1,RUNGLVPI0,2024,0.0
REGION1,TRNGBGPI0,2024,0.0
REGION1,TRNGGRPI0,2024,0.0
REGION1,UANGHUPI0,2024,0.0
REGION1,UANGPLPI0,2024,0.0
REGION1,UANGROPI0,2024,0.0
REGION1,UANGSKPI0,2024,0.0
REGION1,BENGLUPI0,2024,0.0
REGION1,NGNGDZPI0,2024,0.0
REGION1,MZNGZAPI0,2024,0.0
REGION1,NGNGLYPI0,2024,0.0
REGION1,ETNGDJPI0,2024,0.0
REGION1,NGNGGQPI0,2024,0.0
REGION1,TZNGKEPI0,2024,0.0
REGION1,NGNGMAPI0,2024,0.0
REGION1,NGNGBJPI0,2024,0.0
REGION1,NGNGGHPI0,2024,0.0
REGION1,NGNGNEPI0,2024,0.0
REGION1,NGNGTGPI0,2024,0.0
REGION1,NGNGTNPI0,2024,0.0
REGION1,DZNGMAPI0,2024,0.0
REGION1,BELG00I00,2025,0.0
REGION1,HRLG00I00,2025,0.0
REGION1,CYLG00I00,2025,0.0
REGION1,FRLG00I00,2025,0.0
REGION1,FILG00I00,2025,0.0
REGION1,DELG00I00,2025,0.0
REGION1,GRLG00I00,2025,0.0
REGION1,ITLG00I00,2025,0.0
REGION1,LVLG00I00,2025,0.0
REGION1,LTLG00I00,2025,0.0
REGION1,MTLG00I00,2025,0.0
REGION1,NLLG00I00,2025,0.0
REGION1,PLLG00I00,2025,0.0
REGION1,ESLG00I00,2025,0.0
REGION1,UKLG00I00,2025,0.0
REGION1,PTLG00I00,2025,0.0
REGION1,BENUG2PN1,2025,0.0
REGION1,BGNUG2PN1,2025,0.0
REGION1,CZNUG2PN1,2025,0.0
REGION1,DENUG2PN1,2025,0.0
REGION1,ESNUG2PN1,2025,0.0
REGION1,FINUG2PN1,2025,0.0
REGION1,FRNUG2PN1,2025,0.0
REGION1,HUNUG2PN1,2025,0.0
REGION1,NLNUG2PN1,2025,0.0
REGION1,RONUG2PN1,2025,0.0
REGION1,SENUG2PN1,2025,0.0
REGION1,SINUG2PN1,2025,0.0
REGION1,SKNUG2PN1,2025,0.471
REGION1,CHNUG2PN1,2025,0.0
REGION1,UKNUG2PN1,2025,0.0
REGION1,ATHYDSPN1,2025,0.0
REGION1,BEHYDSPN1,2025,0.0
REGION1,BGHYDSPN1,2025,0.0
REGION1,CZHYDSPN1,2025,0.0
REGION1,DEHYDSPN1,2025,0.0
REGION1,GRHYDSPN1,2025,0.0
REGION1,ESHYDSPN1,2025,0.0
REGION1,FRHYDSPN1,2025,0.0
REGION1,HRHYDSPN1,2025,0.0
REGION1,IEHYDSPN1,2025,0.0
REGION1,ITHYDSPN1,2025,0.0
REGION1,LTHYDSPN1,2025,0.0
REGION1,LUHYDSPN1,2025,0.0
REGION1,PLHYDSPN1,2025,0.0
REGION1,PTHYDSPN1,2025,0.0
REGION1,ROHYDSPN1,2025,0.0
REGION1,SEHYDSPN1,2025,0.0
REGION1,SIHYDSPN1,2025,0.0
REGION1,SKHYDSPN1,2025,0.0
REGION1,CHHYDSPN1,2025,0.0
REGION1,UKHYDSPN1,2025,0.0
REGION1,ATHYDMPN1,2025,0.0
REGION1,ATHYDRPN1,2025,0.0
REGION1,BEHYDMPN1,2025,0.0
REGION1,BEHYDRPN1,2025,0.0
REGION1,BGHYDMPN1,2025,0.0
REGION1,BGHYDRPN1,2025,0.0
REGION1,CZHYDRPN1,2025,0.0
REGION1,CZHYDMPN1,2025,0.0
REGION1,DEHYDMPN1,2025,0.0
REGION1,DEHYDRPN1,2025,0.0
REGION1,DKHYDRPN1,2025,0.0
REGION1,DKHYDMPN1,2025,0.0
REGION1,EEHYDRPN1,2025,0.0
REGION1,GRHYDMPN1,2025,0.0
REGION1,GRHYDRPN1,2025,0.0
REGION1,ESHYDMPN1,2025,0.0
REGION1,ESHYDRPN1,2025,0.0
REGION1,FIHYDMPN1,2025,0.0
REGION1,FIHYDRPN1,2025,0.0
REGION1,FRHYDMPN1,2025,0.0
REGION1,FRHYDRPN1,2025,0.0
REGION1,HRHYDMPN1,2025,0.0
REGION1,HRHYDRPN1,2025,0.0
REGION1,HUHYDMPN1,2025,0.0
REGION1,HUHYDRPN1,2025,0.0
REGION1,IEHYDMPN1,2025,0.0
REGION1,IEHYDRPN1,2025,0.0
REGION1,ITHYDMPN1,2025,0.0
REGION1,ITHYDRPN1,2025,0.0
REGION1,LTHYDRPN1,2025,0.0
REGION1,LUHYDRPN1,2025,0.0
REGION1,LVHYDMPN1,2025,0.0
REGION1,LVHYDRPN1,2025,0.0
REGION1,NLHYDRPN1,2025,0.0
REGION1,PLHYDMPN1,2025,0.0
REGION1,PLHYDRPN1,2025,0.0
REGION1,PTHYDMPN1,2025,0.0
REGION1,PTHYDRPN1,2025,0.0
REGION1,ROHYDMPN1,2025,0.0
REGION1,ROHYDRPN1,2025,0.0
REGION1,SEHYDMPN1,2025,0.0
REGION1,SEHYDRPN1,2025,0.0
REGION1,SIHYDMPN1,2025,0.0
REGION1,SIHYDRPN1,2025,0.0
REGION1,SKHYDMPN1,2025,0.0
REGION1,SKHYDRPN1,2025,0.0
REGION1,NOHYDRPN1,2025,0.0
REGION1,NOHYDMPN1,2025,0.06
REGION1,CHHYDRPN1,2025,0.0
REGION1,CHHYDMPN1,2025,0.0
REGION1,UKHYDMPN1,2025,0.0
REGION1,UKHYDRPN1,2025,0.0
REGION1,EGLG00I00,2025,0.0
REGION1,GHLG00I00,2025,0.0
REGION1,MALG00I00,2025,0.0
REGION1,MZLG00I00,2025,0.0
REGION1,SNLG00I00,2025,0.0
REGION1,ZALG00I00,2025,0.0
REGION1,DZLG00E00,2025,0.0
REGION1,NGLG00E00,2025,0.0
REGION1,EGLG00E00,2025,0.0
REGION1,AOLG00E00,2025,0.0
REGION1,GQLG00E00,2025,0.0
REGION1,MZLG00E00,2025,0.0
REGION1,CGLG00E00,2025,0.0
REGION1,GALG00E00,2025,0.0
REGION1,MRLG00E00,2025,0.0
REGION1,SNLG00E00,2025,0.0
REGION1,TZLG00E00,2025,0.0
REGION1,BFHYDMSN1,2025,0.0
REGION1,BIHYDMSN1,2025,0.0
REGION1,CMHYDMSN1,2025,0.42
REGION1,CDHYDMSN1,2025,0.0
REGION1,ETHYDMSN1,2025,2.16
REGION1,KEHYDMSN1,2025,0.0
REGION1,MLHYDMSN1,2025,0.0
REGION1,NGHYDMSN1,2025,0.182
REGION1,UGHYDMSN1,2025,0.0
REGION1,ZMHYDMSN1,2025,0.0
REGION1,DZHYDMSN1,2025,0.0
REGION1,EGHYDMSN1,2025,0.0
REGION1,MAHYDMSN1,2025,0.0
REGION1,SDHYDMSN1,2025,0.0
REGION1,TNHYDMSN1,2025,0.0
REGION1,AOHYDMSN1,2025,0.0
REGION1,BJHYDMSN1,2025,0.0
REGION1,CFHYDMSN1,2025,0.0
REGION1,CGHYDMSN1,2025,0.0
REGION1,CIHYDMSN1,2025,0.0
REGION1,GQHYDMSN1,2025,0.0
REGION1,SZHYDMSN1,2025,0.0
REGION1,GAHYDMSN1,2025,0.3
REGION1,GHHYDMSN1,2025,0.0
REGION1,GNHYDMSN1,2025,0.3
REGION1,LSHYDMSN1,2025,0.0
REGION1,LRHYDMSN1,2025,0.0
REGION1,MWHYDMSN1,2025,0.0
REGION1,MZHYDMSN1,2025,0.0
REGION1,NAHYDMSN1,2025,0.0
REGION1,RWHYDMSN1,2025,0.0
REGION1,SNHYDMSN1,2025,0.0
REGION1,SLHYDMSN1,2025,0.0
REGION1,ZAHYDMSN1,2025,0.0
REGION1,TGHYDMSN1,2025,0.0
REGION1,TZHYDMSN1,2025,0.0
REGION1,ZWHYDMSN1,2025,0.0
REGION1,MAHYDSPN1,2025,0.0
REGION1,ZAHYDSPN1,2025,0.0
REGION1,KEBATTN1,2025,0.0
REGION1,ETBMCHPN1,2025,0.1
REGION1,KEBMCHPN1,2025,0.0
REGION1,ZABMCHPN1,2025,0.017
REGION1,BWCOSCPN1,2025,0.0
REGION1,ZACOSCPN1,2025,0.8
REGION1,ETGOCVPN1,2025,0.1
REGION1,KEGOCVPN1,2025,0.09800000000000002
REGION1,RWNGGCPN1,2025,0.014
REGION1,DZNGCCPN1,2025,1.022
REGION1,MANGCCPN1,2025,0.45
REGION1,TNNGCCPN1,2025,0.9
REGION1,UGNGCCPN1,2025,0.05
REGION1,MZNGGCPN1,2025,0.1
REGION1,NGNGGCPN1,2025,0.285
REGION1,AOSOU1PN1,2025,0.26589999999999997
REGION1,GASOU1PN1,2025,0.0
REGION1,DZSOU1PN1,2025,1.0
REGION1,MASOU1PN1,2025,0.7000000000000001
REGION1,TNSOU1PN1,2025,0.05
REGION1,ETSOU1PN1,2025,0.75
REGION1,KESOU1PN1,2025,0.0
REGION1,TZSOU1PN1,2025,0.0
REGION1,BWSOU1PN1,2025,0.05
REGION1,ZASOU1PN1,2025,0.975
REGION1,MAWINDPN1,2025,0.86
REGION1,TNWINDPN1,2025,0.08
REGION1,ETWINDPN1,2025,0.15
REGION1,KEWINDPN1,2025,0.011
REGION1,ZAWINDPN1,2025,0.0
REGION1,CICOSCPN1,2025,0.0
REGION1,EGNULWPN1,2025,0.0
REGION1,SSHYDMSN1,2025,0.0
REGION1,MABATTN1,2025,0.0
REGION1,CGSOU1PN1,2025,0.0
REGION1,DJSOU1PN1,2025,0.0
REGION1,DZWINDPN1,2025,0.0
REGION1,ERSOU1PN1,2025,0.0
REGION1,ERWINDPN1,2025,0.0
REGION1,GHWINDPN1,2025,0.0
REGION1,GQSOU1PN1,2025,0.0
REGION1,GWSOU1PN1,2025,0.0
REGION1,LRSOU1PN1,2025,0.0
REGION1,RWSOU1PN1,2025,0.0
REGION1,SLSOU1PN1,2025,0.0
REGION1,SSSOU1PN1,2025,0.0
REGION1,SZNGCCPN1,2025,0.0
REGION1,SZWINDPN1,2025,0.0
REGION1,TDWINDPN1,2025,0.0
REGION1,TGWINDPN1,2025,0.0
REGION1,TZWINDPN1,2025,0.0
REGION1,ZMSOU1PN1,2025,0.0
REGION1,DZNGCCPH1,2025,0.0
REGION1,DZNGGCPH1,2025,0.0
REGION1,DZSOU1PH1,2025,0.0
REGION1,EGBMCHPH1,2025,0.0
REGION1,EGSOU1PH1,2025,0.0
REGION1,EGWINDPH1,2025,0.0
REGION1,LYNGCCPH1,2025,0.0
REGION1,LYNGGCPH1,2025,0.0
REGION1,LYLFRCPH1,2025,0.0
REGION1,LYHFGCPH1,2025,0.0
REGION1,LYSOU1PH1,2025,0.0
REGION1,MASOU1PH1,2025,0.0
REGION1,MAWINDPH1,2025,0.0
REGION1,SDSOU1PH1,2025,0.0
REGION1,TNNGCCPH1,2025,0.0
REGION1,TNNGGCPH1,2025,0.0
REGION1,TNSOU1PH1,2025,0.0
REGION1,AOSOU1PH1,2025,0.0
REGION1,BJSOU1PH1,2025,0.0
REGION1,BFLFRCPH1,2025,0.0
REGION1,BFHFGCPH1,2025,0.0
REGION1,BFHYDMSH1,2025,0.0
REGION1,BFSOU1PH1,2025,0.0
REGION1,BIHYDMSH1,2025,0.0
REGION1,CMHYDMSH1,2025,0.0
REGION1,CMSOU1PH1,2025,0.0
REGION1,CFSOU1PH1,2025,0.0
REGION1,CINGCCPH1,2025,0.0
REGION1,CINGGCPH1,2025,0.0
REGION1,CISOU1PH1,2025,0.0
REGION1,CDLFRCPH1,2025,0.0
REGION1,CDHFGCPH1,2025,0.0
REGION1,CDHYDMSH1,2025,0.0
REGION1,CDSOU1PH1,2025,0.0
REGION1,DJWINDPH1,2025,0.0
REGION1,ETBMCHPH1,2025,0.0
REGION1,ETHYDMSH1,2025,0.0
REGION1,ETWINDPH1,2025,0.0
REGION1,GHNGCCPH1,2025,0.0
REGION1,GHNGGCPH1,2025,0.0
REGION1,GHSOU1PH1,2025,0.0
REGION1,KEGOCVPH1,2025,0.0
REGION1,KEHYDMSH1,2025,0.0
REGION1,KESOU1PH1,2025,0.0
REGION1,LSSOU1PH1,2025,0.0
REGION1,MWSOU1PH1,2025,0.0
REGION1,MLHYDMSH1,2025,0.0
REGION1,MLSOU1PH1,2025,0.0
REGION1,MRSOU1PH1,2025,0.0
REGION1,MRWINDPH1,2025,0.0
REGION1,MZLFRCPH1,2025,0.0
REGION1,MZHFGCPH1,2025,0.0
REGION1,MZSOU1PH1,2025,0.0
REGION1,NASOU1PH1,2025,0.0
REGION1,NELFRCPH1,2025,0.0
REGION1,NEHFGCPH1,2025,0.0
REGION1,NESOU1PH1,2025,0.0
REGION1,NGNGCCPH1,2025,0.0
REGION1,NGNGGCPH1,2025,0.0
REGION1,NGLFRCPH1,2025,0.0
REGION1,NGHFGCPH1,2025,0.0
REGION1,NGHYDMSH1,2025,0.0
REGION1,NGSOU1PH1,2025,0.0
REGION1,RWCOSCPH1,2025,0.0
REGION1,SNNGCCPH1,2025,0.0
REGION1,SNLFRCPH1,2025,0.0
REGION1,SNHFGCPH1,2025,0.0
REGION1,SNSOU1PH1,2025,0.0
REGION1,ZANULWPH1,2025,0.0
REGION1,ZASOU1PH1,2025,0.0
REGION1,SSWINDPH1,2025,0.0
REGION1,TGSOU1PH1,2025,0.0
REGION1,UGHYDMSH1,2025,0.0
REGION1,TZSOU1PH1,2025,0.0
REGION1,ZMHYDMSH1,2025,0.0
REGION1,ZWSOU1PH1,2025,0.0
REGION1,ZWCOSCPH1,2025,0.0
REGION1,DZLFRCPH1,2025,0.0
REGION1,DZHFGCPH1,2025,0.0
REGION1,DZHYDMSH1,2025,0.0
REGION1,DZSOC1PH1,2025,0.0
REGION1,EGNGCCPH1,2025,0.0
REGION1,EGNGGCPH1,2025,0.0
REGION1,EGLFRCPH1,2025,0.0
REGION1,EGHFGCPH1,2025,0.0
REGION1,EGHYDMSH1,2025,0.0
REGION1,EGSOC1PH1,2025,0.0
REGION1,MACOSCPH1,2025,0.0
REGION1,MALFRCPH1,2025,0.0
REGION1,MAHFGCPH1,2025,0.0
REGION1,MANGCCPH1,2025,0.0
REGION1,MANGGCPH1,2025,0.0
REGION1,MABMCHPH1,2025,0.0
REGION1,MAHYDMSH1,2025,0.0
REGION1,MASOC1PH1,2025,0.0
REGION1,SDLFRCPH1,2025,0.0
REGION1,SDHFGCPH1,2025,0.0
REGION1,SDBMCHPH1,2025,0.0
REGION1,SDHYDMSH1,2025,0.0
REGION1,TNLFRCPH1,2025,0.0
REGION1,TNHFGCPH1,2025,0.0
REGION1,TNHYDMSH1,2025,0.0
REGION1,TNWINDPH1,2025,0.0
REGION1,AONGGCPH1,2025,0.0
REGION1,AOLFRCPH1,2025,0.0
REGION1,AOHFGCPH1,2025,0.0
REGION1,AOBMCHPH1,2025,0.0
REGION1,AOHYDMSH1,2025,0.0
REGION1,BJNGGCPH1,2025,0.0
REGION1,BJLFRCPH1,2025,0.0
REGION1,BJHFGCPH1,2025,0.0
REGION1,BJHYDMSH1,2025,0.0
REGION1,BWCOSCPH1,2025,0.0
REGION1,BWLFRCPH1,2025,0.0
REGION1,BWSOU1PH1,2025,0.0
REGION1,BFBMCHPH1,2025,0.0
REGION1,BILFRCPH1,2025,0.0
REGION1,BISOU1PH1,2025,0.0
REGION1,CMNGGCPH1,2025,0.0
REGION1,CMLFRCPH1,2025,0.0
REGION1,CMHFGCPH1,2025,0.0
REGION1,CFLFRCPH1,2025,0.0
REGION1,CFHYDMSH1,2025,0.0
REGION1,TDNGCCPH1,2025,0.0
REGION1,TDLFRCPH1,2025,0.0
REGION1,TDHFGCPH1,2025,0.0
REGION1,TDBMCHPH1,2025,0.0
REGION1,TDSOU1PH1,2025,0.0
REGION1,CGNGGCPH1,2025,0.0
REGION1,CGLFRCPH1,2025,0.0
REGION1,CGHFGCPH1,2025,0.0
REGION1,CGBMCHPH1,2025,0.0
REGION1,CGHYDMSH1,2025,0.0
REGION1,CILFRCPH1,2025,0.0
REGION1,CIHFGCPH1,2025,0.0
REGION1,CIHYDMSH1,2025,0.0
REGION1,DJLFRCPH1,2025,0.0
REGION1,DJHFGCPH1,2025,0.0
REGION1,GWNGCCPH1,2025,0.0
REGION1,GQNGGCPH1,2025,0.0
REGION1,GQLFRCPH1,2025,0.0
REGION1,GQHFGCPH1,2025,0.0
REGION1,GQHYDMSH1,2025,0.0
REGION1,ERLFRCPH1,2025,0.0
REGION1,ERHFGCPH1,2025,0.0
REGION1,SZLFRCPH1,2025,0.0
REGION1,SZHFGCPH1,2025,0.0
REGION1,SZBMCHPH1,2025,0.0
REGION1,SZHYDMSH1,2025,0.0
REGION1,SZSOU1PH1,2025,0.0
REGION1,ETLFRCPH1,2025,0.0
REGION1,ETGOCVPH1,2025,0.0
REGION1,GANGGCPH1,2025,0.0
REGION1,GALFRCPH1,2025,0.0
REGION1,GAHFGCPH1,2025,0.0
REGION1,GAHYDMSH1,2025,0.0
REGION1,GMLFRCPH1,2025,0.0
REGION1,GMHFGCPH1,2025,0.0
REGION1,GMWINDPH1,2025,0.0
REGION1,GMSOU1PH1,2025,0.0
REGION1,GHLFRCPH1,2025,0.0
REGION1,GHHFGCPH1,2025,0.0
REGION1,GHBMCHPH1,2025,0.0
REGION1,GHHYDMSH1,2025,0.0
REGION1,GNLFRCPH1,2025,0.0
REGION1,GNHFGCPH1,2025,0.0
REGION1,GNHYDMSH1,2025,0.0
REGION1,GNSOU1PH1,2025,0.0
REGION1,GWLFRCPH1,2025,0.0
REGION1,KELFRCPH1,2025,0.0
REGION1,KEHFGCPH1,2025,0.0
REGION1,KEBMCHPH1,2025,0.0
REGION1,KEWINDPH1,2025,0.0
REGION1,LSHYDMSH1,2025,0.0
REGION1,LRLFRCPH1,2025,0.0
REGION1,LRHFGCPH1,2025,0.0
REGION1,LRHYDMSH1,2025,0.0
REGION1,MWLFRCPH1,2025,0.0
REGION1,MWBMCHPH1,2025,0.0
REGION1,MWHYDMSH1,2025,0.0
REGION1,MLLFRCPH1,2025,0.0
REGION1,MLHFGCPH1,2025,0.0
REGION1,MLBMCHPH1,2025,0.0
REGION1,MRNGCCPH1,2025,0.0
REGION1,MRLFRCPH1,2025,0.0
REGION1,MRHFGCPH1,2025,0.0
REGION1,MZNGGCPH1,2025,0.0
REGION1,MZBMCHPH1,2025,0.0
REGION1,MZHYDMSH1,2025,0.0
REGION1,NACOSCPH1,2025,0.0
REGION1,NALFRCPH1,2025,0.0
REGION1,NAHFGCPH1,2025,0.0
REGION1,NABMCHPH1,2025,0.0
REGION1,NAHYDMSH1,2025,0.0
REGION1,NAWINDPH1,2025,0.0
REGION1,NECOSCPH1,2025,0.0
REGION1,NENGCCPH1,2025,0.0
REGION1,NGBMCHPH1,2025,0.0
REGION1,RWWINDPH1,2025,0.0
REGION1,RWNGGCPH1,2025,0.0
REGION1,RWLFRCPH1,2025,0.0
REGION1,RWHFGCPH1,2025,0.0
REGION1,RWBMCHPH1,2025,0.0
REGION1,RWHYDMSH1,2025,0.0
REGION1,SNHYDMSH1,2025,0.0
REGION1,SNCOSCPH1,2025,0.0
REGION1,SNBMCHPH1,2025,0.0
REGION1,SLWINDPH1,2025,0.0
REGION1,SLLFRCPH1,2025,0.0
REGION1,SLHFGCPH1,2025,0.0
REGION1,SLBMCHPH1,2025,0.0
REGION1,SLHYDMSH1,2025,0.0
REGION1,ZACOSCPH1,2025,0.0
REGION1,ZALFRCPH1,2025,0.0
REGION1,ZAHFGCPH1,2025,0.0
REGION1,ZABMCHPH1,2025,0.0
REGION1,ZAHYDMSH1,2025,0.0
REGION1,ZASOC1PH1,2025,0.0
REGION1,SSLFRCPH1,2025,0.0
REGION1,SSHFGCPH1,2025,0.0
REGION1,TGNGCCPH1,2025,0.0
REGION1,TGLFRCPH1,2025,0.0
REGION1,TGHFGCPH1,2025,0.0
REGION1,TGHYDMSH1,2025,0.0
REGION1,UGSOU1PH1,2025,0.0
REGION1,UGLFRCPH1,2025,0.0
REGION1,UGHFGCPH1,2025,0.0
REGION1,UGBMCHPH1,2025,0.0
REGION1,TZNGGCPH1,2025,0.0
REGION1,TZLFRCPH1,2025,0.0
REGION1,TZHFGCPH1,2025,0.0
REGION1,TZBMCHPH1,2025,0.0
REGION1,TZHYDMSH1,2025,0.0
REGION1,ZMWINDPH1,2025,0.0
REGION1,ZMCOSCPH1,2025,0.0
REGION1,ZMLFRCPH1,2025,0.0
REGION1,ZMHFGCPH1,2025,0.0
REGION1,ZMBMCHPH1,2025,0.0
REGION1,ZWLFRCPH1,2025,0.0
REGION1,SNWINDPH1,2025,0.0
REGION1,ZWHYDMSH1,2025,0.0
REGION1,ZWBMCHPH1,2025,0.0
REGION1,SOLFRCPH1,2025,0.0
REGION1,SOSOU1PH1,2025,0.0
REGION1,SOWINDPH1,2025,0.0
REGION1,MAHYDSPH1,2025,0.0
REGION1,ZAHYDSPH1,2025,0.0
REGION1,ATELCZPH1,2025,0.0
REGION1,ATELDEPH1,2025,0.0
REGION1,ATELHUPH1,2025,0.0
REGION1,ATELITPH1,2025,0.0
REGION1,ATELSIPH1,2025,0.0
REGION1,ATELCHPH1,2025,0.0
REGION1,BEELFRPH1,2025,0.0
REGION1,BEELDEPH1,2025,0.0
REGION1,BEELLUPH1,2025,0.0
REGION1,BEELNLPH1,2025,0.0
REGION1,BEELUKPH1,2025,0.0
REGION1,BGELGRPH1,2025,0.0
REGION1,BGELROPH1,2025,0.0
REGION1,CZELDEPH1,2025,0.0
REGION1,CZELPLPH1,2025,0.0
REGION1,CZELSKPH1,2025,0.0
REGION1,HRELHUPH1,2025,0.0
REGION1,HRELSIPH1,2025,0.0
REGION1,DKELNLPH1,2025,0.0
REGION1,DKELNOPH1,2025,0.0
REGION1,DKELSEPH1,2025,0.0
REGION1,DKELUKPH1,2025,0.0
REGION1,EEELFIPH1,2025,0.0
REGION1,EEELLVPH1,2025,0.0
REGION1,FIELNOPH1,2025,0.0
REGION1,FIELSEPH1,2025,0.9
REGION1,FRELITPH1,2025,0.0
REGION1,FRELLUPH1,2025,0.0
REGION1,FRELUKPH1,2025,0.0
REGION1,DEELDKPH1,2025,0.0
REGION1,DEELFRPH1,2025,0.0
REGION1,DEELLUPH1,2025,0.0
REGION1,DEELNLPH1,2025,0.0
REGION1,DEELNOPH1,2025,0.0
REGION1,DEELPLPH1,2025,0.0
REGION1,DEELSEPH1,2025,0.0
REGION1,DEELUKPH1,2025,0.0
REGION1,HUELROPH1,2025,0.0
REGION1,HUELSKPH1,2025,0.0
REGION1,HUELSIPH1,2025,0.0
REGION1,IEELUKPH1,2025,0.0
REGION1,ITELMTPH1,2025,0.0
REGION1,ITELSIPH1,2025,0.0
REGION1,LTELLVPH1,2025,0.0
REGION1,LTELPLPH1,2025,1.0
REGION1,LTELSEPH1,2025,0.0
REGION1,NLELNOPH1,2025,0.0
REGION1,NLELUKPH1,2025,0.0
REGION1,NOELSEPH1,2025,0.0
REGION1,NOELUKPH1,2025,0.0
REGION1,PLELSKPH1,2025,0.0
REGION1,PLELSEPH1,2025,0.0
REGION1,ESELFRPH1,2025,0.0
REGION1,ESELPTPH1,2025,0.0
REGION1,CHELFRPH1,2025,0.0
REGION1,CHELDEPH1,2025,0.0
REGION1,CHELITPH1,2025,0.0
REGION1,GRELITPH1,2025,0.0
REGION1,BGELMKPH1,2025,0.0
REGION1,BGELRSPH1,2025,0.0
REGION1,BGELTRPH1,2025,0.0
REGION1,HRELBAPH1,2025,0.0
REGION1,HRELRSPH1,2025,0.0
REGION1,EEELRUPH1,2025,0.0
REGION1,GRELALPH1,2025,0.0
REGION1,GRELTRPH1,2025,0.0
REGION1,HUELRSPH1,2025,0.0
REGION1,HUELUAPH1,2025,0.0
REGION1,ITELMEPH1,2025,0.0
REGION1,LVELRUPH1,2025,0.0
REGION1,LTELBYPH1,2025,0.0
REGION1,LTELRUPH1,2025,0.0
REGION1,PLELUAPH1,2025,0.0
REGION1,ROELMDPH1,2025,0.0
REGION1,ROELRSPH1,2025,0.0
REGION1,ROELUAPH1,2025,0.0
REGION1,SKELUAPH1,2025,0.0
REGION1,GRELMKPH1,2025,0.0
REGION1,ESELMAPH1,2025,0.0
REGION1,CYELILPH1,2025,0.0
REGION1,SEELLVPH1,2025,0.0
REGION1,BEELDKPH1,2025,0.0
REGION1,ITELTNPH1,2025,0.0
REGION1,GRELEGPH1,2025,0.0
REGION1,ITELDZPH1,2025,0.0
REGION1,MTELTNPH1,2025,0.0
REGION1,ROELGEPH1,2025,0.0
REGION1,ESELITPH1,2025,0.0
REGION1,DEELLVPH1,2025,0.0
REGION1,GRELDEPH1,2025,0.0
REGION1,ITELSAPH1,2025,0.0
REGION1,UKELMAPH1,2025,0.0
REGION1,DEELMAPH1,2025,0.0
REGION1,BIELRWPH1,2025,0.0
REGION1,BWELZAPH1,2025,0.0
REGION1,CDELBIPH1,2025,0.0
REGION1,CDELCGPH1,2025,0.0
REGION1,CDELRWPH1,2025,0.0
REGION1,CDELZMPH1,2025,0.0
REGION1,CIELBFPH1,2025,0.0
REGION1,EGELJOPH1,2025,0.0
REGION1,EGELSDPH1,2025,0.0
REGION1,ETELDJPH1,2025,0.0
REGION1,ETELSDPH1,2025,0.0
REGION1,GHELCIPH1,2025,0.0
REGION1,GHELTGPH1,2025,0.0
REGION1,KEELTZPH1,2025,0.0
REGION1,LSELZAPH1,2025,0.0
REGION1,LYELEGPH1,2025,0.0
REGION1,MAELDZPH1,2025,0.0
REGION1,MZELSZPH1,2025,0.0
REGION1,MZELZAPH1,2025,0.0
REGION1,MZELZWPH1,2025,0.0
REGION1,NGELBJPH1,2025,0.0
REGION1,NGELNEPH1,2025,0.0
REGION1,NAELZAPH1,2025,0.0
REGION1,RWELBIPH1,2025,0.0
REGION1,SNELMLPH1,2025,0.0
REGION1,TGELBJPH1,2025,0.0
REGION1,TNELDZPH1,2025,0.0
REGION1,TZELUGPH1,2025,0.0
REGION1,UGELKEPH1,2025,0.0
REGION1,UGELRWPH1,2025,0.0
REGION1,UGELTZPH1,2025,0.0
REGION1,ZAELSZPH1,2025,0.0
REGION1,ZAELZWPH1,2025,0.0
REGION1,ZMELZWPH1,2025,0.0
REGION1,AOELBWPH1,2025,0.0
REGION1,AOELCDPH1,2025,0.0
REGION1,AOELNAPH1,2025,0.0
REGION1,BFELMLPH1,2025,0.0
REGION1,BWELNAPH1,2025,0.0
REGION1,CDELNAPH1,2025,0.0
REGION1,CDELZAPH1,2025,0.0
REGION1,CGELGAPH1,2025,0.0
REGION1,CMELTDPH1,2025,0.0
REGION1,ETELKEPH1,2025,0.0
REGION1,GAELGQPH1,2025,0.0
REGION1,GHELBFPH1,2025,0.0
REGION1,GMELGWPH1,2025,0.0
REGION1,GQELCMPH1,2025,0.0
REGION1,GWELGNPH1,2025,0.0
REGION1,LRELGNPH1,2025,0.0
REGION1,LRELSLPH1,2025,0.0
REGION1,MLELCIPH1,2025,0.0
REGION1,MWELMZPH1,2025,0.0
REGION1,MWELZMPH1,2025,0.0
REGION1,NAELZWPH1,2025,0.0
REGION1,NEELBFPH1,2025,0.0
REGION1,NEELBJPH1,2025,0.0
REGION1,NEELTGPH1,2025,0.0
REGION1,SLELGNPH1,2025,0.0
REGION1,SNELGMPH1,2025,0.0
REGION1,SNELGNPH1,2025,0.0
REGION1,TGELGHPH1,2025,0.0
REGION1,TZELZMPH1,2025,0.0
REGION1,CIELLRPH1,2025,0.0
REGION1,GNELMLPH1,2025,0.0
REGION1,AOELZMPH1,2025,0.0
REGION1,BFELBJPH1,2025,0.0
REGION1,BFELTGPH1,2025,0.0
REGION1,BIELTZPH1,2025,0.0
REGION1,BJELGHPH1,2025,0.0
REGION1,BWELZMPH1,2025,0.0
REGION1,CDELCFPH1,2025,0.0
REGION1,CDELSDPH1,2025,0.0
REGION1,CDELTZPH1,2025,0.0
REGION1,CDELUGPH1,2025,0.0
REGION1,CFELCGPH1,2025,0.0
REGION1,CFELCMPH1,2025,0.0
REGION1,CFELSDPH1,2025,0.0
REGION1,CFELTDPH1,2025,0.0
REGION1,CGELCMPH1,2025,0.0
REGION1,CIELGNPH1,2025,0.0
REGION1,CMELGAPH1,2025,0.0
REGION1,CMELNGPH1,2025,0.0
REGION1,DJELERPH1,2025,0.0
REGION1,DJELSOPH1,2025,0.0
REGION1,DZELLYPH1,2025,0.0
REGION1,DZELMLPH1,2025,0.0
REGION1,DZELMRPH1,2025,0.0
REGION1,DZELNEPH1,2025,0.0
REGION1,ETELERPH1,2025,0.0
REGION1,ETELSOPH1,2025,0.0
REGION1,GWELSNPH1,2025,0.0
REGION1,KEELSDPH1,2025,0.0
REGION1,KEELSOPH1,2025,0.0
REGION1,LYELNEPH1,2025,0.0
REGION1,LYELSDPH1,2025,0.0
REGION1,LYELTDPH1,2025,0.0
REGION1,LYELTNPH1,2025,0.0
REGION1,MLELMRPH1,2025,0.0
REGION1,MLELNEPH1,2025,0.0
REGION1,MRELSNPH1,2025,0.0
REGION1,MWELTZPH1,2025,0.0
REGION1,MZELTZPH1,2025,0.0
REGION1,MZELZMPH1,2025,0.0
REGION1,NEELTDPH1,2025,0.0
REGION1,NGELTDPH1,2025,0.0
REGION1,RWELTZPH1,2025,0.0
REGION1,SDELERPH1,2025,0.0
REGION1,SDELTDPH1,2025,0.0
REGION1,SDELUGPH1,2025,0.0
REGION1,CYELGRPH1,2025,0.0
REGION1,ALNGGRPI0,2025,0.0
REGION1,ALNGITPI0,2025,0.0
REGION1,ATNGDEPI0,2025,0.0
REGION1,ATNGHUPI0,2025,0.0
REGION1,ATNGITPI0,2025,0.0
REGION1,ATNGSIPI0,2025,0.0
REGION1,ATNGSKPI0,2025,0.0
REGION1,BENGDEPI0,2025,0.0
REGION1,BENGFRPI0,2025,0.0
REGION1,BENGUKPI0,2025,0.0
REGION1,BENGNLPI0,2025,0.0
REGION1,BGNGGRPI0,2025,0.0
REGION1,BGNGROPI0,2025,0.0
REGION1,BYNGLTPI0,2025,0.0
REGION1,CYNGEGPI0,2025,0.0
REGION1,CYNGGRPI0,2025,0.0
REGION1,CZNGDEPI0,2025,0.0
REGION1,CZNGPLPI0,2025,0.0
REGION1,CZNGSKPI0,2025,0.0
REGION1,DENGCHPI0,2025,0.0
REGION1,DENGFRPI0,2025,0.0
REGION1,DENGNLPI0,2025,0.0
REGION1,DENGPLPI0,2025,0.0
REGION1,DKNGDEPI0,2025,0.0
REGION1,DKNGPLPI0,2025,0.0
REGION1,DKNGSEPI0,2025,0.0
REGION1,DZNGESPI0,2025,0.0
REGION1,DZNGITPI0,2025,0.0
REGION1,EENGFIPI0,2025,0.0
REGION1,EENGLVPI0,2025,0.0
REGION1,FRNGCHPI0,2025,0.0
REGION1,FRNGESPI0,2025,0.0
REGION1,GRNGITPI0,2025,0.0
REGION1,HRNGHUPI0,2025,0.0
REGION1,HRNGSIPI0,2025,0.0
REGION1,HUNGROPI0,2025,0.0
REGION1,HUNGSKPI0,2025,0.0
REGION1,IENGUKPI0,2025,0.0
REGION1,ITNGCHPI0,2025,0.0
REGION1,ITNGMTPI0,2025,0.0
REGION1,ITNGSIPI0,2025,0.0
REGION1,LTNGPLPI0,2025,0.0
REGION1,LVNGLTPI0,2025,0.0
REGION1,LYNGITPI0,2025,0.0
REGION1,MANGESPI0,2025,0.0
REGION1,MDNGROPI0,2025,0.0
REGION1,NLNGUKPI0,2025,0.0
REGION1,NONGBEPI0,2025,0.0
REGION1,NONGDEPI0,2025,0.0
REGION1,NONGDKPI0,2025,0.0
REGION1,NONGFRPI0,2025,0.0
REGION1,NONGUKPI0,2025,0.0
REGION1,NONGNLPI0,2025,0.0
REGION1,PLNGSKPI0,2025,0.0
REGION1,PTNGESPI0,2025,0.0
REGION1,RSNGBGPI0,2025,0.0
REGION1,RSNGHUPI0,2025,0.0
REGION1,RSNGROPI0,2025,0.0
REGION1,RUNGEEPI0,2025,0.0
REGION1,RUNGFIPI0,2025,0.0
REGION1,RUNGLVPI0,2025,0.0
REGION1,TRNGBGPI0,2025,0.0
REGION1,TRNGGRPI0,2025,0.0
REGION1,UANGHUPI0,2025,0.0
REGION1,UANGPLPI0,2025,0.0
REGION1,UANGROPI0,2025,0.0
REGION1,UANGSKPI0,2025,0.0
REGION1,BENGLUPI0,2025,0.0
REGION1,NGNGDZPI0,2025,0.0
REGION1,MZNGZAPI0,2025,0.0
REGION1,NGNGLYPI0,2025,0.0
REGION1,ETNGDJPI0,2025,0.0
REGION1,NGNGGQPI0,2025,0.0
REGION1,TZNGKEPI0,2025,0.0
REGION1,NGNGMAPI0,2025,0.0
REGION1,NGNGBJPI0,2025,0.0
REGION1,NGNGGHPI0,2025,0.0
REGION1,NGNGNEPI0,2025,0.0
REGION1,NGNGTGPI0,2025,0.0
REGION1,NGNGTNPI0,2025,0.0
REGION1,DZNGMAPI0,2025,0.0
REGION1,BELG00I00,2026,0.0
REGION1,HRLG00I00,2026,0.0
REGION1,CYLG00I00,2026,0.0
REGION1,FRLG00I00,2026,0.0
REGION1,FILG00I00,2026,0.0
REGION1,DELG00I00,2026,0.0
REGION1,GRLG00I00,2026,0.0
REGION1,ITLG00I00,2026,0.0
REGION1,LVLG00I00,2026,0.0
REGION1,LTLG00I00,2026,0.0
REGION1,MTLG00I00,2026,0.0
REGION1,NLLG00I00,2026,0.0
REGION1,PLLG00I00,2026,0.0
REGION1,ESLG00I00,2026,0.0
REGION1,UKLG00I00,2026,0.0
REGION1,PTLG00I00,2026,0.0
REGION1,BENUG2PN1,2026,0.0
REGION1,BGNUG2PN1,2026,0.0
REGION1,CZNUG2PN1,2026,0.0
REGION1,DENUG2PN1,2026,0.0
REGION1,ESNUG2PN1,2026,0.0
REGION1,FINUG2PN1,2026,0.0
REGION1,FRNUG2PN1,2026,0.0
REGION1,HUNUG2PN1,2026,0.0
REGION1,NLNUG2PN1,2026,0.0
REGION1,RONUG2PN1,2026,0.0
REGION1,SENUG2PN1,2026,0.0
REGION1,SINUG2PN1,2026,0.0
REGION1,SKNUG2PN1,2026,0.0
REGION1,CHNUG2PN1,2026,0.0
REGION1,UKNUG2PN1,2026,0.0
REGION1,ATHYDSPN1,2026,0.0
REGION1,BEHYDSPN1,2026,0.0
REGION1,BGHYDSPN1,2026,0.0
REGION1,CZHYDSPN1,2026,0.0
REGION1,DEHYDSPN1,2026,0.0
REGION1,GRHYDSPN1,2026,0.68
REGION1,ESHYDSPN1,2026,0.0
REGION1,FRHYDSPN1,2026,0.0
REGION1,HRHYDSPN1,2026,0.0
REGION1,IEHYDSPN1,2026,0.0
REGION1,ITHYDSPN1,2026,0.0
REGION1,LTHYDSPN1,2026,0.0
REGION1,LUHYDSPN1,2026,0.0
REGION1,PLHYDSPN1,2026,0.0
REGION1,PTHYDSPN1,2026,0.0
REGION1,ROHYDSPN1,2026,0.0
REGION1,SEHYDSPN1,2026,0.0
REGION1,SIHYDSPN1,2026,0.0
REGION1,SKHYDSPN1,2026,0.0
REGION1,CHHYDSPN1,2026,0.0
REGION1,UKHYDSPN1,2026,0.0
REGION1,ATHYDMPN1,2026,0.0
REGION1,ATHYDRPN1,2026,0.0
REGION1,BEHYDMPN1,2026,0.0
REGION1,BEHYDRPN1,2026,0.0
REGION1,BGHYDMPN1,2026,0.0
REGION1,BGHYDRPN1,2026,0.0
REGION1,CZHYDRPN1,2026,0.0
REGION1,CZHYDMPN1,2026,0.0
REGION1,DEHYDMPN1,2026,0.0
REGION1,DEHYDRPN1,2026,0.0
REGION1,DKHYDRPN1,2026,0.0
REGION1,DKHYDMPN1,2026,0.0
REGION1,EEHYDRPN1,2026,0.0
REGION1,GRHYDMPN1,2026,0.0
REGION1,GRHYDRPN1,2026,0.0
REGION1,ESHYDMPN1,2026,0.0
REGION1,ESHYDRPN1,2026,0.0
REGION1,FIHYDMPN1,2026,0.0
REGION1,FIHYDRPN1,2026,0.0
REGION1,FRHYDMPN1,2026,0.0
REGION1,FRHYDRPN1,2026,0.0
REGION1,HRHYDMPN1,2026,0.0
REGION1,HRHYDRPN1,2026,0.0
REGION1,HUHYDMPN1,2026,0.0
REGION1,HUHYDRPN1,2026,0.0
REGION1,IEHYDMPN1,2026,0.0
REGION1,IEHYDRPN1,2026,0.0
REGION1,ITHYDMPN1,2026,0.0
REGION1,ITHYDRPN1,2026,0.0
REGION1,LTHYDRPN1,2026,0.0
REGION1,LUHYDRPN1,2026,0.0
REGION1,LVHYDMPN1,2026,0.0
REGION1,LVHYDRPN1,2026,0.0
REGION1,NLHYDRPN1,2026,0.0
REGION1,PLHYDMPN1,2026,0.0
REGION1,PLHYDRPN1,2026,0.0
REGION1,PTHYDMPN1,2026,0.0
REGION1,PTHYDRPN1,2026,0.0
REGION1,ROHYDMPN1,2026,0.0
REGION1,ROHYDRPN1,2026,0.055
REGION1,SEHYDMPN1,2026,0.11
REGION1,SEHYDRPN1,2026,0.0
REGION1,SIHYDMPN1,2026,0.0
REGION1,SIHYDRPN1,2026,0.0
REGION1,SKHYDMPN1,2026,0.0
REGION1,SKHYDRPN1,2026,0.0
REGION1,NOHYDRPN1,2026,0.0
REGION1,NOHYDMPN1,2026,0.0
REGION1,CHHYDRPN1,2026,0.0
REGION1,CHHYDMPN1,2026,0.0
REGION1,UKHYDMPN1,2026,0.0
REGION1,UKHYDRPN1,2026,0.0
REGION1,EGLG00I00,2026,0.0
REGION1,GHLG00I00,2026,0.0
REGION1,MALG00I00,2026,0.0
REGION1,MZLG00I00,2026,0.0
REGION1,SNLG00I00,2026,0.0
REGION1,ZALG00I00,2026,0.0
REGION1,DZLG00E00,2026,0.0
REGION1,NGLG00E00,2026,0.0
REGION1,EGLG00E00,2026,0.0
REGION1,AOLG00E00,2026,0.0
REGION1,GQLG00E00,2026,0.0
REGION1,MZLG00E00,2026,0.0
REGION1,CGLG00E00,2026,0.0
REGION1,GALG00E00,2026,0.0
REGION1,MRLG00E00,2026,0.0
REGION1,SNLG00E00,2026,0.0
REGION1,TZLG00E00,2026,0.0
REGION1,BFHYDMSN1,2026,0.0
REGION1,BIHYDMSN1,2026,0.0
REGION1,CMHYDMSN1,2026,0.0
REGION1,CDHYDMSN1,2026,0.0
REGION1,ETHYDMSN1,2026,0.0
REGION1,KEHYDMSN1,2026,0.0
REGION1,MLHYDMSN1,2026,0.0
REGION1,NGHYDMSN1,2026,0.0
REGION1,UGHYDMSN1,2026,0.0
REGION1,ZMHYDMSN1,2026,0.0
REGION1,DZHYDMSN1,2026,0.0
REGION1,EGHYDMSN1,2026,0.0
REGION1,MAHYDMSN1,2026,0.0
REGION1,SDHYDMSN1,2026,0.0
REGION1,TNHYDMSN1,2026,0.0
REGION1,AOHYDMSN1,2026,2.172
REGION1,BJHYDMSN1,2026,0.0
REGION1,CFHYDMSN1,2026,0.0
REGION1,CGHYDMSN1,2026,0.0
REGION1,CIHYDMSN1,2026,0.0
REGION1,GQHYDMSN1,2026,0.2
REGION1,SZHYDMSN1,2026,0.0
REGION1,GAHYDMSN1,2026,0.09
REGION1,GHHYDMSN1,2026,0.0
REGION1,GNHYDMSN1,2026,0.0
REGION1,LSHYDMSN1,2026,0.0
REGION1,LRHYDMSN1,2026,0.0
REGION1,MWHYDMSN1,2026,0.0
REGION1,MZHYDMSN1,2026,0.0
REGION1,NAHYDMSN1,2026,0.0
REGION1,RWHYDMSN1,2026,0.0
REGION1,SNHYDMSN1,2026,0.128
REGION1,SLHYDMSN1,2026,0.0
REGION1,ZAHYDMSN1,2026,0.0
REGION1,TGHYDMSN1,2026,0.0
REGION1,TZHYDMSN1,2026,0.049
REGION1,ZWHYDMSN1,2026,0.0
REGION1,MAHYDSPN1,2026,0.0
REGION1,ZAHYDSPN1,2026,0.0
REGION1,KEBATTN1,2026,0.05
REGION1,ETBMCHPN1,2026,0.10500000000000001
REGION1,KEBMCHPN1,2026,0.01
REGION1,ZABMCHPN1,2026,0.0
REGION1,BWCOSCPN1,2026,0.3
REGION1,ZACOSCPN1,2026,0.0
REGION1,ETGOCVPN1,2026,0.07
REGION1,KEGOCVPN1,2026,0.04
REGION1,RWNGGCPN1,2026,0.0
REGION1,DZNGCCPN1,2026,1.572
REGION1,MANGCCPN1,2026,0.0
REGION1,TNNGCCPN1,2026,0.0
REGION1,UGNGCCPN1,2026,0.0
REGION1,MZNGGCPN1,2026,0.4
REGION1,NGNGGCPN1,2026,0.0
REGION1,AOSOU1PN1,2026,0.0
REGION1,GASOU1PN1,2026,0.0
REGION1,DZSOU1PN1,2026,1.0
REGION1,MASOU1PN1,2026,0.0
REGION1,TNSOU1PN1,2026,0.1
REGION1,ETSOU1PN1,2026,0.0
REGION1,KESOU1PN1,2026,0.0
REGION1,TZSOU1PN1,2026,0.0
REGION1,BWSOU1PN1,2026,0.0
REGION1,ZASOU1PN1,2026,0.0
REGION1,MAWINDPN1,2026,0.0
REGION1,TNWINDPN1,2026,0.0
REGION1,ETWINDPN1,2026,0.0
REGION1,KEWINDPN1,2026,0.05
REGION1,ZAWINDPN1,2026,0.0
REGION1,CICOSCPN1,2026,0.35
REGION1,EGNULWPN1,2026,0.0
REGION1,SSHYDMSN1,2026,0.0
REGION1,MABATTN1,2026,0.0
REGION1,CGSOU1PN1,2026,0.0
REGION1,DJSOU1PN1,2026,0.0
REGION1,DZWINDPN1,2026,0.0
REGION1,ERSOU1PN1,2026,0.0
REGION1,ERWINDPN1,2026,0.0
REGION1,GHWINDPN1,2026,0.0
REGION1,GQSOU1PN1,2026,0.0
REGION1,GWSOU1PN1,2026,0.0
REGION1,LRSOU1PN1,2026,0.0
REGION1,RWSOU1PN1,2026,0.0
REGION1,SLSOU1PN1,2026,0.0
REGION1,SSSOU1PN1,2026,0.0
REGION1,SZNGCCPN1,2026,0.0
REGION1,SZWINDPN1,2026,0.0
REGION1,TDWINDPN1,2026,0.0
REGION1,TGWINDPN1,2026,0.0
REGION1,TZWINDPN1,2026,0.0
REGION1,ZMSOU1PN1,2026,0.0
REGION1,DZNGCCPH1,2026,0.0
REGION1,DZNGGCPH1,2026,0.0
REGION1,DZSOU1PH1,2026,0.0
REGION1,EGBMCHPH1,2026,0.0
REGION1,EGSOU1PH1,2026,0.0
REGION1,EGWINDPH1,2026,0.0
REGION1,LYNGCCPH1,2026,0.0
REGION1,LYNGGCPH1,2026,0.0
REGION1,LYLFRCPH1,2026,0.0
REGION1,LYHFGCPH1,2026,0.0
REGION1,LYSOU1PH1,2026,0.0
REGION1,MASOU1PH1,2026,0.0
REGION1,MAWINDPH1,2026,0.0
REGION1,SDSOU1PH1,2026,0.0
REGION1,TNNGCCPH1,2026,0.0
REGION1,TNNGGCPH1,2026,0.0
REGION1,TNSOU1PH1,2026,0.0
REGION1,AOSOU1PH1,2026,0.0
REGION1,BJSOU1PH1,2026,0.0
REGION1,BFLFRCPH1,2026,0.0
REGION1,BFHFGCPH1,2026,0.0
REGION1,BFHYDMSH1,2026,0.0
REGION1,BFSOU1PH1,2026,0.0
REGION1,BIHYDMSH1,2026,0.0
REGION1,CMHYDMSH1,2026,0.0
REGION1,CMSOU1PH1,2026,0.0
REGION1,CFSOU1PH1,2026,0.0
REGION1,CINGCCPH1,2026,0.0
REGION1,CINGGCPH1,2026,0.0
REGION1,CISOU1PH1,2026,0.0
REGION1,CDLFRCPH1,2026,0.0
REGION1,CDHFGCPH1,2026,0.0
REGION1,CDHYDMSH1,2026,0.0
REGION1,CDSOU1PH1,2026,0.0
REGION1,DJWINDPH1,2026,0.0
REGION1,ETBMCHPH1,2026,0.0
REGION1,ETHYDMSH1,2026,0.0
REGION1,ETWINDPH1,2026,0.0
REGION1,GHNGCCPH1,2026,0.0
REGION1,GHNGGCPH1,2026,0.0
REGION1,GHSOU1PH1,2026,0.0
REGION1,KEGOCVPH1,2026,0.0
REGION1,KEHYDMSH1,2026,0.0
REGION1,KESOU1PH1,2026,0.0
REGION1,LSSOU1PH1,2026,0.0
REGION1,MWSOU1PH1,2026,0.0
REGION1,MLHYDMSH1,2026,0.0
REGION1,MLSOU1PH1,2026,0.0
REGION1,MRSOU1PH1,2026,0.0
REGION1,MRWINDPH1,2026,0.0
REGION1,MZLFRCPH1,2026,0.0
REGION1,MZHFGCPH1,2026,0.0
REGION1,MZSOU1PH1,2026,0.0
REGION1,NASOU1PH1,2026,0.0
REGION1,NELFRCPH1,2026,0.0
REGION1,NEHFGCPH1,2026,0.0
REGION1,NESOU1PH1,2026,0.0
REGION1,NGNGCCPH1,2026,0.0
REGION1,NGNGGCPH1,2026,0.0
REGION1,NGLFRCPH1,2026,0.0
REGION1,NGHFGCPH1,2026,0.0
REGION1,NGHYDMSH1,2026,0.0
REGION1,NGSOU1PH1,2026,0.0
REGION1,RWCOSCPH1,2026,0.0
REGION1,SNNGCCPH1,2026,0.0
REGION1,SNLFRCPH1,2026,0.0
REGION1,SNHFGCPH1,2026,0.0
REGION1,SNSOU1PH1,2026,0.0
REGION1,ZANULWPH1,2026,0.0
REGION1,ZASOU1PH1,2026,0.0
REGION1,SSWINDPH1,2026,0.0
REGION1,TGSOU1PH1,2026,0.0
REGION1,UGHYDMSH1,2026,0.0
REGION1,TZSOU1PH1,2026,0.0
REGION1,ZMHYDMSH1,2026,0.0
REGION1,ZWSOU1PH1,2026,0.0
REGION1,ZWCOSCPH1,2026,0.0
REGION1,DZLFRCPH1,2026,0.0
REGION1,DZHFGCPH1,2026,0.0
REGION1,DZHYDMSH1,2026,0.0
REGION1,DZSOC1PH1,2026,0.0
REGION1,EGNGCCPH1,2026,0.0
REGION1,EGNGGCPH1,2026,0.0
REGION1,EGLFRCPH1,2026,0.0
REGION1,EGHFGCPH1,2026,0.0
REGION1,EGHYDMSH1,2026,0.0
REGION1,EGSOC1PH1,2026,0.0
REGION1,MACOSCPH1,2026,0.0
REGION1,MALFRCPH1,2026,0.0
REGION1,MAHFGCPH1,2026,0.0
REGION1,MANGCCPH1,2026,0.0
REGION1,MANGGCPH1,2026,0.0
REGION1,MABMCHPH1,2026,0.0
REGION1,MAHYDMSH1,2026,0.0
REGION1,MASOC1PH1,2026,0.0
REGION1,SDLFRCPH1,2026,0.0
REGION1,SDHFGCPH1,2026,0.0
REGION1,SDBMCHPH1,2026,0.0
REGION1,SDHYDMSH1,2026,0.0
REGION1,TNLFRCPH1,2026,0.0
REGION1,TNHFGCPH1,2026,0.0
REGION1,TNHYDMSH1,2026,0.0
REGION1,TNWINDPH1,2026,0.0
REGION1,AONGGCPH1,2026,0.0
REGION1,AOLFRCPH1,2026,0.0
REGION1,AOHFGCPH1,2026,0.0
REGION1,AOBMCHPH1,2026,0.0
REGION1,AOHYDMSH1,2026,0.0
REGION1,BJNGGCPH1,2026,0.0
REGION1,BJLFRCPH1,2026,0.0
REGION1,BJHFGCPH1,2026,0.0
REGION1,BJHYDMSH1,2026,0.0
REGION1,BWCOSCPH1,2026,0.0
REGION1,BWLFRCPH1,2026,0.0
REGION1,BWSOU1PH1,2026,0.0
REGION1,BFBMCHPH1,2026,0.0
REGION1,BILFRCPH1,2026,0.0
REGION1,BISOU1PH1,2026,0.0
REGION1,CMNGGCPH1,2026,0.0
REGION1,CMLFRCPH1,2026,0.0
REGION1,CMHFGCPH1,2026,0.0
REGION1,CFLFRCPH1,2026,0.0
REGION1,CFHYDMSH1,2026,0.0
REGION1,TDNGCCPH1,2026,0.0
REGION1,TDLFRCPH1,2026,0.0
REGION1,TDHFGCPH1,2026,0.0
REGION1,TDBMCHPH1,2026,0.0
REGION1,TDSOU1PH1,2026,0.0
REGION1,CGNGGCPH1,2026,0.0
REGION1,CGLFRCPH1,2026,0.0
REGION1,CGHFGCPH1,2026,0.0
REGION1,CGBMCHPH1,2026,0.0
REGION1,CGHYDMSH1,2026,0.0
REGION1,CILFRCPH1,2026,0.0
REGION1,CIHFGCPH1,2026,0.0
REGION1,CIHYDMSH1,2026,0.0
REGION1,DJLFRCPH1,2026,0.0
REGION1,DJHFGCPH1,2026,0.0
REGION1,GWNGCCPH1,2026,0.0
REGION1,GQNGGCPH1,2026,0.0
REGION1,GQLFRCPH1,2026,0.0
REGION1,GQHFGCPH1,2026,0.0
REGION1,GQHYDMSH1,2026,0.0
REGION1,ERLFRCPH1,2026,0.0
REGION1,ERHFGCPH1,2026,0.0
REGION1,SZLFRCPH1,2026,0.0
REGION1,SZHFGCPH1,2026,0.0
REGION1,SZBMCHPH1,2026,0.0
REGION1,SZHYDMSH1,2026,0.0
REGION1,SZSOU1PH1,2026,0.0
REGION1,ETLFRCPH1,2026,0.0
REGION1,ETGOCVPH1,2026,0.0
REGION1,GANGGCPH1,2026,0.0
REGION1,GALFRCPH1,2026,0.0
REGION1,GAHFGCPH1,2026,0.0
REGION1,GAHYDMSH1,2026,0.0
REGION1,GMLFRCPH1,2026,0.0
REGION1,GMHFGCPH1,2026,0.0
REGION1,GMWINDPH1,2026,0.0
REGION1,GMSOU1PH1,2026,0.0
REGION1,GHLFRCPH1,2026,0.0
REGION1,GHHFGCPH1,2026,0.0
REGION1,GHBMCHPH1,2026,0.0
REGION1,GHHYDMSH1,2026,0.0
REGION1,GNLFRCPH1,2026,0.0
REGION1,GNHFGCPH1,2026,0.0
REGION1,GNHYDMSH1,2026,0.0
REGION1,GNSOU1PH1,2026,0.0
REGION1,GWLFRCPH1,2026,0.0
REGION1,KELFRCPH1,2026,0.0
REGION1,KEHFGCPH1,2026,0.0
REGION1,KEBMCHPH1,2026,0.0
REGION1,KEWINDPH1,2026,0.0
REGION1,LSHYDMSH1,2026,0.0
REGION1,LRLFRCPH1,2026,0.0
REGION1,LRHFGCPH1,2026,0.0
REGION1,LRHYDMSH1,2026,0.0
REGION1,MWLFRCPH1,2026,0.0
REGION1,MWBMCHPH1,2026,0.0
REGION1,MWHYDMSH1,2026,0.0
REGION1,MLLFRCPH1,2026,0.0
REGION1,MLHFGCPH1,2026,0.0
REGION1,MLBMCHPH1,2026,0.0
REGION1,MRNGCCPH1,2026,0.0
REGION1,MRLFRCPH1,2026,0.0
REGION1,MRHFGCPH1,2026,0.0
REGION1,MZNGGCPH1,2026,0.0
REGION1,MZBMCHPH1,2026,0.0
REGION1,MZHYDMSH1,2026,0.0
REGION1,NACOSCPH1,2026,0.0
REGION1,NALFRCPH1,2026,0.0
REGION1,NAHFGCPH1,2026,0.0
REGION1,NABMCHPH1,2026,0.0
REGION1,NAHYDMSH1,2026,0.0
REGION1,NAWINDPH1,2026,0.0
REGION1,NECOSCPH1,2026,0.0
REGION1,NENGCCPH1,2026,0.0
REGION1,NGBMCHPH1,2026,0.0
REGION1,RWWINDPH1,2026,0.0
REGION1,RWNGGCPH1,2026,0.0
REGION1,RWLFRCPH1,2026,0.0
REGION1,RWHFGCPH1,2026,0.0
REGION1,RWBMCHPH1,2026,0.0
REGION1,RWHYDMSH1,2026,0.0
REGION1,SNHYDMSH1,2026,0.0
REGION1,SNCOSCPH1,2026,0.0
REGION1,SNBMCHPH1,2026,0.0
REGION1,SLWINDPH1,2026,0.0
REGION1,SLLFRCPH1,2026,0.0
REGION1,SLHFGCPH1,2026,0.0
REGION1,SLBMCHPH1,2026,0.0
REGION1,SLHYDMSH1,2026,0.0
REGION1,ZACOSCPH1,2026,0.0
REGION1,ZALFRCPH1,2026,0.0
REGION1,ZAHFGCPH1,2026,0.0
REGION1,ZABMCHPH1,2026,0.0
REGION1,ZAHYDMSH1,2026,0.0
REGION1,ZASOC1PH1,2026,0.0
REGION1,SSLFRCPH1,2026,0.0
REGION1,SSHFGCPH1,2026,0.0
REGION1,TGNGCCPH1,2026,0.0
REGION1,TGLFRCPH1,2026,0.0
REGION1,TGHFGCPH1,2026,0.0
REGION1,TGHYDMSH1,2026,0.0
REGION1,UGSOU1PH1,2026,0.0
REGION1,UGLFRCPH1,2026,0.0
REGION1,UGHFGCPH1,2026,0.0
REGION1,UGBMCHPH1,2026,0.0
REGION1,TZNGGCPH1,2026,0.0
REGION1,TZLFRCPH1,2026,0.0
REGION1,TZHFGCPH1,2026,0.0
REGION1,TZBMCHPH1,2026,0.0
REGION1,TZHYDMSH1,2026,0.0
REGION1,ZMWINDPH1,2026,0.0
REGION1,ZMCOSCPH1,2026,0.0
REGION1,ZMLFRCPH1,2026,0.0
REGION1,ZMHFGCPH1,2026,0.0
REGION1,ZMBMCHPH1,2026,0.0
REGION1,ZWLFRCPH1,2026,0.0
REGION1,SNWINDPH1,2026,0.0
REGION1,ZWHYDMSH1,2026,0.0
REGION1,ZWBMCHPH1,2026,0.0
REGION1,SOLFRCPH1,2026,0.0
REGION1,SOSOU1PH1,2026,0.0
REGION1,SOWINDPH1,2026,0.0
REGION1,MAHYDSPH1,2026,0.0
REGION1,ZAHYDSPH1,2026,0.0
REGION1,ATELCZPH1,2026,0.0
REGION1,ATELDEPH1,2026,0.0
REGION1,ATELHUPH1,2026,0.0
REGION1,ATELITPH1,2026,0.0
REGION1,ATELSIPH1,2026,0.0
REGION1,ATELCHPH1,2026,0.0
REGION1,BEELFRPH1,2026,0.0
REGION1,BEELDEPH1,2026,0.0
REGION1,BEELLUPH1,2026,0.0
REGION1,BEELNLPH1,2026,0.0
REGION1,BEELUKPH1,2026,0.0
REGION1,BGELGRPH1,2026,0.0
REGION1,BGELROPH1,2026,0.0
REGION1,CZELDEPH1,2026,0.0
REGION1,CZELPLPH1,2026,0.0
REGION1,CZELSKPH1,2026,0.0
REGION1,HRELHUPH1,2026,0.0
REGION1,HRELSIPH1,2026,0.0
REGION1,DKELNLPH1,2026,0.0
REGION1,DKELNOPH1,2026,0.0
REGION1,DKELSEPH1,2026,0.0
REGION1,DKELUKPH1,2026,0.0
REGION1,EEELFIPH1,2026,0.0
REGION1,EEELLVPH1,2026,0.0
REGION1,FIELNOPH1,2026,0.0
REGION1,FIELSEPH1,2026,0.0
REGION1,FRELITPH1,2026,0.0
REGION1,FRELLUPH1,2026,0.0
REGION1,FRELUKPH1,2026,0.0
REGION1,DEELDKPH1,2026,0.0
REGION1,DEELFRPH1,2026,0.0
REGION1,DEELLUPH1,2026,0.0
REGION1,DEELNLPH1,2026,0.0
REGION1,DEELNOPH1,2026,0.0
REGION1,DEELPLPH1,2026,0.0
REGION1,DEELSEPH1,2026,0.0
REGION1,DEELUKPH1,2026,0.0
REGION1,HUELROPH1,2026,0.0
REGION1,HUELSKPH1,2026,0.0
REGION1,HUELSIPH1,2026,0.0
REGION1,IEELUKPH1,2026,0.0
REGION1,ITELMTPH1,2026,0.0
REGION1,ITELSIPH1,2026,0.15
REGION1,LTELLVPH1,2026,0.0
REGION1,LTELPLPH1,2026,0.0
REGION1,LTELSEPH1,2026,0.0
REGION1,NLELNOPH1,2026,0.0
REGION1,NLELUKPH1,2026,0.0
REGION1,NOELSEPH1,2026,0.0
REGION1,NOELUKPH1,2026,0.0
REGION1,PLELSKPH1,2026,0.0
REGION1,PLELSEPH1,2026,0.0
REGION1,ESELFRPH1,2026,0.0
REGION1,ESELPTPH1,2026,0.0
REGION1,CHELFRPH1,2026,0.0
REGION1,CHELDEPH1,2026,0.0
REGION1,CHELITPH1,2026,0.0
REGION1,GRELITPH1,2026,0.0
REGION1,BGELMKPH1,2026,0.0
REGION1,BGELRSPH1,2026,0.0
REGION1,BGELTRPH1,2026,0.0
REGION1,HRELBAPH1,2026,0.0
REGION1,HRELRSPH1,2026,0.0
REGION1,EEELRUPH1,2026,0.0
REGION1,GRELALPH1,2026,0.0
REGION1,GRELTRPH1,2026,0.0
REGION1,HUELRSPH1,2026,0.0
REGION1,HUELUAPH1,2026,0.0
REGION1,ITELMEPH1,2026,0.0
REGION1,LVELRUPH1,2026,0.0
REGION1,LTELBYPH1,2026,0.0
REGION1,LTELRUPH1,2026,0.0
REGION1,PLELUAPH1,2026,0.0
REGION1,ROELMDPH1,2026,0.0
REGION1,ROELRSPH1,2026,0.0
REGION1,ROELUAPH1,2026,0.0
REGION1,SKELUAPH1,2026,0.0
REGION1,GRELMKPH1,2026,0.0
REGION1,ESELMAPH1,2026,0.0
REGION1,CYELILPH1,2026,0.0
REGION1,SEELLVPH1,2026,0.0
REGION1,BEELDKPH1,2026,0.0
REGION1,ITELTNPH1,2026,0.0
REGION1,GRELEGPH1,2026,0.0
REGION1,ITELDZPH1,2026,0.0
REGION1,MTELTNPH1,2026,0.0
REGION1,ROELGEPH1,2026,0.0
REGION1,ESELITPH1,2026,0.0
REGION1,DEELLVPH1,2026,0.0
REGION1,GRELDEPH1,2026,0.0
REGION1,ITELSAPH1,2026,0.0
REGION1,UKELMAPH1,2026,0.0
REGION1,DEELMAPH1,2026,0.0
REGION1,BIELRWPH1,2026,0.0
REGION1,BWELZAPH1,2026,0.0
REGION1,CDELBIPH1,2026,0.0
REGION1,CDELCGPH1,2026,0.0
REGION1,CDELRWPH1,2026,0.0
REGION1,CDELZMPH1,2026,0.0
REGION1,CIELBFPH1,2026,0.0
REGION1,EGELJOPH1,2026,0.0
REGION1,EGELSDPH1,2026,0.0
REGION1,ETELDJPH1,2026,0.0
REGION1,ETELSDPH1,2026,0.0
REGION1,GHELCIPH1,2026,0.0
REGION1,GHELTGPH1,2026,0.0
REGION1,KEELTZPH1,2026,0.0
REGION1,LSELZAPH1,2026,0.0
REGION1,LYELEGPH1,2026,0.0
REGION1,MAELDZPH1,2026,0.0
REGION1,MZELSZPH1,2026,0.0
REGION1,MZELZAPH1,2026,0.0
REGION1,MZELZWPH1,2026,0.0
REGION1,NGELBJPH1,2026,0.0
REGION1,NGELNEPH1,2026,0.0
REGION1,NAELZAPH1,2026,0.0
REGION1,RWELBIPH1,2026,0.0
REGION1,SNELMLPH1,2026,0.0
REGION1,TGELBJPH1,2026,0.0
REGION1,TNELDZPH1,2026,0.0
REGION1,TZELUGPH1,2026,0.0
REGION1,UGELKEPH1,2026,0.0
REGION1,UGELRWPH1,2026,0.0
REGION1,UGELTZPH1,2026,0.0
REGION1,ZAELSZPH1,2026,0.0
REGION1,ZAELZWPH1,2026,0.0
REGION1,ZMELZWPH1,2026,0.0
REGION1,AOELBWPH1,2026,0.0
REGION1,AOELCDPH1,2026,0.0
REGION1,AOELNAPH1,2026,0.0
REGION1,BFELMLPH1,2026,0.0
REGION1,BWELNAPH1,2026,0.0
REGION1,CDELNAPH1,2026,0.0
REGION1,CDELZAPH1,2026,0.0
REGION1,CGELGAPH1,2026,0.0
REGION1,CMELTDPH1,2026,0.0
REGION1,ETELKEPH1,2026,0.0
REGION1,GAELGQPH1,2026,0.0
REGION1,GHELBFPH1,2026,0.0
REGION1,GMELGWPH1,2026,0.0
REGION1,GQELCMPH1,2026,0.0
REGION1,GWELGNPH1,2026,0.0
REGION1,LRELGNPH1,2026,0.0
REGION1,LRELSLPH1,2026,0.0
REGION1,MLELCIPH1,2026,0.0
REGION1,MWELMZPH1,2026,0.0
REGION1,MWELZMPH1,2026,0.0
REGION1,NAELZWPH1,2026,0.0
REGION1,NEELBFPH1,2026,0.0
REGION1,NEELBJPH1,2026,0.0
REGION1,NEELTGPH1,2026,0.0
REGION1,SLELGNPH1,2026,0.0
REGION1,SNELGMPH1,2026,0.0
REGION1,SNELGNPH1,2026,0.0
REGION1,TGELGHPH1,2026,0.0
REGION1,TZELZMPH1,2026,0.0
REGION1,CIELLRPH1,2026,0.0
REGION1,GNELMLPH1,2026,0.0
REGION1,AOELZMPH1,2026,0.0
REGION1,BFELBJPH1,2026,0.0
REGION1,BFELTGPH1,2026,0.0
REGION1,BIELTZPH1,2026,0.0
REGION1,BJELGHPH1,2026,0.0
REGION1,BWELZMPH1,2026,0.0
REGION1,CDELCFPH1,2026,0.0
REGION1,CDELSDPH1,2026,0.0
REGION1,CDELTZPH1,2026,0.0
REGION1,CDELUGPH1,2026,0.0
REGION1,CFELCGPH1,2026,0.0
REGION1,CFELCMPH1,2026,0.0
REGION1,CFELSDPH1,2026,0.0
REGION1,CFELTDPH1,2026,0.0
REGION1,CGELCMPH1,2026,0.0
REGION1,CIELGNPH1,2026,0.0
REGION1,CMELGAPH1,2026,0.0
REGION1,CMELNGPH1,2026,0.0
REGION1,DJELERPH1,2026,0.0
REGION1,DJELSOPH1,2026,0.0
REGION1,DZELLYPH1,2026,0.0
REGION1,DZELMLPH1,2026,0.0
REGION1,DZELMRPH1,2026,0.0
REGION1,DZELNEPH1,2026,0.0
REGION1,ETELERPH1,2026,0.0
REGION1,ETELSOPH1,2026,0.0
REGION1,GWELSNPH1,2026,0.0
REGION1,KEELSDPH1,2026,0.0
REGION1,KEELSOPH1,2026,0.0
REGION1,LYELNEPH1,2026,0.0
REGION1,LYELSDPH1,2026,0.0
REGION1,LYELTDPH1,2026,0.0
REGION1,LYELTNPH1,2026,0.0
REGION1,MLELMRPH1,2026,0.0
REGION1,MLELNEPH1,2026,0.0
REGION1,MRELSNPH1,2026,0.0
REGION1,MWELTZPH1,2026,0.0
REGION1,MZELTZPH1,2026,0.0
REGION1,MZELZMPH1,2026,0.0
REGION1,NEELTDPH1,2026,0.0
REGION1,NGELTDPH1,2026,0.0
REGION1,RWELTZPH1,2026,0.0
REGION1,SDELERPH1,2026,0.0
REGION1,SDELTDPH1,2026,0.0
REGION1,SDELUGPH1,2026,0.0
REGION1,CYELGRPH1,2026,0.0
REGION1,ALNGGRPI0,2026,0.0
REGION1,ALNGITPI0,2026,0.0
REGION1,ATNGDEPI0,2026,0.0
REGION1,ATNGHUPI0,2026,0.0
REGION1,ATNGITPI0,2026,0.0
REGION1,ATNGSIPI0,2026,0.0
REGION1,ATNGSKPI0,2026,0.0
REGION1,BENGDEPI0,2026,0.0
REGION1,BENGFRPI0,2026,0.0
REGION1,BENGUKPI0,2026,0.0
REGION1,BENGNLPI0,2026,0.0
REGION1,BGNGGRPI0,2026,0.0
REGION1,BGNGROPI0,2026,0.0
REGION1,BYNGLTPI0,2026,0.0
REGION1,CYNGEGPI0,2026,0.0
REGION1,CYNGGRPI0,2026,0.0
REGION1,CZNGDEPI0,2026,0.0
REGION1,CZNGPLPI0,2026,0.0
REGION1,CZNGSKPI0,2026,0.0
REGION1,DENGCHPI0,2026,0.0
REGION1,DENGFRPI0,2026,0.0
REGION1,DENGNLPI0,2026,0.0
REGION1,DENGPLPI0,2026,0.0
REGION1,DKNGDEPI0,2026,0.0
REGION1,DKNGPLPI0,2026,0.0
REGION1,DKNGSEPI0,2026,0.0
REGION1,DZNGESPI0,2026,0.0
REGION1,DZNGITPI0,2026,0.0
REGION1,EENGFIPI0,2026,0.0
REGION1,EENGLVPI0,2026,0.0
REGION1,FRNGCHPI0,2026,0.0
REGION1,FRNGESPI0,2026,0.0
REGION1,GRNGITPI0,2026,0.0
REGION1,HRNGHUPI0,2026,0.0
REGION1,HRNGSIPI0,2026,0.0
REGION1,HUNGROPI0,2026,0.0
REGION1,HUNGSKPI0,2026,0.0
REGION1,IENGUKPI0,2026,0.0
REGION1,ITNGCHPI0,2026,0.0
REGION1,ITNGMTPI0,2026,0.0
REGION1,ITNGSIPI0,2026,0.0
REGION1,LTNGPLPI0,2026,0.0
REGION1,LVNGLTPI0,2026,0.0
REGION1,LYNGITPI0,2026,0.0
REGION1,MANGESPI0,2026,0.0
REGION1,MDNGROPI0,2026,0.0
REGION1,NLNGUKPI0,2026,0.0
REGION1,NONGBEPI0,2026,0.0
REGION1,NONGDEPI0,2026,0.0
REGION1,NONGDKPI0,2026,0.0
REGION1,NONGFRPI0,2026,0.0
REGION1,NONGUKPI0,2026,0.0
REGION1,NONGNLPI0,2026,0.0
REGION1,PLNGSKPI0,2026,0.0
REGION1,PTNGESPI0,2026,0.0
REGION1,RSNGBGPI0,2026,0.0
REGION1,RSNGHUPI0,2026,0.0
REGION1,RSNGROPI0,2026,0.0
REGION1,RUNGEEPI0,2026,0.0
REGION1,RUNGFIPI0,2026,0.0
REGION1,RUNGLVPI0,2026,0.0
REGION1,TRNGBGPI0,2026,0.0
REGION1,TRNGGRPI0,2026,0.0
REGION1,UANGHUPI0,2026,0.0
REGION1,UANGPLPI0,2026,0.0
REGION1,UANGROPI0,2026,0.0
REGION1,UANGSKPI0,2026,0.0
REGION1,BENGLUPI0,2026,0.0
REGION1,NGNGDZPI0,2026,0.0
REGION1,MZNGZAPI0,2026,0.0
REGION1,NGNGLYPI0,2026,0.0
REGION1,ETNGDJPI0,2026,0.0
REGION1,NGNGGQPI0,2026,0.0
REGION1,TZNGKEPI0,2026,0.0
REGION1,NGNGMAPI0,2026,0.0
REGION1,NGNGBJPI0,2026,0.0
REGION1,NGNGGHPI0,2026,0.0
REGION1,NGNGNEPI0,2026,0.0
REGION1,NGNGTGPI0,2026,0.0
REGION1,NGNGTNPI0,2026,0.0
REGION1,DZNGMAPI0,2026,0.0
REGION1,BELG00I00,2027,0.0
REGION1,HRLG00I00,2027,0.0
REGION1,CYLG00I00,2027,0.0
REGION1,FRLG00I00,2027,0.0
REGION1,FILG00I00,2027,0.0
REGION1,DELG00I00,2027,0.0
REGION1,GRLG00I00,2027,0.0
REGION1,ITLG00I00,2027,0.0
REGION1,LVLG00I00,2027,0.0
REGION1,LTLG00I00,2027,0.0
REGION1,MTLG00I00,2027,0.0
REGION1,NLLG00I00,2027,0.0
REGION1,PLLG00I00,2027,0.0
REGION1,ESLG00I00,2027,0.0
REGION1,UKLG00I00,2027,0.0
REGION1,PTLG00I00,2027,0.0
REGION1,BENUG2PN1,2027,0.0
REGION1,BGNUG2PN1,2027,0.0
REGION1,CZNUG2PN1,2027,0.0
REGION1,DENUG2PN1,2027,0.0
REGION1,ESNUG2PN1,2027,0.0
REGION1,FINUG2PN1,2027,0.0
REGION1,FRNUG2PN1,2027,0.0
REGION1,HUNUG2PN1,2027,0.0
REGION1,NLNUG2PN1,2027,0.0
REGION1,RONUG2PN1,2027,0.0
REGION1,SENUG2PN1,2027,0.0
REGION1,SINUG2PN1,2027,0.0
REGION1,SKNUG2PN1,2027,0.0
REGION1,CHNUG2PN1,2027,0.0
REGION1,UKNUG2PN1,2027,0.0
REGION1,ATHYDSPN1,2027,0.0
REGION1,BEHYDSPN1,2027,0.0
REGION1,BGHYDSPN1,2027,0.0
REGION1,CZHYDSPN1,2027,0.0
REGION1,DEHYDSPN1,2027,0.0
REGION1,GRHYDSPN1,2027,0.25
REGION1,ESHYDSPN1,2027,0.552
REGION1,FRHYDSPN1,2027,0.0
REGION1,HRHYDSPN1,2027,0.0
REGION1,IEHYDSPN1,2027,0.0
REGION1,ITHYDSPN1,2027,0.0
REGION1,LTHYDSPN1,2027,0.0
REGION1,LUHYDSPN1,2027,0.0
REGION1,PLHYDSPN1,2027,0.0
REGION1,PTHYDSPN1,2027,0.0
REGION1,ROHYDSPN1,2027,0.0
REGION1,SEHYDSPN1,2027,0.0
REGION1,SIHYDSPN1,2027,0.0
REGION1,SKHYDSPN1,2027,0.0
REGION1,CHHYDSPN1,2027,0.0
REGION1,UKHYDSPN1,2027,0.0
REGION1,ATHYDMPN1,2027,0.0
REGION1,ATHYDRPN1,2027,0.0
REGION1,BEHYDMPN1,2027,0.0
REGION1,BEHYDRPN1,2027,0.0
REGION1,BGHYDMPN1,2027,0.0
REGION1,BGHYDRPN1,2027,0.0
REGION1,CZHYDRPN1,2027,0.0
REGION1,CZHYDMPN1,2027,0.0
REGION1,DEHYDMPN1,2027,0.0
REGION1,DEHYDRPN1,2027,0.0
REGION1,DKHYDRPN1,2027,0.0
REGION1,DKHYDMPN1,2027,0.0
REGION1,EEHYDRPN1,2027,0.0
REGION1,GRHYDMPN1,2027,0.0
REGION1,GRHYDRPN1,2027,0.0
REGION1,ESHYDMPN1,2027,0.0
REGION1,ESHYDRPN1,2027,0.0
REGION1,FIHYDMPN1,2027,0.0
REGION1,FIHYDRPN1,2027,0.0
REGION1,FRHYDMPN1,2027,0.0
REGION1,FRHYDRPN1,2027,0.0
REGION1,HRHYDMPN1,2027,0.0
REGION1,HRHYDRPN1,2027,0.0
REGION1,HUHYDMPN1,2027,0.0
REGION1,HUHYDRPN1,2027,0.0
REGION1,IEHYDMPN1,2027,0.0
REGION1,IEHYDRPN1,2027,0.0
REGION1,ITHYDMPN1,2027,0.0
REGION1,ITHYDRPN1,2027,0.0
REGION1,LTHYDRPN1,2027,0.0
REGION1,LUHYDRPN1,2027,0.0
REGION1,LVHYDMPN1,2027,0.0
REGION1,LVHYDRPN1,2027,0.0
REGION1,NLHYDRPN1,2027,0.0
REGION1,PLHYDMPN1,2027,0.0
REGION1,PLHYDRPN1,2027,0.0
REGION1,PTHYDMPN1,2027,0.0
REGION1,PTHYDRPN1,2027,0.0
REGION1,ROHYDMPN1,2027,0.0
REGION1,ROHYDRPN1,2027,0.0
REGION1,SEHYDMPN1,2027,0.0
REGION1,SEHYDRPN1,2027,0.0
REGION1,SIHYDMPN1,2027,0.0
REGION1,SIHYDRPN1,2027,0.0
REGION1,SKHYDMPN1,2027,0.0
REGION1,SKHYDRPN1,2027,0.0
REGION1,NOHYDRPN1,2027,0.0
REGION1,NOHYDMPN1,2027,0.0
REGION1,CHHYDRPN1,2027,0.0
REGION1,CHHYDMPN1,2027,0.0
REGION1,UKHYDMPN1,2027,0.0
REGION1,UKHYDRPN1,2027,0.0
REGION1,EGLG00I00,2027,0.0
REGION1,GHLG00I00,2027,0.0
REGION1,MALG00I00,2027,0.0
REGION1,MZLG00I00,2027,0.0
REGION1,SNLG00I00,2027,0.0
REGION1,ZALG00I00,2027,0.0
REGION1,DZLG00E00,2027,0.0
REGION1,NGLG00E00,2027,0.0
REGION1,EGLG00E00,2027,0.0
REGION1,AOLG00E00,2027,0.0
REGION1,GQLG00E00,2027,0.0
REGION1,MZLG00E00,2027,0.0
REGION1,CGLG00E00,2027,0.0
REGION1,GALG00E00,2027,0.0
REGION1,MRLG00E00,2027,0.0
REGION1,SNLG00E00,2027,0.0
REGION1,TZLG00E00,2027,0.0
REGION1,BFHYDMSN1,2027,0.0
REGION1,BIHYDMSN1,2027,0.0
REGION1,CMHYDMSN1,2027,0.0
REGION1,CDHYDMSN1,2027,0.346
REGION1,ETHYDMSN1,2027,0.0
REGION1,KEHYDMSN1,2027,0.0
REGION1,MLHYDMSN1,2027,0.0
REGION1,NGHYDMSN1,2027,0.0
REGION1,UGHYDMSN1,2027,0.0
REGION1,ZMHYDMSN1,2027,0.18
REGION1,DZHYDMSN1,2027,0.0
REGION1,EGHYDMSN1,2027,0.0
REGION1,MAHYDMSN1,2027,0.062
REGION1,SDHYDMSN1,2027,0.0
REGION1,TNHYDMSN1,2027,0.0
REGION1,AOHYDMSN1,2027,0.0
REGION1,BJHYDMSN1,2027,0.0
REGION1,CFHYDMSN1,2027,0.0
REGION1,CGHYDMSN1,2027,0.0
REGION1,CIHYDMSN1,2027,0.12
REGION1,GQHYDMSN1,2027,0.0
REGION1,SZHYDMSN1,2027,0.12
REGION1,GAHYDMSN1,2027,0.082
REGION1,GHHYDMSN1,2027,0.0
REGION1,GNHYDMSN1,2027,0.0
REGION1,LSHYDMSN1,2027,0.0
REGION1,LRHYDMSN1,2027,0.0
REGION1,MWHYDMSN1,2027,0.0
REGION1,MZHYDMSN1,2027,1.6
REGION1,NAHYDMSN1,2027,0.0
REGION1,RWHYDMSN1,2027,0.0
REGION1,SNHYDMSN1,2027,0.0
REGION1,SLHYDMSN1,2027,0.0
REGION1,ZAHYDMSN1,2027,0.0
REGION1,TGHYDMSN1,2027,0.0
REGION1,TZHYDMSN1,2027,0.0
REGION1,ZWHYDMSN1,2027,0.0
REGION1,MAHYDSPN1,2027,0.3
REGION1,ZAHYDSPN1,2027,0.0
REGION1,KEBATTN1,2027,0.0
REGION1,ETBMCHPN1,2027,0.01
REGION1,KEBMCHPN1,2027,0.0
REGION1,ZABMCHPN1,2027,0.0
REGION1,BWCOSCPN1,2027,0.0
REGION1,ZACOSCPN1,2027,0.0
REGION1,ETGOCVPN1,2027,0.0
REGION1,KEGOCVPN1,2027,0.0
REGION1,RWNGGCPN1,2027,0.0
REGION1,DZNGCCPN1,2027,0.911
REGION1,MANGCCPN1,2027,0.0
REGION1,TNNGCCPN1,2027,0.0
REGION1,UGNGCCPN1,2027,0.0
REGION1,MZNGGCPN1,2027,0.0
REGION1,NGNGGCPN1,2027,0.0
REGION1,AOSOU1PN1,2027,0.0
REGION1,GASOU1PN1,2027,0.0
REGION1,DZSOU1PN1,2027,1.0
REGION1,MASOU1PN1,2027,0.0
REGION1,TNSOU1PN1,2027,0.0
REGION1,ETSOU1PN1,2027,0.0
REGION1,KESOU1PN1,2027,0.0
REGION1,TZSOU1PN1,2027,0.05
REGION1,BWSOU1PN1,2027,0.0
REGION1,ZASOU1PN1,2027,0.0
REGION1,MAWINDPN1,2027,0.0
REGION1,TNWINDPN1,2027,0.0
REGION1,ETWINDPN1,2027,0.0
REGION1,KEWINDPN1,2027,0.0
REGION1,ZAWINDPN1,2027,0.0
REGION1,CICOSCPN1,2027,0.0
REGION1,EGNULWPN1,2027,1.2
REGION1,SSHYDMSN1,2027,0.0
REGION1,MABATTN1,2027,0.0
REGION1,CGSOU1PN1,2027,0.0
REGION1,DJSOU1PN1,2027,0.0
REGION1,DZWINDPN1,2027,0.0
REGION1,ERSOU1PN1,2027,0.0
REGION1,ERWINDPN1,2027,0.0
REGION1,GHWINDPN1,2027,0.0
REGION1,GQSOU1PN1,2027,0.0
REGION1,GWSOU1PN1,2027,0.0
REGION1,LRSOU1PN1,2027,0.0
REGION1,RWSOU1PN1,2027,0.0
REGION1,SLSOU1PN1,2027,0.0
REGION1,SSSOU1PN1,2027,0.0
REGION1,SZNGCCPN1,2027,0.0
REGION1,SZWINDPN1,2027,0.0
REGION1,TDWINDPN1,2027,0.0
REGION1,TGWINDPN1,2027,0.0
REGION1,TZWINDPN1,2027,0.0
REGION1,ZMSOU1PN1,2027,0.0
REGION1,DZNGCCPH1,2027,0.0
REGION1,DZNGGCPH1,2027,0.0
REGION1,DZSOU1PH1,2027,0.0
REGION1,EGBMCHPH1,2027,0.0
REGION1,EGSOU1PH1,2027,0.0
REGION1,EGWINDPH1,2027,0.0
REGION1,LYNGCCPH1,2027,0.0
REGION1,LYNGGCPH1,2027,0.0
REGION1,LYLFRCPH1,2027,0.0
REGION1,LYHFGCPH1,2027,0.0
REGION1,LYSOU1PH1,2027,0.0
REGION1,MASOU1PH1,2027,0.0
REGION1,MAWINDPH1,2027,0.0
REGION1,SDSOU1PH1,2027,0.0
REGION1,TNNGCCPH1,2027,0.0
REGION1,TNNGGCPH1,2027,0.0
REGION1,TNSOU1PH1,2027,0.0
REGION1,AOSOU1PH1,2027,0.0
REGION1,BJSOU1PH1,2027,0.0
REGION1,BFLFRCPH1,2027,0.0
REGION1,BFHFGCPH1,2027,0.0
REGION1,BFHYDMSH1,2027,0.0
REGION1,BFSOU1PH1,2027,0.0
REGION1,BIHYDMSH1,2027,0.0
REGION1,CMHYDMSH1,2027,0.0
REGION1,CMSOU1PH1,2027,0.0
REGION1,CFSOU1PH1,2027,0.0
REGION1,CINGCCPH1,2027,0.0
REGION1,CINGGCPH1,2027,0.0
REGION1,CISOU1PH1,2027,0.0
REGION1,CDLFRCPH1,2027,0.0
REGION1,CDHFGCPH1,2027,0.0
REGION1,CDHYDMSH1,2027,0.0
REGION1,CDSOU1PH1,2027,0.0
REGION1,DJWINDPH1,2027,0.0
REGION1,ETBMCHPH1,2027,0.0
REGION1,ETHYDMSH1,2027,0.0
REGION1,ETWINDPH1,2027,0.0
REGION1,GHNGCCPH1,2027,0.0
REGION1,GHNGGCPH1,2027,0.0
REGION1,GHSOU1PH1,2027,0.0
REGION1,KEGOCVPH1,2027,0.0
REGION1,KEHYDMSH1,2027,0.0
REGION1,KESOU1PH1,2027,0.0
REGION1,LSSOU1PH1,2027,0.0
REGION1,MWSOU1PH1,2027,0.0
REGION1,MLHYDMSH1,2027,0.0
REGION1,MLSOU1PH1,2027,0.0
REGION1,MRSOU1PH1,2027,0.0
REGION1,MRWINDPH1,2027,0.0
REGION1,MZLFRCPH1,2027,0.0
REGION1,MZHFGCPH1,2027,0.0
REGION1,MZSOU1PH1,2027,0.0
REGION1,NASOU1PH1,2027,0.0
REGION1,NELFRCPH1,2027,0.0
REGION1,NEHFGCPH1,2027,0.0
REGION1,NESOU1PH1,2027,0.0
REGION1,NGNGCCPH1,2027,0.0
REGION1,NGNGGCPH1,2027,0.0
REGION1,NGLFRCPH1,2027,0.0
REGION1,NGHFGCPH1,2027,0.0
REGION1,NGHYDMSH1,2027,0.0
REGION1,NGSOU1PH1,2027,0.0
REGION1,RWCOSCPH1,2027,0.0
REGION1,SNNGCCPH1,2027,0.0
REGION1,SNLFRCPH1,2027,0.0
REGION1,SNHFGCPH1,2027,0.0
REGION1,SNSOU1PH1,2027,0.0
REGION1,ZANULWPH1,2027,0.0
REGION1,ZASOU1PH1,2027,0.0
REGION1,SSWINDPH1,2027,0.0
REGION1,TGSOU1PH1,2027,0.0
REGION1,UGHYDMSH1,2027,0.0
REGION1,TZSOU1PH1,2027,0.0
REGION1,ZMHYDMSH1,2027,0.0
REGION1,ZWSOU1PH1,2027,0.0
REGION1,ZWCOSCPH1,2027,0.0
REGION1,DZLFRCPH1,2027,0.0
REGION1,DZHFGCPH1,2027,0.0
REGION1,DZHYDMSH1,2027,0.0
REGION1,DZSOC1PH1,2027,0.0
REGION1,EGNGCCPH1,2027,0.0
REGION1,EGNGGCPH1,2027,0.0
REGION1,EGLFRCPH1,2027,0.0
REGION1,EGHFGCPH1,2027,0.0
REGION1,EGHYDMSH1,2027,0.0
REGION1,EGSOC1PH1,2027,0.0
REGION1,MACOSCPH1,2027,0.0
REGION1,MALFRCPH1,2027,0.0
REGION1,MAHFGCPH1,2027,0.0
REGION1,MANGCCPH1,2027,0.0
REGION1,MANGGCPH1,2027,0.0
REGION1,MABMCHPH1,2027,0.0
REGION1,MAHYDMSH1,2027,0.0
REGION1,MASOC1PH1,2027,0.0
REGION1,SDLFRCPH1,2027,0.0
REGION1,SDHFGCPH1,2027,0.0
REGION1,SDBMCHPH1,2027,0.0
REGION1,SDHYDMSH1,2027,0.0
REGION1,TNLFRCPH1,2027,0.0
REGION1,TNHFGCPH1,2027,0.0
REGION1,TNHYDMSH1,2027,0.0
REGION1,TNWINDPH1,2027,0.0
REGION1,AONGGCPH1,2027,0.0
REGION1,AOLFRCPH1,2027,0.0
REGION1,AOHFGCPH1,2027,0.0
REGION1,AOBMCHPH1,2027,0.0
REGION1,AOHYDMSH1,2027,0.0
REGION1,BJNGGCPH1,2027,0.0
REGION1,BJLFRCPH1,2027,0.0
REGION1,BJHFGCPH1,2027,0.0
REGION1,BJHYDMSH1,2027,0.0
REGION1,BWCOSCPH1,2027,0.0
REGION1,BWLFRCPH1,2027,0.0
REGION1,BWSOU1PH1,2027,0.0
REGION1,BFBMCHPH1,2027,0.0
REGION1,BILFRCPH1,2027,0.0
REGION1,BISOU1PH1,2027,0.0
REGION1,CMNGGCPH1,2027,0.0
REGION1,CMLFRCPH1,2027,0.0
REGION1,CMHFGCPH1,2027,0.0
REGION1,CFLFRCPH1,2027,0.0
REGION1,CFHYDMSH1,2027,0.0
REGION1,TDNGCCPH1,2027,0.0
REGION1,TDLFRCPH1,2027,0.0
REGION1,TDHFGCPH1,2027,0.0
REGION1,TDBMCHPH1,2027,0.0
REGION1,TDSOU1PH1,2027,0.0
REGION1,CGNGGCPH1,2027,0.0
REGION1,CGLFRCPH1,2027,0.0
REGION1,CGHFGCPH1,2027,0.0
REGION1,CGBMCHPH1,2027,0.0
REGION1,CGHYDMSH1,2027,0.0
REGION1,CILFRCPH1,2027,0.0
REGION1,CIHFGCPH1,2027,0.0
REGION1,CIHYDMSH1,2027,0.0
REGION1,DJLFRCPH1,2027,0.0
REGION1,DJHFGCPH1,2027,0.0
REGION1,GWNGCCPH1,2027,0.0
REGION1,GQNGGCPH1,2027,0.0
REGION1,GQLFRCPH1,2027,0.0
REGION1,GQHFGCPH1,2027,0.0
REGION1,GQHYDMSH1,2027,0.0
REGION1,ERLFRCPH1,2027,0.0
REGION1,ERHFGCPH1,2027,0.0
REGION1,SZLFRCPH1,2027,0.0
REGION1,SZHFGCPH1,2027,0.0
REGION1,SZBMCHPH1,2027,0.0
REGION1,SZHYDMSH1,2027,0.0
REGION1,SZSOU1PH1,2027,0.0
REGION1,ETLFRCPH1,2027,0.0
REGION1,ETGOCVPH1,2027,0.0
REGION1,GANGGCPH1,2027,0.0
REGION1,GALFRCPH1,2027,0.0
REGION1,GAHFGCPH1,2027,0.0
REGION1,GAHYDMSH1,2027,0.0
REGION1,GMLFRCPH1,2027,0.0
REGION1,GMHFGCPH1,2027,0.0
REGION1,GMWINDPH1,2027,0.0
REGION1,GMSOU1PH1,2027,0.0
REGION1,GHLFRCPH1,2027,0.0
REGION1,GHHFGCPH1,2027,0.0
REGION1,GHBMCHPH1,2027,0.0
REGION1,GHHYDMSH1,2027,0.0
REGION1,GNLFRCPH1,2027,0.0
REGION1,GNHFGCPH1,2027,0.0
REGION1,GNHYDMSH1,2027,0.0
REGION1,GNSOU1PH1,2027,0.0
REGION1,GWLFRCPH1,2027,0.0
REGION1,KELFRCPH1,2027,0.0
REGION1,KEHFGCPH1,2027,0.0
REGION1,KEBMCHPH1,2027,0.0
REGION1,KEWINDPH1,2027,0.0
REGION1,LSHYDMSH1,2027,0.0
REGION1,LRLFRCPH1,2027,0.0
REGION1,LRHFGCPH1,2027,0.0
REGION1,LRHYDMSH1,2027,0.0
REGION1,MWLFRCPH1,2027,0.0
REGION1,MWBMCHPH1,2027,0.0
REGION1,MWHYDMSH1,2027,0.0
REGION1,MLLFRCPH1,2027,0.0
REGION1,MLHFGCPH1,2027,0.0
REGION1,MLBMCHPH1,2027,0.0
REGION1,MRNGCCPH1,2027,0.0
REGION1,MRLFRCPH1,2027,0.0
REGION1,MRHFGCPH1,2027,0.0
REGION1,MZNGGCPH1,2027,0.0
REGION1,MZBMCHPH1,2027,0.0
REGION1,MZHYDMSH1,2027,0.0
REGION1,NACOSCPH1,2027,0.0
REGION1,NALFRCPH1,2027,0.0
REGION1,NAHFGCPH1,2027,0.0
REGION1,NABMCHPH1,2027,0.0
REGION1,NAHYDMSH1,2027,0.0
REGION1,NAWINDPH1,2027,0.0
REGION1,NECOSCPH1,2027,0.0
REGION1,NENGCCPH1,2027,0.0
REGION1,NGBMCHPH1,2027,0.0
REGION1,RWWINDPH1,2027,0.0
REGION1,RWNGGCPH1,2027,0.0
REGION1,RWLFRCPH1,2027,0.0
REGION1,RWHFGCPH1,2027,0.0
REGION1,RWBMCHPH1,2027,0.0
REGION1,RWHYDMSH1,2027,0.0
REGION1,SNHYDMSH1,2027,0.0
REGION1,SNCOSCPH1,2027,0.0
REGION1,SNBMCHPH1,2027,0.0
REGION1,SLWINDPH1,2027,0.0
REGION1,SLLFRCPH1,2027,0.0
REGION1,SLHFGCPH1,2027,0.0
REGION1,SLBMCHPH1,2027,0.0
REGION1,SLHYDMSH1,2027,0.0
REGION1,ZACOSCPH1,2027,0.0
REGION1,ZALFRCPH1,2027,0.0
REGION1,ZAHFGCPH1,2027,0.0
REGION1,ZABMCHPH1,2027,0.0
REGION1,ZAHYDMSH1,2027,0.0
REGION1,ZASOC1PH1,2027,0.0
REGION1,SSLFRCPH1,2027,0.0
REGION1,SSHFGCPH1,2027,0.0
REGION1,TGNGCCPH1,2027,0.0
REGION1,TGLFRCPH1,2027,0.0
REGION1,TGHFGCPH1,2027,0.0
REGION1,TGHYDMSH1,2027,0.0
REGION1,UGSOU1PH1,2027,0.0
REGION1,UGLFRCPH1,2027,0.0
REGION1,UGHFGCPH1,2027,0.0
REGION1,UGBMCHPH1,2027,0.0
REGION1,TZNGGCPH1,2027,0.0
REGION1,TZLFRCPH1,2027,0.0
REGION1,TZHFGCPH1,2027,0.0
REGION1,TZBMCHPH1,2027,0.0
REGION1,TZHYDMSH1,2027,0.0
REGION1,ZMWINDPH1,2027,0.0
REGION1,ZMCOSCPH1,2027,0.0
REGION1,ZMLFRCPH1,2027,0.0
REGION1,ZMHFGCPH1,2027,0.0
REGION1,ZMBMCHPH1,2027,0.0
REGION1,ZWLFRCPH1,2027,0.0
REGION1,SNWINDPH1,2027,0.0
REGION1,ZWHYDMSH1,2027,0.0
REGION1,ZWBMCHPH1,2027,0.0
REGION1,SOLFRCPH1,2027,0.0
REGION1,SOSOU1PH1,2027,0.0
REGION1,SOWINDPH1,2027,0.0
REGION1,MAHYDSPH1,2027,0.0
REGION1,ZAHYDSPH1,2027,0.0
REGION1,ATELCZPH1,2027,0.0
REGION1,ATELDEPH1,2027,3.5
REGION1,ATELHUPH1,2027,0.0
REGION1,ATELITPH1,2027,0.0
REGION1,ATELSIPH1,2027,0.0
REGION1,ATELCHPH1,2027,0.0
REGION1,BEELFRPH1,2027,0.0
REGION1,BEELDEPH1,2027,0.0
REGION1,BEELLUPH1,2027,0.0
REGION1,BEELNLPH1,2027,0.0
REGION1,BEELUKPH1,2027,0.0
REGION1,BGELGRPH1,2027,0.0
REGION1,BGELROPH1,2027,0.0
REGION1,CZELDEPH1,2027,0.0
REGION1,CZELPLPH1,2027,0.0
REGION1,CZELSKPH1,2027,0.0
REGION1,HRELHUPH1,2027,0.0
REGION1,HRELSIPH1,2027,0.0
REGION1,DKELNLPH1,2027,0.0
REGION1,DKELNOPH1,2027,0.0
REGION1,DKELSEPH1,2027,0.0
REGION1,DKELUKPH1,2027,0.0
REGION1,EEELFIPH1,2027,0.0
REGION1,EEELLVPH1,2027,0.0
REGION1,FIELNOPH1,2027,0.0
REGION1,FIELSEPH1,2027,0.0
REGION1,FRELITPH1,2027,0.0
REGION1,FRELLUPH1,2027,0.0
REGION1,FRELUKPH1,2027,0.0
REGION1,DEELDKPH1,2027,0.0
REGION1,DEELFRPH1,2027,0.0
REGION1,DEELLUPH1,2027,0.0
REGION1,DEELNLPH1,2027,0.0
REGION1,DEELNOPH1,2027,0.0
REGION1,DEELPLPH1,2027,0.0
REGION1,DEELSEPH1,2027,0.0
REGION1,DEELUKPH1,2027,0.0
REGION1,HUELROPH1,2027,0.0
REGION1,HUELSKPH1,2027,0.0
REGION1,HUELSIPH1,2027,0.0
REGION1,IEELUKPH1,2027,0.7
REGION1,ITELMTPH1,2027,0.0
REGION1,ITELSIPH1,2027,0.0
REGION1,LTELLVPH1,2027,0.0
REGION1,LTELPLPH1,2027,0.0
REGION1,LTELSEPH1,2027,0.0
REGION1,NLELNOPH1,2027,0.0
REGION1,NLELUKPH1,2027,0.0
REGION1,NOELSEPH1,2027,0.0
REGION1,NOELUKPH1,2027,0.0
REGION1,PLELSKPH1,2027,0.0
REGION1,PLELSEPH1,2027,0.0
REGION1,ESELFRPH1,2027,2.0
REGION1,ESELPTPH1,2027,0.0
REGION1,CHELFRPH1,2027,0.0
REGION1,CHELDEPH1,2027,0.0
REGION1,CHELITPH1,2027,0.0
REGION1,GRELITPH1,2027,0.0
REGION1,BGELMKPH1,2027,0.0
REGION1,BGELRSPH1,2027,0.0
REGION1,BGELTRPH1,2027,0.0
REGION1,HRELBAPH1,2027,0.0
REGION1,HRELRSPH1,2027,0.0
REGION1,EEELRUPH1,2027,0.0
REGION1,GRELALPH1,2027,0.0
REGION1,GRELTRPH1,2027,0.0
REGION1,HUELRSPH1,2027,0.0
REGION1,HUELUAPH1,2027,0.0
REGION1,ITELMEPH1,2027,0.6
REGION1,LVELRUPH1,2027,0.0
REGION1,LTELBYPH1,2027,0.0
REGION1,LTELRUPH1,2027,0.0
REGION1,PLELUAPH1,2027,0.0
REGION1,ROELMDPH1,2027,0.0
REGION1,ROELRSPH1,2027,0.0
REGION1,ROELUAPH1,2027,0.0
REGION1,SKELUAPH1,2027,0.0
REGION1,GRELMKPH1,2027,0.0
REGION1,ESELMAPH1,2027,0.0
REGION1,CYELILPH1,2027,0.0
REGION1,SEELLVPH1,2027,0.0
REGION1,BEELDKPH1,2027,0.0
REGION1,ITELTNPH1,2027,0.0
REGION1,GRELEGPH1,2027,0.0
REGION1,ITELDZPH1,2027,0.0
REGION1,MTELTNPH1,2027,0.0
REGION1,ROELGEPH1,2027,0.0
REGION1,ESELITPH1,2027,0.0
REGION1,DEELLVPH1,2027,0.0
REGION1,GRELDEPH1,2027,0.0
REGION1,ITELSAPH1,2027,0.0
REGION1,UKELMAPH1,2027,0.0
REGION1,DEELMAPH1,2027,0.0
REGION1,BIELRWPH1,2027,0.0
REGION1,BWELZAPH1,2027,0.0
REGION1,CDELBIPH1,2027,0.0
REGION1,CDELCGPH1,2027,0.0
REGION1,CDELRWPH1,2027,0.0
REGION1,CDELZMPH1,2027,0.0
REGION1,CIELBFPH1,2027,0.0
REGION1,EGELJOPH1,2027,0.0
REGION1,EGELSDPH1,2027,0.0
REGION1,ETELDJPH1,2027,0.0
REGION1,ETELSDPH1,2027,0.0
REGION1,GHELCIPH1,2027,0.0
REGION1,GHELTGPH1,2027,0.0
REGION1,KEELTZPH1,2027,0.0
REGION1,LSELZAPH1,2027,0.0
REGION1,LYELEGPH1,2027,0.0
REGION1,MAELDZPH1,2027,0.0
REGION1,MZELSZPH1,2027,0.0
REGION1,MZELZAPH1,2027,0.0
REGION1,MZELZWPH1,2027,0.0
REGION1,NGELBJPH1,2027,0.0
REGION1,NGELNEPH1,2027,0.0
REGION1,NAELZAPH1,2027,0.0
REGION1,RWELBIPH1,2027,0.0
REGION1,SNELMLPH1,2027,0.0
REGION1,TGELBJPH1,2027,0.0
REGION1,TNELDZPH1,2027,0.0
REGION1,TZELUGPH1,2027,0.0
REGION1,UGELKEPH1,2027,0.0
REGION1,UGELRWPH1,2027,0.0
REGION1,UGELTZPH1,2027,0.0
REGION1,ZAELSZPH1,2027,0.0
REGION1,ZAELZWPH1,2027,0.0
REGION1,ZMELZWPH1,2027,0.0
REGION1,AOELBWPH1,2027,0.0
REGION1,AOELCDPH1,2027,0.0
REGION1,AOELNAPH1,2027,0.0
REGION1,BFELMLPH1,2027,0.0
REGION1,BWELNAPH1,2027,0.0
REGION1,CDELNAPH1,2027,0.0
REGION1,CDELZAPH1,2027,0.0
REGION1,CGELGAPH1,2027,0.0
REGION1,CMELTDPH1,2027,0.0
REGION1,ETELKEPH1,2027,0.0
REGION1,GAELGQPH1,2027,0.0
REGION1,GHELBFPH1,2027,0.0
REGION1,GMELGWPH1,2027,0.0
REGION1,GQELCMPH1,2027,0.0
REGION1,GWELGNPH1,2027,0.0
REGION1,LRELGNPH1,2027,0.0
REGION1,LRELSLPH1,2027,0.0
REGION1,MLELCIPH1,2027,0.0
REGION1,MWELMZPH1,2027,0.0
REGION1,MWELZMPH1,2027,0.0
REGION1,NAELZWPH1,2027,0.0
REGION1,NEELBFPH1,2027,0.0
REGION1,NEELBJPH1,2027,0.0
REGION1,NEELTGPH1,2027,0.0
REGION1,SLELGNPH1,2027,0.0
REGION1,SNELGMPH1,2027,0.0
REGION1,SNELGNPH1,2027,0.0
REGION1,TGELGHPH1,2027,0.0
REGION1,TZELZMPH1,2027,0.0
REGION1,CIELLRPH1,2027,0.0
REGION1,GNELMLPH1,2027,0.0
REGION1,AOELZMPH1,2027,0.0
REGION1,BFELBJPH1,2027,0.0
REGION1,BFELTGPH1,2027,0.0
REGION1,BIELTZPH1,2027,0.0
REGION1,BJELGHPH1,2027,0.0
REGION1,BWELZMPH1,2027,0.0
REGION1,CDELCFPH1,2027,0.0
REGION1,CDELSDPH1,2027,0.0
REGION1,CDELTZPH1,2027,0.0
REGION1,CDELUGPH1,2027,0.0
REGION1,CFELCGPH1,2027,0.0
REGION1,CFELCMPH1,2027,0.0
REGION1,CFELSDPH1,2027,0.0
REGION1,CFELTDPH1,2027,0.0
REGION1,CGELCMPH1,2027,0.0
REGION1,CIELGNPH1,2027,0.0
REGION1,CMELGAPH1,2027,0.0
REGION1,CMELNGPH1,2027,0.0
REGION1,DJELERPH1,2027,0.0
REGION1,DJELSOPH1,2027,0.0
REGION1,DZELLYPH1,2027,0.0
REGION1,DZELMLPH1,2027,0.0
REGION1,DZELMRPH1,2027,0.0
REGION1,DZELNEPH1,2027,0.0
REGION1,ETELERPH1,2027,0.0
REGION1,ETELSOPH1,2027,0.0
REGION1,GWELSNPH1,2027,0.0
REGION1,KEELSDPH1,2027,0.0
REGION1,KEELSOPH1,2027,0.0
REGION1,LYELNEPH1,2027,0.0
REGION1,LYELSDPH1,2027,0.0
REGION1,LYELTDPH1,2027,0.0
REGION1,LYELTNPH1,2027,0.0
REGION1,MLELMRPH1,2027,0.0
REGION1,MLELNEPH1,2027,0.0
REGION1,MRELSNPH1,2027,0.0
REGION1,MWELTZPH1,2027,0.0
REGION1,MZELTZPH1,2027,0.0
REGION1,MZELZMPH1,2027,0.0
REGION1,NEELTDPH1,2027,0.0
REGION1,NGELTDPH1,2027,0.0
REGION1,RWELTZPH1,2027,0.0
REGION1,SDELERPH1,2027,0.0
REGION1,SDELTDPH1,2027,0.0
REGION1,SDELUGPH1,2027,0.0
REGION1,CYELGRPH1,2027,0.0
REGION1,ALNGGRPI0,2027,0.0
REGION1,ALNGITPI0,2027,0.0
REGION1,ATNGDEPI0,2027,0.0
REGION1,ATNGHUPI0,2027,0.0
REGION1,ATNGITPI0,2027,0.0
REGION1,ATNGSIPI0,2027,0.0
REGION1,ATNGSKPI0,2027,0.0
REGION1,BENGDEPI0,2027,0.0
REGION1,BENGFRPI0,2027,0.0
REGION1,BENGUKPI0,2027,0.0
REGION1,BENGNLPI0,2027,0.0
REGION1,BGNGGRPI0,2027,0.0
REGION1,BGNGROPI0,2027,0.0
REGION1,BYNGLTPI0,2027,0.0
REGION1,CYNGEGPI0,2027,0.0
REGION1,CYNGGRPI0,2027,0.0
REGION1,CZNGDEPI0,2027,0.0
REGION1,CZNGPLPI0,2027,0.0
REGION1,CZNGSKPI0,2027,0.0
REGION1,DENGCHPI0,2027,0.0
REGION1,DENGFRPI0,2027,0.0
REGION1,DENGNLPI0,2027,0.0
REGION1,DENGPLPI0,2027,0.0
REGION1,DKNGDEPI0,2027,0.0
REGION1,DKNGPLPI0,2027,0.0
REGION1,DKNGSEPI0,2027,0.0
REGION1,DZNGESPI0,2027,0.0
REGION1,DZNGITPI0,2027,0.0
REGION1,EENGFIPI0,2027,0.0
REGION1,EENGLVPI0,2027,0.0
REGION1,FRNGCHPI0,2027,0.0
REGION1,FRNGESPI0,2027,0.0
REGION1,GRNGITPI0,2027,0.0
REGION1,HRNGHUPI0,2027,0.0
REGION1,HRNGSIPI0,2027,0.0
REGION1,HUNGROPI0,2027,0.0
REGION1,HUNGSKPI0,2027,0.0
REGION1,IENGUKPI0,2027,0.0
REGION1,ITNGCHPI0,2027,0.0
REGION1,ITNGMTPI0,2027,0.0
REGION1,ITNGSIPI0,2027,0.0
REGION1,LTNGPLPI0,2027,0.0
REGION1,LVNGLTPI0,2027,0.0
REGION1,LYNGITPI0,2027,0.0
REGION1,MANGESPI0,2027,0.0
REGION1,MDNGROPI0,2027,0.0
REGION1,NLNGUKPI0,2027,0.0
REGION1,NONGBEPI0,2027,0.0
REGION1,NONGDEPI0,2027,0.0
REGION1,NONGDKPI0,2027,0.0
REGION1,NONGFRPI0,2027,0.0
REGION1,NONGUKPI0,2027,0.0
REGION1,NONGNLPI0,2027,0.0
REGION1,PLNGSKPI0,2027,0.0
REGION1,PTNGESPI0,2027,0.0
REGION1,RSNGBGPI0,2027,0.0
REGION1,RSNGHUPI0,2027,0.0
REGION1,RSNGROPI0,2027,0.0
REGION1,RUNGEEPI0,2027,0.0
REGION1,RUNGFIPI0,2027,0.0
REGION1,RUNGLVPI0,2027,0.0
REGION1,TRNGBGPI0,2027,0.0
REGION1,TRNGGRPI0,2027,0.0
REGION1,UANGHUPI0,2027,0.0
REGION1,UANGPLPI0,2027,0.0
REGION1,UANGROPI0,2027,0.0
REGION1,UANGSKPI0,2027,0.0
REGION1,BENGLUPI0,2027,0.0
REGION1,NGNGDZPI0,2027,0.0
REGION1,MZNGZAPI0,2027,0.0
REGION1,NGNGLYPI0,2027,0.0
REGION1,ETNGDJPI0,2027,0.0
REGION1,NGNGGQPI0,2027,0.0
REGION1,TZNGKEPI0,2027,0.0
REGION1,NGNGMAPI0,2027,0.0
REGION1,NGNGBJPI0,2027,0.0
REGION1,NGNGGHPI0,2027,0.0
REGION1,NGNGNEPI0,2027,0.0
REGION1,NGNGTGPI0,2027,0.0
REGION1,NGNGTNPI0,2027,0.0
REGION1,DZNGMAPI0,2027,0.0
REGION1,BELG00I00,2028,0.0
REGION1,HRLG00I00,2028,0.0
REGION1,CYLG00I00,2028,0.0
REGION1,FRLG00I00,2028,0.0
REGION1,FILG00I00,2028,0.0
REGION1,DELG00I00,2028,0.0
REGION1,GRLG00I00,2028,0.0
REGION1,ITLG00I00,2028,0.0
REGION1,LVLG00I00,2028,0.0
REGION1,LTLG00I00,2028,0.0
REGION1,MTLG00I00,2028,0.0
REGION1,NLLG00I00,2028,0.0
REGION1,PLLG00I00,2028,0.0
REGION1,ESLG00I00,2028,0.0
REGION1,UKLG00I00,2028,0.0
REGION1,PTLG00I00,2028,0.0
REGION1,BENUG2PN1,2028,0.0
REGION1,BGNUG2PN1,2028,0.0
REGION1,CZNUG2PN1,2028,0.0
REGION1,DENUG2PN1,2028,0.0
REGION1,ESNUG2PN1,2028,0.0
REGION1,FINUG2PN1,2028,0.0
REGION1,FRNUG2PN1,2028,0.0
REGION1,HUNUG2PN1,2028,0.0
REGION1,NLNUG2PN1,2028,0.0
REGION1,RONUG2PN1,2028,0.0
REGION1,SENUG2PN1,2028,0.0
REGION1,SINUG2PN1,2028,0.0
REGION1,SKNUG2PN1,2028,0.0
REGION1,CHNUG2PN1,2028,0.0
REGION1,UKNUG2PN1,2028,0.0
REGION1,ATHYDSPN1,2028,0.0
REGION1,BEHYDSPN1,2028,0.0
REGION1,BGHYDSPN1,2028,0.0
REGION1,CZHYDSPN1,2028,0.0
REGION1,DEHYDSPN1,2028,0.0
REGION1,GRHYDSPN1,2028,0.0
REGION1,ESHYDSPN1,2028,0.529
REGION1,FRHYDSPN1,2028,0.0
REGION1,HRHYDSPN1,2028,0.0
REGION1,IEHYDSPN1,2028,0.0
REGION1,ITHYDSPN1,2028,0.0
REGION1,LTHYDSPN1,2028,0.0
REGION1,LUHYDSPN1,2028,0.0
REGION1,PLHYDSPN1,2028,0.0
REGION1,PTHYDSPN1,2028,0.0
REGION1,ROHYDSPN1,2028,0.0
REGION1,SEHYDSPN1,2028,0.0
REGION1,SIHYDSPN1,2028,0.0
REGION1,SKHYDSPN1,2028,0.0
REGION1,CHHYDSPN1,2028,0.0
REGION1,UKHYDSPN1,2028,0.0
REGION1,ATHYDMPN1,2028,0.0
REGION1,ATHYDRPN1,2028,0.0
REGION1,BEHYDMPN1,2028,0.0
REGION1,BEHYDRPN1,2028,0.0
REGION1,BGHYDMPN1,2028,0.0
REGION1,BGHYDRPN1,2028,0.0
REGION1,CZHYDRPN1,2028,0.0
REGION1,CZHYDMPN1,2028,0.0
REGION1,DEHYDMPN1,2028,0.0
REGION1,DEHYDRPN1,2028,0.0
REGION1,DKHYDRPN1,2028,0.0
REGION1,DKHYDMPN1,2028,0.0
REGION1,EEHYDRPN1,2028,0.0
REGION1,GRHYDMPN1,2028,0.0
REGION1,GRHYDRPN1,2028,0.0
REGION1,ESHYDMPN1,2028,0.0
REGION1,ESHYDRPN1,2028,0.0
REGION1,FIHYDMPN1,2028,0.0
REGION1,FIHYDRPN1,2028,0.0
REGION1,FRHYDMPN1,2028,0.0
REGION1,FRHYDRPN1,2028,0.0
REGION1,HRHYDMPN1,2028,0.0
REGION1,HRHYDRPN1,2028,0.0
REGION1,HUHYDMPN1,2028,0.0
REGION1,HUHYDRPN1,2028,0.0
REGION1,IEHYDMPN1,2028,0.0
REGION1,IEHYDRPN1,2028,0.0
REGION1,ITHYDMPN1,2028,0.0
REGION1,ITHYDRPN1,2028,0.0
REGION1,LTHYDRPN1,2028,0.0
REGION1,LUHYDRPN1,2028,0.0
REGION1,LVHYDMPN1,2028,0.0
REGION1,LVHYDRPN1,2028,0.0
REGION1,NLHYDRPN1,2028,0.0
REGION1,PLHYDMPN1,2028,0.0
REGION1,PLHYDRPN1,2028,0.0
REGION1,PTHYDMPN1,2028,0.0
REGION1,PTHYDRPN1,2028,0.0
REGION1,ROHYDMPN1,2028,0.53
REGION1,ROHYDRPN1,2028,0.0
REGION1,SEHYDMPN1,2028,0.0
REGION1,SEHYDRPN1,2028,0.0
REGION1,SIHYDMPN1,2028,0.0
REGION1,SIHYDRPN1,2028,0.0
REGION1,SKHYDMPN1,2028,0.0
REGION1,SKHYDRPN1,2028,0.0
REGION1,NOHYDRPN1,2028,0.0
REGION1,NOHYDMPN1,2028,0.0
REGION1,CHHYDRPN1,2028,0.0
REGION1,CHHYDMPN1,2028,0.0
REGION1,UKHYDMPN1,2028,0.0
REGION1,UKHYDRPN1,2028,0.0
REGION1,EGLG00I00,2028,0.0
REGION1,GHLG00I00,2028,0.0
REGION1,MALG00I00,2028,0.0
REGION1,MZLG00I00,2028,0.0
REGION1,SNLG00I00,2028,0.0
REGION1,ZALG00I00,2028,0.0
REGION1,DZLG00E00,2028,0.0
REGION1,NGLG00E00,2028,0.0
REGION1,EGLG00E00,2028,0.0
REGION1,AOLG00E00,2028,0.0
REGION1,GQLG00E00,2028,0.0
REGION1,MZLG00E00,2028,0.0
REGION1,CGLG00E00,2028,0.0
REGION1,GALG00E00,2028,0.0
REGION1,MRLG00E00,2028,0.0
REGION1,SNLG00E00,2028,0.0
REGION1,TZLG00E00,2028,0.0
REGION1,BFHYDMSN1,2028,0.0
REGION1,BIHYDMSN1,2028,0.0
REGION1,CMHYDMSN1,2028,1.875
REGION1,CDHYDMSN1,2028,0.3
REGION1,ETHYDMSN1,2028,0.0
REGION1,KEHYDMSN1,2028,0.0
REGION1,MLHYDMSN1,2028,0.0
REGION1,NGHYDMSN1,2028,0.0
REGION1,UGHYDMSN1,2028,0.0
REGION1,ZMHYDMSN1,2028,0.0
REGION1,DZHYDMSN1,2028,0.0
REGION1,EGHYDMSN1,2028,0.0
REGION1,MAHYDMSN1,2028,0.0
REGION1,SDHYDMSN1,2028,0.0
REGION1,TNHYDMSN1,2028,0.0
REGION1,AOHYDMSN1,2028,0.0
REGION1,BJHYDMSN1,2028,0.0
REGION1,CFHYDMSN1,2028,0.0
REGION1,CGHYDMSN1,2028,0.0
REGION1,CIHYDMSN1,2028,0.0
REGION1,GQHYDMSN1,2028,0.0
REGION1,SZHYDMSN1,2028,0.0
REGION1,GAHYDMSN1,2028,0.10600000000000001
REGION1,GHHYDMSN1,2028,0.0
REGION1,GNHYDMSN1,2028,0.0
REGION1,LSHYDMSN1,2028,0.0
REGION1,LRHYDMSN1,2028,0.0
REGION1,MWHYDMSN1,2028,0.0
REGION1,MZHYDMSN1,2028,0.16
REGION1,NAHYDMSN1,2028,0.0
REGION1,RWHYDMSN1,2028,0.0
REGION1,SNHYDMSN1,2028,0.0
REGION1,SLHYDMSN1,2028,0.084
REGION1,ZAHYDMSN1,2028,0.0
REGION1,TGHYDMSN1,2028,0.0
REGION1,TZHYDMSN1,2028,0.388
REGION1,ZWHYDMSN1,2028,0.0
REGION1,MAHYDSPN1,2028,0.0
REGION1,ZAHYDSPN1,2028,0.0
REGION1,KEBATTN1,2028,0.0
REGION1,ETBMCHPN1,2028,0.0
REGION1,KEBMCHPN1,2028,0.0
REGION1,ZABMCHPN1,2028,0.0
REGION1,BWCOSCPN1,2028,0.0
REGION1,ZACOSCPN1,2028,0.0
REGION1,ETGOCVPN1,2028,0.0
REGION1,KEGOCVPN1,2028,0.0
REGION1,RWNGGCPN1,2028,0.0
REGION1,DZNGCCPN1,2028,0.732
REGION1,MANGCCPN1,2028,0.0
REGION1,TNNGCCPN1,2028,0.0
REGION1,UGNGCCPN1,2028,0.0
REGION1,MZNGGCPN1,2028,0.0
REGION1,NGNGGCPN1,2028,0.0
REGION1,AOSOU1PN1,2028,0.0
REGION1,GASOU1PN1,2028,0.0
REGION1,DZSOU1PN1,2028,1.0
REGION1,MASOU1PN1,2028,0.0
REGION1,TNSOU1PN1,2028,0.05
REGION1,ETSOU1PN1,2028,0.0
REGION1,KESOU1PN1,2028,0.0
REGION1,TZSOU1PN1,2028,0.0
REGION1,BWSOU1PN1,2028,0.0
REGION1,ZASOU1PN1,2028,0.0
REGION1,MAWINDPN1,2028,0.0
REGION1,TNWINDPN1,2028,0.0
REGION1,ETWINDPN1,2028,0.0
REGION1,KEWINDPN1,2028,0.0
REGION1,ZAWINDPN1,2028,0.0
REGION1,CICOSCPN1,2028,0.0
REGION1,EGNULWPN1,2028,1.2
REGION1,SSHYDMSN1,2028,0.0
REGION1,MABATTN1,2028,0.0
REGION1,CGSOU1PN1,2028,0.0
REGION1,DJSOU1PN1,2028,0.0
REGION1,DZWINDPN1,2028,0.0
REGION1,ERSOU1PN1,2028,0.0
REGION1,ERWINDPN1,2028,0.0
REGION1,GHWINDPN1,2028,0.0
REGION1,GQSOU1PN1,2028,0.0
REGION1,GWSOU1PN1,2028,0.0
REGION1,LRSOU1PN1,2028,0.0
REGION1,RWSOU1PN1,2028,0.0
REGION1,SLSOU1PN1,2028,0.0
REGION1,SSSOU1PN1,2028,0.0
REGION1,SZNGCCPN1,2028,0.0
REGION1,SZWINDPN1,2028,0.0
REGION1,TDWINDPN1,2028,0.0
REGION1,TGWINDPN1,2028,0.0
REGION1,TZWINDPN1,2028,0.0
REGION1,ZMSOU1PN1,2028,0.0
REGION1,DZNGCCPH1,2028,0.0
REGION1,DZNGGCPH1,2028,0.0
REGION1,DZSOU1PH1,2028,0.0
REGION1,EGBMCHPH1,2028,0.0
REGION1,EGSOU1PH1,2028,0.0
REGION1,EGWINDPH1,2028,0.0
REGION1,LYNGCCPH1,2028,0.0
REGION1,LYNGGCPH1,2028,0.0
REGION1,LYLFRCPH1,2028,0.0
REGION1,LYHFGCPH1,2028,0.0
REGION1,LYSOU1PH1,2028,0.0
REGION1,MASOU1PH1,2028,0.0
REGION1,MAWINDPH1,2028,0.0
REGION1,SDSOU1PH1,2028,0.0
REGION1,TNNGCCPH1,2028,0.0
REGION1,TNNGGCPH1,2028,0.0
REGION1,TNSOU1PH1,2028,0.0
REGION1,AOSOU1PH1,2028,0.0
REGION1,BJSOU1PH1,2028,0.0
REGION1,BFLFRCPH1,2028,0.0
REGION1,BFHFGCPH1,2028,0.0
REGION1,BFHYDMSH1,2028,0.0
REGION1,BFSOU1PH1,2028,0.0
REGION1,BIHYDMSH1,2028,0.0
REGION1,CMHYDMSH1,2028,0.0
REGION1,CMSOU1PH1,2028,0.0
REGION1,CFSOU1PH1,2028,0.0
REGION1,CINGCCPH1,2028,0.0
REGION1,CINGGCPH1,2028,0.0
REGION1,CISOU1PH1,2028,0.0
REGION1,CDLFRCPH1,2028,0.0
REGION1,CDHFGCPH1,2028,0.0
REGION1,CDHYDMSH1,2028,0.0
REGION1,CDSOU1PH1,2028,0.0
REGION1,DJWINDPH1,2028,0.0
REGION1,ETBMCHPH1,2028,0.0
REGION1,ETHYDMSH1,2028,0.0
REGION1,ETWINDPH1,2028,0.0
REGION1,GHNGCCPH1,2028,0.0
REGION1,GHNGGCPH1,2028,0.0
REGION1,GHSOU1PH1,2028,0.0
REGION1,KEGOCVPH1,2028,0.0
REGION1,KEHYDMSH1,2028,0.0
REGION1,KESOU1PH1,2028,0.0
REGION1,LSSOU1PH1,2028,0.0
REGION1,MWSOU1PH1,2028,0.0
REGION1,MLHYDMSH1,2028,0.0
REGION1,MLSOU1PH1,2028,0.0
REGION1,MRSOU1PH1,2028,0.0
REGION1,MRWINDPH1,2028,0.0
REGION1,MZLFRCPH1,2028,0.0
REGION1,MZHFGCPH1,2028,0.0
REGION1,MZSOU1PH1,2028,0.0
REGION1,NASOU1PH1,2028,0.0
REGION1,NELFRCPH1,2028,0.0
REGION1,NEHFGCPH1,2028,0.0
REGION1,NESOU1PH1,2028,0.0
REGION1,NGNGCCPH1,2028,0.0
REGION1,NGNGGCPH1,2028,0.0
REGION1,NGLFRCPH1,2028,0.0
REGION1,NGHFGCPH1,2028,0.0
REGION1,NGHYDMSH1,2028,0.0
REGION1,NGSOU1PH1,2028,0.0
REGION1,RWCOSCPH1,2028,0.0
REGION1,SNNGCCPH1,2028,0.0
REGION1,SNLFRCPH1,2028,0.0
REGION1,SNHFGCPH1,2028,0.0
REGION1,SNSOU1PH1,2028,0.0
REGION1,ZANULWPH1,2028,0.0
REGION1,ZASOU1PH1,2028,0.0
REGION1,SSWINDPH1,2028,0.0
REGION1,TGSOU1PH1,2028,0.0
REGION1,UGHYDMSH1,2028,0.0
REGION1,TZSOU1PH1,2028,0.0
REGION1,ZMHYDMSH1,2028,0.0
REGION1,ZWSOU1PH1,2028,0.0
REGION1,ZWCOSCPH1,2028,0.0
REGION1,DZLFRCPH1,2028,0.0
REGION1,DZHFGCPH1,2028,0.0
REGION1,DZHYDMSH1,2028,0.0
REGION1,DZSOC1PH1,2028,0.0
REGION1,EGNGCCPH1,2028,0.0
REGION1,EGNGGCPH1,2028,0.0
REGION1,EGLFRCPH1,2028,0.0
REGION1,EGHFGCPH1,2028,0.0
REGION1,EGHYDMSH1,2028,0.0
REGION1,EGSOC1PH1,2028,0.0
REGION1,MACOSCPH1,2028,0.0
REGION1,MALFRCPH1,2028,0.0
REGION1,MAHFGCPH1,2028,0.0
REGION1,MANGCCPH1,2028,0.0
REGION1,MANGGCPH1,2028,0.0
REGION1,MABMCHPH1,2028,0.0
REGION1,MAHYDMSH1,2028,0.0
REGION1,MASOC1PH1,2028,0.0
REGION1,SDLFRCPH1,2028,0.0
REGION1,SDHFGCPH1,2028,0.0
REGION1,SDBMCHPH1,2028,0.0
REGION1,SDHYDMSH1,2028,0.0
REGION1,TNLFRCPH1,2028,0.0
REGION1,TNHFGCPH1,2028,0.0
REGION1,TNHYDMSH1,2028,0.0
REGION1,TNWINDPH1,2028,0.0
REGION1,AONGGCPH1,2028,0.0
REGION1,AOLFRCPH1,2028,0.0
REGION1,AOHFGCPH1,2028,0.0
REGION1,AOBMCHPH1,2028,0.0
REGION1,AOHYDMSH1,2028,0.0
REGION1,BJNGGCPH1,2028,0.0
REGION1,BJLFRCPH1,2028,0.0
REGION1,BJHFGCPH1,2028,0.0
REGION1,BJHYDMSH1,2028,0.0
REGION1,BWCOSCPH1,2028,0.0
REGION1,BWLFRCPH1,2028,0.0
REGION1,BWSOU1PH1,2028,0.0
REGION1,BFBMCHPH1,2028,0.0
REGION1,BILFRCPH1,2028,0.0
REGION1,BISOU1PH1,2028,0.0
REGION1,CMNGGCPH1,2028,0.0
REGION1,CMLFRCPH1,2028,0.0
REGION1,CMHFGCPH1,2028,0.0
REGION1,CFLFRCPH1,2028,0.0
REGION1,CFHYDMSH1,2028,0.0
REGION1,TDNGCCPH1,2028,0.0
REGION1,TDLFRCPH1,2028,0.0
REGION1,TDHFGCPH1,2028,0.0
REGION1,TDBMCHPH1,2028,0.0
REGION1,TDSOU1PH1,2028,0.0
REGION1,CGNGGCPH1,2028,0.0
REGION1,CGLFRCPH1,2028,0.0
REGION1,CGHFGCPH1,2028,0.0
REGION1,CGBMCHPH1,2028,0.0
REGION1,CGHYDMSH1,2028,0.0
REGION1,CILFRCPH1,2028,0.0
REGION1,CIHFGCPH1,2028,0.0
REGION1,CIHYDMSH1,2028,0.0
REGION1,DJLFRCPH1,2028,0.0
REGION1,DJHFGCPH1,2028,0.0
REGION1,GWNGCCPH1,2028,0.0
REGION1,GQNGGCPH1,2028,0.0
REGION1,GQLFRCPH1,2028,0.0
REGION1,GQHFGCPH1,2028,0.0
REGION1,GQHYDMSH1,2028,0.0
REGION1,ERLFRCPH1,2028,0.0
REGION1,ERHFGCPH1,2028,0.0
REGION1,SZLFRCPH1,2028,0.0
REGION1,SZHFGCPH1,2028,0.0
REGION1,SZBMCHPH1,2028,0.0
REGION1,SZHYDMSH1,2028,0.0
REGION1,SZSOU1PH1,2028,0.0
REGION1,ETLFRCPH1,2028,0.0
REGION1,ETGOCVPH1,2028,0.0
REGION1,GANGGCPH1,2028,0.0
REGION1,GALFRCPH1,2028,0.0
REGION1,GAHFGCPH1,2028,0.0
REGION1,GAHYDMSH1,2028,0.0
REGION1,GMLFRCPH1,2028,0.0
REGION1,GMHFGCPH1,2028,0.0
REGION1,GMWINDPH1,2028,0.0
REGION1,GMSOU1PH1,2028,0.0
REGION1,GHLFRCPH1,2028,0.0
REGION1,GHHFGCPH1,2028,0.0
REGION1,GHBMCHPH1,2028,0.0
REGION1,GHHYDMSH1,2028,0.0
REGION1,GNLFRCPH1,2028,0.0
REGION1,GNHFGCPH1,2028,0.0
REGION1,GNHYDMSH1,2028,0.0
REGION1,GNSOU1PH1,2028,0.0
REGION1,GWLFRCPH1,2028,0.0
REGION1,KELFRCPH1,2028,0.0
REGION1,KEHFGCPH1,2028,0.0
REGION1,KEBMCHPH1,2028,0.0
REGION1,KEWINDPH1,2028,0.0
REGION1,LSHYDMSH1,2028,0.0
REGION1,LRLFRCPH1,2028,0.0
REGION1,LRHFGCPH1,2028,0.0
REGION1,LRHYDMSH1,2028,0.0
REGION1,MWLFRCPH1,2028,0.0
REGION1,MWBMCHPH1,2028,0.0
REGION1,MWHYDMSH1,2028,0.0
REGION1,MLLFRCPH1,2028,0.0
REGION1,MLHFGCPH1,2028,0.0
REGION1,MLBMCHPH1,2028,0.0
REGION1,MRNGCCPH1,2028,0.0
REGION1,MRLFRCPH1,2028,0.0
REGION1,MRHFGCPH1,2028,0.0
REGION1,MZNGGCPH1,2028,0.0
REGION1,MZBMCHPH1,2028,0.0
REGION1,MZHYDMSH1,2028,0.0
REGION1,NACOSCPH1,2028,0.0
REGION1,NALFRCPH1,2028,0.0
REGION1,NAHFGCPH1,2028,0.0
REGION1,NABMCHPH1,2028,0.0
REGION1,NAHYDMSH1,2028,0.0
REGION1,NAWINDPH1,2028,0.0
REGION1,NECOSCPH1,2028,0.0
REGION1,NENGCCPH1,2028,0.0
REGION1,NGBMCHPH1,2028,0.0
REGION1,RWWINDPH1,2028,0.0
REGION1,RWNGGCPH1,2028,0.0
REGION1,RWLFRCPH1,2028,0.0
REGION1,RWHFGCPH1,2028,0.0
REGION1,RWBMCHPH1,2028,0.0
REGION1,RWHYDMSH1,2028,0.0
REGION1,SNHYDMSH1,2028,0.0
REGION1,SNCOSCPH1,2028,0.0
REGION1,SNBMCHPH1,2028,0.0
REGION1,SLWINDPH1,2028,0.0
REGION1,SLLFRCPH1,2028,0.0
REGION1,SLHFGCPH1,2028,0.0
REGION1,SLBMCHPH1,2028,0.0
REGION1,SLHYDMSH1,2028,0.0
REGION1,ZACOSCPH1,2028,0.0
REGION1,ZALFRCPH1,2028,0.0
REGION1,ZAHFGCPH1,2028,0.0
REGION1,ZABMCHPH1,2028,0.0
REGION1,ZAHYDMSH1,2028,0.0
REGION1,ZASOC1PH1,2028,0.0
REGION1,SSLFRCPH1,2028,0.0
REGION1,SSHFGCPH1,2028,0.0
REGION1,TGNGCCPH1,2028,0.0
REGION1,TGLFRCPH1,2028,0.0
REGION1,TGHFGCPH1,2028,0.0
REGION1,TGHYDMSH1,2028,0.0
REGION1,UGSOU1PH1,2028,0.0
REGION1,UGLFRCPH1,2028,0.0
REGION1,UGHFGCPH1,2028,0.0
REGION1,UGBMCHPH1,2028,0.0
REGION1,TZNGGCPH1,2028,0.0
REGION1,TZLFRCPH1,2028,0.0
REGION1,TZHFGCPH1,2028,0.0
REGION1,TZBMCHPH1,2028,0.0
REGION1,TZHYDMSH1,2028,0.0
REGION1,ZMWINDPH1,2028,0.0
REGION1,ZMCOSCPH1,2028,0.0
REGION1,ZMLFRCPH1,2028,0.0
REGION1,ZMHFGCPH1,2028,0.0
REGION1,ZMBMCHPH1,2028,0.0
REGION1,ZWLFRCPH1,2028,0.0
REGION1,SNWINDPH1,2028,0.0
REGION1,ZWHYDMSH1,2028,0.0
REGION1,ZWBMCHPH1,2028,0.0
REGION1,SOLFRCPH1,2028,0.0
REGION1,SOSOU1PH1,2028,0.0
REGION1,SOWINDPH1,2028,0.0
REGION1,MAHYDSPH1,2028,0.0
REGION1,ZAHYDSPH1,2028,0.0
REGION1,ATELCZPH1,2028,0.0
REGION1,ATELDEPH1,2028,0.0
REGION1,ATELHUPH1,2028,0.0
REGION1,ATELITPH1,2028,0.0
REGION1,ATELSIPH1,2028,0.0
REGION1,ATELCHPH1,2028,0.0
REGION1,BEELFRPH1,2028,0.0
REGION1,BEELDEPH1,2028,0.0
REGION1,BEELLUPH1,2028,0.0
REGION1,BEELNLPH1,2028,0.0
REGION1,BEELUKPH1,2028,0.0
REGION1,BGELGRPH1,2028,0.0
REGION1,BGELROPH1,2028,0.0
REGION1,CZELDEPH1,2028,0.0
REGION1,CZELPLPH1,2028,0.0
REGION1,CZELSKPH1,2028,0.0
REGION1,HRELHUPH1,2028,0.0
REGION1,HRELSIPH1,2028,0.0
REGION1,DKELNLPH1,2028,0.0
REGION1,DKELNOPH1,2028,0.0
REGION1,DKELSEPH1,2028,0.0
REGION1,DKELUKPH1,2028,0.0
REGION1,EEELFIPH1,2028,0.0
REGION1,EEELLVPH1,2028,0.0
REGION1,FIELNOPH1,2028,0.0
REGION1,FIELSEPH1,2028,0.0
REGION1,FRELITPH1,2028,0.0
REGION1,FRELLUPH1,2028,0.0
REGION1,FRELUKPH1,2028,2.0
REGION1,DEELDKPH1,2028,0.0
REGION1,DEELFRPH1,2028,0.0
REGION1,DEELLUPH1,2028,0.0
REGION1,DEELNLPH1,2028,0.0
REGION1,DEELNOPH1,2028,0.0
REGION1,DEELPLPH1,2028,0.0
REGION1,DEELSEPH1,2028,0.0
REGION1,DEELUKPH1,2028,0.0
REGION1,HUELROPH1,2028,0.0
REGION1,HUELSKPH1,2028,0.0
REGION1,HUELSIPH1,2028,0.0
REGION1,IEELUKPH1,2028,0.0
REGION1,ITELMTPH1,2028,0.0
REGION1,ITELSIPH1,2028,0.0
REGION1,LTELLVPH1,2028,0.0
REGION1,LTELPLPH1,2028,0.0
REGION1,LTELSEPH1,2028,0.0
REGION1,NLELNOPH1,2028,0.0
REGION1,NLELUKPH1,2028,0.0
REGION1,NOELSEPH1,2028,0.0
REGION1,NOELUKPH1,2028,0.0
REGION1,PLELSKPH1,2028,0.0
REGION1,PLELSEPH1,2028,0.0
REGION1,ESELFRPH1,2028,0.0
REGION1,ESELPTPH1,2028,0.0
REGION1,CHELFRPH1,2028,0.0
REGION1,CHELDEPH1,2028,0.0
REGION1,CHELITPH1,2028,0.0
REGION1,GRELITPH1,2028,0.0
REGION1,BGELMKPH1,2028,0.0
REGION1,BGELRSPH1,2028,0.0
REGION1,BGELTRPH1,2028,0.0
REGION1,HRELBAPH1,2028,0.0
REGION1,HRELRSPH1,2028,0.6
REGION1,EEELRUPH1,2028,0.0
REGION1,GRELALPH1,2028,0.0
REGION1,GRELTRPH1,2028,0.0
REGION1,HUELRSPH1,2028,0.0
REGION1,HUELUAPH1,2028,0.0
REGION1,ITELMEPH1,2028,0.0
REGION1,LVELRUPH1,2028,0.0
REGION1,LTELBYPH1,2028,0.0
REGION1,LTELRUPH1,2028,0.0
REGION1,PLELUAPH1,2028,0.0
REGION1,ROELMDPH1,2028,0.0
REGION1,ROELRSPH1,2028,0.0
REGION1,ROELUAPH1,2028,0.0
REGION1,SKELUAPH1,2028,0.0
REGION1,GRELMKPH1,2028,0.0
REGION1,ESELMAPH1,2028,0.0
REGION1,CYELILPH1,2028,0.0
REGION1,SEELLVPH1,2028,0.0
REGION1,BEELDKPH1,2028,0.0
REGION1,ITELTNPH1,2028,0.6
REGION1,GRELEGPH1,2028,0.0
REGION1,ITELDZPH1,2028,0.0
REGION1,MTELTNPH1,2028,0.0
REGION1,ROELGEPH1,2028,0.0
REGION1,ESELITPH1,2028,0.0
REGION1,DEELLVPH1,2028,0.0
REGION1,GRELDEPH1,2028,0.0
REGION1,ITELSAPH1,2028,0.0
REGION1,UKELMAPH1,2028,0.0
REGION1,DEELMAPH1,2028,0.0
REGION1,BIELRWPH1,2028,0.0
REGION1,BWELZAPH1,2028,0.0
REGION1,CDELBIPH1,2028,0.0
REGION1,CDELCGPH1,2028,0.0
REGION1,CDELRWPH1,2028,0.0
REGION1,CDELZMPH1,2028,0.0
REGION1,CIELBFPH1,2028,0.0
REGION1,EGELJOPH1,2028,0.0
REGION1,EGELSDPH1,2028,0.0
REGION1,ETELDJPH1,2028,0.0
REGION1,ETELSDPH1,2028,0.0
REGION1,GHELCIPH1,2028,0.0
REGION1,GHELTGPH1,2028,0.0
REGION1,KEELTZPH1,2028,0.0
REGION1,LSELZAPH1,2028,0.0
REGION1,LYELEGPH1,2028,0.0
REGION1,MAELDZPH1,2028,0.0
REGION1,MZELSZPH1,2028,0.0
REGION1,MZELZAPH1,2028,0.0
REGION1,MZELZWPH1,2028,0.0
REGION1,NGELBJPH1,2028,0.0
REGION1,NGELNEPH1,2028,0.0
REGION1,NAELZAPH1,2028,0.0
REGION1,RWELBIPH1,2028,0.0
REGION1,SNELMLPH1,2028,0.0
REGION1,TGELBJPH1,2028,0.0
REGION1,TNELDZPH1,2028,0.0
REGION1,TZELUGPH1,2028,0.0
REGION1,UGELKEPH1,2028,0.0
REGION1,UGELRWPH1,2028,0.0
REGION1,UGELTZPH1,2028,0.0
REGION1,ZAELSZPH1,2028,0.0
REGION1,ZAELZWPH1,2028,0.0
REGION1,ZMELZWPH1,2028,0.0
REGION1,AOELBWPH1,2028,0.0
REGION1,AOELCDPH1,2028,0.0
REGION1,AOELNAPH1,2028,0.0
REGION1,BFELMLPH1,2028,0.0
REGION1,BWELNAPH1,2028,0.0
REGION1,CDELNAPH1,2028,0.0
REGION1,CDELZAPH1,2028,0.0
REGION1,CGELGAPH1,2028,0.0
REGION1,CMELTDPH1,2028,0.0
REGION1,ETELKEPH1,2028,0.0
REGION1,GAELGQPH1,2028,0.0
REGION1,GHELBFPH1,2028,0.0
REGION1,GMELGWPH1,2028,0.0
REGION1,GQELCMPH1,2028,0.0
REGION1,GWELGNPH1,2028,0.0
REGION1,LRELGNPH1,2028,0.0
REGION1,LRELSLPH1,2028,0.0
REGION1,MLELCIPH1,2028,0.0
REGION1,MWELMZPH1,2028,0.0
REGION1,MWELZMPH1,2028,0.0
REGION1,NAELZWPH1,2028,0.0
REGION1,NEELBFPH1,2028,0.0
REGION1,NEELBJPH1,2028,0.0
REGION1,NEELTGPH1,2028,0.0
REGION1,SLELGNPH1,2028,0.0
REGION1,SNELGMPH1,2028,0.0
REGION1,SNELGNPH1,2028,0.0
REGION1,TGELGHPH1,2028,0.0
REGION1,TZELZMPH1,2028,0.0
REGION1,CIELLRPH1,2028,0.0
REGION1,GNELMLPH1,2028,0.0
REGION1,AOELZMPH1,2028,0.0
REGION1,BFELBJPH1,2028,0.0
REGION1,BFELTGPH1,2028,0.0
REGION1,BIELTZPH1,2028,0.0
REGION1,BJELGHPH1,2028,0.0
REGION1,BWELZMPH1,2028,0.0
REGION1,CDELCFPH1,2028,0.0
REGION1,CDELSDPH1,2028,0.0
REGION1,CDELTZPH1,2028,0.0
REGION1,CDELUGPH1,2028,0.0
REGION1,CFELCGPH1,2028,0.0
REGION1,CFELCMPH1,2028,0.0
REGION1,CFELSDPH1,2028,0.0
REGION1,CFELTDPH1,2028,0.0
REGION1,CGELCMPH1,2028,0.0
REGION1,CIELGNPH1,2028,0.0
REGION1,CMELGAPH1,2028,0.0
REGION1,CMELNGPH1,2028,0.0
REGION1,DJELERPH1,2028,0.0
REGION1,DJELSOPH1,2028,0.0
REGION1,DZELLYPH1,2028,0.0
REGION1,DZELMLPH1,2028,0.0
REGION1,DZELMRPH1,2028,0.0
REGION1,DZELNEPH1,2028,0.0
REGION1,ETELERPH1,2028,0.0
REGION1,ETELSOPH1,2028,0.0
REGION1,GWELSNPH1,2028,0.0
REGION1,KEELSDPH1,2028,0.0
REGION1,KEELSOPH1,2028,0.0
REGION1,LYELNEPH1,2028,0.0
REGION1,LYELSDPH1,2028,0.0
REGION1,LYELTDPH1,2028,0.0
REGION1,LYELTNPH1,2028,0.0
REGION1,MLELMRPH1,2028,0.0
REGION1,MLELNEPH1,2028,0.0
REGION1,MRELSNPH1,2028,0.0
REGION1,MWELTZPH1,2028,0.0
REGION1,MZELTZPH1,2028,0.0
REGION1,MZELZMPH1,2028,0.0
REGION1,NEELTDPH1,2028,0.0
REGION1,NGELTDPH1,2028,0.0
REGION1,RWELTZPH1,2028,0.0
REGION1,SDELERPH1,2028,0.0
REGION1,SDELTDPH1,2028,0.0
REGION1,SDELUGPH1,2028,0.0
REGION1,CYELGRPH1,2028,0.0
REGION1,ALNGGRPI0,2028,0.0
REGION1,ALNGITPI0,2028,0.0
REGION1,ATNGDEPI0,2028,0.0
REGION1,ATNGHUPI0,2028,0.0
REGION1,ATNGITPI0,2028,0.0
REGION1,ATNGSIPI0,2028,0.0
REGION1,ATNGSKPI0,2028,0.0
REGION1,BENGDEPI0,2028,0.0
REGION1,BENGFRPI0,2028,0.0
REGION1,BENGUKPI0,2028,0.0
REGION1,BENGNLPI0,2028,0.0
REGION1,BGNGGRPI0,2028,0.0
REGION1,BGNGROPI0,2028,0.0
REGION1,BYNGLTPI0,2028,0.0
REGION1,CYNGEGPI0,2028,0.0
REGION1,CYNGGRPI0,2028,0.0
REGION1,CZNGDEPI0,2028,0.0
REGION1,CZNGPLPI0,2028,0.0
REGION1,CZNGSKPI0,2028,0.0
REGION1,DENGCHPI0,2028,0.0
REGION1,DENGFRPI0,2028,0.0
REGION1,DENGNLPI0,2028,0.0
REGION1,DENGPLPI0,2028,0.0
REGION1,DKNGDEPI0,2028,0.0
REGION1,DKNGPLPI0,2028,0.0
REGION1,DKNGSEPI0,2028,0.0
REGION1,DZNGESPI0,2028,0.0
REGION1,DZNGITPI0,2028,0.0
REGION1,EENGFIPI0,2028,0.0
REGION1,EENGLVPI0,2028,0.0
REGION1,FRNGCHPI0,2028,0.0
REGION1,FRNGESPI0,2028,0.0
REGION1,GRNGITPI0,2028,0.0
REGION1,HRNGHUPI0,2028,0.0
REGION1,HRNGSIPI0,2028,0.0
REGION1,HUNGROPI0,2028,0.0
REGION1,HUNGSKPI0,2028,0.0
REGION1,IENGUKPI0,2028,0.0
REGION1,ITNGCHPI0,2028,0.0
REGION1,ITNGMTPI0,2028,0.0
REGION1,ITNGSIPI0,2028,0.0
REGION1,LTNGPLPI0,2028,0.0
REGION1,LVNGLTPI0,2028,0.0
REGION1,LYNGITPI0,2028,0.0
REGION1,MANGESPI0,2028,0.0
REGION1,MDNGROPI0,2028,0.0
REGION1,NLNGUKPI0,2028,0.0
REGION1,NONGBEPI0,2028,0.0
REGION1,NONGDEPI0,2028,0.0
REGION1,NONGDKPI0,2028,0.0
REGION1,NONGFRPI0,2028,0.0
REGION1,NONGUKPI0,2028,0.0
REGION1,NONGNLPI0,2028,0.0
REGION1,PLNGSKPI0,2028,0.0
REGION1,PTNGESPI0,2028,0.0
REGION1,RSNGBGPI0,2028,0.0
REGION1,RSNGHUPI0,2028,0.0
REGION1,RSNGROPI0,2028,0.0
REGION1,RUNGEEPI0,2028,0.0
REGION1,RUNGFIPI0,2028,0.0
REGION1,RUNGLVPI0,2028,0.0
REGION1,TRNGBGPI0,2028,0.0
REGION1,TRNGGRPI0,2028,0.0
REGION1,UANGHUPI0,2028,0.0
REGION1,UANGPLPI0,2028,0.0
REGION1,UANGROPI0,2028,0.0
REGION1,UANGSKPI0,2028,0.0
REGION1,BENGLUPI0,2028,0.0
REGION1,NGNGDZPI0,2028,0.0
REGION1,MZNGZAPI0,2028,0.0
REGION1,NGNGLYPI0,2028,0.0
REGION1,ETNGDJPI0,2028,0.0
REGION1,NGNGGQPI0,2028,0.0
REGION1,TZNGKEPI0,2028,0.0
REGION1,NGNGMAPI0,2028,0.0
REGION1,NGNGBJPI0,2028,0.0
REGION1,NGNGGHPI0,2028,0.0
REGION1,NGNGNEPI0,2028,0.0
REGION1,NGNGTGPI0,2028,0.0
REGION1,NGNGTNPI0,2028,0.0
REGION1,DZNGMAPI0,2028,0.0
REGION1,BELG00I00,2029,0.0
REGION1,HRLG00I00,2029,0.0
REGION1,CYLG00I00,2029,0.0
REGION1,FRLG00I00,2029,0.0
REGION1,FILG00I00,2029,0.0
REGION1,DELG00I00,2029,0.0
REGION1,GRLG00I00,2029,0.0
REGION1,ITLG00I00,2029,0.0
REGION1,LVLG00I00,2029,0.0
REGION1,LTLG00I00,2029,0.0
REGION1,MTLG00I00,2029,0.0
REGION1,NLLG00I00,2029,0.0
REGION1,PLLG00I00,2029,0.0
REGION1,ESLG00I00,2029,0.0
REGION1,UKLG00I00,2029,0.0
REGION1,PTLG00I00,2029,0.0
REGION1,BENUG2PN1,2029,0.0
REGION1,BGNUG2PN1,2029,0.0
REGION1,CZNUG2PN1,2029,0.0
REGION1,DENUG2PN1,2029,0.0
REGION1,ESNUG2PN1,2029,0.0
REGION1,FINUG2PN1,2029,0.0
REGION1,FRNUG2PN1,2029,0.0
REGION1,HUNUG2PN1,2029,0.0
REGION1,NLNUG2PN1,2029,0.0
REGION1,RONUG2PN1,2029,0.0
REGION1,SENUG2PN1,2029,0.0
REGION1,SINUG2PN1,2029,0.0
REGION1,SKNUG2PN1,2029,0.0
REGION1,CHNUG2PN1,2029,0.0
REGION1,UKNUG2PN1,2029,0.0
REGION1,ATHYDSPN1,2029,0.0
REGION1,BEHYDSPN1,2029,0.0
REGION1,BGHYDSPN1,2029,0.0
REGION1,CZHYDSPN1,2029,0.0
REGION1,DEHYDSPN1,2029,0.32
REGION1,GRHYDSPN1,2029,0.0
REGION1,ESHYDSPN1,2029,1.4948
REGION1,FRHYDSPN1,2029,0.0
REGION1,HRHYDSPN1,2029,0.0
REGION1,IEHYDSPN1,2029,0.0
REGION1,ITHYDSPN1,2029,0.27
REGION1,LTHYDSPN1,2029,0.0
REGION1,LUHYDSPN1,2029,0.0
REGION1,PLHYDSPN1,2029,0.0
REGION1,PTHYDSPN1,2029,0.0
REGION1,ROHYDSPN1,2029,0.0
REGION1,SEHYDSPN1,2029,0.0
REGION1,SIHYDSPN1,2029,0.0
REGION1,SKHYDSPN1,2029,0.0
REGION1,CHHYDSPN1,2029,0.0
REGION1,UKHYDSPN1,2029,0.0
REGION1,ATHYDMPN1,2029,0.0
REGION1,ATHYDRPN1,2029,0.0
REGION1,BEHYDMPN1,2029,0.0
REGION1,BEHYDRPN1,2029,0.0
REGION1,BGHYDMPN1,2029,0.0
REGION1,BGHYDRPN1,2029,0.0
REGION1,CZHYDRPN1,2029,0.0
REGION1,CZHYDMPN1,2029,0.0
REGION1,DEHYDMPN1,2029,0.0
REGION1,DEHYDRPN1,2029,0.0
REGION1,DKHYDRPN1,2029,0.0
REGION1,DKHYDMPN1,2029,0.0
REGION1,EEHYDRPN1,2029,0.0
REGION1,GRHYDMPN1,2029,0.0
REGION1,GRHYDRPN1,2029,0.0
REGION1,ESHYDMPN1,2029,0.0
REGION1,ESHYDRPN1,2029,0.0
REGION1,FIHYDMPN1,2029,0.0
REGION1,FIHYDRPN1,2029,0.0
REGION1,FRHYDMPN1,2029,0.0
REGION1,FRHYDRPN1,2029,0.0
REGION1,HRHYDMPN1,2029,0.0
REGION1,HRHYDRPN1,2029,0.0
REGION1,HUHYDMPN1,2029,0.0
REGION1,HUHYDRPN1,2029,0.0
REGION1,IEHYDMPN1,2029,0.0
REGION1,IEHYDRPN1,2029,0.0
REGION1,ITHYDMPN1,2029,0.0
REGION1,ITHYDRPN1,2029,0.0
REGION1,LTHYDRPN1,2029,0.0
REGION1,LUHYDRPN1,2029,0.0
REGION1,LVHYDMPN1,2029,0.0
REGION1,LVHYDRPN1,2029,0.0
REGION1,NLHYDRPN1,2029,0.0
REGION1,PLHYDMPN1,2029,0.0
REGION1,PLHYDRPN1,2029,0.0
REGION1,PTHYDMPN1,2029,0.0
REGION1,PTHYDRPN1,2029,0.0
REGION1,ROHYDMPN1,2029,0.0
REGION1,ROHYDRPN1,2029,0.0
REGION1,SEHYDMPN1,2029,0.0
REGION1,SEHYDRPN1,2029,0.0
REGION1,SIHYDMPN1,2029,0.0
REGION1,SIHYDRPN1,2029,0.0
REGION1,SKHYDMPN1,2029,0.0
REGION1,SKHYDRPN1,2029,0.0
REGION1,NOHYDRPN1,2029,0.0
REGION1,NOHYDMPN1,2029,0.0
REGION1,CHHYDRPN1,2029,0.0
REGION1,CHHYDMPN1,2029,0.0
REGION1,UKHYDMPN1,2029,0.0
REGION1,UKHYDRPN1,2029,0.0
REGION1,EGLG00I00,2029,0.0
REGION1,GHLG00I00,2029,0.0
REGION1,MALG00I00,2029,0.0
REGION1,MZLG00I00,2029,0.0
REGION1,SNLG00I00,2029,0.0
REGION1,ZALG00I00,2029,0.0
REGION1,DZLG00E00,2029,0.0
REGION1,NGLG00E00,2029,0.0
REGION1,EGLG00E00,2029,0.0
REGION1,AOLG00E00,2029,0.0
REGION1,GQLG00E00,2029,0.0
REGION1,MZLG00E00,2029,0.0
REGION1,CGLG00E00,2029,0.0
REGION1,GALG00E00,2029,0.0
REGION1,MRLG00E00,2029,0.0
REGION1,SNLG00E00,2029,0.0
REGION1,TZLG00E00,2029,0.0
REGION1,BFHYDMSN1,2029,0.0
REGION1,BIHYDMSN1,2029,0.0
REGION1,CMHYDMSN1,2029,0.0
REGION1,CDHYDMSN1,2029,0.0
REGION1,ETHYDMSN1,2029,0.0
REGION1,KEHYDMSN1,2029,0.0
REGION1,MLHYDMSN1,2029,0.0
REGION1,NGHYDMSN1,2029,0.0
REGION1,UGHYDMSN1,2029,0.0
REGION1,ZMHYDMSN1,2029,0.0
REGION1,DZHYDMSN1,2029,0.0
REGION1,EGHYDMSN1,2029,0.0
REGION1,MAHYDMSN1,2029,0.0
REGION1,SDHYDMSN1,2029,0.0
REGION1,TNHYDMSN1,2029,0.0
REGION1,AOHYDMSN1,2029,0.0
REGION1,BJHYDMSN1,2029,0.0
REGION1,CFHYDMSN1,2029,0.0
REGION1,CGHYDMSN1,2029,0.0
REGION1,CIHYDMSN1,2029,0.0
REGION1,GQHYDMSN1,2029,0.0
REGION1,SZHYDMSN1,2029,0.0
REGION1,GAHYDMSN1,2029,0.0
REGION1,GHHYDMSN1,2029,0.0
REGION1,GNHYDMSN1,2029,0.0
REGION1,LSHYDMSN1,2029,0.08
REGION1,LRHYDMSN1,2029,0.0
REGION1,MWHYDMSN1,2029,0.261
REGION1,MZHYDMSN1,2029,0.0
REGION1,NAHYDMSN1,2029,0.6
REGION1,RWHYDMSN1,2029,0.0
REGION1,SNHYDMSN1,2029,0.0
REGION1,SLHYDMSN1,2029,0.0
REGION1,ZAHYDMSN1,2029,0.0
REGION1,TGHYDMSN1,2029,0.0
REGION1,TZHYDMSN1,2029,0.222
REGION1,ZWHYDMSN1,2029,0.0
REGION1,MAHYDSPN1,2029,0.3
REGION1,ZAHYDSPN1,2029,0.0
REGION1,KEBATTN1,2029,0.0
REGION1,ETBMCHPN1,2029,0.0
REGION1,KEBMCHPN1,2029,0.0
REGION1,ZABMCHPN1,2029,0.0
REGION1,BWCOSCPN1,2029,0.0
REGION1,ZACOSCPN1,2029,0.0
REGION1,ETGOCVPN1,2029,0.0
REGION1,KEGOCVPN1,2029,0.0
REGION1,RWNGGCPN1,2029,0.0
REGION1,DZNGCCPN1,2029,0.0
REGION1,MANGCCPN1,2029,0.0
REGION1,TNNGCCPN1,2029,0.0
REGION1,UGNGCCPN1,2029,0.0
REGION1,MZNGGCPN1,2029,0.0
REGION1,NGNGGCPN1,2029,0.0
REGION1,AOSOU1PN1,2029,0.0
REGION1,GASOU1PN1,2029,0.0
REGION1,DZSOU1PN1,2029,1.0
REGION1,MASOU1PN1,2029,0.0
REGION1,TNSOU1PN1,2029,0.05
REGION1,ETSOU1PN1,2029,0.0
REGION1,KESOU1PN1,2029,0.0
REGION1,TZSOU1PN1,2029,0.0
REGION1,BWSOU1PN1,2029,0.0
REGION1,ZASOU1PN1,2029,0.0
REGION1,MAWINDPN1,2029,0.0
REGION1,TNWINDPN1,2029,0.0
REGION1,ETWINDPN1,2029,0.0
REGION1,KEWINDPN1,2029,0.0
REGION1,ZAWINDPN1,2029,0.0
REGION1,CICOSCPN1,2029,0.35
REGION1,EGNULWPN1,2029,1.2
REGION1,SSHYDMSN1,2029,0.0
REGION1,MABATTN1,2029,0.0
REGION1,CGSOU1PN1,2029,0.0
REGION1,DJSOU1PN1,2029,0.0
REGION1,DZWINDPN1,2029,0.0
REGION1,ERSOU1PN1,2029,0.0
REGION1,ERWINDPN1,2029,0.0
REGION1,GHWINDPN1,2029,0.0
REGION1,GQSOU1PN1,2029,0.0
REGION1,GWSOU1PN1,2029,0.0
REGION1,LRSOU1PN1,2029,0.0
REGION1,RWSOU1PN1,2029,0.0
REGION1,SLSOU1PN1,2029,0.0
REGION1,SSSOU1PN1,2029,0.0
REGION1,SZNGCCPN1,2029,0.0
REGION1,SZWINDPN1,2029,0.0
REGION1,TDWINDPN1,2029,0.0
REGION1,TGWINDPN1,2029,0.0
REGION1,TZWINDPN1,2029,0.0
REGION1,ZMSOU1PN1,2029,0.0
REGION1,DZNGCCPH1,2029,0.0
REGION1,DZNGGCPH1,2029,0.0
REGION1,DZSOU1PH1,2029,0.0
REGION1,EGBMCHPH1,2029,0.0
REGION1,EGSOU1PH1,2029,0.0
REGION1,EGWINDPH1,2029,0.0
REGION1,LYNGCCPH1,2029,0.0
REGION1,LYNGGCPH1,2029,0.0
REGION1,LYLFRCPH1,2029,0.0
REGION1,LYHFGCPH1,2029,0.0
REGION1,LYSOU1PH1,2029,0.0
REGION1,MASOU1PH1,2029,0.0
REGION1,MAWINDPH1,2029,0.0
REGION1,SDSOU1PH1,2029,0.0
REGION1,TNNGCCPH1,2029,0.0
REGION1,TNNGGCPH1,2029,0.0
REGION1,TNSOU1PH1,2029,0.0
REGION1,AOSOU1PH1,2029,0.0
REGION1,BJSOU1PH1,2029,0.0
REGION1,BFLFRCPH1,2029,0.0
REGION1,BFHFGCPH1,2029,0.0
REGION1,BFHYDMSH1,2029,0.0
REGION1,BFSOU1PH1,2029,0.0
REGION1,BIHYDMSH1,2029,0.0
REGION1,CMHYDMSH1,2029,0.0
REGION1,CMSOU1PH1,2029,0.0
REGION1,CFSOU1PH1,2029,0.0
REGION1,CINGCCPH1,2029,0.0
REGION1,CINGGCPH1,2029,0.0
REGION1,CISOU1PH1,2029,0.0
REGION1,CDLFRCPH1,2029,0.0
REGION1,CDHFGCPH1,2029,0.0
REGION1,CDHYDMSH1,2029,0.0
REGION1,CDSOU1PH1,2029,0.0
REGION1,DJWINDPH1,2029,0.0
REGION1,ETBMCHPH1,2029,0.0
REGION1,ETHYDMSH1,2029,0.0
REGION1,ETWINDPH1,2029,0.0
REGION1,GHNGCCPH1,2029,0.0
REGION1,GHNGGCPH1,2029,0.0
REGION1,GHSOU1PH1,2029,0.0
REGION1,KEGOCVPH1,2029,0.0
REGION1,KEHYDMSH1,2029,0.0
REGION1,KESOU1PH1,2029,0.0
REGION1,LSSOU1PH1,2029,0.0
REGION1,MWSOU1PH1,2029,0.0
REGION1,MLHYDMSH1,2029,0.0
REGION1,MLSOU1PH1,2029,0.0
REGION1,MRSOU1PH1,2029,0.0
REGION1,MRWINDPH1,2029,0.0
REGION1,MZLFRCPH1,2029,0.0
REGION1,MZHFGCPH1,2029,0.0
REGION1,MZSOU1PH1,2029,0.0
REGION1,NASOU1PH1,2029,0.0
REGION1,NELFRCPH1,2029,0.0
REGION1,NEHFGCPH1,2029,0.0
REGION1,NESOU1PH1,2029,0.0
REGION1,NGNGCCPH1,2029,0.0
REGION1,NGNGGCPH1,2029,0.0
REGION1,NGLFRCPH1,2029,0.0
REGION1,NGHFGCPH1,2029,0.0
REGION1,NGHYDMSH1,2029,0.0
REGION1,NGSOU1PH1,2029,0.0
REGION1,RWCOSCPH1,2029,0.0
REGION1,SNNGCCPH1,2029,0.0
REGION1,SNLFRCPH1,2029,0.0
REGION1,SNHFGCPH1,2029,0.0
REGION1,SNSOU1PH1,2029,0.0
REGION1,ZANULWPH1,2029,0.0
REGION1,ZASOU1PH1,2029,0.0
REGION1,SSWINDPH1,2029,0.0
REGION1,TGSOU1PH1,2029,0.0
REGION1,UGHYDMSH1,2029,0.0
REGION1,TZSOU1PH1,2029,0.0
REGION1,ZMHYDMSH1,2029,0.0
REGION1,ZWSOU1PH1,2029,0.0
REGION1,ZWCOSCPH1,2029,0.0
REGION1,DZLFRCPH1,2029,0.0
REGION1,DZHFGCPH1,2029,0.0
REGION1,DZHYDMSH1,2029,0.0
REGION1,DZSOC1PH1,2029,0.0
REGION1,EGNGCCPH1,2029,0.0
REGION1,EGNGGCPH1,2029,0.0
REGION1,EGLFRCPH1,2029,0.0
REGION1,EGHFGCPH1,2029,0.0
REGION1,EGHYDMSH1,2029,0.0
REGION1,EGSOC1PH1,2029,0.0
REGION1,MACOSCPH1,2029,0.0
REGION1,MALFRCPH1,2029,0.0
REGION1,MAHFGCPH1,2029,0.0
REGION1,MANGCCPH1,2029,0.0
REGION1,MANGGCPH1,2029,0.0
REGION1,MABMCHPH1,2029,0.0
REGION1,MAHYDMSH1,2029,0.0
REGION1,MASOC1PH1,2029,0.0
REGION1,SDLFRCPH1,2029,0.0
REGION1,SDHFGCPH1,2029,0.0
REGION1,SDBMCHPH1,2029,0.0
REGION1,SDHYDMSH1,2029,0.0
REGION1,TNLFRCPH1,2029,0.0
REGION1,TNHFGCPH1,2029,0.0
REGION1,TNHYDMSH1,2029,0.0
REGION1,TNWINDPH1,2029,0.0
REGION1,AONGGCPH1,2029,0.0
REGION1,AOLFRCPH1,2029,0.0
REGION1,AOHFGCPH1,2029,0.0
REGION1,AOBMCHPH1,2029,0.0
REGION1,AOHYDMSH1,2029,0.0
REGION1,BJNGGCPH1,2029,0.0
REGION1,BJLFRCPH1,2029,0.0
REGION1,BJHFGCPH1,2029,0.0
REGION1,BJHYDMSH1,2029,0.0
REGION1,BWCOSCPH1,2029,0.0
REGION1,BWLFRCPH1,2029,0.0
REGION1,BWSOU1PH1,2029,0.0
REGION1,BFBMCHPH1,2029,0.0
REGION1,BILFRCPH1,2029,0.0
REGION1,BISOU1PH1,2029,0.0
REGION1,CMNGGCPH1,2029,0.0
REGION1,CMLFRCPH1,2029,0.0
REGION1,CMHFGCPH1,2029,0.0
REGION1,CFLFRCPH1,2029,0.0
REGION1,CFHYDMSH1,2029,0.0
REGION1,TDNGCCPH1,2029,0.0
REGION1,TDLFRCPH1,2029,0.0
REGION1,TDHFGCPH1,2029,0.0
REGION1,TDBMCHPH1,2029,0.0
REGION1,TDSOU1PH1,2029,0.0
REGION1,CGNGGCPH1,2029,0.0
REGION1,CGLFRCPH1,2029,0.0
REGION1,CGHFGCPH1,2029,0.0
REGION1,CGBMCHPH1,2029,0.0
REGION1,CGHYDMSH1,2029,0.0
REGION1,CILFRCPH1,2029,0.0
REGION1,CIHFGCPH1,2029,0.0
REGION1,CIHYDMSH1,2029,0.0
REGION1,DJLFRCPH1,2029,0.0
REGION1,DJHFGCPH1,2029,0.0
REGION1,GWNGCCPH1,2029,0.0
REGION1,GQNGGCPH1,2029,0.0
REGION1,GQLFRCPH1,2029,0.0
REGION1,GQHFGCPH1,2029,0.0
REGION1,GQHYDMSH1,2029,0.0
REGION1,ERLFRCPH1,2029,0.0
REGION1,ERHFGCPH1,2029,0.0
REGION1,SZLFRCPH1,2029,0.0
REGION1,SZHFGCPH1,2029,0.0
REGION1,SZBMCHPH1,2029,0.0
REGION1,SZHYDMSH1,2029,0.0
REGION1,SZSOU1PH1,2029,0.0
REGION1,ETLFRCPH1,2029,0.0
REGION1,ETGOCVPH1,2029,0.0
REGION1,GANGGCPH1,2029,0.0
REGION1,GALFRCPH1,2029,0.0
REGION1,GAHFGCPH1,2029,0.0
REGION1,GAHYDMSH1,2029,0.0
REGION1,GMLFRCPH1,2029,0.0
REGION1,GMHFGCPH1,2029,0.0
REGION1,GMWINDPH1,2029,0.0
REGION1,GMSOU1PH1,2029,0.0
REGION1,GHLFRCPH1,2029,0.0
REGION1,GHHFGCPH1,2029,0.0
REGION1,GHBMCHPH1,2029,0.0
REGION1,GHHYDMSH1,2029,0.0
REGION1,GNLFRCPH1,2029,0.0
REGION1,GNHFGCPH1,2029,0.0
REGION1,GNHYDMSH1,2029,0.0
REGION1,GNSOU1PH1,2029,0.0
REGION1,GWLFRCPH1,2029,0.0
REGION1,KELFRCPH1,2029,0.0
REGION1,KEHFGCPH1,2029,0.0
REGION1,KEBMCHPH1,2029,0.0
REGION1,KEWINDPH1,2029,0.0
REGION1,LSHYDMSH1,2029,0.0
REGION1,LRLFRCPH1,2029,0.0
REGION1,LRHFGCPH1,2029,0.0
REGION1,LRHYDMSH1,2029,0.0
REGION1,MWLFRCPH1,2029,0.0
REGION1,MWBMCHPH1,2029,0.0
REGION1,MWHYDMSH1,2029,0.0
REGION1,MLLFRCPH1,2029,0.0
REGION1,MLHFGCPH1,2029,0.0
REGION1,MLBMCHPH1,2029,0.0
REGION1,MRNGCCPH1,2029,0.0
REGION1,MRLFRCPH1,2029,0.0
REGION1,MRHFGCPH1,2029,0.0
REGION1,MZNGGCPH1,2029,0.0
REGION1,MZBMCHPH1,2029,0.0
REGION1,MZHYDMSH1,2029,0.0
REGION1,NACOSCPH1,2029,0.0
REGION1,NALFRCPH1,2029,0.0
REGION1,NAHFGCPH1,2029,0.0
REGION1,NABMCHPH1,2029,0.0
REGION1,NAHYDMSH1,2029,0.0
REGION1,NAWINDPH1,2029,0.0
REGION1,NECOSCPH1,2029,0.0
REGION1,NENGCCPH1,2029,0.0
REGION1,NGBMCHPH1,2029,0.0
REGION1,RWWINDPH1,2029,0.0
REGION1,RWNGGCPH1,2029,0.0
REGION1,RWLFRCPH1,2029,0.0
REGION1,RWHFGCPH1,2029,0.0
REGION1,RWBMCHPH1,2029,0.0
REGION1,RWHYDMSH1,2029,0.0
REGION1,SNHYDMSH1,2029,0.0
REGION1,SNCOSCPH1,2029,0.0
REGION1,SNBMCHPH1,2029,0.0
REGION1,SLWINDPH1,2029,0.0
REGION1,SLLFRCPH1,2029,0.0
REGION1,SLHFGCPH1,2029,0.0
REGION1,SLBMCHPH1,2029,0.0
REGION1,SLHYDMSH1,2029,0.0
REGION1,ZACOSCPH1,2029,0.0
REGION1,ZALFRCPH1,2029,0.0
REGION1,ZAHFGCPH1,2029,0.0
REGION1,ZABMCHPH1,2029,0.0
REGION1,ZAHYDMSH1,2029,0.0
REGION1,ZASOC1PH1,2029,0.0
REGION1,SSLFRCPH1,2029,0.0
REGION1,SSHFGCPH1,2029,0.0
REGION1,TGNGCCPH1,2029,0.0
REGION1,TGLFRCPH1,2029,0.0
REGION1,TGHFGCPH1,2029,0.0
REGION1,TGHYDMSH1,2029,0.0
REGION1,UGSOU1PH1,2029,0.0
REGION1,UGLFRCPH1,2029,0.0
REGION1,UGHFGCPH1,2029,0.0
REGION1,UGBMCHPH1,2029,0.0
REGION1,TZNGGCPH1,2029,0.0
REGION1,TZLFRCPH1,2029,0.0
REGION1,TZHFGCPH1,2029,0.0
REGION1,TZBMCHPH1,2029,0.0
REGION1,TZHYDMSH1,2029,0.0
REGION1,ZMWINDPH1,2029,0.0
REGION1,ZMCOSCPH1,2029,0.0
REGION1,ZMLFRCPH1,2029,0.0
REGION1,ZMHFGCPH1,2029,0.0
REGION1,ZMBMCHPH1,2029,0.0
REGION1,ZWLFRCPH1,2029,0.0
REGION1,SNWINDPH1,2029,0.0
REGION1,ZWHYDMSH1,2029,0.0
REGION1,ZWBMCHPH1,2029,0.0
REGION1,SOLFRCPH1,2029,0.0
REGION1,SOSOU1PH1,2029,0.0
REGION1,SOWINDPH1,2029,0.0
REGION1,MAHYDSPH1,2029,0.0
REGION1,ZAHYDSPH1,2029,0.0
REGION1,ATELCZPH1,2029,0.0
REGION1,ATELDEPH1,2029,0.0
REGION1,ATELHUPH1,2029,0.0
REGION1,ATELITPH1,2029,0.3
REGION1,ATELSIPH1,2029,0.0
REGION1,ATELCHPH1,2029,0.0
REGION1,BEELFRPH1,2029,0.0
REGION1,BEELDEPH1,2029,0.0
REGION1,BEELLUPH1,2029,0.0
REGION1,BEELNLPH1,2029,0.0
REGION1,BEELUKPH1,2029,0.0
REGION1,BGELGRPH1,2029,0.0
REGION1,BGELROPH1,2029,0.0
REGION1,CZELDEPH1,2029,0.0
REGION1,CZELPLPH1,2029,0.0
REGION1,CZELSKPH1,2029,0.0
REGION1,HRELHUPH1,2029,0.0
REGION1,HRELSIPH1,2029,0.0
REGION1,DKELNLPH1,2029,0.0
REGION1,DKELNOPH1,2029,0.0
REGION1,DKELSEPH1,2029,0.0
REGION1,DKELUKPH1,2029,0.0
REGION1,EEELFIPH1,2029,0.0
REGION1,EEELLVPH1,2029,0.0
REGION1,FIELNOPH1,2029,0.0
REGION1,FIELSEPH1,2029,0.0
REGION1,FRELITPH1,2029,0.0
REGION1,FRELLUPH1,2029,0.0
REGION1,FRELUKPH1,2029,0.0
REGION1,DEELDKPH1,2029,0.0
REGION1,DEELFRPH1,2029,0.0
REGION1,DEELLUPH1,2029,0.0
REGION1,DEELNLPH1,2029,0.0
REGION1,DEELNOPH1,2029,0.0
REGION1,DEELPLPH1,2029,0.0
REGION1,DEELSEPH1,2029,0.7
REGION1,DEELUKPH1,2029,0.0
REGION1,HUELROPH1,2029,0.0
REGION1,HUELSKPH1,2029,0.0
REGION1,HUELSIPH1,2029,0.0
REGION1,IEELUKPH1,2029,0.0
REGION1,ITELMTPH1,2029,0.0
REGION1,ITELSIPH1,2029,0.0
REGION1,LTELLVPH1,2029,0.0
REGION1,LTELPLPH1,2029,0.0
REGION1,LTELSEPH1,2029,0.0
REGION1,NLELNOPH1,2029,0.0
REGION1,NLELUKPH1,2029,0.0
REGION1,NOELSEPH1,2029,0.0
REGION1,NOELUKPH1,2029,0.0
REGION1,PLELSKPH1,2029,0.0
REGION1,PLELSEPH1,2029,0.0
REGION1,ESELFRPH1,2029,0.0
REGION1,ESELPTPH1,2029,0.0
REGION1,CHELFRPH1,2029,0.0
REGION1,CHELDEPH1,2029,0.0
REGION1,CHELITPH1,2029,0.0
REGION1,GRELITPH1,2029,0.0
REGION1,BGELMKPH1,2029,0.0
REGION1,BGELRSPH1,2029,0.0
REGION1,BGELTRPH1,2029,0.0
REGION1,HRELBAPH1,2029,0.0
REGION1,HRELRSPH1,2029,0.0
REGION1,EEELRUPH1,2029,0.0
REGION1,GRELALPH1,2029,0.0
REGION1,GRELTRPH1,2029,0.0
REGION1,HUELRSPH1,2029,0.0
REGION1,HUELUAPH1,2029,0.0
REGION1,ITELMEPH1,2029,0.0
REGION1,LVELRUPH1,2029,0.0
REGION1,LTELBYPH1,2029,0.0
REGION1,LTELRUPH1,2029,0.0
REGION1,PLELUAPH1,2029,0.0
REGION1,ROELMDPH1,2029,0.0
REGION1,ROELRSPH1,2029,1.0
REGION1,ROELUAPH1,2029,0.0
REGION1,SKELUAPH1,2029,0.0
REGION1,GRELMKPH1,2029,0.0
REGION1,ESELMAPH1,2029,0.0
REGION1,CYELILPH1,2029,0.0
REGION1,SEELLVPH1,2029,0.0
REGION1,BEELDKPH1,2029,0.0
REGION1,ITELTNPH1,2029,0.0
REGION1,GRELEGPH1,2029,0.0
REGION1,ITELDZPH1,2029,0.0
REGION1,MTELTNPH1,2029,0.0
REGION1,ROELGEPH1,2029,0.0
REGION1,ESELITPH1,2029,0.0
REGION1,DEELLVPH1,2029,0.0
REGION1,GRELDEPH1,2029,0.0
REGION1,ITELSAPH1,2029,0.0
REGION1,UKELMAPH1,2029,0.0
REGION1,DEELMAPH1,2029,0.0
REGION1,BIELRWPH1,2029,0.0
REGION1,BWELZAPH1,2029,0.0
REGION1,CDELBIPH1,2029,0.0
REGION1,CDELCGPH1,2029,0.0
REGION1,CDELRWPH1,2029,0.0
REGION1,CDELZMPH1,2029,0.0
REGION1,CIELBFPH1,2029,0.0
REGION1,EGELJOPH1,2029,0.0
REGION1,EGELSDPH1,2029,0.0
REGION1,ETELDJPH1,2029,0.0
REGION1,ETELSDPH1,2029,0.0
REGION1,GHELCIPH1,2029,0.0
REGION1,GHELTGPH1,2029,0.0
REGION1,KEELTZPH1,2029,0.0
REGION1,LSELZAPH1,2029,0.0
REGION1,LYELEGPH1,2029,0.0
REGION1,MAELDZPH1,2029,0.0
REGION1,MZELSZPH1,2029,0.0
REGION1,MZELZAPH1,2029,0.0
REGION1,MZELZWPH1,2029,0.0
REGION1,NGELBJPH1,2029,0.0
REGION1,NGELNEPH1,2029,0.0
REGION1,NAELZAPH1,2029,0.0
REGION1,RWELBIPH1,2029,0.0
REGION1,SNELMLPH1,2029,0.0
REGION1,TGELBJPH1,2029,0.0
REGION1,TNELDZPH1,2029,0.0
REGION1,TZELUGPH1,2029,0.0
REGION1,UGELKEPH1,2029,0.0
REGION1,UGELRWPH1,2029,0.0
REGION1,UGELTZPH1,2029,0.0
REGION1,ZAELSZPH1,2029,0.0
REGION1,ZAELZWPH1,2029,0.0
REGION1,ZMELZWPH1,2029,0.0
REGION1,AOELBWPH1,2029,0.0
REGION1,AOELCDPH1,2029,0.0
REGION1,AOELNAPH1,2029,0.0
REGION1,BFELMLPH1,2029,0.0
REGION1,BWELNAPH1,2029,0.0
REGION1,CDELNAPH1,2029,0.0
REGION1,CDELZAPH1,2029,0.0
REGION1,CGELGAPH1,2029,0.0
REGION1,CMELTDPH1,2029,0.0
REGION1,ETELKEPH1,2029,0.0
REGION1,GAELGQPH1,2029,0.0
REGION1,GHELBFPH1,2029,0.0
REGION1,GMELGWPH1,2029,0.0
REGION1,GQELCMPH1,2029,0.0
REGION1,GWELGNPH1,2029,0.0
REGION1,LRELGNPH1,2029,0.0
REGION1,LRELSLPH1,2029,0.0
REGION1,MLELCIPH1,2029,0.0
REGION1,MWELMZPH1,2029,0.0
REGION1,MWELZMPH1,2029,0.0
REGION1,NAELZWPH1,2029,0.0
REGION1,NEELBFPH1,2029,0.0
REGION1,NEELBJPH1,2029,0.0
REGION1,NEELTGPH1,2029,0.0
REGION1,SLELGNPH1,2029,0.0
REGION1,SNELGMPH1,2029,0.0
REGION1,SNELGNPH1,2029,0.0
REGION1,TGELGHPH1,2029,0.0
REGION1,TZELZMPH1,2029,0.0
REGION1,CIELLRPH1,2029,0.0
REGION1,GNELMLPH1,2029,0.0
REGION1,AOELZMPH1,2029,0.0
REGION1,BFELBJPH1,2029,0.0
REGION1,BFELTGPH1,2029,0.0
REGION1,BIELTZPH1,2029,0.0
REGION1,BJELGHPH1,2029,0.0
REGION1,BWELZMPH1,2029,0.0
REGION1,CDELCFPH1,2029,0.0
REGION1,CDELSDPH1,2029,0.0
REGION1,CDELTZPH1,2029,0.0
REGION1,CDELUGPH1,2029,0.0
REGION1,CFELCGPH1,2029,0.0
REGION1,CFELCMPH1,2029,0.0
REGION1,CFELSDPH1,2029,0.0
REGION1,CFELTDPH1,2029,0.0
REGION1,CGELCMPH1,2029,0.0
REGION1,CIELGNPH1,2029,0.0
REGION1,CMELGAPH1,2029,0.0
REGION1,CMELNGPH1,2029,0.0
REGION1,DJELERPH1,2029,0.0
REGION1,DJELSOPH1,2029,0.0
REGION1,DZELLYPH1,2029,0.0
REGION1,DZELMLPH1,2029,0.0
REGION1,DZELMRPH1,2029,0.0
REGION1,DZELNEPH1,2029,0.0
REGION1,ETELERPH1,2029,0.0
REGION1,ETELSOPH1,2029,0.0
REGION1,GWELSNPH1,2029,0.0
REGION1,KEELSDPH1,2029,0.0
REGION1,KEELSOPH1,2029,0.0
REGION1,LYELNEPH1,2029,0.0
REGION1,LYELSDPH1,2029,0.0
REGION1,LYELTDPH1,2029,0.0
REGION1,LYELTNPH1,2029,0.0
REGION1,MLELMRPH1,2029,0.0
REGION1,MLELNEPH1,2029,0.0
REGION1,MRELSNPH1,2029,0.0
REGION1,MWELTZPH1,2029,0.0
REGION1,MZELTZPH1,2029,0.0
REGION1,MZELZMPH1,2029,0.0
REGION1,NEELTDPH1,2029,0.0
REGION1,NGELTDPH1,2029,0.0
REGION1,RWELTZPH1,2029,0.0
REGION1,SDELERPH1,2029,0.0
REGION1,SDELTDPH1,2029,0.0
REGION1,SDELUGPH1,2029,0.0
REGION1,CYELGRPH1,2029,0.0
REGION1,ALNGGRPI0,2029,0.0
REGION1,ALNGITPI0,2029,0.0
REGION1,ATNGDEPI0,2029,0.0
REGION1,ATNGHUPI0,2029,0.0
REGION1,ATNGITPI0,2029,0.0
REGION1,ATNGSIPI0,2029,0.0
REGION1,ATNGSKPI0,2029,0.0
REGION1,BENGDEPI0,2029,0.0
REGION1,BENGFRPI0,2029,0.0
REGION1,BENGUKPI0,2029,0.0
REGION1,BENGNLPI0,2029,0.0
REGION1,BGNGGRPI0,2029,0.0
REGION1,BGNGROPI0,2029,0.0
REGION1,BYNGLTPI0,2029,0.0
REGION1,CYNGEGPI0,2029,0.0
REGION1,CYNGGRPI0,2029,0.0
REGION1,CZNGDEPI0,2029,0.0
REGION1,CZNGPLPI0,2029,0.0
REGION1,CZNGSKPI0,2029,0.0
REGION1,DENGCHPI0,2029,0.0
REGION1,DENGFRPI0,2029,0.0
REGION1,DENGNLPI0,2029,0.0
REGION1,DENGPLPI0,2029,0.0
REGION1,DKNGDEPI0,2029,0.0
REGION1,DKNGPLPI0,2029,0.0
REGION1,DKNGSEPI0,2029,0.0
REGION1,DZNGESPI0,2029,0.0
REGION1,DZNGITPI0,2029,0.0
REGION1,EENGFIPI0,2029,0.0
REGION1,EENGLVPI0,2029,0.0
REGION1,FRNGCHPI0,2029,0.0
REGION1,FRNGESPI0,2029,0.0
REGION1,GRNGITPI0,2029,0.0
REGION1,HRNGHUPI0,2029,0.0
REGION1,HRNGSIPI0,2029,0.0
REGION1,HUNGROPI0,2029,0.0
REGION1,HUNGSKPI0,2029,0.0
REGION1,IENGUKPI0,2029,0.0
REGION1,ITNGCHPI0,2029,0.0
REGION1,ITNGMTPI0,2029,0.0
REGION1,ITNGSIPI0,2029,0.0
REGION1,LTNGPLPI0,2029,0.0
REGION1,LVNGLTPI0,2029,0.0
REGION1,LYNGITPI0,2029,0.0
REGION1,MANGESPI0,2029,0.0
REGION1,MDNGROPI0,2029,0.0
REGION1,NLNGUKPI0,2029,0.0
REGION1,NONGBEPI0,2029,0.0
REGION1,NONGDEPI0,2029,0.0
REGION1,NONGDKPI0,2029,0.0
REGION1,NONGFRPI0,2029,0.0
REGION1,NONGUKPI0,2029,0.0
REGION1,NONGNLPI0,2029,0.0
REGION1,PLNGSKPI0,2029,0.0
REGION1,PTNGESPI0,2029,0.0
REGION1,RSNGBGPI0,2029,0.0
REGION1,RSNGHUPI0,2029,0.0
REGION1,RSNGROPI0,2029,0.0
REGION1,RUNGEEPI0,2029,0.0
REGION1,RUNGFIPI0,2029,0.0
REGION1,RUNGLVPI0,2029,0.0
REGION1,TRNGBGPI0,2029,0.0
REGION1,TRNGGRPI0,2029,0.0
REGION1,UANGHUPI0,2029,0.0
REGION1,UANGPLPI0,2029,0.0
REGION1,UANGROPI0,2029,0.0
REGION1,UANGSKPI0,2029,0.0
REGION1,BENGLUPI0,2029,0.0
REGION1,NGNGDZPI0,2029,0.0
REGION1,MZNGZAPI0,2029,0.0
REGION1,NGNGLYPI0,2029,0.0
REGION1,ETNGDJPI0,2029,0.0
REGION1,NGNGGQPI0,2029,0.0
REGION1,TZNGKEPI0,2029,0.0
REGION1,NGNGMAPI0,2029,0.0
REGION1,NGNGBJPI0,2029,0.0
REGION1,NGNGGHPI0,2029,0.0
REGION1,NGNGNEPI0,2029,0.0
REGION1,NGNGTGPI0,2029,0.0
REGION1,NGNGTNPI0,2029,0.0
REGION1,DZNGMAPI0,2029,0.0
REGION1,BELG00I00,2030,299.86137
REGION1,HRLG00I00,2030,122.359783806
REGION1,CYLG00I00,2030,99.864
REGION1,FRLG00I00,2030,16.52749199999994
REGION1,FILG00I00,2030,0.0
REGION1,DELG00I00,2030,932.5825920000002
REGION1,GRLG00I00,2030,248.346
REGION1,ITLG00I00,2030,650.87006517
REGION1,LVLG00I00,2030,223.38
REGION1,LTLG00I00,2030,0.0
REGION1,MTLG00I00,2030,0.0
REGION1,NLLG00I00,2030,79.36559999999997
REGION1,PLLG00I00,2030,251.757144
REGION1,ESLG00I00,2030,0.0
REGION1,UKLG00I00,2030,0.0
REGION1,PTLG00I00,2030,0.0
REGION1,BENUG2PN1,2030,0.0
REGION1,BGNUG2PN1,2030,0.0
REGION1,CZNUG2PN1,2030,0.0
REGION1,DENUG2PN1,2030,0.0
REGION1,ESNUG2PN1,2030,0.0
REGION1,FINUG2PN1,2030,0.0
REGION1,FRNUG2PN1,2030,0.0
REGION1,HUNUG2PN1,2030,0.0
REGION1,NLNUG2PN1,2030,0.0
REGION1,RONUG2PN1,2030,0.0
REGION1,SENUG2PN1,2030,0.0
REGION1,SINUG2PN1,2030,0.0
REGION1,SKNUG2PN1,2030,0.0
REGION1,CHNUG2PN1,2030,0.0
REGION1,UKNUG2PN1,2030,0.0
REGION1,ATHYDSPN1,2030,0.0
REGION1,BEHYDSPN1,2030,0.0
REGION1,BGHYDSPN1,2030,1.664
REGION1,CZHYDSPN1,2030,0.0
REGION1,DEHYDSPN1,2030,0.3
REGION1,GRHYDSPN1,2030,0.0
REGION1,ESHYDSPN1,2030,2.728
REGION1,FRHYDSPN1,2030,0.0
REGION1,HRHYDSPN1,2030,0.0
REGION1,IEHYDSPN1,2030,0.36
REGION1,ITHYDSPN1,2030,0.0
REGION1,LTHYDSPN1,2030,0.0
REGION1,LUHYDSPN1,2030,0.0
REGION1,PLHYDSPN1,2030,0.0
REGION1,PTHYDSPN1,2030,0.0
REGION1,ROHYDSPN1,2030,0.0
REGION1,SEHYDSPN1,2030,0.0
REGION1,SIHYDSPN1,2030,0.73
REGION1,SKHYDSPN1,2030,0.44
REGION1,CHHYDSPN1,2030,0.0
REGION1,UKHYDSPN1,2030,0.0
REGION1,ATHYDMPN1,2030,0.0
REGION1,ATHYDRPN1,2030,0.0
REGION1,BEHYDMPN1,2030,0.0
REGION1,BEHYDRPN1,2030,0.0
REGION1,BGHYDMPN1,2030,0.0
REGION1,BGHYDRPN1,2030,0.0
REGION1,CZHYDRPN1,2030,0.0
REGION1,CZHYDMPN1,2030,0.0
REGION1,DEHYDMPN1,2030,0.0
REGION1,DEHYDRPN1,2030,0.0
REGION1,DKHYDRPN1,2030,0.0
REGION1,DKHYDMPN1,2030,0.0
REGION1,EEHYDRPN1,2030,0.0
REGION1,GRHYDMPN1,2030,0.0
REGION1,GRHYDRPN1,2030,0.0
REGION1,ESHYDMPN1,2030,0.0
REGION1,ESHYDRPN1,2030,0.0
REGION1,FIHYDMPN1,2030,0.0
REGION1,FIHYDRPN1,2030,0.0
REGION1,FRHYDMPN1,2030,0.0
REGION1,FRHYDRPN1,2030,0.0
REGION1,HRHYDMPN1,2030,0.0
REGION1,HRHYDRPN1,2030,0.0
REGION1,HUHYDMPN1,2030,0.0
REGION1,HUHYDRPN1,2030,0.0
REGION1,IEHYDMPN1,2030,0.0
REGION1,IEHYDRPN1,2030,0.0
REGION1,ITHYDMPN1,2030,0.0
REGION1,ITHYDRPN1,2030,0.0
REGION1,LTHYDRPN1,2030,0.0
REGION1,LUHYDRPN1,2030,0.0
REGION1,LVHYDMPN1,2030,0.0
REGION1,LVHYDRPN1,2030,0.0
REGION1,NLHYDRPN1,2030,0.0
REGION1,PLHYDMPN1,2030,0.0
REGION1,PLHYDRPN1,2030,0.0
REGION1,PTHYDMPN1,2030,0.0
REGION1,PTHYDRPN1,2030,0.0
REGION1,ROHYDMPN1,2030,0.0
REGION1,ROHYDRPN1,2030,0.0
REGION1,SEHYDMPN1,2030,0.0
REGION1,SEHYDRPN1,2030,0.048
REGION1,SIHYDMPN1,2030,0.0
REGION1,SIHYDRPN1,2030,0.0
REGION1,SKHYDMPN1,2030,0.0
REGION1,SKHYDRPN1,2030,0.0
REGION1,NOHYDRPN1,2030,0.0
REGION1,NOHYDMPN1,2030,0.0
REGION1,CHHYDRPN1,2030,0.0
REGION1,CHHYDMPN1,2030,0.0
REGION1,UKHYDMPN1,2030,0.0
REGION1,UKHYDRPN1,2030,0.0
REGION1,EGLG00I00,2030,0.0
REGION1,GHLG00I00,2030,88.41689441300001
REGION1,MALG00I00,2030,0.0
REGION1,MZLG00I00,2030,0.0
REGION1,SNLG00I00,2030,130.024844725
REGION1,ZALG00I00,2030,0.0
REGION1,DZLG00E00,2030,0.0
REGION1,NGLG00E00,2030,416.07950312
REGION1,EGLG00E00,2030,0.0
REGION1,AOLG00E00,2030,0.0
REGION1,GQLG00E00,2030,0.0
REGION1,MZLG00E00,2030,0.0
REGION1,CGLG00E00,2030,124.823850936
REGION1,GALG00E00,2030,0.0
REGION1,MRLG00E00,2030,131.0650434828
REGION1,SNLG00E00,2030,0.0
REGION1,TZLG00E00,2030,0.0
REGION1,BFHYDMSN1,2030,0.0
REGION1,BIHYDMSN1,2030,0.0
REGION1,CMHYDMSN1,2030,0.0
REGION1,CDHYDMSN1,2030,0.328
REGION1,ETHYDMSN1,2030,0.0
REGION1,KEHYDMSN1,2030,0.0
REGION1,MLHYDMSN1,2030,0.0
REGION1,NGHYDMSN1,2030,0.0
REGION1,UGHYDMSN1,2030,0.0
REGION1,ZMHYDMSN1,2030,0.106
REGION1,DZHYDMSN1,2030,0.0
REGION1,EGHYDMSN1,2030,0.0
REGION1,MAHYDMSN1,2030,0.0
REGION1,SDHYDMSN1,2030,0.0
REGION1,TNHYDMSN1,2030,0.0
REGION1,AOHYDMSN1,2030,0.0
REGION1,BJHYDMSN1,2030,0.0
REGION1,CFHYDMSN1,2030,0.0
REGION1,CGHYDMSN1,2030,0.7
REGION1,CIHYDMSN1,2030,0.0
REGION1,GQHYDMSN1,2030,0.0
REGION1,SZHYDMSN1,2030,0.0
REGION1,GAHYDMSN1,2030,0.0
REGION1,GHHYDMSN1,2030,0.0
REGION1,GNHYDMSN1,2030,0.0
REGION1,LSHYDMSN1,2030,0.0
REGION1,LRHYDMSN1,2030,0.0
REGION1,MWHYDMSN1,2030,0.358
REGION1,MZHYDMSN1,2030,0.0
REGION1,NAHYDMSN1,2030,0.0
REGION1,RWHYDMSN1,2030,0.0
REGION1,SNHYDMSN1,2030,0.0
REGION1,SLHYDMSN1,2030,0.0
REGION1,ZAHYDMSN1,2030,0.0
REGION1,TGHYDMSN1,2030,0.0
REGION1,TZHYDMSN1,2030,0.0
REGION1,ZWHYDMSN1,2030,0.0
REGION1,MAHYDSPN1,2030,0.0
REGION1,ZAHYDSPN1,2030,0.0
REGION1,KEBATTN1,2030,0.0
REGION1,ETBMCHPN1,2030,0.0
REGION1,KEBMCHPN1,2030,0.0
REGION1,ZABMCHPN1,2030,0.0
REGION1,BWCOSCPN1,2030,0.0
REGION1,ZACOSCPN1,2030,0.0
REGION1,ETGOCVPN1,2030,0.0
REGION1,KEGOCVPN1,2030,0.0
REGION1,RWNGGCPN1,2030,0.0
REGION1,DZNGCCPN1,2030,0.0
REGION1,MANGCCPN1,2030,0.0
REGION1,TNNGCCPN1,2030,0.0
REGION1,UGNGCCPN1,2030,0.0
REGION1,MZNGGCPN1,2030,0.0
REGION1,NGNGGCPN1,2030,0.0
REGION1,AOSOU1PN1,2030,0.0
REGION1,GASOU1PN1,2030,0.0
REGION1,DZSOU1PN1,2030,1.0
REGION1,MASOU1PN1,2030,0.0
REGION1,TNSOU1PN1,2030,0.05
REGION1,ETSOU1PN1,2030,0.0
REGION1,KESOU1PN1,2030,0.0
REGION1,TZSOU1PN1,2030,0.0
REGION1,BWSOU1PN1,2030,0.0
REGION1,ZASOU1PN1,2030,0.0
REGION1,MAWINDPN1,2030,0.0
REGION1,TNWINDPN1,2030,0.0
REGION1,ETWINDPN1,2030,0.0
REGION1,KEWINDPN1,2030,0.0
REGION1,ZAWINDPN1,2030,0.0
REGION1,CICOSCPN1,2030,0.0
REGION1,EGNULWPN1,2030,1.2
REGION1,SSHYDMSN1,2030,0.0
REGION1,MABATTN1,2030,0.09
REGION1,CGSOU1PN1,2030,0.0
REGION1,DJSOU1PN1,2030,0.0
REGION1,DZWINDPN1,2030,0.0
REGION1,ERSOU1PN1,2030,0.0
REGION1,ERWINDPN1,2030,0.0
REGION1,GHWINDPN1,2030,0.0
REGION1,GQSOU1PN1,2030,0.0
REGION1,GWSOU1PN1,2030,0.0
REGION1,LRSOU1PN1,2030,0.0
REGION1,RWSOU1PN1,2030,0.0
REGION1,SLSOU1PN1,2030,0.0
REGION1,SSSOU1PN1,2030,0.0
REGION1,SZNGCCPN1,2030,0.0
REGION1,SZWINDPN1,2030,0.0
REGION1,TDWINDPN1,2030,0.0
REGION1,TGWINDPN1,2030,0.0
REGION1,TZWINDPN1,2030,0.0
REGION1,ZMSOU1PN1,2030,0.0
REGION1,DZNGCCPH1,2030,0.0
REGION1,DZNGGCPH1,2030,0.0
REGION1,DZSOU1PH1,2030,0.0
REGION1,EGBMCHPH1,2030,0.0
REGION1,EGSOU1PH1,2030,0.0
REGION1,EGWINDPH1,2030,0.0
REGION1,LYNGCCPH1,2030,0.0
REGION1,LYNGGCPH1,2030,0.0
REGION1,LYLFRCPH1,2030,0.0
REGION1,LYHFGCPH1,2030,0.0
REGION1,LYSOU1PH1,2030,0.0
REGION1,MASOU1PH1,2030,0.0
REGION1,MAWINDPH1,2030,0.0
REGION1,SDSOU1PH1,2030,0.0
REGION1,TNNGCCPH1,2030,0.0
REGION1,TNNGGCPH1,2030,0.0
REGION1,TNSOU1PH1,2030,0.0
REGION1,AOSOU1PH1,2030,0.0
REGION1,BJSOU1PH1,2030,0.0
REGION1,BFLFRCPH1,2030,0.0
REGION1,BFHFGCPH1,2030,0.0
REGION1,BFHYDMSH1,2030,0.0
REGION1,BFSOU1PH1,2030,0.0
REGION1,BIHYDMSH1,2030,0.0
REGION1,CMHYDMSH1,2030,0.0
REGION1,CMSOU1PH1,2030,0.0
REGION1,CFSOU1PH1,2030,0.0
REGION1,CINGCCPH1,2030,0.0
REGION1,CINGGCPH1,2030,0.0
REGION1,CISOU1PH1,2030,0.0
REGION1,CDLFRCPH1,2030,0.0
REGION1,CDHFGCPH1,2030,0.0
REGION1,CDHYDMSH1,2030,0.0
REGION1,CDSOU1PH1,2030,0.0
REGION1,DJWINDPH1,2030,0.0
REGION1,ETBMCHPH1,2030,0.0
REGION1,ETHYDMSH1,2030,0.0
REGION1,ETWINDPH1,2030,0.0
REGION1,GHNGCCPH1,2030,0.0
REGION1,GHNGGCPH1,2030,0.0
REGION1,GHSOU1PH1,2030,0.0
REGION1,KEGOCVPH1,2030,0.0
REGION1,KEHYDMSH1,2030,0.0
REGION1,KESOU1PH1,2030,0.0
REGION1,LSSOU1PH1,2030,0.0
REGION1,MWSOU1PH1,2030,0.0
REGION1,MLHYDMSH1,2030,0.0
REGION1,MLSOU1PH1,2030,0.0
REGION1,MRSOU1PH1,2030,0.0
REGION1,MRWINDPH1,2030,0.0
REGION1,MZLFRCPH1,2030,0.0
REGION1,MZHFGCPH1,2030,0.0
REGION1,MZSOU1PH1,2030,0.0
REGION1,NASOU1PH1,2030,0.0
REGION1,NELFRCPH1,2030,0.0
REGION1,NEHFGCPH1,2030,0.0
REGION1,NESOU1PH1,2030,0.0
REGION1,NGNGCCPH1,2030,0.0
REGION1,NGNGGCPH1,2030,0.0
REGION1,NGLFRCPH1,2030,0.0
REGION1,NGHFGCPH1,2030,0.0
REGION1,NGHYDMSH1,2030,0.0
REGION1,NGSOU1PH1,2030,0.0
REGION1,RWCOSCPH1,2030,0.0
REGION1,SNNGCCPH1,2030,0.0
REGION1,SNLFRCPH1,2030,0.0
REGION1,SNHFGCPH1,2030,0.0
REGION1,SNSOU1PH1,2030,0.0
REGION1,ZANULWPH1,2030,0.0
REGION1,ZASOU1PH1,2030,0.0
REGION1,SSWINDPH1,2030,0.0
REGION1,TGSOU1PH1,2030,0.0
REGION1,UGHYDMSH1,2030,0.0
REGION1,TZSOU1PH1,2030,0.0
REGION1,ZMHYDMSH1,2030,0.0
REGION1,ZWSOU1PH1,2030,0.0
REGION1,ZWCOSCPH1,2030,0.0
REGION1,DZLFRCPH1,2030,0.0
REGION1,DZHFGCPH1,2030,0.0
REGION1,DZHYDMSH1,2030,0.0
REGION1,DZSOC1PH1,2030,0.0
REGION1,EGNGCCPH1,2030,0.0
REGION1,EGNGGCPH1,2030,0.0
REGION1,EGLFRCPH1,2030,0.0
REGION1,EGHFGCPH1,2030,0.0
REGION1,EGHYDMSH1,2030,0.0
REGION1,EGSOC1PH1,2030,0.0
REGION1,MACOSCPH1,2030,0.0
REGION1,MALFRCPH1,2030,0.0
REGION1,MAHFGCPH1,2030,0.0
REGION1,MANGCCPH1,2030,0.0
REGION1,MANGGCPH1,2030,0.0
REGION1,MABMCHPH1,2030,0.0
REGION1,MAHYDMSH1,2030,0.0
REGION1,MASOC1PH1,2030,0.0
REGION1,SDLFRCPH1,2030,0.0
REGION1,SDHFGCPH1,2030,0.0
REGION1,SDBMCHPH1,2030,0.0
REGION1,SDHYDMSH1,2030,0.0
REGION1,TNLFRCPH1,2030,0.0
REGION1,TNHFGCPH1,2030,0.0
REGION1,TNHYDMSH1,2030,0.0
REGION1,TNWINDPH1,2030,0.0
REGION1,AONGGCPH1,2030,0.0
REGION1,AOLFRCPH1,2030,0.0
REGION1,AOHFGCPH1,2030,0.0
REGION1,AOBMCHPH1,2030,0.0
REGION1,AOHYDMSH1,2030,0.0
REGION1,BJNGGCPH1,2030,0.0
REGION1,BJLFRCPH1,2030,0.0
REGION1,BJHFGCPH1,2030,0.0
REGION1,BJHYDMSH1,2030,0.0
REGION1,BWCOSCPH1,2030,0.0
REGION1,BWLFRCPH1,2030,0.0
REGION1,BWSOU1PH1,2030,0.0
REGION1,BFBMCHPH1,2030,0.0
REGION1,BILFRCPH1,2030,0.0
REGION1,BISOU1PH1,2030,0.0
REGION1,CMNGGCPH1,2030,0.0
REGION1,CMLFRCPH1,2030,0.0
REGION1,CMHFGCPH1,2030,0.0
REGION1,CFLFRCPH1,2030,0.0
REGION1,CFHYDMSH1,2030,0.0
REGION1,TDNGCCPH1,2030,0.0
REGION1,TDLFRCPH1,2030,0.0
REGION1,TDHFGCPH1,2030,0.0
REGION1,TDBMCHPH1,2030,0.0
REGION1,TDSOU1PH1,2030,0.0
REGION1,CGNGGCPH1,2030,0.0
REGION1,CGLFRCPH1,2030,0.0
REGION1,CGHFGCPH1,2030,0.0
REGION1,CGBMCHPH1,2030,0.0
REGION1,CGHYDMSH1,2030,0.0
REGION1,CILFRCPH1,2030,0.0
REGION1,CIHFGCPH1,2030,0.0
REGION1,CIHYDMSH1,2030,0.0
REGION1,DJLFRCPH1,2030,0.0
REGION1,DJHFGCPH1,2030,0.0
REGION1,GWNGCCPH1,2030,0.0
REGION1,GQNGGCPH1,2030,0.0
REGION1,GQLFRCPH1,2030,0.0
REGION1,GQHFGCPH1,2030,0.0
REGION1,GQHYDMSH1,2030,0.0
REGION1,ERLFRCPH1,2030,0.0
REGION1,ERHFGCPH1,2030,0.0
REGION1,SZLFRCPH1,2030,0.0
REGION1,SZHFGCPH1,2030,0.0
REGION1,SZBMCHPH1,2030,0.0
REGION1,SZHYDMSH1,2030,0.0
REGION1,SZSOU1PH1,2030,0.0
REGION1,ETLFRCPH1,2030,0.0
REGION1,ETGOCVPH1,2030,0.0
REGION1,GANGGCPH1,2030,0.0
REGION1,GALFRCPH1,2030,0.0
REGION1,GAHFGCPH1,2030,0.0
REGION1,GAHYDMSH1,2030,0.0
REGION1,GMLFRCPH1,2030,0.0
REGION1,GMHFGCPH1,2030,0.0
REGION1,GMWINDPH1,2030,0.0
REGION1,GMSOU1PH1,2030,0.0
REGION1,GHLFRCPH1,2030,0.0
REGION1,GHHFGCPH1,2030,0.0
REGION1,GHBMCHPH1,2030,0.0
REGION1,GHHYDMSH1,2030,0.0
REGION1,GNLFRCPH1,2030,0.0
REGION1,GNHFGCPH1,2030,0.0
REGION1,GNHYDMSH1,2030,0.0
REGION1,GNSOU1PH1,2030,0.0
REGION1,GWLFRCPH1,2030,0.0
REGION1,KELFRCPH1,2030,0.0
REGION1,KEHFGCPH1,2030,0.0
REGION1,KEBMCHPH1,2030,0.0
REGION1,KEWINDPH1,2030,0.0
REGION1,LSHYDMSH1,2030,0.0
REGION1,LRLFRCPH1,2030,0.0
REGION1,LRHFGCPH1,2030,0.0
REGION1,LRHYDMSH1,2030,0.0
REGION1,MWLFRCPH1,2030,0.0
REGION1,MWBMCHPH1,2030,0.0
REGION1,MWHYDMSH1,2030,0.0
REGION1,MLLFRCPH1,2030,0.0
REGION1,MLHFGCPH1,2030,0.0
REGION1,MLBMCHPH1,2030,0.0
REGION1,MRNGCCPH1,2030,0.0
REGION1,MRLFRCPH1,2030,0.0
REGION1,MRHFGCPH1,2030,0.0
REGION1,MZNGGCPH1,2030,0.0
REGION1,MZBMCHPH1,2030,0.0
REGION1,MZHYDMSH1,2030,0.0
REGION1,NACOSCPH1,2030,0.0
REGION1,NALFRCPH1,2030,0.0
REGION1,NAHFGCPH1,2030,0.0
REGION1,NABMCHPH1,2030,0.0
REGION1,NAHYDMSH1,2030,0.0
REGION1,NAWINDPH1,2030,0.0
REGION1,NECOSCPH1,2030,0.0
REGION1,NENGCCPH1,2030,0.0
REGION1,NGBMCHPH1,2030,0.0
REGION1,RWWINDPH1,2030,0.0
REGION1,RWNGGCPH1,2030,0.0
REGION1,RWLFRCPH1,2030,0.0
REGION1,RWHFGCPH1,2030,0.0
REGION1,RWBMCHPH1,2030,0.0
REGION1,RWHYDMSH1,2030,0.0
REGION1,SNHYDMSH1,2030,0.0
REGION1,SNCOSCPH1,2030,0.0
REGION1,SNBMCHPH1,2030,0.0
REGION1,SLWINDPH1,2030,0.0
REGION1,SLLFRCPH1,2030,0.0
REGION1,SLHFGCPH1,2030,0.0
REGION1,SLBMCHPH1,2030,0.0
REGION1,SLHYDMSH1,2030,0.0
REGION1,ZACOSCPH1,2030,0.0
REGION1,ZALFRCPH1,2030,0.0
REGION1,ZAHFGCPH1,2030,0.0
REGION1,ZABMCHPH1,2030,0.0
REGION1,ZAHYDMSH1,2030,0.0
REGION1,ZASOC1PH1,2030,0.0
REGION1,SSLFRCPH1,2030,0.0
REGION1,SSHFGCPH1,2030,0.0
REGION1,TGNGCCPH1,2030,0.0
REGION1,TGLFRCPH1,2030,0.0
REGION1,TGHFGCPH1,2030,0.0
REGION1,TGHYDMSH1,2030,0.0
REGION1,UGSOU1PH1,2030,0.0
REGION1,UGLFRCPH1,2030,0.0
REGION1,UGHFGCPH1,2030,0.0
REGION1,UGBMCHPH1,2030,0.0
REGION1,TZNGGCPH1,2030,0.0
REGION1,TZLFRCPH1,2030,0.0
REGION1,TZHFGCPH1,2030,0.0
REGION1,TZBMCHPH1,2030,0.0
REGION1,TZHYDMSH1,2030,0.0
REGION1,ZMWINDPH1,2030,0.0
REGION1,ZMCOSCPH1,2030,0.0
REGION1,ZMLFRCPH1,2030,0.0
REGION1,ZMHFGCPH1,2030,0.0
REGION1,ZMBMCHPH1,2030,0.0
REGION1,ZWLFRCPH1,2030,0.0
REGION1,SNWINDPH1,2030,0.0
REGION1,ZWHYDMSH1,2030,0.0
REGION1,ZWBMCHPH1,2030,0.0
REGION1,SOLFRCPH1,2030,0.0
REGION1,SOSOU1PH1,2030,0.0
REGION1,SOWINDPH1,2030,0.0
REGION1,MAHYDSPH1,2030,0.0
REGION1,ZAHYDSPH1,2030,0.0
REGION1,ATELCZPH1,2030,0.0
REGION1,ATELDEPH1,2030,2.1
REGION1,ATELHUPH1,2030,0.0
REGION1,ATELITPH1,2030,0.0
REGION1,ATELSIPH1,2030,0.0
REGION1,ATELCHPH1,2030,0.0
REGION1,BEELFRPH1,2030,1.0
REGION1,BEELDEPH1,2030,0.0
REGION1,BEELLUPH1,2030,0.0
REGION1,BEELNLPH1,2030,0.0
REGION1,BEELUKPH1,2030,1.4
REGION1,BGELGRPH1,2030,0.0
REGION1,BGELROPH1,2030,0.0
REGION1,CZELDEPH1,2030,0.0
REGION1,CZELPLPH1,2030,0.0
REGION1,CZELSKPH1,2030,0.0
REGION1,HRELHUPH1,2030,0.0
REGION1,HRELSIPH1,2030,0.0
REGION1,DKELNLPH1,2030,0.0
REGION1,DKELNOPH1,2030,0.0
REGION1,DKELSEPH1,2030,0.0
REGION1,DKELUKPH1,2030,0.0
REGION1,EEELFIPH1,2030,0.0
REGION1,EEELLVPH1,2030,0.0
REGION1,FIELNOPH1,2030,0.0
REGION1,FIELSEPH1,2030,0.0
REGION1,FRELITPH1,2030,0.0
REGION1,FRELLUPH1,2030,0.0
REGION1,FRELUKPH1,2030,1.4
REGION1,DEELDKPH1,2030,0.0
REGION1,DEELFRPH1,2030,0.0
REGION1,DEELLUPH1,2030,0.0
REGION1,DEELNLPH1,2030,0.0
REGION1,DEELNOPH1,2030,0.0
REGION1,DEELPLPH1,2030,0.0
REGION1,DEELSEPH1,2030,0.0
REGION1,DEELUKPH1,2030,1.4
REGION1,HUELROPH1,2030,3.6
REGION1,HUELSKPH1,2030,0.0
REGION1,HUELSIPH1,2030,0.0
REGION1,IEELUKPH1,2030,0.0
REGION1,ITELMTPH1,2030,0.0
REGION1,ITELSIPH1,2030,0.0
REGION1,LTELLVPH1,2030,0.0
REGION1,LTELPLPH1,2030,0.0
REGION1,LTELSEPH1,2030,0.0
REGION1,NLELNOPH1,2030,0.0
REGION1,NLELUKPH1,2030,2.0
REGION1,NOELSEPH1,2030,0.0
REGION1,NOELUKPH1,2030,0.0
REGION1,PLELSKPH1,2030,0.0
REGION1,PLELSEPH1,2030,0.0
REGION1,ESELFRPH1,2030,0.0
REGION1,ESELPTPH1,2030,3.0
REGION1,CHELFRPH1,2030,0.0
REGION1,CHELDEPH1,2030,0.0
REGION1,CHELITPH1,2030,0.0
REGION1,GRELITPH1,2030,0.0
REGION1,BGELMKPH1,2030,0.0
REGION1,BGELRSPH1,2030,0.0
REGION1,BGELTRPH1,2030,0.0
REGION1,HRELBAPH1,2030,0.0
REGION1,HRELRSPH1,2030,0.0
REGION1,EEELRUPH1,2030,0.0
REGION1,GRELALPH1,2030,0.2
REGION1,GRELTRPH1,2030,0.0
REGION1,HUELRSPH1,2030,0.5
REGION1,HUELUAPH1,2030,0.0
REGION1,ITELMEPH1,2030,0.0
REGION1,LVELRUPH1,2030,0.0
REGION1,LTELBYPH1,2030,0.0
REGION1,LTELRUPH1,2030,0.0
REGION1,PLELUAPH1,2030,0.0
REGION1,ROELMDPH1,2030,0.3
REGION1,ROELRSPH1,2030,0.0
REGION1,ROELUAPH1,2030,0.0
REGION1,SKELUAPH1,2030,0.0
REGION1,GRELMKPH1,2030,0.0
REGION1,ESELMAPH1,2030,0.0
REGION1,CYELILPH1,2030,0.0
REGION1,SEELLVPH1,2030,0.0
REGION1,BEELDKPH1,2030,0.0
REGION1,ITELTNPH1,2030,2.0
REGION1,GRELEGPH1,2030,0.6
REGION1,ITELDZPH1,2030,2.0
REGION1,MTELTNPH1,2030,0.0
REGION1,ROELGEPH1,2030,0.0
REGION1,ESELITPH1,2030,0.0
REGION1,DEELLVPH1,2030,0.0
REGION1,GRELDEPH1,2030,0.0
REGION1,ITELSAPH1,2030,0.0
REGION1,UKELMAPH1,2030,0.0
REGION1,DEELMAPH1,2030,0.0
REGION1,BIELRWPH1,2030,0.0
REGION1,BWELZAPH1,2030,0.0
REGION1,CDELBIPH1,2030,0.0
REGION1,CDELCGPH1,2030,0.0
REGION1,CDELRWPH1,2030,0.0
REGION1,CDELZMPH1,2030,0.0
REGION1,CIELBFPH1,2030,0.0
REGION1,EGELJOPH1,2030,0.0
REGION1,EGELSDPH1,2030,6.0
REGION1,ETELDJPH1,2030,0.0
REGION1,ETELSDPH1,2030,0.0
REGION1,GHELCIPH1,2030,0.0
REGION1,GHELTGPH1,2030,0.0
REGION1,KEELTZPH1,2030,1.92
REGION1,LSELZAPH1,2030,0.0
REGION1,LYELEGPH1,2030,0.0
REGION1,MAELDZPH1,2030,0.0
REGION1,MZELSZPH1,2030,0.0
REGION1,MZELZAPH1,2030,0.0
REGION1,MZELZWPH1,2030,0.0
REGION1,NGELBJPH1,2030,0.0
REGION1,NGELNEPH1,2030,0.0
REGION1,NAELZAPH1,2030,0.0
REGION1,RWELBIPH1,2030,0.0
REGION1,SNELMLPH1,2030,0.0
REGION1,TGELBJPH1,2030,0.0
REGION1,TNELDZPH1,2030,0.0
REGION1,TZELUGPH1,2030,0.0
REGION1,UGELKEPH1,2030,0.0
REGION1,UGELRWPH1,2030,0.0
REGION1,UGELTZPH1,2030,0.0
REGION1,ZAELSZPH1,2030,0.0
REGION1,ZAELZWPH1,2030,0.0
REGION1,ZMELZWPH1,2030,0.0
REGION1,AOELBWPH1,2030,1.5
REGION1,AOELCDPH1,2030,2.1
REGION1,AOELNAPH1,2030,1.9
REGION1,BFELMLPH1,2030,0.306
REGION1,BWELNAPH1,2030,2.1
REGION1,CDELNAPH1,2030,3.0
REGION1,CDELZAPH1,2030,3.0
REGION1,CGELGAPH1,2030,0.6
REGION1,CMELTDPH1,2030,0.125
REGION1,ETELKEPH1,2030,2.0
REGION1,GAELGQPH1,2030,0.6
REGION1,GHELBFPH1,2030,0.332
REGION1,GMELGWPH1,2030,0.329
REGION1,GQELCMPH1,2030,0.6
REGION1,GWELGNPH1,2030,0.31
REGION1,LRELGNPH1,2030,0.338
REGION1,LRELSLPH1,2030,0.303
REGION1,MLELCIPH1,2030,0.32
REGION1,MWELMZPH1,2030,0.9
REGION1,MWELZMPH1,2030,0.2
REGION1,NAELZWPH1,2030,2.1
REGION1,NEELBFPH1,2030,0.638
REGION1,NEELBJPH1,2030,0.65
REGION1,NEELTGPH1,2030,0.65
REGION1,SLELGNPH1,2030,0.334
REGION1,SNELGMPH1,2030,0.341
REGION1,SNELGNPH1,2030,0.286
REGION1,TGELGHPH1,2030,0.655
REGION1,TZELZMPH1,2030,0.4
REGION1,CIELLRPH1,2030,0.338
REGION1,GNELMLPH1,2030,0.321
REGION1,AOELZMPH1,2030,0.0
REGION1,BFELBJPH1,2030,0.0
REGION1,BFELTGPH1,2030,0.0
REGION1,BIELTZPH1,2030,0.0
REGION1,BJELGHPH1,2030,0.0
REGION1,BWELZMPH1,2030,0.0
REGION1,CDELCFPH1,2030,0.0
REGION1,CDELSDPH1,2030,0.0
REGION1,CDELTZPH1,2030,0.0
REGION1,CDELUGPH1,2030,0.0
REGION1,CFELCGPH1,2030,0.0
REGION1,CFELCMPH1,2030,0.0
REGION1,CFELSDPH1,2030,0.0
REGION1,CFELTDPH1,2030,0.0
REGION1,CGELCMPH1,2030,0.0
REGION1,CIELGNPH1,2030,0.0
REGION1,CMELGAPH1,2030,0.0
REGION1,CMELNGPH1,2030,0.0
REGION1,DJELERPH1,2030,0.0
REGION1,DJELSOPH1,2030,0.0
REGION1,DZELLYPH1,2030,0.0
REGION1,DZELMLPH1,2030,0.0
REGION1,DZELMRPH1,2030,0.0
REGION1,DZELNEPH1,2030,0.0
REGION1,ETELERPH1,2030,0.0
REGION1,ETELSOPH1,2030,0.0
REGION1,GWELSNPH1,2030,0.0
REGION1,KEELSDPH1,2030,0.0
REGION1,KEELSOPH1,2030,0.0
REGION1,LYELNEPH1,2030,0.0
REGION1,LYELSDPH1,2030,0.0
REGION1,LYELTDPH1,2030,0.0
REGION1,LYELTNPH1,2030,0.0
REGION1,MLELMRPH1,2030,0.0
REGION1,MLELNEPH1,2030,0.0
REGION1,MRELSNPH1,2030,0.0
REGION1,MWELTZPH1,2030,0.0
REGION1,MZELTZPH1,2030,0.0
REGION1,MZELZMPH1,2030,0.0
REGION1,NEELTDPH1,2030,0.0
REGION1,NGELTDPH1,2030,0.0
REGION1,RWELTZPH1,2030,0.0
REGION1,SDELERPH1,2030,0.0
REGION1,SDELTDPH1,2030,0.0
REGION1,SDELUGPH1,2030,0.0
REGION1,CYELGRPH1,2030,1.0
REGION1,ALNGGRPI0,2030,0.0
REGION1,ALNGITPI0,2030,649.54962
REGION1,ATNGDEPI0,2030,1152.204552
REGION1,ATNGHUPI0,2030,201.14712
REGION1,ATNGITPI0,2030,1545.40854
REGION1,ATNGSIPI0,2030,218.781
REGION1,ATNGSKPI0,2030,2245.2318
REGION1,BENGDEPI0,2030,842.316048
REGION1,BENGFRPI0,2030,696.42
REGION1,BENGUKPI0,2030,1055.6676
REGION1,BENGNLPI0,2030,932.9182612
REGION1,BGNGGRPI0,2030,545.65164
REGION1,BGNGROPI0,2030,403.179876
REGION1,BYNGLTPI0,2030,427.5756
REGION1,CYNGEGPI0,2030,0.0
REGION1,CYNGGRPI0,2030,433.62
REGION1,CZNGDEPI0,2030,1618.75602
REGION1,CZNGPLPI0,2030,77.56542
REGION1,CZNGSKPI0,2030,1963.87812
REGION1,DENGCHPI0,2030,522.4831394
REGION1,DENGFRPI0,2030,407.34
REGION1,DENGNLPI0,2030,2357.072928
REGION1,DENGPLPI0,2030,404.62002
REGION1,DKNGDEPI0,2030,162.505008
REGION1,DKNGPLPI0,2030,422.5824
REGION1,DKNGSEPI0,2030,0.0
REGION1,DZNGESPI0,2030,442.97568
REGION1,DZNGITPI0,2030,1516.97358
REGION1,EENGFIPI0,2030,102.492
REGION1,EENGLVPI0,2030,137.97
REGION1,FRNGCHPI0,2030,340.35228
REGION1,FRNGESPI0,2030,294.8616
REGION1,GRNGITPI0,2030,420.48
REGION1,HRNGHUPI0,2030,135.2106
REGION1,HRNGSIPI0,2030,101.92698
REGION1,HUNGROPI0,2030,101.78244
REGION1,HUNGSKPI0,2030,169.46658
REGION1,IENGUKPI0,2030,536.0463
REGION1,ITNGCHPI0,2030,841.59072
REGION1,ITNGMTPI0,2030,0.0
REGION1,ITNGSIPI0,2030,62.83548
REGION1,LTNGPLPI0,2030,96.34248
REGION1,LVNGLTPI0,2030,118.26
REGION1,LYNGITPI0,2030,648.77436
REGION1,MANGESPI0,2030,581.9049
REGION1,MDNGROPI0,2030,28.3824
REGION1,NLNGUKPI0,2030,649.6416
REGION1,NONGBEPI0,2030,641.232
REGION1,NONGDEPI0,2030,1617.433926
REGION1,NONGDKPI0,2030,422.5824
REGION1,NONGFRPI0,2030,755.55
REGION1,NONGUKPI0,2030,1969.8174
REGION1,NONGNLPI0,2030,1266.1704
REGION1,PLNGSKPI0,2030,228.55716
REGION1,PTNGESPI0,2030,189.216
REGION1,RSNGBGPI0,2030,513.921168
REGION1,RSNGHUPI0,2030,322.92864
REGION1,RSNGROPI0,2030,60.79878
REGION1,RUNGEEPI0,2030,35.2152
REGION1,RUNGFIPI0,2030,0.0
REGION1,RUNGLVPI0,2030,137.97
REGION1,TRNGBGPI0,2030,767.515284
REGION1,TRNGGRPI0,2030,768.69
REGION1,UANGHUPI0,2030,679.95558
REGION1,UANGPLPI0,2030,178.1784
REGION1,UANGROPI0,2030,265.27032
REGION1,UANGSKPI0,2030,2432.68704
REGION1,BENGLUPI0,2030,0.0
REGION1,NGNGDZPI0,2030,0.0
REGION1,MZNGZAPI0,2030,0.0
REGION1,NGNGLYPI0,2030,0.0
REGION1,ETNGDJPI0,2030,0.0
REGION1,NGNGGQPI0,2030,0.0
REGION1,TZNGKEPI0,2030,0.0
REGION1,NGNGMAPI0,2030,0.0
REGION1,NGNGBJPI0,2030,0.0
REGION1,NGNGGHPI0,2030,0.0
REGION1,NGNGNEPI0,2030,0.0
REGION1,NGNGTGPI0,2030,0.0
REGION1,NGNGTNPI0,2030,0.0
REGION1,DZNGMAPI0,2030,0.0
REGION1,BELG00I00,2031,0.0
REGION1,HRLG00I00,2031,0.0
REGION1,CYLG00I00,2031,0.0
REGION1,FRLG00I00,2031,0.0
REGION1,FILG00I00,2031,0.0
REGION1,DELG00I00,2031,0.0
REGION1,GRLG00I00,2031,0.0
REGION1,ITLG00I00,2031,0.0
REGION1,LVLG00I00,2031,0.0
REGION1,LTLG00I00,2031,0.0
REGION1,MTLG00I00,2031,0.0
REGION1,NLLG00I00,2031,0.0
REGION1,PLLG00I00,2031,0.0
REGION1,ESLG00I00,2031,0.0
REGION1,UKLG00I00,2031,0.0
REGION1,PTLG00I00,2031,0.0
REGION1,BENUG2PN1,2031,0.0
REGION1,BGNUG2PN1,2031,0.0
REGION1,CZNUG2PN1,2031,0.0
REGION1,DENUG2PN1,2031,0.0
REGION1,ESNUG2PN1,2031,0.0
REGION1,FINUG2PN1,2031,0.0
REGION1,FRNUG2PN1,2031,0.0
REGION1,HUNUG2PN1,2031,0.0
REGION1,NLNUG2PN1,2031,0.0
REGION1,RONUG2PN1,2031,0.0
REGION1,SENUG2PN1,2031,0.0
REGION1,SINUG2PN1,2031,0.0
REGION1,SKNUG2PN1,2031,0.0
REGION1,CHNUG2PN1,2031,0.0
REGION1,UKNUG2PN1,2031,3.44
REGION1,ATHYDSPN1,2031,0.0
REGION1,BEHYDSPN1,2031,0.0
REGION1,BGHYDSPN1,2031,0.0
REGION1,CZHYDSPN1,2031,0.0
REGION1,DEHYDSPN1,2031,0.0
REGION1,GRHYDSPN1,2031,0.995
REGION1,ESHYDSPN1,2031,0.0
REGION1,FRHYDSPN1,2031,0.0
REGION1,HRHYDSPN1,2031,0.0
REGION1,IEHYDSPN1,2031,0.0
REGION1,ITHYDSPN1,2031,0.34
REGION1,LTHYDSPN1,2031,0.0
REGION1,LUHYDSPN1,2031,0.0
REGION1,PLHYDSPN1,2031,0.0
REGION1,PTHYDSPN1,2031,0.0
REGION1,ROHYDSPN1,2031,0.0
REGION1,SEHYDSPN1,2031,0.0
REGION1,SIHYDSPN1,2031,0.0
REGION1,SKHYDSPN1,2031,0.0
REGION1,CHHYDSPN1,2031,0.0
REGION1,UKHYDSPN1,2031,0.0
REGION1,ATHYDMPN1,2031,0.0
REGION1,ATHYDRPN1,2031,0.0
REGION1,BEHYDMPN1,2031,0.0
REGION1,BEHYDRPN1,2031,0.0
REGION1,BGHYDMPN1,2031,0.0
REGION1,BGHYDRPN1,2031,0.0
REGION1,CZHYDRPN1,2031,0.0
REGION1,CZHYDMPN1,2031,0.0
REGION1,DEHYDMPN1,2031,0.0
REGION1,DEHYDRPN1,2031,0.0
REGION1,DKHYDRPN1,2031,0.0
REGION1,DKHYDMPN1,2031,0.0
REGION1,EEHYDRPN1,2031,0.0
REGION1,GRHYDMPN1,2031,0.162
REGION1,GRHYDRPN1,2031,0.0
REGION1,ESHYDMPN1,2031,0.0
REGION1,ESHYDRPN1,2031,0.0
REGION1,FIHYDMPN1,2031,0.0
REGION1,FIHYDRPN1,2031,0.0
REGION1,FRHYDMPN1,2031,0.0
REGION1,FRHYDRPN1,2031,0.0
REGION1,HRHYDMPN1,2031,0.0
REGION1,HRHYDRPN1,2031,0.0
REGION1,HUHYDMPN1,2031,0.0
REGION1,HUHYDRPN1,2031,0.0
REGION1,IEHYDMPN1,2031,0.0
REGION1,IEHYDRPN1,2031,0.0
REGION1,ITHYDMPN1,2031,0.0
REGION1,ITHYDRPN1,2031,0.0
REGION1,LTHYDRPN1,2031,0.0
REGION1,LUHYDRPN1,2031,0.0
REGION1,LVHYDMPN1,2031,0.0
REGION1,LVHYDRPN1,2031,0.0
REGION1,NLHYDRPN1,2031,0.0
REGION1,PLHYDMPN1,2031,0.0
REGION1,PLHYDRPN1,2031,0.0
REGION1,PTHYDMPN1,2031,0.0
REGION1,PTHYDRPN1,2031,0.0
REGION1,ROHYDMPN1,2031,0.0
REGION1,ROHYDRPN1,2031,0.0
REGION1,SEHYDMPN1,2031,0.08
REGION1,SEHYDRPN1,2031,0.0
REGION1,SIHYDMPN1,2031,0.0
REGION1,SIHYDRPN1,2031,0.0
REGION1,SKHYDMPN1,2031,0.0
REGION1,SKHYDRPN1,2031,0.0
REGION1,NOHYDRPN1,2031,0.0
REGION1,NOHYDMPN1,2031,0.0
REGION1,CHHYDRPN1,2031,0.0
REGION1,CHHYDMPN1,2031,0.0
REGION1,UKHYDMPN1,2031,0.0
REGION1,UKHYDRPN1,2031,0.0
REGION1,EGLG00I00,2031,0.0
REGION1,GHLG00I00,2031,0.0
REGION1,MALG00I00,2031,0.0
REGION1,MZLG00I00,2031,0.0
REGION1,SNLG00I00,2031,0.0
REGION1,ZALG00I00,2031,0.0
REGION1,DZLG00E00,2031,0.0
REGION1,NGLG00E00,2031,0.0
REGION1,EGLG00E00,2031,0.0
REGION1,AOLG00E00,2031,0.0
REGION1,GQLG00E00,2031,0.0
REGION1,MZLG00E00,2031,0.0
REGION1,CGLG00E00,2031,0.0
REGION1,GALG00E00,2031,0.0
REGION1,MRLG00E00,2031,0.0
REGION1,SNLG00E00,2031,0.0
REGION1,TZLG00E00,2031,0.0
REGION1,BFHYDMSN1,2031,0.0
REGION1,BIHYDMSN1,2031,0.0
REGION1,CMHYDMSN1,2031,0.0
REGION1,CDHYDMSN1,2031,0.15
REGION1,ETHYDMSN1,2031,5.7
REGION1,KEHYDMSN1,2031,1.1800000000000002
REGION1,MLHYDMSN1,2031,0.0
REGION1,NGHYDMSN1,2031,0.0
REGION1,UGHYDMSN1,2031,0.0
REGION1,ZMHYDMSN1,2031,0.0
REGION1,DZHYDMSN1,2031,0.0
REGION1,EGHYDMSN1,2031,0.0
REGION1,MAHYDMSN1,2031,0.0
REGION1,SDHYDMSN1,2031,0.0
REGION1,TNHYDMSN1,2031,0.0
REGION1,AOHYDMSN1,2031,0.0
REGION1,BJHYDMSN1,2031,0.0
REGION1,CFHYDMSN1,2031,0.0
REGION1,CGHYDMSN1,2031,0.0
REGION1,CIHYDMSN1,2031,0.0
REGION1,GQHYDMSN1,2031,0.0
REGION1,SZHYDMSN1,2031,0.0
REGION1,GAHYDMSN1,2031,0.0
REGION1,GHHYDMSN1,2031,0.0
REGION1,GNHYDMSN1,2031,0.0
REGION1,LSHYDMSN1,2031,0.0
REGION1,LRHYDMSN1,2031,0.0
REGION1,MWHYDMSN1,2031,0.0
REGION1,MZHYDMSN1,2031,1.5
REGION1,NAHYDMSN1,2031,0.0
REGION1,RWHYDMSN1,2031,0.0
REGION1,SNHYDMSN1,2031,0.0
REGION1,SLHYDMSN1,2031,0.0
REGION1,ZAHYDMSN1,2031,0.0
REGION1,TGHYDMSN1,2031,0.0
REGION1,TZHYDMSN1,2031,0.0
REGION1,ZWHYDMSN1,2031,0.0
REGION1,MAHYDSPN1,2031,0.335
REGION1,ZAHYDSPN1,2031,0.0
REGION1,KEBATTN1,2031,0.1
REGION1,ETBMCHPN1,2031,0.0
REGION1,KEBMCHPN1,2031,0.0
REGION1,ZABMCHPN1,2031,0.0
REGION1,BWCOSCPN1,2031,0.0
REGION1,ZACOSCPN1,2031,0.0
REGION1,ETGOCVPN1,2031,0.0
REGION1,KEGOCVPN1,2031,0.0
REGION1,RWNGGCPN1,2031,0.0
REGION1,DZNGCCPN1,2031,0.0
REGION1,MANGCCPN1,2031,0.0
REGION1,TNNGCCPN1,2031,0.0
REGION1,UGNGCCPN1,2031,0.0
REGION1,MZNGGCPN1,2031,0.0
REGION1,NGNGGCPN1,2031,0.0
REGION1,AOSOU1PN1,2031,0.0
REGION1,GASOU1PN1,2031,0.0
REGION1,DZSOU1PN1,2031,1.0
REGION1,MASOU1PN1,2031,0.0
REGION1,TNSOU1PN1,2031,0.0
REGION1,ETSOU1PN1,2031,0.0
REGION1,KESOU1PN1,2031,0.0
REGION1,TZSOU1PN1,2031,0.0
REGION1,BWSOU1PN1,2031,0.0
REGION1,ZASOU1PN1,2031,0.0
REGION1,MAWINDPN1,2031,0.0
REGION1,TNWINDPN1,2031,0.0
REGION1,ETWINDPN1,2031,0.0
REGION1,KEWINDPN1,2031,0.0
REGION1,ZAWINDPN1,2031,0.0
REGION1,CICOSCPN1,2031,0.0
REGION1,EGNULWPN1,2031,0.0
REGION1,SSHYDMSN1,2031,0.0
REGION1,MABATTN1,2031,0.0
REGION1,CGSOU1PN1,2031,0.0
REGION1,DJSOU1PN1,2031,0.0
REGION1,DZWINDPN1,2031,0.0
REGION1,ERSOU1PN1,2031,0.0
REGION1,ERWINDPN1,2031,0.0
REGION1,GHWINDPN1,2031,0.0
REGION1,GQSOU1PN1,2031,0.0
REGION1,GWSOU1PN1,2031,0.0
REGION1,LRSOU1PN1,2031,0.0
REGION1,RWSOU1PN1,2031,0.0
REGION1,SLSOU1PN1,2031,0.0
REGION1,SSSOU1PN1,2031,0.0
REGION1,SZNGCCPN1,2031,0.0
REGION1,SZWINDPN1,2031,0.0
REGION1,TDWINDPN1,2031,0.0
REGION1,TGWINDPN1,2031,0.0
REGION1,TZWINDPN1,2031,0.0
REGION1,ZMSOU1PN1,2031,0.0
REGION1,DZNGCCPH1,2031,0.0
REGION1,DZNGGCPH1,2031,0.0
REGION1,DZSOU1PH1,2031,0.0
REGION1,EGBMCHPH1,2031,0.0
REGION1,EGSOU1PH1,2031,0.0
REGION1,EGWINDPH1,2031,0.0
REGION1,LYNGCCPH1,2031,0.0
REGION1,LYNGGCPH1,2031,0.0
REGION1,LYLFRCPH1,2031,0.0
REGION1,LYHFGCPH1,2031,0.0
REGION1,LYSOU1PH1,2031,0.0
REGION1,MASOU1PH1,2031,0.0
REGION1,MAWINDPH1,2031,0.0
REGION1,SDSOU1PH1,2031,0.0
REGION1,TNNGCCPH1,2031,0.0
REGION1,TNNGGCPH1,2031,0.0
REGION1,TNSOU1PH1,2031,0.0
REGION1,AOSOU1PH1,2031,0.0
REGION1,BJSOU1PH1,2031,0.0
REGION1,BFLFRCPH1,2031,0.0
REGION1,BFHFGCPH1,2031,0.0
REGION1,BFHYDMSH1,2031,0.0
REGION1,BFSOU1PH1,2031,0.0
REGION1,BIHYDMSH1,2031,0.0
REGION1,CMHYDMSH1,2031,0.0
REGION1,CMSOU1PH1,2031,0.0
REGION1,CFSOU1PH1,2031,0.0
REGION1,CINGCCPH1,2031,0.0
REGION1,CINGGCPH1,2031,0.0
REGION1,CISOU1PH1,2031,0.0
REGION1,CDLFRCPH1,2031,0.0
REGION1,CDHFGCPH1,2031,0.0
REGION1,CDHYDMSH1,2031,0.0
REGION1,CDSOU1PH1,2031,0.0
REGION1,DJWINDPH1,2031,0.0
REGION1,ETBMCHPH1,2031,0.0
REGION1,ETHYDMSH1,2031,0.0
REGION1,ETWINDPH1,2031,0.0
REGION1,GHNGCCPH1,2031,0.0
REGION1,GHNGGCPH1,2031,0.0
REGION1,GHSOU1PH1,2031,0.0
REGION1,KEGOCVPH1,2031,0.0
REGION1,KEHYDMSH1,2031,0.0
REGION1,KESOU1PH1,2031,0.0
REGION1,LSSOU1PH1,2031,0.0
REGION1,MWSOU1PH1,2031,0.0
REGION1,MLHYDMSH1,2031,0.0
REGION1,MLSOU1PH1,2031,0.0
REGION1,MRSOU1PH1,2031,0.0
REGION1,MRWINDPH1,2031,0.0
REGION1,MZLFRCPH1,2031,0.0
REGION1,MZHFGCPH1,2031,0.0
REGION1,MZSOU1PH1,2031,0.0
REGION1,NASOU1PH1,2031,0.0
REGION1,NELFRCPH1,2031,0.0
REGION1,NEHFGCPH1,2031,0.0
REGION1,NESOU1PH1,2031,0.0
REGION1,NGNGCCPH1,2031,0.0
REGION1,NGNGGCPH1,2031,0.0
REGION1,NGLFRCPH1,2031,0.0
REGION1,NGHFGCPH1,2031,0.0
REGION1,NGHYDMSH1,2031,0.0
REGION1,NGSOU1PH1,2031,0.0
REGION1,RWCOSCPH1,2031,0.0
REGION1,SNNGCCPH1,2031,0.0
REGION1,SNLFRCPH1,2031,0.0
REGION1,SNHFGCPH1,2031,0.0
REGION1,SNSOU1PH1,2031,0.0
REGION1,ZANULWPH1,2031,0.0
REGION1,ZASOU1PH1,2031,0.0
REGION1,SSWINDPH1,2031,0.0
REGION1,TGSOU1PH1,2031,0.0
REGION1,UGHYDMSH1,2031,0.0
REGION1,TZSOU1PH1,2031,0.0
REGION1,ZMHYDMSH1,2031,0.0
REGION1,ZWSOU1PH1,2031,0.0
REGION1,ZWCOSCPH1,2031,0.0
REGION1,DZLFRCPH1,2031,0.0
REGION1,DZHFGCPH1,2031,0.0
REGION1,DZHYDMSH1,2031,0.0
REGION1,DZSOC1PH1,2031,0.0
REGION1,EGNGCCPH1,2031,0.0
REGION1,EGNGGCPH1,2031,0.0
REGION1,EGLFRCPH1,2031,0.0
REGION1,EGHFGCPH1,2031,0.0
REGION1,EGHYDMSH1,2031,0.0
REGION1,EGSOC1PH1,2031,0.0
REGION1,MACOSCPH1,2031,0.0
REGION1,MALFRCPH1,2031,0.0
REGION1,MAHFGCPH1,2031,0.0
REGION1,MANGCCPH1,2031,0.0
REGION1,MANGGCPH1,2031,0.0
REGION1,MABMCHPH1,2031,0.0
REGION1,MAHYDMSH1,2031,0.0
REGION1,MASOC1PH1,2031,0.0
REGION1,SDLFRCPH1,2031,0.0
REGION1,SDHFGCPH1,2031,0.0
REGION1,SDBMCHPH1,2031,0.0
REGION1,SDHYDMSH1,2031,0.0
REGION1,TNLFRCPH1,2031,0.0
REGION1,TNHFGCPH1,2031,0.0
REGION1,TNHYDMSH1,2031,0.0
REGION1,TNWINDPH1,2031,0.0
REGION1,AONGGCPH1,2031,0.0
REGION1,AOLFRCPH1,2031,0.0
REGION1,AOHFGCPH1,2031,0.0
REGION1,AOBMCHPH1,2031,0.0
REGION1,AOHYDMSH1,2031,0.0
REGION1,BJNGGCPH1,2031,0.0
REGION1,BJLFRCPH1,2031,0.0
REGION1,BJHFGCPH1,2031,0.0
REGION1,BJHYDMSH1,2031,0.0
REGION1,BWCOSCPH1,2031,0.0
REGION1,BWLFRCPH1,2031,0.0
REGION1,BWSOU1PH1,2031,0.0
REGION1,BFBMCHPH1,2031,0.0
REGION1,BILFRCPH1,2031,0.0
REGION1,BISOU1PH1,2031,0.0
REGION1,CMNGGCPH1,2031,0.0
REGION1,CMLFRCPH1,2031,0.0
REGION1,CMHFGCPH1,2031,0.0
REGION1,CFLFRCPH1,2031,0.0
REGION1,CFHYDMSH1,2031,0.0
REGION1,TDNGCCPH1,2031,0.0
REGION1,TDLFRCPH1,2031,0.0
REGION1,TDHFGCPH1,2031,0.0
REGION1,TDBMCHPH1,2031,0.0
REGION1,TDSOU1PH1,2031,0.0
REGION1,CGNGGCPH1,2031,0.0
REGION1,CGLFRCPH1,2031,0.0
REGION1,CGHFGCPH1,2031,0.0
REGION1,CGBMCHPH1,2031,0.0
REGION1,CGHYDMSH1,2031,0.0
REGION1,CILFRCPH1,2031,0.0
REGION1,CIHFGCPH1,2031,0.0
REGION1,CIHYDMSH1,2031,0.0
REGION1,DJLFRCPH1,2031,0.0
REGION1,DJHFGCPH1,2031,0.0
REGION1,GWNGCCPH1,2031,0.0
REGION1,GQNGGCPH1,2031,0.0
REGION1,GQLFRCPH1,2031,0.0
REGION1,GQHFGCPH1,2031,0.0
REGION1,GQHYDMSH1,2031,0.0
REGION1,ERLFRCPH1,2031,0.0
REGION1,ERHFGCPH1,2031,0.0
REGION1,SZLFRCPH1,2031,0.0
REGION1,SZHFGCPH1,2031,0.0
REGION1,SZBMCHPH1,2031,0.0
REGION1,SZHYDMSH1,2031,0.0
REGION1,SZSOU1PH1,2031,0.0
REGION1,ETLFRCPH1,2031,0.0
REGION1,ETGOCVPH1,2031,0.0
REGION1,GANGGCPH1,2031,0.0
REGION1,GALFRCPH1,2031,0.0
REGION1,GAHFGCPH1,2031,0.0
REGION1,GAHYDMSH1,2031,0.0
REGION1,GMLFRCPH1,2031,0.0
REGION1,GMHFGCPH1,2031,0.0
REGION1,GMWINDPH1,2031,0.0
REGION1,GMSOU1PH1,2031,0.0
REGION1,GHLFRCPH1,2031,0.0
REGION1,GHHFGCPH1,2031,0.0
REGION1,GHBMCHPH1,2031,0.0
REGION1,GHHYDMSH1,2031,0.0
REGION1,GNLFRCPH1,2031,0.0
REGION1,GNHFGCPH1,2031,0.0
REGION1,GNHYDMSH1,2031,0.0
REGION1,GNSOU1PH1,2031,0.0
REGION1,GWLFRCPH1,2031,0.0
REGION1,KELFRCPH1,2031,0.0
REGION1,KEHFGCPH1,2031,0.0
REGION1,KEBMCHPH1,2031,0.0
REGION1,KEWINDPH1,2031,0.0
REGION1,LSHYDMSH1,2031,0.0
REGION1,LRLFRCPH1,2031,0.0
REGION1,LRHFGCPH1,2031,0.0
REGION1,LRHYDMSH1,2031,0.0
REGION1,MWLFRCPH1,2031,0.0
REGION1,MWBMCHPH1,2031,0.0
REGION1,MWHYDMSH1,2031,0.0
REGION1,MLLFRCPH1,2031,0.0
REGION1,MLHFGCPH1,2031,0.0
REGION1,MLBMCHPH1,2031,0.0
REGION1,MRNGCCPH1,2031,0.0
REGION1,MRLFRCPH1,2031,0.0
REGION1,MRHFGCPH1,2031,0.0
REGION1,MZNGGCPH1,2031,0.0
REGION1,MZBMCHPH1,2031,0.0
REGION1,MZHYDMSH1,2031,0.0
REGION1,NACOSCPH1,2031,0.0
REGION1,NALFRCPH1,2031,0.0
REGION1,NAHFGCPH1,2031,0.0
REGION1,NABMCHPH1,2031,0.0
REGION1,NAHYDMSH1,2031,0.0
REGION1,NAWINDPH1,2031,0.0
REGION1,NECOSCPH1,2031,0.0
REGION1,NENGCCPH1,2031,0.0
REGION1,NGBMCHPH1,2031,0.0
REGION1,RWWINDPH1,2031,0.0
REGION1,RWNGGCPH1,2031,0.0
REGION1,RWLFRCPH1,2031,0.0
REGION1,RWHFGCPH1,2031,0.0
REGION1,RWBMCHPH1,2031,0.0
REGION1,RWHYDMSH1,2031,0.0
REGION1,SNHYDMSH1,2031,0.0
REGION1,SNCOSCPH1,2031,0.0
REGION1,SNBMCHPH1,2031,0.0
REGION1,SLWINDPH1,2031,0.0
REGION1,SLLFRCPH1,2031,0.0
REGION1,SLHFGCPH1,2031,0.0
REGION1,SLBMCHPH1,2031,0.0
REGION1,SLHYDMSH1,2031,0.0
REGION1,ZACOSCPH1,2031,0.0
REGION1,ZALFRCPH1,2031,0.0
REGION1,ZAHFGCPH1,2031,0.0
REGION1,ZABMCHPH1,2031,0.0
REGION1,ZAHYDMSH1,2031,0.0
REGION1,ZASOC1PH1,2031,0.0
REGION1,SSLFRCPH1,2031,0.0
REGION1,SSHFGCPH1,2031,0.0
REGION1,TGNGCCPH1,2031,0.0
REGION1,TGLFRCPH1,2031,0.0
REGION1,TGHFGCPH1,2031,0.0
REGION1,TGHYDMSH1,2031,0.0
REGION1,UGSOU1PH1,2031,0.0
REGION1,UGLFRCPH1,2031,0.0
REGION1,UGHFGCPH1,2031,0.0
REGION1,UGBMCHPH1,2031,0.0
REGION1,TZNGGCPH1,2031,0.0
REGION1,TZLFRCPH1,2031,0.0
REGION1,TZHFGCPH1,2031,0.0
REGION1,TZBMCHPH1,2031,0.0
REGION1,TZHYDMSH1,2031,0.0
REGION1,ZMWINDPH1,2031,0.0
REGION1,ZMCOSCPH1,2031,0.0
REGION1,ZMLFRCPH1,2031,0.0
REGION1,ZMHFGCPH1,2031,0.0
REGION1,ZMBMCHPH1,2031,0.0
REGION1,ZWLFRCPH1,2031,0.0
REGION1,SNWINDPH1,2031,0.0
REGION1,ZWHYDMSH1,2031,0.0
REGION1,ZWBMCHPH1,2031,0.0
REGION1,SOLFRCPH1,2031,0.0
REGION1,SOSOU1PH1,2031,0.0
REGION1,SOWINDPH1,2031,0.0
REGION1,MAHYDSPH1,2031,0.0
REGION1,ZAHYDSPH1,2031,0.0
REGION1,ATELCZPH1,2031,0.0
REGION1,ATELDEPH1,2031,0.0
REGION1,ATELHUPH1,2031,0.0
REGION1,ATELITPH1,2031,0.0
REGION1,ATELSIPH1,2031,0.0
REGION1,ATELCHPH1,2031,0.0
REGION1,BEELFRPH1,2031,0.0
REGION1,BEELDEPH1,2031,0.0
REGION1,BEELLUPH1,2031,0.0
REGION1,BEELNLPH1,2031,0.0
REGION1,BEELUKPH1,2031,0.0
REGION1,BGELGRPH1,2031,0.0
REGION1,BGELROPH1,2031,0.0
REGION1,CZELDEPH1,2031,0.0
REGION1,CZELPLPH1,2031,0.0
REGION1,CZELSKPH1,2031,0.0
REGION1,HRELHUPH1,2031,0.0
REGION1,HRELSIPH1,2031,0.0
REGION1,DKELNLPH1,2031,0.0
REGION1,DKELNOPH1,2031,0.0
REGION1,DKELSEPH1,2031,0.0
REGION1,DKELUKPH1,2031,0.0
REGION1,EEELFIPH1,2031,0.0
REGION1,EEELLVPH1,2031,0.0
REGION1,FIELNOPH1,2031,0.0
REGION1,FIELSEPH1,2031,0.0
REGION1,FRELITPH1,2031,0.0
REGION1,FRELLUPH1,2031,0.0
REGION1,FRELUKPH1,2031,1.25
REGION1,DEELDKPH1,2031,0.0
REGION1,DEELFRPH1,2031,0.0
REGION1,DEELLUPH1,2031,0.0
REGION1,DEELNLPH1,2031,0.0
REGION1,DEELNOPH1,2031,0.0
REGION1,DEELPLPH1,2031,0.0
REGION1,DEELSEPH1,2031,0.0
REGION1,DEELUKPH1,2031,0.0
REGION1,HUELROPH1,2031,0.0
REGION1,HUELSKPH1,2031,0.0
REGION1,HUELSIPH1,2031,0.0
REGION1,IEELUKPH1,2031,0.0
REGION1,ITELMTPH1,2031,0.0
REGION1,ITELSIPH1,2031,0.0
REGION1,LTELLVPH1,2031,0.0
REGION1,LTELPLPH1,2031,0.0
REGION1,LTELSEPH1,2031,0.0
REGION1,NLELNOPH1,2031,0.0
REGION1,NLELUKPH1,2031,1.4
REGION1,NOELSEPH1,2031,0.0
REGION1,NOELUKPH1,2031,0.0
REGION1,PLELSKPH1,2031,0.0
REGION1,PLELSEPH1,2031,0.0
REGION1,ESELFRPH1,2031,0.0
REGION1,ESELPTPH1,2031,0.0
REGION1,CHELFRPH1,2031,0.0
REGION1,CHELDEPH1,2031,0.0
REGION1,CHELITPH1,2031,1.2
REGION1,GRELITPH1,2031,1.0
REGION1,BGELMKPH1,2031,0.0
REGION1,BGELRSPH1,2031,0.0
REGION1,BGELTRPH1,2031,0.0
REGION1,HRELBAPH1,2031,0.0
REGION1,HRELRSPH1,2031,0.0
REGION1,EEELRUPH1,2031,0.0
REGION1,GRELALPH1,2031,0.0
REGION1,GRELTRPH1,2031,0.5
REGION1,HUELRSPH1,2031,0.0
REGION1,HUELUAPH1,2031,0.0
REGION1,ITELMEPH1,2031,0.0
REGION1,LVELRUPH1,2031,0.0
REGION1,LTELBYPH1,2031,0.0
REGION1,LTELRUPH1,2031,0.0
REGION1,PLELUAPH1,2031,0.0
REGION1,ROELMDPH1,2031,0.0
REGION1,ROELRSPH1,2031,0.0
REGION1,ROELUAPH1,2031,0.0
REGION1,SKELUAPH1,2031,0.0
REGION1,GRELMKPH1,2031,0.5
REGION1,ESELMAPH1,2031,0.0
REGION1,CYELILPH1,2031,0.0
REGION1,SEELLVPH1,2031,0.0
REGION1,BEELDKPH1,2031,0.0
REGION1,ITELTNPH1,2031,0.0
REGION1,GRELEGPH1,2031,0.0
REGION1,ITELDZPH1,2031,0.0
REGION1,MTELTNPH1,2031,0.0
REGION1,ROELGEPH1,2031,1.0
REGION1,ESELITPH1,2031,0.0
REGION1,DEELLVPH1,2031,0.0
REGION1,GRELDEPH1,2031,0.0
REGION1,ITELSAPH1,2031,0.0
REGION1,UKELMAPH1,2031,0.0
REGION1,DEELMAPH1,2031,0.0
REGION1,BIELRWPH1,2031,0.0
REGION1,BWELZAPH1,2031,0.0
REGION1,CDELBIPH1,2031,0.0
REGION1,CDELCGPH1,2031,0.0
REGION1,CDELRWPH1,2031,0.0
REGION1,CDELZMPH1,2031,0.0
REGION1,CIELBFPH1,2031,0.0
REGION1,EGELJOPH1,2031,0.0
REGION1,EGELSDPH1,2031,0.0
REGION1,ETELDJPH1,2031,0.0
REGION1,ETELSDPH1,2031,0.0
REGION1,GHELCIPH1,2031,0.0
REGION1,GHELTGPH1,2031,0.0
REGION1,KEELTZPH1,2031,0.0
REGION1,LSELZAPH1,2031,0.0
REGION1,LYELEGPH1,2031,0.0
REGION1,MAELDZPH1,2031,0.0
REGION1,MZELSZPH1,2031,0.0
REGION1,MZELZAPH1,2031,0.0
REGION1,MZELZWPH1,2031,0.0
REGION1,NGELBJPH1,2031,0.0
REGION1,NGELNEPH1,2031,0.0
REGION1,NAELZAPH1,2031,0.0
REGION1,RWELBIPH1,2031,0.0
REGION1,SNELMLPH1,2031,0.0
REGION1,TGELBJPH1,2031,0.0
REGION1,TNELDZPH1,2031,0.0
REGION1,TZELUGPH1,2031,0.0
REGION1,UGELKEPH1,2031,0.0
REGION1,UGELRWPH1,2031,0.0
REGION1,UGELTZPH1,2031,0.0
REGION1,ZAELSZPH1,2031,0.0
REGION1,ZAELZWPH1,2031,0.0
REGION1,ZMELZWPH1,2031,0.0
REGION1,AOELBWPH1,2031,0.0
REGION1,AOELCDPH1,2031,0.0
REGION1,AOELNAPH1,2031,0.0
REGION1,BFELMLPH1,2031,0.0
REGION1,BWELNAPH1,2031,0.0
REGION1,CDELNAPH1,2031,0.0
REGION1,CDELZAPH1,2031,0.0
REGION1,CGELGAPH1,2031,0.0
REGION1,CMELTDPH1,2031,0.0
REGION1,ETELKEPH1,2031,0.0
REGION1,GAELGQPH1,2031,0.0
REGION1,GHELBFPH1,2031,0.0
REGION1,GMELGWPH1,2031,0.0
REGION1,GQELCMPH1,2031,0.0
REGION1,GWELGNPH1,2031,0.0
REGION1,LRELGNPH1,2031,0.0
REGION1,LRELSLPH1,2031,0.0
REGION1,MLELCIPH1,2031,0.0
REGION1,MWELMZPH1,2031,0.0
REGION1,MWELZMPH1,2031,0.0
REGION1,NAELZWPH1,2031,0.0
REGION1,NEELBFPH1,2031,0.0
REGION1,NEELBJPH1,2031,0.0
REGION1,NEELTGPH1,2031,0.0
REGION1,SLELGNPH1,2031,0.0
REGION1,SNELGMPH1,2031,0.0
REGION1,SNELGNPH1,2031,0.0
REGION1,TGELGHPH1,2031,0.0
REGION1,TZELZMPH1,2031,0.0
REGION1,CIELLRPH1,2031,0.0
REGION1,GNELMLPH1,2031,0.0
REGION1,AOELZMPH1,2031,0.0
REGION1,BFELBJPH1,2031,0.0
REGION1,BFELTGPH1,2031,0.0
REGION1,BIELTZPH1,2031,0.0
REGION1,BJELGHPH1,2031,0.0
REGION1,BWELZMPH1,2031,0.0
REGION1,CDELCFPH1,2031,0.0
REGION1,CDELSDPH1,2031,0.0
REGION1,CDELTZPH1,2031,0.0
REGION1,CDELUGPH1,2031,0.0
REGION1,CFELCGPH1,2031,0.0
REGION1,CFELCMPH1,2031,0.0
REGION1,CFELSDPH1,2031,0.0
REGION1,CFELTDPH1,2031,0.0
REGION1,CGELCMPH1,2031,0.0
REGION1,CIELGNPH1,2031,0.0
REGION1,CMELGAPH1,2031,0.0
REGION1,CMELNGPH1,2031,0.0
REGION1,DJELERPH1,2031,0.0
REGION1,DJELSOPH1,2031,0.0
REGION1,DZELLYPH1,2031,0.0
REGION1,DZELMLPH1,2031,0.0
REGION1,DZELMRPH1,2031,0.0
REGION1,DZELNEPH1,2031,0.0
REGION1,ETELERPH1,2031,0.0
REGION1,ETELSOPH1,2031,0.0
REGION1,GWELSNPH1,2031,0.0
REGION1,KEELSDPH1,2031,0.0
REGION1,KEELSOPH1,2031,0.0
REGION1,LYELNEPH1,2031,0.0
REGION1,LYELSDPH1,2031,0.0
REGION1,LYELTDPH1,2031,0.0
REGION1,LYELTNPH1,2031,0.0
REGION1,MLELMRPH1,2031,0.0
REGION1,MLELNEPH1,2031,0.0
REGION1,MRELSNPH1,2031,0.0
REGION1,MWELTZPH1,2031,0.0
REGION1,MZELTZPH1,2031,0.0
REGION1,MZELZMPH1,2031,0.0
REGION1,NEELTDPH1,2031,0.0
REGION1,NGELTDPH1,2031,0.0
REGION1,RWELTZPH1,2031,0.0
REGION1,SDELERPH1,2031,0.0
REGION1,SDELTDPH1,2031,0.0
REGION1,SDELUGPH1,2031,0.0
REGION1,CYELGRPH1,2031,0.0
REGION1,ALNGGRPI0,2031,0.0
REGION1,ALNGITPI0,2031,0.0
REGION1,ATNGDEPI0,2031,0.0
REGION1,ATNGHUPI0,2031,0.0
REGION1,ATNGITPI0,2031,0.0
REGION1,ATNGSIPI0,2031,0.0
REGION1,ATNGSKPI0,2031,0.0
REGION1,BENGDEPI0,2031,0.0
REGION1,BENGFRPI0,2031,0.0
REGION1,BENGUKPI0,2031,0.0
REGION1,BENGNLPI0,2031,0.0
REGION1,BGNGGRPI0,2031,0.0
REGION1,BGNGROPI0,2031,0.0
REGION1,BYNGLTPI0,2031,0.0
REGION1,CYNGEGPI0,2031,0.0
REGION1,CYNGGRPI0,2031,0.0
REGION1,CZNGDEPI0,2031,0.0
REGION1,CZNGPLPI0,2031,0.0
REGION1,CZNGSKPI0,2031,0.0
REGION1,DENGCHPI0,2031,0.0
REGION1,DENGFRPI0,2031,0.0
REGION1,DENGNLPI0,2031,0.0
REGION1,DENGPLPI0,2031,0.0
REGION1,DKNGDEPI0,2031,0.0
REGION1,DKNGPLPI0,2031,0.0
REGION1,DKNGSEPI0,2031,0.0
REGION1,DZNGESPI0,2031,0.0
REGION1,DZNGITPI0,2031,0.0
REGION1,EENGFIPI0,2031,0.0
REGION1,EENGLVPI0,2031,0.0
REGION1,FRNGCHPI0,2031,0.0
REGION1,FRNGESPI0,2031,0.0
REGION1,GRNGITPI0,2031,0.0
REGION1,HRNGHUPI0,2031,0.0
REGION1,HRNGSIPI0,2031,0.0
REGION1,HUNGROPI0,2031,0.0
REGION1,HUNGSKPI0,2031,0.0
REGION1,IENGUKPI0,2031,0.0
REGION1,ITNGCHPI0,2031,0.0
REGION1,ITNGMTPI0,2031,0.0
REGION1,ITNGSIPI0,2031,0.0
REGION1,LTNGPLPI0,2031,0.0
REGION1,LVNGLTPI0,2031,0.0
REGION1,LYNGITPI0,2031,0.0
REGION1,MANGESPI0,2031,0.0
REGION1,MDNGROPI0,2031,0.0
REGION1,NLNGUKPI0,2031,0.0
REGION1,NONGBEPI0,2031,0.0
REGION1,NONGDEPI0,2031,0.0
REGION1,NONGDKPI0,2031,0.0
REGION1,NONGFRPI0,2031,0.0
REGION1,NONGUKPI0,2031,0.0
REGION1,NONGNLPI0,2031,0.0
REGION1,PLNGSKPI0,2031,0.0
REGION1,PTNGESPI0,2031,0.0
REGION1,RSNGBGPI0,2031,0.0
REGION1,RSNGHUPI0,2031,0.0
REGION1,RSNGROPI0,2031,0.0
REGION1,RUNGEEPI0,2031,0.0
REGION1,RUNGFIPI0,2031,0.0
REGION1,RUNGLVPI0,2031,0.0
REGION1,TRNGBGPI0,2031,0.0
REGION1,TRNGGRPI0,2031,0.0
REGION1,UANGHUPI0,2031,0.0
REGION1,UANGPLPI0,2031,0.0
REGION1,UANGROPI0,2031,0.0
REGION1,UANGSKPI0,2031,0.0
REGION1,BENGLUPI0,2031,0.0
REGION1,NGNGDZPI0,2031,0.0
REGION1,MZNGZAPI0,2031,0.0
REGION1,NGNGLYPI0,2031,0.0
REGION1,ETNGDJPI0,2031,0.0
REGION1,NGNGGQPI0,2031,0.0
REGION1,TZNGKEPI0,2031,0.0
REGION1,NGNGMAPI0,2031,0.0
REGION1,NGNGBJPI0,2031,0.0
REGION1,NGNGGHPI0,2031,0.0
REGION1,NGNGNEPI0,2031,0.0
REGION1,NGNGTGPI0,2031,0.0
REGION1,NGNGTNPI0,2031,0.0
REGION1,DZNGMAPI0,2031,0.0
REGION1,BELG00I00,2032,0.0
REGION1,HRLG00I00,2032,0.0
REGION1,CYLG00I00,2032,0.0
REGION1,FRLG00I00,2032,0.0
REGION1,FILG00I00,2032,0.0
REGION1,DELG00I00,2032,0.0
REGION1,GRLG00I00,2032,0.0
REGION1,ITLG00I00,2032,0.0
REGION1,LVLG00I00,2032,0.0
REGION1,LTLG00I00,2032,0.0
REGION1,MTLG00I00,2032,0.0
REGION1,NLLG00I00,2032,0.0
REGION1,PLLG00I00,2032,0.0
REGION1,ESLG00I00,2032,0.0
REGION1,UKLG00I00,2032,0.0
REGION1,PTLG00I00,2032,0.0
REGION1,BENUG2PN1,2032,0.0
REGION1,BGNUG2PN1,2032,0.0
REGION1,CZNUG2PN1,2032,0.0
REGION1,DENUG2PN1,2032,0.0
REGION1,ESNUG2PN1,2032,0.0
REGION1,FINUG2PN1,2032,0.0
REGION1,FRNUG2PN1,2032,0.0
REGION1,HUNUG2PN1,2032,0.0
REGION1,NLNUG2PN1,2032,0.0
REGION1,RONUG2PN1,2032,0.0
REGION1,SENUG2PN1,2032,0.0
REGION1,SINUG2PN1,2032,0.0
REGION1,SKNUG2PN1,2032,0.0
REGION1,CHNUG2PN1,2032,0.0
REGION1,UKNUG2PN1,2032,0.0
REGION1,ATHYDSPN1,2032,0.0
REGION1,BEHYDSPN1,2032,0.0
REGION1,BGHYDSPN1,2032,0.8
REGION1,CZHYDSPN1,2032,0.0
REGION1,DEHYDSPN1,2032,0.0
REGION1,GRHYDSPN1,2032,0.0
REGION1,ESHYDSPN1,2032,0.0
REGION1,FRHYDSPN1,2032,0.0
REGION1,HRHYDSPN1,2032,0.0
REGION1,IEHYDSPN1,2032,0.0
REGION1,ITHYDSPN1,2032,0.255
REGION1,LTHYDSPN1,2032,0.0
REGION1,LUHYDSPN1,2032,0.0
REGION1,PLHYDSPN1,2032,0.0
REGION1,PTHYDSPN1,2032,0.0
REGION1,ROHYDSPN1,2032,0.0
REGION1,SEHYDSPN1,2032,0.0
REGION1,SIHYDSPN1,2032,0.0
REGION1,SKHYDSPN1,2032,0.0
REGION1,CHHYDSPN1,2032,0.0
REGION1,UKHYDSPN1,2032,0.0
REGION1,ATHYDMPN1,2032,0.0
REGION1,ATHYDRPN1,2032,0.0
REGION1,BEHYDMPN1,2032,0.0
REGION1,BEHYDRPN1,2032,0.0
REGION1,BGHYDMPN1,2032,0.0
REGION1,BGHYDRPN1,2032,0.0
REGION1,CZHYDRPN1,2032,0.0
REGION1,CZHYDMPN1,2032,0.0
REGION1,DEHYDMPN1,2032,0.0
REGION1,DEHYDRPN1,2032,0.0
REGION1,DKHYDRPN1,2032,0.0
REGION1,DKHYDMPN1,2032,0.0
REGION1,EEHYDRPN1,2032,0.0
REGION1,GRHYDMPN1,2032,0.0
REGION1,GRHYDRPN1,2032,0.0
REGION1,ESHYDMPN1,2032,0.0
REGION1,ESHYDRPN1,2032,0.0
REGION1,FIHYDMPN1,2032,0.0
REGION1,FIHYDRPN1,2032,0.0
REGION1,FRHYDMPN1,2032,0.0
REGION1,FRHYDRPN1,2032,0.0
REGION1,HRHYDMPN1,2032,0.0
REGION1,HRHYDRPN1,2032,0.0
REGION1,HUHYDMPN1,2032,0.0
REGION1,HUHYDRPN1,2032,0.0
REGION1,IEHYDMPN1,2032,0.0
REGION1,IEHYDRPN1,2032,0.0
REGION1,ITHYDMPN1,2032,0.0
REGION1,ITHYDRPN1,2032,0.0
REGION1,LTHYDRPN1,2032,0.0
REGION1,LUHYDRPN1,2032,0.0
REGION1,LVHYDMPN1,2032,0.0
REGION1,LVHYDRPN1,2032,0.0
REGION1,NLHYDRPN1,2032,0.0
REGION1,PLHYDMPN1,2032,0.0
REGION1,PLHYDRPN1,2032,0.0
REGION1,PTHYDMPN1,2032,0.0
REGION1,PTHYDRPN1,2032,0.0
REGION1,ROHYDMPN1,2032,0.0
REGION1,ROHYDRPN1,2032,0.0
REGION1,SEHYDMPN1,2032,0.15
REGION1,SEHYDRPN1,2032,0.0
REGION1,SIHYDMPN1,2032,0.0
REGION1,SIHYDRPN1,2032,0.0
REGION1,SKHYDMPN1,2032,0.0
REGION1,SKHYDRPN1,2032,0.0
REGION1,NOHYDRPN1,2032,0.0
REGION1,NOHYDMPN1,2032,0.0
REGION1,CHHYDRPN1,2032,0.0
REGION1,CHHYDMPN1,2032,0.0
REGION1,UKHYDMPN1,2032,0.0
REGION1,UKHYDRPN1,2032,0.0
REGION1,EGLG00I00,2032,0.0
REGION1,GHLG00I00,2032,0.0
REGION1,MALG00I00,2032,0.0
REGION1,MZLG00I00,2032,0.0
REGION1,SNLG00I00,2032,0.0
REGION1,ZALG00I00,2032,0.0
REGION1,DZLG00E00,2032,0.0
REGION1,NGLG00E00,2032,0.0
REGION1,EGLG00E00,2032,0.0
REGION1,AOLG00E00,2032,0.0
REGION1,GQLG00E00,2032,0.0
REGION1,MZLG00E00,2032,0.0
REGION1,CGLG00E00,2032,0.0
REGION1,GALG00E00,2032,0.0
REGION1,MRLG00E00,2032,0.0
REGION1,SNLG00E00,2032,0.0
REGION1,TZLG00E00,2032,0.0
REGION1,BFHYDMSN1,2032,0.0
REGION1,BIHYDMSN1,2032,0.0
REGION1,CMHYDMSN1,2032,0.0
REGION1,CDHYDMSN1,2032,0.0
REGION1,ETHYDMSN1,2032,0.0
REGION1,KEHYDMSN1,2032,0.0
REGION1,MLHYDMSN1,2032,0.0
REGION1,NGHYDMSN1,2032,0.0
REGION1,UGHYDMSN1,2032,0.792
REGION1,ZMHYDMSN1,2032,0.151
REGION1,DZHYDMSN1,2032,0.0
REGION1,EGHYDMSN1,2032,0.0
REGION1,MAHYDMSN1,2032,0.0
REGION1,SDHYDMSN1,2032,0.0
REGION1,TNHYDMSN1,2032,0.0
REGION1,AOHYDMSN1,2032,0.0
REGION1,BJHYDMSN1,2032,0.0
REGION1,CFHYDMSN1,2032,0.0
REGION1,CGHYDMSN1,2032,0.0
REGION1,CIHYDMSN1,2032,0.0
REGION1,GQHYDMSN1,2032,0.0
REGION1,SZHYDMSN1,2032,0.0
REGION1,GAHYDMSN1,2032,0.0
REGION1,GHHYDMSN1,2032,0.0
REGION1,GNHYDMSN1,2032,0.0
REGION1,LSHYDMSN1,2032,0.0
REGION1,LRHYDMSN1,2032,0.0
REGION1,MWHYDMSN1,2032,0.0
REGION1,MZHYDMSN1,2032,0.3
REGION1,NAHYDMSN1,2032,0.0
REGION1,RWHYDMSN1,2032,0.0
REGION1,SNHYDMSN1,2032,0.0
REGION1,SLHYDMSN1,2032,0.16
REGION1,ZAHYDMSN1,2032,0.0
REGION1,TGHYDMSN1,2032,0.0
REGION1,TZHYDMSN1,2032,0.0
REGION1,ZWHYDMSN1,2032,0.0
REGION1,MAHYDSPN1,2032,0.0
REGION1,ZAHYDSPN1,2032,0.0
REGION1,KEBATTN1,2032,0.0
REGION1,ETBMCHPN1,2032,0.0
REGION1,KEBMCHPN1,2032,0.0
REGION1,ZABMCHPN1,2032,0.0
REGION1,BWCOSCPN1,2032,0.0
REGION1,ZACOSCPN1,2032,0.0
REGION1,ETGOCVPN1,2032,0.0
REGION1,KEGOCVPN1,2032,0.0
REGION1,RWNGGCPN1,2032,0.0
REGION1,DZNGCCPN1,2032,0.0
REGION1,MANGCCPN1,2032,0.0
REGION1,TNNGCCPN1,2032,0.0
REGION1,UGNGCCPN1,2032,0.0
REGION1,MZNGGCPN1,2032,0.0
REGION1,NGNGGCPN1,2032,0.0
REGION1,AOSOU1PN1,2032,0.0
REGION1,GASOU1PN1,2032,0.0
REGION1,DZSOU1PN1,2032,0.0
REGION1,MASOU1PN1,2032,0.0
REGION1,TNSOU1PN1,2032,0.0
REGION1,ETSOU1PN1,2032,0.0
REGION1,KESOU1PN1,2032,0.0
REGION1,TZSOU1PN1,2032,0.0
REGION1,BWSOU1PN1,2032,0.0
REGION1,ZASOU1PN1,2032,0.0
REGION1,MAWINDPN1,2032,0.0
REGION1,TNWINDPN1,2032,0.0
REGION1,ETWINDPN1,2032,0.0
REGION1,KEWINDPN1,2032,0.0
REGION1,ZAWINDPN1,2032,0.0
REGION1,CICOSCPN1,2032,0.0
REGION1,EGNULWPN1,2032,0.0
REGION1,SSHYDMSN1,2032,0.0
REGION1,MABATTN1,2032,0.0
REGION1,CGSOU1PN1,2032,0.0
REGION1,DJSOU1PN1,2032,0.0
REGION1,DZWINDPN1,2032,0.0
REGION1,ERSOU1PN1,2032,0.0
REGION1,ERWINDPN1,2032,0.0
REGION1,GHWINDPN1,2032,0.0
REGION1,GQSOU1PN1,2032,0.0
REGION1,GWSOU1PN1,2032,0.0
REGION1,LRSOU1PN1,2032,0.0
REGION1,RWSOU1PN1,2032,0.0
REGION1,SLSOU1PN1,2032,0.0
REGION1,SSSOU1PN1,2032,0.0
REGION1,SZNGCCPN1,2032,0.0
REGION1,SZWINDPN1,2032,0.0
REGION1,TDWINDPN1,2032,0.0
REGION1,TGWINDPN1,2032,0.0
REGION1,TZWINDPN1,2032,0.0
REGION1,ZMSOU1PN1,2032,0.0
REGION1,DZNGCCPH1,2032,0.0
REGION1,DZNGGCPH1,2032,0.0
REGION1,DZSOU1PH1,2032,0.0
REGION1,EGBMCHPH1,2032,0.0
REGION1,EGSOU1PH1,2032,0.0
REGION1,EGWINDPH1,2032,0.0
REGION1,LYNGCCPH1,2032,0.0
REGION1,LYNGGCPH1,2032,0.0
REGION1,LYLFRCPH1,2032,0.0
REGION1,LYHFGCPH1,2032,0.0
REGION1,LYSOU1PH1,2032,0.0
REGION1,MASOU1PH1,2032,0.0
REGION1,MAWINDPH1,2032,0.0
REGION1,SDSOU1PH1,2032,0.0
REGION1,TNNGCCPH1,2032,0.0
REGION1,TNNGGCPH1,2032,0.0
REGION1,TNSOU1PH1,2032,0.0
REGION1,AOSOU1PH1,2032,0.0
REGION1,BJSOU1PH1,2032,0.0
REGION1,BFLFRCPH1,2032,0.0
REGION1,BFHFGCPH1,2032,0.0
REGION1,BFHYDMSH1,2032,0.0
REGION1,BFSOU1PH1,2032,0.0
REGION1,BIHYDMSH1,2032,0.0
REGION1,CMHYDMSH1,2032,0.0
REGION1,CMSOU1PH1,2032,0.0
REGION1,CFSOU1PH1,2032,0.0
REGION1,CINGCCPH1,2032,0.0
REGION1,CINGGCPH1,2032,0.0
REGION1,CISOU1PH1,2032,0.0
REGION1,CDLFRCPH1,2032,0.0
REGION1,CDHFGCPH1,2032,0.0
REGION1,CDHYDMSH1,2032,0.0
REGION1,CDSOU1PH1,2032,0.0
REGION1,DJWINDPH1,2032,0.0
REGION1,ETBMCHPH1,2032,0.0
REGION1,ETHYDMSH1,2032,0.0
REGION1,ETWINDPH1,2032,0.0
REGION1,GHNGCCPH1,2032,0.0
REGION1,GHNGGCPH1,2032,0.0
REGION1,GHSOU1PH1,2032,0.0
REGION1,KEGOCVPH1,2032,0.0
REGION1,KEHYDMSH1,2032,0.0
REGION1,KESOU1PH1,2032,0.0
REGION1,LSSOU1PH1,2032,0.0
REGION1,MWSOU1PH1,2032,0.0
REGION1,MLHYDMSH1,2032,0.0
REGION1,MLSOU1PH1,2032,0.0
REGION1,MRSOU1PH1,2032,0.0
REGION1,MRWINDPH1,2032,0.0
REGION1,MZLFRCPH1,2032,0.0
REGION1,MZHFGCPH1,2032,0.0
REGION1,MZSOU1PH1,2032,0.0
REGION1,NASOU1PH1,2032,0.0
REGION1,NELFRCPH1,2032,0.0
REGION1,NEHFGCPH1,2032,0.0
REGION1,NESOU1PH1,2032,0.0
REGION1,NGNGCCPH1,2032,0.0
REGION1,NGNGGCPH1,2032,0.0
REGION1,NGLFRCPH1,2032,0.0
REGION1,NGHFGCPH1,2032,0.0
REGION1,NGHYDMSH1,2032,0.0
REGION1,NGSOU1PH1,2032,0.0
REGION1,RWCOSCPH1,2032,0.0
REGION1,SNNGCCPH1,2032,0.0
REGION1,SNLFRCPH1,2032,0.0
REGION1,SNHFGCPH1,2032,0.0
REGION1,SNSOU1PH1,2032,0.0
REGION1,ZANULWPH1,2032,0.0
REGION1,ZASOU1PH1,2032,0.0
REGION1,SSWINDPH1,2032,0.0
REGION1,TGSOU1PH1,2032,0.0
REGION1,UGHYDMSH1,2032,0.0
REGION1,TZSOU1PH1,2032,0.0
REGION1,ZMHYDMSH1,2032,0.0
REGION1,ZWSOU1PH1,2032,0.0
REGION1,ZWCOSCPH1,2032,0.0
REGION1,DZLFRCPH1,2032,0.0
REGION1,DZHFGCPH1,2032,0.0
REGION1,DZHYDMSH1,2032,0.0
REGION1,DZSOC1PH1,2032,0.0
REGION1,EGNGCCPH1,2032,0.0
REGION1,EGNGGCPH1,2032,0.0
REGION1,EGLFRCPH1,2032,0.0
REGION1,EGHFGCPH1,2032,0.0
REGION1,EGHYDMSH1,2032,0.0
REGION1,EGSOC1PH1,2032,0.0
REGION1,MACOSCPH1,2032,0.0
REGION1,MALFRCPH1,2032,0.0
REGION1,MAHFGCPH1,2032,0.0
REGION1,MANGCCPH1,2032,0.0
REGION1,MANGGCPH1,2032,0.0
REGION1,MABMCHPH1,2032,0.0
REGION1,MAHYDMSH1,2032,0.0
REGION1,MASOC1PH1,2032,0.0
REGION1,SDLFRCPH1,2032,0.0
REGION1,SDHFGCPH1,2032,0.0
REGION1,SDBMCHPH1,2032,0.0
REGION1,SDHYDMSH1,2032,0.0
REGION1,TNLFRCPH1,2032,0.0
REGION1,TNHFGCPH1,2032,0.0
REGION1,TNHYDMSH1,2032,0.0
REGION1,TNWINDPH1,2032,0.0
REGION1,AONGGCPH1,2032,0.0
REGION1,AOLFRCPH1,2032,0.0
REGION1,AOHFGCPH1,2032,0.0
REGION1,AOBMCHPH1,2032,0.0
REGION1,AOHYDMSH1,2032,0.0
REGION1,BJNGGCPH1,2032,0.0
REGION1,BJLFRCPH1,2032,0.0
REGION1,BJHFGCPH1,2032,0.0
REGION1,BJHYDMSH1,2032,0.0
REGION1,BWCOSCPH1,2032,0.0
REGION1,BWLFRCPH1,2032,0.0
REGION1,BWSOU1PH1,2032,0.0
REGION1,BFBMCHPH1,2032,0.0
REGION1,BILFRCPH1,2032,0.0
REGION1,BISOU1PH1,2032,0.0
REGION1,CMNGGCPH1,2032,0.0
REGION1,CMLFRCPH1,2032,0.0
REGION1,CMHFGCPH1,2032,0.0
REGION1,CFLFRCPH1,2032,0.0
REGION1,CFHYDMSH1,2032,0.0
REGION1,TDNGCCPH1,2032,0.0
REGION1,TDLFRCPH1,2032,0.0
REGION1,TDHFGCPH1,2032,0.0
REGION1,TDBMCHPH1,2032,0.0
REGION1,TDSOU1PH1,2032,0.0
REGION1,CGNGGCPH1,2032,0.0
REGION1,CGLFRCPH1,2032,0.0
REGION1,CGHFGCPH1,2032,0.0
REGION1,CGBMCHPH1,2032,0.0
REGION1,CGHYDMSH1,2032,0.0
REGION1,CILFRCPH1,2032,0.0
REGION1,CIHFGCPH1,2032,0.0
REGION1,CIHYDMSH1,2032,0.0
REGION1,DJLFRCPH1,2032,0.0
REGION1,DJHFGCPH1,2032,0.0
REGION1,GWNGCCPH1,2032,0.0
REGION1,GQNGGCPH1,2032,0.0
REGION1,GQLFRCPH1,2032,0.0
REGION1,GQHFGCPH1,2032,0.0
REGION1,GQHYDMSH1,2032,0.0
REGION1,ERLFRCPH1,2032,0.0
REGION1,ERHFGCPH1,2032,0.0
REGION1,SZLFRCPH1,2032,0.0
REGION1,SZHFGCPH1,2032,0.0
REGION1,SZBMCHPH1,2032,0.0
REGION1,SZHYDMSH1,2032,0.0
REGION1,SZSOU1PH1,2032,0.0
REGION1,ETLFRCPH1,2032,0.0
REGION1,ETGOCVPH1,2032,0.0
REGION1,GANGGCPH1,2032,0.0
REGION1,GALFRCPH1,2032,0.0
REGION1,GAHFGCPH1,2032,0.0
REGION1,GAHYDMSH1,2032,0.0
REGION1,GMLFRCPH1,2032,0.0
REGION1,GMHFGCPH1,2032,0.0
REGION1,GMWINDPH1,2032,0.0
REGION1,GMSOU1PH1,2032,0.0
REGION1,GHLFRCPH1,2032,0.0
REGION1,GHHFGCPH1,2032,0.0
REGION1,GHBMCHPH1,2032,0.0
REGION1,GHHYDMSH1,2032,0.0
REGION1,GNLFRCPH1,2032,0.0
REGION1,GNHFGCPH1,2032,0.0
REGION1,GNHYDMSH1,2032,0.0
REGION1,GNSOU1PH1,2032,0.0
REGION1,GWLFRCPH1,2032,0.0
REGION1,KELFRCPH1,2032,0.0
REGION1,KEHFGCPH1,2032,0.0
REGION1,KEBMCHPH1,2032,0.0
REGION1,KEWINDPH1,2032,0.0
REGION1,LSHYDMSH1,2032,0.0
REGION1,LRLFRCPH1,2032,0.0
REGION1,LRHFGCPH1,2032,0.0
REGION1,LRHYDMSH1,2032,0.0
REGION1,MWLFRCPH1,2032,0.0
REGION1,MWBMCHPH1,2032,0.0
REGION1,MWHYDMSH1,2032,0.0
REGION1,MLLFRCPH1,2032,0.0
REGION1,MLHFGCPH1,2032,0.0
REGION1,MLBMCHPH1,2032,0.0
REGION1,MRNGCCPH1,2032,0.0
REGION1,MRLFRCPH1,2032,0.0
REGION1,MRHFGCPH1,2032,0.0
REGION1,MZNGGCPH1,2032,0.0
REGION1,MZBMCHPH1,2032,0.0
REGION1,MZHYDMSH1,2032,0.0
REGION1,NACOSCPH1,2032,0.0
REGION1,NALFRCPH1,2032,0.0
REGION1,NAHFGCPH1,2032,0.0
REGION1,NABMCHPH1,2032,0.0
REGION1,NAHYDMSH1,2032,0.0
REGION1,NAWINDPH1,2032,0.0
REGION1,NECOSCPH1,2032,0.0
REGION1,NENGCCPH1,2032,0.0
REGION1,NGBMCHPH1,2032,0.0
REGION1,RWWINDPH1,2032,0.0
REGION1,RWNGGCPH1,2032,0.0
REGION1,RWLFRCPH1,2032,0.0
REGION1,RWHFGCPH1,2032,0.0
REGION1,RWBMCHPH1,2032,0.0
REGION1,RWHYDMSH1,2032,0.0
REGION1,SNHYDMSH1,2032,0.0
REGION1,SNCOSCPH1,2032,0.0
REGION1,SNBMCHPH1,2032,0.0
REGION1,SLWINDPH1,2032,0.0
REGION1,SLLFRCPH1,2032,0.0
REGION1,SLHFGCPH1,2032,0.0
REGION1,SLBMCHPH1,2032,0.0
REGION1,SLHYDMSH1,2032,0.0
REGION1,ZACOSCPH1,2032,0.0
REGION1,ZALFRCPH1,2032,0.0
REGION1,ZAHFGCPH1,2032,0.0
REGION1,ZABMCHPH1,2032,0.0
REGION1,ZAHYDMSH1,2032,0.0
REGION1,ZASOC1PH1,2032,0.0
REGION1,SSLFRCPH1,2032,0.0
REGION1,SSHFGCPH1,2032,0.0
REGION1,TGNGCCPH1,2032,0.0
REGION1,TGLFRCPH1,2032,0.0
REGION1,TGHFGCPH1,2032,0.0
REGION1,TGHYDMSH1,2032,0.0
REGION1,UGSOU1PH1,2032,0.0
REGION1,UGLFRCPH1,2032,0.0
REGION1,UGHFGCPH1,2032,0.0
REGION1,UGBMCHPH1,2032,0.0
REGION1,TZNGGCPH1,2032,0.0
REGION1,TZLFRCPH1,2032,0.0
REGION1,TZHFGCPH1,2032,0.0
REGION1,TZBMCHPH1,2032,0.0
REGION1,TZHYDMSH1,2032,0.0
REGION1,ZMWINDPH1,2032,0.0
REGION1,ZMCOSCPH1,2032,0.0
REGION1,ZMLFRCPH1,2032,0.0
REGION1,ZMHFGCPH1,2032,0.0
REGION1,ZMBMCHPH1,2032,0.0
REGION1,ZWLFRCPH1,2032,0.0
REGION1,SNWINDPH1,2032,0.0
REGION1,ZWHYDMSH1,2032,0.0
REGION1,ZWBMCHPH1,2032,0.0
REGION1,SOLFRCPH1,2032,0.0
REGION1,SOSOU1PH1,2032,0.0
REGION1,SOWINDPH1,2032,0.0
REGION1,MAHYDSPH1,2032,0.0
REGION1,ZAHYDSPH1,2032,0.0
REGION1,ATELCZPH1,2032,0.0
REGION1,ATELDEPH1,2032,0.0
REGION1,ATELHUPH1,2032,0.0
REGION1,ATELITPH1,2032,0.0
REGION1,ATELSIPH1,2032,0.0
REGION1,ATELCHPH1,2032,0.0
REGION1,BEELFRPH1,2032,0.0
REGION1,BEELDEPH1,2032,0.0
REGION1,BEELLUPH1,2032,0.0
REGION1,BEELNLPH1,2032,0.0
REGION1,BEELUKPH1,2032,1.4
REGION1,BGELGRPH1,2032,0.0
REGION1,BGELROPH1,2032,0.0
REGION1,CZELDEPH1,2032,0.0
REGION1,CZELPLPH1,2032,0.0
REGION1,CZELSKPH1,2032,0.0
REGION1,HRELHUPH1,2032,0.0
REGION1,HRELSIPH1,2032,0.0
REGION1,DKELNLPH1,2032,0.0
REGION1,DKELNOPH1,2032,0.0
REGION1,DKELSEPH1,2032,0.0
REGION1,DKELUKPH1,2032,0.0
REGION1,EEELFIPH1,2032,0.0
REGION1,EEELLVPH1,2032,0.0
REGION1,FIELNOPH1,2032,0.0
REGION1,FIELSEPH1,2032,0.9
REGION1,FRELITPH1,2032,0.0
REGION1,FRELLUPH1,2032,0.0
REGION1,FRELUKPH1,2032,0.0
REGION1,DEELDKPH1,2032,0.0
REGION1,DEELFRPH1,2032,0.0
REGION1,DEELLUPH1,2032,0.0
REGION1,DEELNLPH1,2032,0.0
REGION1,DEELNOPH1,2032,0.0
REGION1,DEELPLPH1,2032,0.0
REGION1,DEELSEPH1,2032,0.0
REGION1,DEELUKPH1,2032,0.0
REGION1,HUELROPH1,2032,0.0
REGION1,HUELSKPH1,2032,0.0
REGION1,HUELSIPH1,2032,0.0
REGION1,IEELUKPH1,2032,0.0
REGION1,ITELMTPH1,2032,0.2
REGION1,ITELSIPH1,2032,0.0
REGION1,LTELLVPH1,2032,0.0
REGION1,LTELPLPH1,2032,0.0
REGION1,LTELSEPH1,2032,0.0
REGION1,NLELNOPH1,2032,0.0
REGION1,NLELUKPH1,2032,0.0
REGION1,NOELSEPH1,2032,0.0
REGION1,NOELUKPH1,2032,0.0
REGION1,PLELSKPH1,2032,0.0
REGION1,PLELSEPH1,2032,0.0
REGION1,ESELFRPH1,2032,0.0
REGION1,ESELPTPH1,2032,0.0
REGION1,CHELFRPH1,2032,0.0
REGION1,CHELDEPH1,2032,0.0
REGION1,CHELITPH1,2032,0.0
REGION1,GRELITPH1,2032,0.0
REGION1,BGELMKPH1,2032,0.0
REGION1,BGELRSPH1,2032,0.0
REGION1,BGELTRPH1,2032,0.0
REGION1,HRELBAPH1,2032,0.0
REGION1,HRELRSPH1,2032,0.0
REGION1,EEELRUPH1,2032,0.0
REGION1,GRELALPH1,2032,0.0
REGION1,GRELTRPH1,2032,0.0
REGION1,HUELRSPH1,2032,0.0
REGION1,HUELUAPH1,2032,0.0
REGION1,ITELMEPH1,2032,0.0
REGION1,LVELRUPH1,2032,0.0
REGION1,LTELBYPH1,2032,0.0
REGION1,LTELRUPH1,2032,0.0
REGION1,PLELUAPH1,2032,0.0
REGION1,ROELMDPH1,2032,0.0
REGION1,ROELRSPH1,2032,0.0
REGION1,ROELUAPH1,2032,0.0
REGION1,SKELUAPH1,2032,0.0
REGION1,GRELMKPH1,2032,0.0
REGION1,ESELMAPH1,2032,0.0
REGION1,CYELILPH1,2032,0.0
REGION1,SEELLVPH1,2032,0.0
REGION1,BEELDKPH1,2032,4.0
REGION1,ITELTNPH1,2032,0.0
REGION1,GRELEGPH1,2032,0.0
REGION1,ITELDZPH1,2032,0.0
REGION1,MTELTNPH1,2032,0.5
REGION1,ROELGEPH1,2032,0.0
REGION1,ESELITPH1,2032,2.0
REGION1,DEELLVPH1,2032,0.0
REGION1,GRELDEPH1,2032,0.0
REGION1,ITELSAPH1,2032,0.0
REGION1,UKELMAPH1,2032,0.0
REGION1,DEELMAPH1,2032,0.0
REGION1,BIELRWPH1,2032,0.0
REGION1,BWELZAPH1,2032,0.0
REGION1,CDELBIPH1,2032,0.0
REGION1,CDELCGPH1,2032,0.0
REGION1,CDELRWPH1,2032,0.0
REGION1,CDELZMPH1,2032,0.0
REGION1,CIELBFPH1,2032,0.0
REGION1,EGELJOPH1,2032,0.0
REGION1,EGELSDPH1,2032,0.0
REGION1,ETELDJPH1,2032,0.0
REGION1,ETELSDPH1,2032,0.0
REGION1,GHELCIPH1,2032,0.0
REGION1,GHELTGPH1,2032,0.0
REGION1,KEELTZPH1,2032,0.0
REGION1,LSELZAPH1,2032,0.0
REGION1,LYELEGPH1,2032,0.0
REGION1,MAELDZPH1,2032,0.0
REGION1,MZELSZPH1,2032,0.0
REGION1,MZELZAPH1,2032,0.0
REGION1,MZELZWPH1,2032,0.0
REGION1,NGELBJPH1,2032,0.0
REGION1,NGELNEPH1,2032,0.0
REGION1,NAELZAPH1,2032,0.0
REGION1,RWELBIPH1,2032,0.0
REGION1,SNELMLPH1,2032,0.0
REGION1,TGELBJPH1,2032,0.0
REGION1,TNELDZPH1,2032,0.0
REGION1,TZELUGPH1,2032,0.0
REGION1,UGELKEPH1,2032,0.0
REGION1,UGELRWPH1,2032,0.0
REGION1,UGELTZPH1,2032,0.0
REGION1,ZAELSZPH1,2032,0.0
REGION1,ZAELZWPH1,2032,0.0
REGION1,ZMELZWPH1,2032,0.0
REGION1,AOELBWPH1,2032,0.0
REGION1,AOELCDPH1,2032,0.0
REGION1,AOELNAPH1,2032,0.0
REGION1,BFELMLPH1,2032,0.0
REGION1,BWELNAPH1,2032,0.0
REGION1,CDELNAPH1,2032,0.0
REGION1,CDELZAPH1,2032,0.0
REGION1,CGELGAPH1,2032,0.0
REGION1,CMELTDPH1,2032,0.0
REGION1,ETELKEPH1,2032,0.0
REGION1,GAELGQPH1,2032,0.0
REGION1,GHELBFPH1,2032,0.0
REGION1,GMELGWPH1,2032,0.0
REGION1,GQELCMPH1,2032,0.0
REGION1,GWELGNPH1,2032,0.0
REGION1,LRELGNPH1,2032,0.0
REGION1,LRELSLPH1,2032,0.0
REGION1,MLELCIPH1,2032,0.0
REGION1,MWELMZPH1,2032,0.0
REGION1,MWELZMPH1,2032,0.0
REGION1,NAELZWPH1,2032,0.0
REGION1,NEELBFPH1,2032,0.0
REGION1,NEELBJPH1,2032,0.0
REGION1,NEELTGPH1,2032,0.0
REGION1,SLELGNPH1,2032,0.0
REGION1,SNELGMPH1,2032,0.0
REGION1,SNELGNPH1,2032,0.0
REGION1,TGELGHPH1,2032,0.0
REGION1,TZELZMPH1,2032,0.0
REGION1,CIELLRPH1,2032,0.0
REGION1,GNELMLPH1,2032,0.0
REGION1,AOELZMPH1,2032,0.0
REGION1,BFELBJPH1,2032,0.0
REGION1,BFELTGPH1,2032,0.0
REGION1,BIELTZPH1,2032,0.0
REGION1,BJELGHPH1,2032,0.0
REGION1,BWELZMPH1,2032,0.0
REGION1,CDELCFPH1,2032,0.0
REGION1,CDELSDPH1,2032,0.0
REGION1,CDELTZPH1,2032,0.0
REGION1,CDELUGPH1,2032,0.0
REGION1,CFELCGPH1,2032,0.0
REGION1,CFELCMPH1,2032,0.0
REGION1,CFELSDPH1,2032,0.0
REGION1,CFELTDPH1,2032,0.0
REGION1,CGELCMPH1,2032,0.0
REGION1,CIELGNPH1,2032,0.0
REGION1,CMELGAPH1,2032,0.0
REGION1,CMELNGPH1,2032,0.0
REGION1,DJELERPH1,2032,0.0
REGION1,DJELSOPH1,2032,0.0
REGION1,DZELLYPH1,2032,0.0
REGION1,DZELMLPH1,2032,0.0
REGION1,DZELMRPH1,2032,0.0
REGION1,DZELNEPH1,2032,0.0
REGION1,ETELERPH1,2032,0.0
REGION1,ETELSOPH1,2032,0.0
REGION1,GWELSNPH1,2032,0.0
REGION1,KEELSDPH1,2032,0.0
REGION1,KEELSOPH1,2032,0.0
REGION1,LYELNEPH1,2032,0.0
REGION1,LYELSDPH1,2032,0.0
REGION1,LYELTDPH1,2032,0.0
REGION1,LYELTNPH1,2032,0.0
REGION1,MLELMRPH1,2032,0.0
REGION1,MLELNEPH1,2032,0.0
REGION1,MRELSNPH1,2032,0.0
REGION1,MWELTZPH1,2032,0.0
REGION1,MZELTZPH1,2032,0.0
REGION1,MZELZMPH1,2032,0.0
REGION1,NEELTDPH1,2032,0.0
REGION1,NGELTDPH1,2032,0.0
REGION1,RWELTZPH1,2032,0.0
REGION1,SDELERPH1,2032,0.0
REGION1,SDELTDPH1,2032,0.0
REGION1,SDELUGPH1,2032,0.0
REGION1,CYELGRPH1,2032,0.0
REGION1,ALNGGRPI0,2032,0.0
REGION1,ALNGITPI0,2032,0.0
REGION1,ATNGDEPI0,2032,0.0
REGION1,ATNGHUPI0,2032,0.0
REGION1,ATNGITPI0,2032,0.0
REGION1,ATNGSIPI0,2032,0.0
REGION1,ATNGSKPI0,2032,0.0
REGION1,BENGDEPI0,2032,0.0
REGION1,BENGFRPI0,2032,0.0
REGION1,BENGUKPI0,2032,0.0
REGION1,BENGNLPI0,2032,0.0
REGION1,BGNGGRPI0,2032,0.0
REGION1,BGNGROPI0,2032,0.0
REGION1,BYNGLTPI0,2032,0.0
REGION1,CYNGEGPI0,2032,0.0
REGION1,CYNGGRPI0,2032,0.0
REGION1,CZNGDEPI0,2032,0.0
REGION1,CZNGPLPI0,2032,0.0
REGION1,CZNGSKPI0,2032,0.0
REGION1,DENGCHPI0,2032,0.0
REGION1,DENGFRPI0,2032,0.0
REGION1,DENGNLPI0,2032,0.0
REGION1,DENGPLPI0,2032,0.0
REGION1,DKNGDEPI0,2032,0.0
REGION1,DKNGPLPI0,2032,0.0
REGION1,DKNGSEPI0,2032,0.0
REGION1,DZNGESPI0,2032,0.0
REGION1,DZNGITPI0,2032,0.0
REGION1,EENGFIPI0,2032,0.0
REGION1,EENGLVPI0,2032,0.0
REGION1,FRNGCHPI0,2032,0.0
REGION1,FRNGESPI0,2032,0.0
REGION1,GRNGITPI0,2032,0.0
REGION1,HRNGHUPI0,2032,0.0
REGION1,HRNGSIPI0,2032,0.0
REGION1,HUNGROPI0,2032,0.0
REGION1,HUNGSKPI0,2032,0.0
REGION1,IENGUKPI0,2032,0.0
REGION1,ITNGCHPI0,2032,0.0
REGION1,ITNGMTPI0,2032,0.0
REGION1,ITNGSIPI0,2032,0.0
REGION1,LTNGPLPI0,2032,0.0
REGION1,LVNGLTPI0,2032,0.0
REGION1,LYNGITPI0,2032,0.0
REGION1,MANGESPI0,2032,0.0
REGION1,MDNGROPI0,2032,0.0
REGION1,NLNGUKPI0,2032,0.0
REGION1,NONGBEPI0,2032,0.0
REGION1,NONGDEPI0,2032,0.0
REGION1,NONGDKPI0,2032,0.0
REGION1,NONGFRPI0,2032,0.0
REGION1,NONGUKPI0,2032,0.0
REGION1,NONGNLPI0,2032,0.0
REGION1,PLNGSKPI0,2032,0.0
REGION1,PTNGESPI0,2032,0.0
REGION1,RSNGBGPI0,2032,0.0
REGION1,RSNGHUPI0,2032,0.0
REGION1,RSNGROPI0,2032,0.0
REGION1,RUNGEEPI0,2032,0.0
REGION1,RUNGFIPI0,2032,0.0
REGION1,RUNGLVPI0,2032,0.0
REGION1,TRNGBGPI0,2032,0.0
REGION1,TRNGGRPI0,2032,0.0
REGION1,UANGHUPI0,2032,0.0
REGION1,UANGPLPI0,2032,0.0
REGION1,UANGROPI0,2032,0.0
REGION1,UANGSKPI0,2032,0.0
REGION1,BENGLUPI0,2032,0.0
REGION1,NGNGDZPI0,2032,0.0
REGION1,MZNGZAPI0,2032,0.0
REGION1,NGNGLYPI0,2032,0.0
REGION1,ETNGDJPI0,2032,0.0
REGION1,NGNGGQPI0,2032,0.0
REGION1,TZNGKEPI0,2032,0.0
REGION1,NGNGMAPI0,2032,0.0
REGION1,NGNGBJPI0,2032,0.0
REGION1,NGNGGHPI0,2032,0.0
REGION1,NGNGNEPI0,2032,0.0
REGION1,NGNGTGPI0,2032,0.0
REGION1,NGNGTNPI0,2032,0.0
REGION1,DZNGMAPI0,2032,0.0
REGION1,BELG00I00,2033,0.0
REGION1,HRLG00I00,2033,0.0
REGION1,CYLG00I00,2033,0.0
REGION1,FRLG00I00,2033,0.0
REGION1,FILG00I00,2033,0.0
REGION1,DELG00I00,2033,0.0
REGION1,GRLG00I00,2033,0.0
REGION1,ITLG00I00,2033,0.0
REGION1,LVLG00I00,2033,0.0
REGION1,LTLG00I00,2033,0.0
REGION1,MTLG00I00,2033,0.0
REGION1,NLLG00I00,2033,0.0
REGION1,PLLG00I00,2033,0.0
REGION1,ESLG00I00,2033,0.0
REGION1,UKLG00I00,2033,0.0
REGION1,PTLG00I00,2033,0.0
REGION1,BENUG2PN1,2033,0.0
REGION1,BGNUG2PN1,2033,0.0
REGION1,CZNUG2PN1,2033,0.0
REGION1,DENUG2PN1,2033,0.0
REGION1,ESNUG2PN1,2033,0.0
REGION1,FINUG2PN1,2033,0.0
REGION1,FRNUG2PN1,2033,0.0
REGION1,HUNUG2PN1,2033,0.0
REGION1,NLNUG2PN1,2033,0.0
REGION1,RONUG2PN1,2033,0.0
REGION1,SENUG2PN1,2033,0.0
REGION1,SINUG2PN1,2033,0.0
REGION1,SKNUG2PN1,2033,0.0
REGION1,CHNUG2PN1,2033,0.0
REGION1,UKNUG2PN1,2033,0.0
REGION1,ATHYDSPN1,2033,0.0
REGION1,BEHYDSPN1,2033,0.0
REGION1,BGHYDSPN1,2033,0.0
REGION1,CZHYDSPN1,2033,0.0
REGION1,DEHYDSPN1,2033,0.0
REGION1,GRHYDSPN1,2033,0.0
REGION1,ESHYDSPN1,2033,1.8
REGION1,FRHYDSPN1,2033,0.0
REGION1,HRHYDSPN1,2033,0.0
REGION1,IEHYDSPN1,2033,0.0
REGION1,ITHYDSPN1,2033,0.0
REGION1,LTHYDSPN1,2033,0.0
REGION1,LUHYDSPN1,2033,0.0
REGION1,PLHYDSPN1,2033,0.0
REGION1,PTHYDSPN1,2033,0.0
REGION1,ROHYDSPN1,2033,0.0
REGION1,SEHYDSPN1,2033,0.0
REGION1,SIHYDSPN1,2033,0.0
REGION1,SKHYDSPN1,2033,0.0
REGION1,CHHYDSPN1,2033,0.0
REGION1,UKHYDSPN1,2033,0.0
REGION1,ATHYDMPN1,2033,0.0
REGION1,ATHYDRPN1,2033,0.0
REGION1,BEHYDMPN1,2033,0.0
REGION1,BEHYDRPN1,2033,0.0
REGION1,BGHYDMPN1,2033,0.0
REGION1,BGHYDRPN1,2033,0.0
REGION1,CZHYDRPN1,2033,0.0
REGION1,CZHYDMPN1,2033,0.0
REGION1,DEHYDMPN1,2033,0.0
REGION1,DEHYDRPN1,2033,0.0
REGION1,DKHYDRPN1,2033,0.0
REGION1,DKHYDMPN1,2033,0.0
REGION1,EEHYDRPN1,2033,0.0
REGION1,GRHYDMPN1,2033,0.0
REGION1,GRHYDRPN1,2033,0.0
REGION1,ESHYDMPN1,2033,0.0
REGION1,ESHYDRPN1,2033,0.0
REGION1,FIHYDMPN1,2033,0.0
REGION1,FIHYDRPN1,2033,0.0
REGION1,FRHYDMPN1,2033,0.0
REGION1,FRHYDRPN1,2033,0.0
REGION1,HRHYDMPN1,2033,0.0
REGION1,HRHYDRPN1,2033,0.0
REGION1,HUHYDMPN1,2033,0.0
REGION1,HUHYDRPN1,2033,0.0
REGION1,IEHYDMPN1,2033,0.0
REGION1,IEHYDRPN1,2033,0.0
REGION1,ITHYDMPN1,2033,0.0
REGION1,ITHYDRPN1,2033,0.0
REGION1,LTHYDRPN1,2033,0.0
REGION1,LUHYDRPN1,2033,0.0
REGION1,LVHYDMPN1,2033,0.0
REGION1,LVHYDRPN1,2033,0.0
REGION1,NLHYDRPN1,2033,0.0
REGION1,PLHYDMPN1,2033,0.0
REGION1,PLHYDRPN1,2033,0.0
REGION1,PTHYDMPN1,2033,0.0
REGION1,PTHYDRPN1,2033,0.0
REGION1,ROHYDMPN1,2033,0.0
REGION1,ROHYDRPN1,2033,0.0
REGION1,SEHYDMPN1,2033,0.0
REGION1,SEHYDRPN1,2033,0.0
REGION1,SIHYDMPN1,2033,0.0
REGION1,SIHYDRPN1,2033,0.0
REGION1,SKHYDMPN1,2033,0.0
REGION1,SKHYDRPN1,2033,0.0
REGION1,NOHYDRPN1,2033,0.0
REGION1,NOHYDMPN1,2033,0.0
REGION1,CHHYDRPN1,2033,0.0
REGION1,CHHYDMPN1,2033,0.0
REGION1,UKHYDMPN1,2033,0.0
REGION1,UKHYDRPN1,2033,0.0
REGION1,EGLG00I00,2033,0.0
REGION1,GHLG00I00,2033,0.0
REGION1,MALG00I00,2033,0.0
REGION1,MZLG00I00,2033,0.0
REGION1,SNLG00I00,2033,0.0
REGION1,ZALG00I00,2033,0.0
REGION1,DZLG00E00,2033,0.0
REGION1,NGLG00E00,2033,0.0
REGION1,EGLG00E00,2033,0.0
REGION1,AOLG00E00,2033,0.0
REGION1,GQLG00E00,2033,0.0
REGION1,MZLG00E00,2033,0.0
REGION1,CGLG00E00,2033,0.0
REGION1,GALG00E00,2033,0.0
REGION1,MRLG00E00,2033,0.0
REGION1,SNLG00E00,2033,0.0
REGION1,TZLG00E00,2033,0.0
REGION1,BFHYDMSN1,2033,0.0
REGION1,BIHYDMSN1,2033,0.0
REGION1,CMHYDMSN1,2033,0.0
REGION1,CDHYDMSN1,2033,0.0
REGION1,ETHYDMSN1,2033,0.0
REGION1,KEHYDMSN1,2033,0.0
REGION1,MLHYDMSN1,2033,0.0
REGION1,NGHYDMSN1,2033,0.0
REGION1,UGHYDMSN1,2033,0.0
REGION1,ZMHYDMSN1,2033,0.0
REGION1,DZHYDMSN1,2033,0.0
REGION1,EGHYDMSN1,2033,0.0
REGION1,MAHYDMSN1,2033,0.0
REGION1,SDHYDMSN1,2033,0.0
REGION1,TNHYDMSN1,2033,0.0
REGION1,AOHYDMSN1,2033,0.0
REGION1,BJHYDMSN1,2033,0.0
REGION1,CFHYDMSN1,2033,0.0
REGION1,CGHYDMSN1,2033,0.0
REGION1,CIHYDMSN1,2033,0.0
REGION1,GQHYDMSN1,2033,0.0
REGION1,SZHYDMSN1,2033,0.0
REGION1,GAHYDMSN1,2033,0.0
REGION1,GHHYDMSN1,2033,0.0
REGION1,GNHYDMSN1,2033,0.0
REGION1,LSHYDMSN1,2033,0.0
REGION1,LRHYDMSN1,2033,0.0
REGION1,MWHYDMSN1,2033,0.0
REGION1,MZHYDMSN1,2033,0.0
REGION1,NAHYDMSN1,2033,0.0
REGION1,RWHYDMSN1,2033,0.0
REGION1,SNHYDMSN1,2033,0.0
REGION1,SLHYDMSN1,2033,0.0
REGION1,ZAHYDMSN1,2033,0.0
REGION1,TGHYDMSN1,2033,0.0
REGION1,TZHYDMSN1,2033,0.0
REGION1,ZWHYDMSN1,2033,0.0
REGION1,MAHYDSPN1,2033,0.0
REGION1,ZAHYDSPN1,2033,1.5
REGION1,KEBATTN1,2033,0.0
REGION1,ETBMCHPN1,2033,0.0
REGION1,KEBMCHPN1,2033,0.0
REGION1,ZABMCHPN1,2033,0.0
REGION1,BWCOSCPN1,2033,0.0
REGION1,ZACOSCPN1,2033,0.0
REGION1,ETGOCVPN1,2033,0.0
REGION1,KEGOCVPN1,2033,0.0
REGION1,RWNGGCPN1,2033,0.0
REGION1,DZNGCCPN1,2033,0.0
REGION1,MANGCCPN1,2033,0.0
REGION1,TNNGCCPN1,2033,0.0
REGION1,UGNGCCPN1,2033,0.0
REGION1,MZNGGCPN1,2033,0.0
REGION1,NGNGGCPN1,2033,0.0
REGION1,AOSOU1PN1,2033,0.0
REGION1,GASOU1PN1,2033,0.0
REGION1,DZSOU1PN1,2033,0.0
REGION1,MASOU1PN1,2033,0.0
REGION1,TNSOU1PN1,2033,0.0
REGION1,ETSOU1PN1,2033,0.0
REGION1,KESOU1PN1,2033,0.0
REGION1,TZSOU1PN1,2033,0.0
REGION1,BWSOU1PN1,2033,0.0
REGION1,ZASOU1PN1,2033,0.0
REGION1,MAWINDPN1,2033,0.0
REGION1,TNWINDPN1,2033,0.0
REGION1,ETWINDPN1,2033,0.0
REGION1,KEWINDPN1,2033,0.0
REGION1,ZAWINDPN1,2033,0.0
REGION1,CICOSCPN1,2033,0.0
REGION1,EGNULWPN1,2033,0.0
REGION1,SSHYDMSN1,2033,0.0
REGION1,MABATTN1,2033,0.0
REGION1,CGSOU1PN1,2033,0.0
REGION1,DJSOU1PN1,2033,0.0
REGION1,DZWINDPN1,2033,0.0
REGION1,ERSOU1PN1,2033,0.0
REGION1,ERWINDPN1,2033,0.0
REGION1,GHWINDPN1,2033,0.0
REGION1,GQSOU1PN1,2033,0.0
REGION1,GWSOU1PN1,2033,0.0
REGION1,LRSOU1PN1,2033,0.0
REGION1,RWSOU1PN1,2033,0.0
REGION1,SLSOU1PN1,2033,0.0
REGION1,SSSOU1PN1,2033,0.0
REGION1,SZNGCCPN1,2033,0.0
REGION1,SZWINDPN1,2033,0.0
REGION1,TDWINDPN1,2033,0.0
REGION1,TGWINDPN1,2033,0.0
REGION1,TZWINDPN1,2033,0.0
REGION1,ZMSOU1PN1,2033,0.0
REGION1,DZNGCCPH1,2033,0.0
REGION1,DZNGGCPH1,2033,0.0
REGION1,DZSOU1PH1,2033,0.0
REGION1,EGBMCHPH1,2033,0.0
REGION1,EGSOU1PH1,2033,0.0
REGION1,EGWINDPH1,2033,0.0
REGION1,LYNGCCPH1,2033,0.0
REGION1,LYNGGCPH1,2033,0.0
REGION1,LYLFRCPH1,2033,0.0
REGION1,LYHFGCPH1,2033,0.0
REGION1,LYSOU1PH1,2033,0.0
REGION1,MASOU1PH1,2033,0.0
REGION1,MAWINDPH1,2033,0.0
REGION1,SDSOU1PH1,2033,0.0
REGION1,TNNGCCPH1,2033,0.0
REGION1,TNNGGCPH1,2033,0.0
REGION1,TNSOU1PH1,2033,0.0
REGION1,AOSOU1PH1,2033,0.0
REGION1,BJSOU1PH1,2033,0.0
REGION1,BFLFRCPH1,2033,0.0
REGION1,BFHFGCPH1,2033,0.0
REGION1,BFHYDMSH1,2033,0.0
REGION1,BFSOU1PH1,2033,0.0
REGION1,BIHYDMSH1,2033,0.0
REGION1,CMHYDMSH1,2033,0.0
REGION1,CMSOU1PH1,2033,0.0
REGION1,CFSOU1PH1,2033,0.0
REGION1,CINGCCPH1,2033,0.0
REGION1,CINGGCPH1,2033,0.0
REGION1,CISOU1PH1,2033,0.0
REGION1,CDLFRCPH1,2033,0.0
REGION1,CDHFGCPH1,2033,0.0
REGION1,CDHYDMSH1,2033,0.0
REGION1,CDSOU1PH1,2033,0.0
REGION1,DJWINDPH1,2033,0.0
REGION1,ETBMCHPH1,2033,0.0
REGION1,ETHYDMSH1,2033,0.0
REGION1,ETWINDPH1,2033,0.0
REGION1,GHNGCCPH1,2033,0.0
REGION1,GHNGGCPH1,2033,0.0
REGION1,GHSOU1PH1,2033,0.0
REGION1,KEGOCVPH1,2033,0.0
REGION1,KEHYDMSH1,2033,0.0
REGION1,KESOU1PH1,2033,0.0
REGION1,LSSOU1PH1,2033,0.0
REGION1,MWSOU1PH1,2033,0.0
REGION1,MLHYDMSH1,2033,0.0
REGION1,MLSOU1PH1,2033,0.0
REGION1,MRSOU1PH1,2033,0.0
REGION1,MRWINDPH1,2033,0.0
REGION1,MZLFRCPH1,2033,0.0
REGION1,MZHFGCPH1,2033,0.0
REGION1,MZSOU1PH1,2033,0.0
REGION1,NASOU1PH1,2033,0.0
REGION1,NELFRCPH1,2033,0.0
REGION1,NEHFGCPH1,2033,0.0
REGION1,NESOU1PH1,2033,0.0
REGION1,NGNGCCPH1,2033,0.0
REGION1,NGNGGCPH1,2033,0.0
REGION1,NGLFRCPH1,2033,0.0
REGION1,NGHFGCPH1,2033,0.0
REGION1,NGHYDMSH1,2033,0.0
REGION1,NGSOU1PH1,2033,0.0
REGION1,RWCOSCPH1,2033,0.0
REGION1,SNNGCCPH1,2033,0.0
REGION1,SNLFRCPH1,2033,0.0
REGION1,SNHFGCPH1,2033,0.0
REGION1,SNSOU1PH1,2033,0.0
REGION1,ZANULWPH1,2033,0.0
REGION1,ZASOU1PH1,2033,0.0
REGION1,SSWINDPH1,2033,0.0
REGION1,TGSOU1PH1,2033,0.0
REGION1,UGHYDMSH1,2033,0.0
REGION1,TZSOU1PH1,2033,0.0
REGION1,ZMHYDMSH1,2033,0.0
REGION1,ZWSOU1PH1,2033,0.0
REGION1,ZWCOSCPH1,2033,0.0
REGION1,DZLFRCPH1,2033,0.0
REGION1,DZHFGCPH1,2033,0.0
REGION1,DZHYDMSH1,2033,0.0
REGION1,DZSOC1PH1,2033,0.0
REGION1,EGNGCCPH1,2033,0.0
REGION1,EGNGGCPH1,2033,0.0
REGION1,EGLFRCPH1,2033,0.0
REGION1,EGHFGCPH1,2033,0.0
REGION1,EGHYDMSH1,2033,0.0
REGION1,EGSOC1PH1,2033,0.0
REGION1,MACOSCPH1,2033,0.0
REGION1,MALFRCPH1,2033,0.0
REGION1,MAHFGCPH1,2033,0.0
REGION1,MANGCCPH1,2033,0.0
REGION1,MANGGCPH1,2033,0.0
REGION1,MABMCHPH1,2033,0.0
REGION1,MAHYDMSH1,2033,0.0
REGION1,MASOC1PH1,2033,0.0
REGION1,SDLFRCPH1,2033,0.0
REGION1,SDHFGCPH1,2033,0.0
REGION1,SDBMCHPH1,2033,0.0
REGION1,SDHYDMSH1,2033,0.0
REGION1,TNLFRCPH1,2033,0.0
REGION1,TNHFGCPH1,2033,0.0
REGION1,TNHYDMSH1,2033,0.0
REGION1,TNWINDPH1,2033,0.0
REGION1,AONGGCPH1,2033,0.0
REGION1,AOLFRCPH1,2033,0.0
REGION1,AOHFGCPH1,2033,0.0
REGION1,AOBMCHPH1,2033,0.0
REGION1,AOHYDMSH1,2033,0.0
REGION1,BJNGGCPH1,2033,0.0
REGION1,BJLFRCPH1,2033,0.0
REGION1,BJHFGCPH1,2033,0.0
REGION1,BJHYDMSH1,2033,0.0
REGION1,BWCOSCPH1,2033,0.0
REGION1,BWLFRCPH1,2033,0.0
REGION1,BWSOU1PH1,2033,0.0
REGION1,BFBMCHPH1,2033,0.0
REGION1,BILFRCPH1,2033,0.0
REGION1,BISOU1PH1,2033,0.0
REGION1,CMNGGCPH1,2033,0.0
REGION1,CMLFRCPH1,2033,0.0
REGION1,CMHFGCPH1,2033,0.0
REGION1,CFLFRCPH1,2033,0.0
REGION1,CFHYDMSH1,2033,0.0
REGION1,TDNGCCPH1,2033,0.0
REGION1,TDLFRCPH1,2033,0.0
REGION1,TDHFGCPH1,2033,0.0
REGION1,TDBMCHPH1,2033,0.0
REGION1,TDSOU1PH1,2033,0.0
REGION1,CGNGGCPH1,2033,0.0
REGION1,CGLFRCPH1,2033,0.0
REGION1,CGHFGCPH1,2033,0.0
REGION1,CGBMCHPH1,2033,0.0
REGION1,CGHYDMSH1,2033,0.0
REGION1,CILFRCPH1,2033,0.0
REGION1,CIHFGCPH1,2033,0.0
REGION1,CIHYDMSH1,2033,0.0
REGION1,DJLFRCPH1,2033,0.0
REGION1,DJHFGCPH1,2033,0.0
REGION1,GWNGCCPH1,2033,0.0
REGION1,GQNGGCPH1,2033,0.0
REGION1,GQLFRCPH1,2033,0.0
REGION1,GQHFGCPH1,2033,0.0
REGION1,GQHYDMSH1,2033,0.0
REGION1,ERLFRCPH1,2033,0.0
REGION1,ERHFGCPH1,2033,0.0
REGION1,SZLFRCPH1,2033,0.0
REGION1,SZHFGCPH1,2033,0.0
REGION1,SZBMCHPH1,2033,0.0
REGION1,SZHYDMSH1,2033,0.0
REGION1,SZSOU1PH1,2033,0.0
REGION1,ETLFRCPH1,2033,0.0
REGION1,ETGOCVPH1,2033,0.0
REGION1,GANGGCPH1,2033,0.0
REGION1,GALFRCPH1,2033,0.0
REGION1,GAHFGCPH1,2033,0.0
REGION1,GAHYDMSH1,2033,0.0
REGION1,GMLFRCPH1,2033,0.0
REGION1,GMHFGCPH1,2033,0.0
REGION1,GMWINDPH1,2033,0.0
REGION1,GMSOU1PH1,2033,0.0
REGION1,GHLFRCPH1,2033,0.0
REGION1,GHHFGCPH1,2033,0.0
REGION1,GHBMCHPH1,2033,0.0
REGION1,GHHYDMSH1,2033,0.0
REGION1,GNLFRCPH1,2033,0.0
REGION1,GNHFGCPH1,2033,0.0
REGION1,GNHYDMSH1,2033,0.0
REGION1,GNSOU1PH1,2033,0.0
REGION1,GWLFRCPH1,2033,0.0
REGION1,KELFRCPH1,2033,0.0
REGION1,KEHFGCPH1,2033,0.0
REGION1,KEBMCHPH1,2033,0.0
REGION1,KEWINDPH1,2033,0.0
REGION1,LSHYDMSH1,2033,0.0
REGION1,LRLFRCPH1,2033,0.0
REGION1,LRHFGCPH1,2033,0.0
REGION1,LRHYDMSH1,2033,0.0
REGION1,MWLFRCPH1,2033,0.0
REGION1,MWBMCHPH1,2033,0.0
REGION1,MWHYDMSH1,2033,0.0
REGION1,MLLFRCPH1,2033,0.0
REGION1,MLHFGCPH1,2033,0.0
REGION1,MLBMCHPH1,2033,0.0
REGION1,MRNGCCPH1,2033,0.0
REGION1,MRLFRCPH1,2033,0.0
REGION1,MRHFGCPH1,2033,0.0
REGION1,MZNGGCPH1,2033,0.0
REGION1,MZBMCHPH1,2033,0.0
REGION1,MZHYDMSH1,2033,0.0
REGION1,NACOSCPH1,2033,0.0
REGION1,NALFRCPH1,2033,0.0
REGION1,NAHFGCPH1,2033,0.0
REGION1,NABMCHPH1,2033,0.0
REGION1,NAHYDMSH1,2033,0.0
REGION1,NAWINDPH1,2033,0.0
REGION1,NECOSCPH1,2033,0.0
REGION1,NENGCCPH1,2033,0.0
REGION1,NGBMCHPH1,2033,0.0
REGION1,RWWINDPH1,2033,0.0
REGION1,RWNGGCPH1,2033,0.0
REGION1,RWLFRCPH1,2033,0.0
REGION1,RWHFGCPH1,2033,0.0
REGION1,RWBMCHPH1,2033,0.0
REGION1,RWHYDMSH1,2033,0.0
REGION1,SNHYDMSH1,2033,0.0
REGION1,SNCOSCPH1,2033,0.0
REGION1,SNBMCHPH1,2033,0.0
REGION1,SLWINDPH1,2033,0.0
REGION1,SLLFRCPH1,2033,0.0
REGION1,SLHFGCPH1,2033,0.0
REGION1,SLBMCHPH1,2033,0.0
REGION1,SLHYDMSH1,2033,0.0
REGION1,ZACOSCPH1,2033,0.0
REGION1,ZALFRCPH1,2033,0.0
REGION1,ZAHFGCPH1,2033,0.0
REGION1,ZABMCHPH1,2033,0.0
REGION1,ZAHYDMSH1,2033,0.0
REGION1,ZASOC1PH1,2033,0.0
REGION1,SSLFRCPH1,2033,0.0
REGION1,SSHFGCPH1,2033,0.0
REGION1,TGNGCCPH1,2033,0.0
REGION1,TGLFRCPH1,2033,0.0
REGION1,TGHFGCPH1,2033,0.0
REGION1,TGHYDMSH1,2033,0.0
REGION1,UGSOU1PH1,2033,0.0
REGION1,UGLFRCPH1,2033,0.0
REGION1,UGHFGCPH1,2033,0.0
REGION1,UGBMCHPH1,2033,0.0
REGION1,TZNGGCPH1,2033,0.0
REGION1,TZLFRCPH1,2033,0.0
REGION1,TZHFGCPH1,2033,0.0
REGION1,TZBMCHPH1,2033,0.0
REGION1,TZHYDMSH1,2033,0.0
REGION1,ZMWINDPH1,2033,0.0
REGION1,ZMCOSCPH1,2033,0.0
REGION1,ZMLFRCPH1,2033,0.0
REGION1,ZMHFGCPH1,2033,0.0
REGION1,ZMBMCHPH1,2033,0.0
REGION1,ZWLFRCPH1,2033,0.0
REGION1,SNWINDPH1,2033,0.0
REGION1,ZWHYDMSH1,2033,0.0
REGION1,ZWBMCHPH1,2033,0.0
REGION1,SOLFRCPH1,2033,0.0
REGION1,SOSOU1PH1,2033,0.0
REGION1,SOWINDPH1,2033,0.0
REGION1,MAHYDSPH1,2033,0.0
REGION1,ZAHYDSPH1,2033,0.0
REGION1,ATELCZPH1,2033,0.0
REGION1,ATELDEPH1,2033,0.0
REGION1,ATELHUPH1,2033,0.0
REGION1,ATELITPH1,2033,0.0
REGION1,ATELSIPH1,2033,0.0
REGION1,ATELCHPH1,2033,0.0
REGION1,BEELFRPH1,2033,0.0
REGION1,BEELDEPH1,2033,0.0
REGION1,BEELLUPH1,2033,0.0
REGION1,BEELNLPH1,2033,0.0
REGION1,BEELUKPH1,2033,0.0
REGION1,BGELGRPH1,2033,0.0
REGION1,BGELROPH1,2033,0.0
REGION1,CZELDEPH1,2033,0.0
REGION1,CZELPLPH1,2033,0.0
REGION1,CZELSKPH1,2033,0.0
REGION1,HRELHUPH1,2033,0.0
REGION1,HRELSIPH1,2033,0.0
REGION1,DKELNLPH1,2033,0.0
REGION1,DKELNOPH1,2033,0.0
REGION1,DKELSEPH1,2033,0.0
REGION1,DKELUKPH1,2033,0.0
REGION1,EEELFIPH1,2033,0.0
REGION1,EEELLVPH1,2033,0.0
REGION1,FIELNOPH1,2033,0.0
REGION1,FIELSEPH1,2033,0.0
REGION1,FRELITPH1,2033,0.0
REGION1,FRELLUPH1,2033,0.0
REGION1,FRELUKPH1,2033,0.0
REGION1,DEELDKPH1,2033,2.0
REGION1,DEELFRPH1,2033,0.0
REGION1,DEELLUPH1,2033,0.0
REGION1,DEELNLPH1,2033,0.0
REGION1,DEELNOPH1,2033,0.0
REGION1,DEELPLPH1,2033,0.0
REGION1,DEELSEPH1,2033,0.0
REGION1,DEELUKPH1,2033,0.0
REGION1,HUELROPH1,2033,0.0
REGION1,HUELSKPH1,2033,0.0
REGION1,HUELSIPH1,2033,0.0
REGION1,IEELUKPH1,2033,0.0
REGION1,ITELMTPH1,2033,0.0
REGION1,ITELSIPH1,2033,0.0
REGION1,LTELLVPH1,2033,0.0
REGION1,LTELPLPH1,2033,0.0
REGION1,LTELSEPH1,2033,0.0
REGION1,NLELNOPH1,2033,0.0
REGION1,NLELUKPH1,2033,0.0
REGION1,NOELSEPH1,2033,0.0
REGION1,NOELUKPH1,2033,0.0
REGION1,PLELSKPH1,2033,0.0
REGION1,PLELSEPH1,2033,0.0
REGION1,ESELFRPH1,2033,0.0
REGION1,ESELPTPH1,2033,0.0
REGION1,CHELFRPH1,2033,0.0
REGION1,CHELDEPH1,2033,0.0
REGION1,CHELITPH1,2033,0.0
REGION1,GRELITPH1,2033,0.0
REGION1,BGELMKPH1,2033,0.0
REGION1,BGELRSPH1,2033,0.0
REGION1,BGELTRPH1,2033,0.0
REGION1,HRELBAPH1,2033,0.0
REGION1,HRELRSPH1,2033,0.0
REGION1,EEELRUPH1,2033,0.0
REGION1,GRELALPH1,2033,0.0
REGION1,GRELTRPH1,2033,0.0
REGION1,HUELRSPH1,2033,0.0
REGION1,HUELUAPH1,2033,0.0
REGION1,ITELMEPH1,2033,0.0
REGION1,LVELRUPH1,2033,0.0
REGION1,LTELBYPH1,2033,0.0
REGION1,LTELRUPH1,2033,0.0
REGION1,PLELUAPH1,2033,0.0
REGION1,ROELMDPH1,2033,0.0
REGION1,ROELRSPH1,2033,0.0
REGION1,ROELUAPH1,2033,0.0
REGION1,SKELUAPH1,2033,0.0
REGION1,GRELMKPH1,2033,0.0
REGION1,ESELMAPH1,2033,0.0
REGION1,CYELILPH1,2033,0.0
REGION1,SEELLVPH1,2033,0.0
REGION1,BEELDKPH1,2033,0.0
REGION1,ITELTNPH1,2033,0.0
REGION1,GRELEGPH1,2033,0.0
REGION1,ITELDZPH1,2033,0.0
REGION1,MTELTNPH1,2033,0.0
REGION1,ROELGEPH1,2033,0.0
REGION1,ESELITPH1,2033,0.0
REGION1,DEELLVPH1,2033,0.0
REGION1,GRELDEPH1,2033,0.0
REGION1,ITELSAPH1,2033,3.0
REGION1,UKELMAPH1,2033,3.6
REGION1,DEELMAPH1,2033,0.0
REGION1,BIELRWPH1,2033,0.0
REGION1,BWELZAPH1,2033,0.0
REGION1,CDELBIPH1,2033,0.0
REGION1,CDELCGPH1,2033,0.0
REGION1,CDELRWPH1,2033,0.0
REGION1,CDELZMPH1,2033,0.0
REGION1,CIELBFPH1,2033,0.0
REGION1,EGELJOPH1,2033,0.0
REGION1,EGELSDPH1,2033,0.0
REGION1,ETELDJPH1,2033,0.0
REGION1,ETELSDPH1,2033,0.0
REGION1,GHELCIPH1,2033,0.0
REGION1,GHELTGPH1,2033,0.0
REGION1,KEELTZPH1,2033,0.0
REGION1,LSELZAPH1,2033,0.0
REGION1,LYELEGPH1,2033,0.0
REGION1,MAELDZPH1,2033,0.0
REGION1,MZELSZPH1,2033,0.0
REGION1,MZELZAPH1,2033,0.0
REGION1,MZELZWPH1,2033,0.0
REGION1,NGELBJPH1,2033,0.0
REGION1,NGELNEPH1,2033,0.0
REGION1,NAELZAPH1,2033,0.0
REGION1,RWELBIPH1,2033,0.0
REGION1,SNELMLPH1,2033,0.0
REGION1,TGELBJPH1,2033,0.0
REGION1,TNELDZPH1,2033,0.0
REGION1,TZELUGPH1,2033,0.0
REGION1,UGELKEPH1,2033,0.0
REGION1,UGELRWPH1,2033,0.0
REGION1,UGELTZPH1,2033,0.0
REGION1,ZAELSZPH1,2033,0.0
REGION1,ZAELZWPH1,2033,0.0
REGION1,ZMELZWPH1,2033,0.0
REGION1,AOELBWPH1,2033,0.0
REGION1,AOELCDPH1,2033,0.0
REGION1,AOELNAPH1,2033,0.0
REGION1,BFELMLPH1,2033,0.0
REGION1,BWELNAPH1,2033,0.0
REGION1,CDELNAPH1,2033,0.0
REGION1,CDELZAPH1,2033,0.0
REGION1,CGELGAPH1,2033,0.0
REGION1,CMELTDPH1,2033,0.0
REGION1,ETELKEPH1,2033,0.0
REGION1,GAELGQPH1,2033,0.0
REGION1,GHELBFPH1,2033,0.0
REGION1,GMELGWPH1,2033,0.0
REGION1,GQELCMPH1,2033,0.0
REGION1,GWELGNPH1,2033,0.0
REGION1,LRELGNPH1,2033,0.0
REGION1,LRELSLPH1,2033,0.0
REGION1,MLELCIPH1,2033,0.0
REGION1,MWELMZPH1,2033,0.0
REGION1,MWELZMPH1,2033,0.0
REGION1,NAELZWPH1,2033,0.0
REGION1,NEELBFPH1,2033,0.0
REGION1,NEELBJPH1,2033,0.0
REGION1,NEELTGPH1,2033,0.0
REGION1,SLELGNPH1,2033,0.0
REGION1,SNELGMPH1,2033,0.0
REGION1,SNELGNPH1,2033,0.0
REGION1,TGELGHPH1,2033,0.0
REGION1,TZELZMPH1,2033,0.0
REGION1,CIELLRPH1,2033,0.0
REGION1,GNELMLPH1,2033,0.0
REGION1,AOELZMPH1,2033,0.0
REGION1,BFELBJPH1,2033,0.0
REGION1,BFELTGPH1,2033,0.0
REGION1,BIELTZPH1,2033,0.0
REGION1,BJELGHPH1,2033,0.0
REGION1,BWELZMPH1,2033,0.0
REGION1,CDELCFPH1,2033,0.0
REGION1,CDELSDPH1,2033,0.0
REGION1,CDELTZPH1,2033,0.0
REGION1,CDELUGPH1,2033,0.0
REGION1,CFELCGPH1,2033,0.0
REGION1,CFELCMPH1,2033,0.0
REGION1,CFELSDPH1,2033,0.0
REGION1,CFELTDPH1,2033,0.0
REGION1,CGELCMPH1,2033,0.0
REGION1,CIELGNPH1,2033,0.0
REGION1,CMELGAPH1,2033,0.0
REGION1,CMELNGPH1,2033,0.0
REGION1,DJELERPH1,2033,0.0
REGION1,DJELSOPH1,2033,0.0
REGION1,DZELLYPH1,2033,0.0
REGION1,DZELMLPH1,2033,0.0
REGION1,DZELMRPH1,2033,0.0
REGION1,DZELNEPH1,2033,0.0
REGION1,ETELERPH1,2033,0.0
REGION1,ETELSOPH1,2033,0.0
REGION1,GWELSNPH1,2033,0.0
REGION1,KEELSDPH1,2033,0.0
REGION1,KEELSOPH1,2033,0.0
REGION1,LYELNEPH1,2033,0.0
REGION1,LYELSDPH1,2033,0.0
REGION1,LYELTDPH1,2033,0.0
REGION1,LYELTNPH1,2033,0.0
REGION1,MLELMRPH1,2033,0.0
REGION1,MLELNEPH1,2033,0.0
REGION1,MRELSNPH1,2033,0.0
REGION1,MWELTZPH1,2033,0.0
REGION1,MZELTZPH1,2033,0.0
REGION1,MZELZMPH1,2033,0.0
REGION1,NEELTDPH1,2033,0.0
REGION1,NGELTDPH1,2033,0.0
REGION1,RWELTZPH1,2033,0.0
REGION1,SDELERPH1,2033,0.0
REGION1,SDELTDPH1,2033,0.0
REGION1,SDELUGPH1,2033,0.0
REGION1,CYELGRPH1,2033,0.0
REGION1,ALNGGRPI0,2033,0.0
REGION1,ALNGITPI0,2033,0.0
REGION1,ATNGDEPI0,2033,0.0
REGION1,ATNGHUPI0,2033,0.0
REGION1,ATNGITPI0,2033,0.0
REGION1,ATNGSIPI0,2033,0.0
REGION1,ATNGSKPI0,2033,0.0
REGION1,BENGDEPI0,2033,0.0
REGION1,BENGFRPI0,2033,0.0
REGION1,BENGUKPI0,2033,0.0
REGION1,BENGNLPI0,2033,0.0
REGION1,BGNGGRPI0,2033,0.0
REGION1,BGNGROPI0,2033,0.0
REGION1,BYNGLTPI0,2033,0.0
REGION1,CYNGEGPI0,2033,0.0
REGION1,CYNGGRPI0,2033,0.0
REGION1,CZNGDEPI0,2033,0.0
REGION1,CZNGPLPI0,2033,0.0
REGION1,CZNGSKPI0,2033,0.0
REGION1,DENGCHPI0,2033,0.0
REGION1,DENGFRPI0,2033,0.0
REGION1,DENGNLPI0,2033,0.0
REGION1,DENGPLPI0,2033,0.0
REGION1,DKNGDEPI0,2033,0.0
REGION1,DKNGPLPI0,2033,0.0
REGION1,DKNGSEPI0,2033,0.0
REGION1,DZNGESPI0,2033,0.0
REGION1,DZNGITPI0,2033,0.0
REGION1,EENGFIPI0,2033,0.0
REGION1,EENGLVPI0,2033,0.0
REGION1,FRNGCHPI0,2033,0.0
REGION1,FRNGESPI0,2033,0.0
REGION1,GRNGITPI0,2033,0.0
REGION1,HRNGHUPI0,2033,0.0
REGION1,HRNGSIPI0,2033,0.0
REGION1,HUNGROPI0,2033,0.0
REGION1,HUNGSKPI0,2033,0.0
REGION1,IENGUKPI0,2033,0.0
REGION1,ITNGCHPI0,2033,0.0
REGION1,ITNGMTPI0,2033,0.0
REGION1,ITNGSIPI0,2033,0.0
REGION1,LTNGPLPI0,2033,0.0
REGION1,LVNGLTPI0,2033,0.0
REGION1,LYNGITPI0,2033,0.0
REGION1,MANGESPI0,2033,0.0
REGION1,MDNGROPI0,2033,0.0
REGION1,NLNGUKPI0,2033,0.0
REGION1,NONGBEPI0,2033,0.0
REGION1,NONGDEPI0,2033,0.0
REGION1,NONGDKPI0,2033,0.0
REGION1,NONGFRPI0,2033,0.0
REGION1,NONGUKPI0,2033,0.0
REGION1,NONGNLPI0,2033,0.0
REGION1,PLNGSKPI0,2033,0.0
REGION1,PTNGESPI0,2033,0.0
REGION1,RSNGBGPI0,2033,0.0
REGION1,RSNGHUPI0,2033,0.0
REGION1,RSNGROPI0,2033,0.0
REGION1,RUNGEEPI0,2033,0.0
REGION1,RUNGFIPI0,2033,0.0
REGION1,RUNGLVPI0,2033,0.0
REGION1,TRNGBGPI0,2033,0.0
REGION1,TRNGGRPI0,2033,0.0
REGION1,UANGHUPI0,2033,0.0
REGION1,UANGPLPI0,2033,0.0
REGION1,UANGROPI0,2033,0.0
REGION1,UANGSKPI0,2033,0.0
REGION1,BENGLUPI0,2033,0.0
REGION1,NGNGDZPI0,2033,0.0
REGION1,MZNGZAPI0,2033,0.0
REGION1,NGNGLYPI0,2033,0.0
REGION1,ETNGDJPI0,2033,0.0
REGION1,NGNGGQPI0,2033,0.0
REGION1,TZNGKEPI0,2033,0.0
REGION1,NGNGMAPI0,2033,0.0
REGION1,NGNGBJPI0,2033,0.0
REGION1,NGNGGHPI0,2033,0.0
REGION1,NGNGNEPI0,2033,0.0
REGION1,NGNGTGPI0,2033,0.0
REGION1,NGNGTNPI0,2033,0.0
REGION1,DZNGMAPI0,2033,0.0
REGION1,BELG00I00,2034,0.0
REGION1,HRLG00I00,2034,0.0
REGION1,CYLG00I00,2034,0.0
REGION1,FRLG00I00,2034,0.0
REGION1,FILG00I00,2034,0.0
REGION1,DELG00I00,2034,0.0
REGION1,GRLG00I00,2034,0.0
REGION1,ITLG00I00,2034,0.0
REGION1,LVLG00I00,2034,0.0
REGION1,LTLG00I00,2034,0.0
REGION1,MTLG00I00,2034,0.0
REGION1,NLLG00I00,2034,0.0
REGION1,PLLG00I00,2034,0.0
REGION1,ESLG00I00,2034,0.0
REGION1,UKLG00I00,2034,0.0
REGION1,PTLG00I00,2034,0.0
REGION1,BENUG2PN1,2034,0.0
REGION1,BGNUG2PN1,2034,0.0
REGION1,CZNUG2PN1,2034,0.0
REGION1,DENUG2PN1,2034,0.0
REGION1,ESNUG2PN1,2034,0.0
REGION1,FINUG2PN1,2034,0.0
REGION1,FRNUG2PN1,2034,0.0
REGION1,HUNUG2PN1,2034,0.0
REGION1,NLNUG2PN1,2034,0.0
REGION1,RONUG2PN1,2034,0.0
REGION1,SENUG2PN1,2034,0.0
REGION1,SINUG2PN1,2034,0.0
REGION1,SKNUG2PN1,2034,0.0
REGION1,CHNUG2PN1,2034,0.0
REGION1,UKNUG2PN1,2034,0.0
REGION1,ATHYDSPN1,2034,0.0
REGION1,BEHYDSPN1,2034,0.0
REGION1,BGHYDSPN1,2034,0.0
REGION1,CZHYDSPN1,2034,0.0
REGION1,DEHYDSPN1,2034,0.0
REGION1,GRHYDSPN1,2034,0.0
REGION1,ESHYDSPN1,2034,0.0
REGION1,FRHYDSPN1,2034,0.0
REGION1,HRHYDSPN1,2034,0.0
REGION1,IEHYDSPN1,2034,0.0
REGION1,ITHYDSPN1,2034,0.0
REGION1,LTHYDSPN1,2034,0.0
REGION1,LUHYDSPN1,2034,0.0
REGION1,PLHYDSPN1,2034,0.0
REGION1,PTHYDSPN1,2034,0.0
REGION1,ROHYDSPN1,2034,0.0
REGION1,SEHYDSPN1,2034,0.0
REGION1,SIHYDSPN1,2034,0.0
REGION1,SKHYDSPN1,2034,0.0
REGION1,CHHYDSPN1,2034,0.0
REGION1,UKHYDSPN1,2034,0.0
REGION1,ATHYDMPN1,2034,0.5
REGION1,ATHYDRPN1,2034,0.097
REGION1,BEHYDMPN1,2034,0.0
REGION1,BEHYDRPN1,2034,0.0
REGION1,BGHYDMPN1,2034,0.0
REGION1,BGHYDRPN1,2034,0.84
REGION1,CZHYDRPN1,2034,0.0
REGION1,CZHYDMPN1,2034,0.0
REGION1,DEHYDMPN1,2034,0.0
REGION1,DEHYDRPN1,2034,0.0
REGION1,DKHYDRPN1,2034,0.0
REGION1,DKHYDMPN1,2034,0.0
REGION1,EEHYDRPN1,2034,0.0
REGION1,GRHYDMPN1,2034,0.211
REGION1,GRHYDRPN1,2034,0.0
REGION1,ESHYDMPN1,2034,0.086
REGION1,ESHYDRPN1,2034,0.0
REGION1,FIHYDMPN1,2034,0.0
REGION1,FIHYDRPN1,2034,0.0
REGION1,FRHYDMPN1,2034,0.0
REGION1,FRHYDRPN1,2034,0.0
REGION1,HRHYDMPN1,2034,0.0
REGION1,HRHYDRPN1,2034,0.0
REGION1,HUHYDMPN1,2034,0.0
REGION1,HUHYDRPN1,2034,0.0
REGION1,IEHYDMPN1,2034,0.0
REGION1,IEHYDRPN1,2034,0.0
REGION1,ITHYDMPN1,2034,0.0
REGION1,ITHYDRPN1,2034,0.0
REGION1,LTHYDRPN1,2034,0.0
REGION1,LUHYDRPN1,2034,0.0
REGION1,LVHYDMPN1,2034,0.0
REGION1,LVHYDRPN1,2034,0.0
REGION1,NLHYDRPN1,2034,0.0
REGION1,PLHYDMPN1,2034,0.08
REGION1,PLHYDRPN1,2034,0.0
REGION1,PTHYDMPN1,2034,0.0
REGION1,PTHYDRPN1,2034,0.0
REGION1,ROHYDMPN1,2034,0.0
REGION1,ROHYDRPN1,2034,0.0
REGION1,SEHYDMPN1,2034,0.0
REGION1,SEHYDRPN1,2034,0.0
REGION1,SIHYDMPN1,2034,0.0
REGION1,SIHYDRPN1,2034,0.0
REGION1,SKHYDMPN1,2034,0.0
REGION1,SKHYDRPN1,2034,0.0
REGION1,NOHYDRPN1,2034,0.047
REGION1,NOHYDMPN1,2034,0.083
REGION1,CHHYDRPN1,2034,0.0
REGION1,CHHYDMPN1,2034,0.198
REGION1,UKHYDMPN1,2034,0.0
REGION1,UKHYDRPN1,2034,0.0
REGION1,EGLG00I00,2034,0.0
REGION1,GHLG00I00,2034,0.0
REGION1,MALG00I00,2034,0.0
REGION1,MZLG00I00,2034,0.0
REGION1,SNLG00I00,2034,0.0
REGION1,ZALG00I00,2034,0.0
REGION1,DZLG00E00,2034,0.0
REGION1,NGLG00E00,2034,0.0
REGION1,EGLG00E00,2034,0.0
REGION1,AOLG00E00,2034,0.0
REGION1,GQLG00E00,2034,0.0
REGION1,MZLG00E00,2034,0.0
REGION1,CGLG00E00,2034,0.0
REGION1,GALG00E00,2034,0.0
REGION1,MRLG00E00,2034,0.0
REGION1,SNLG00E00,2034,0.0
REGION1,TZLG00E00,2034,0.0
REGION1,BFHYDMSN1,2034,0.0
REGION1,BIHYDMSN1,2034,0.0
REGION1,CMHYDMSN1,2034,0.355
REGION1,CDHYDMSN1,2034,5.088
REGION1,ETHYDMSN1,2034,1.163
REGION1,KEHYDMSN1,2034,0.09
REGION1,MLHYDMSN1,2034,0.0
REGION1,NGHYDMSN1,2034,5.707
REGION1,UGHYDMSN1,2034,0.84
REGION1,ZMHYDMSN1,2034,2.5629999999999997
REGION1,DZHYDMSN1,2034,0.0
REGION1,EGHYDMSN1,2034,0.0
REGION1,MAHYDMSN1,2034,0.0
REGION1,SDHYDMSN1,2034,0.0
REGION1,TNHYDMSN1,2034,0.0
REGION1,AOHYDMSN1,2034,0.0
REGION1,BJHYDMSN1,2034,0.0
REGION1,CFHYDMSN1,2034,0.18
REGION1,CGHYDMSN1,2034,0.0
REGION1,CIHYDMSN1,2034,0.0
REGION1,GQHYDMSN1,2034,0.0
REGION1,SZHYDMSN1,2034,0.0
REGION1,GAHYDMSN1,2034,0.7709999999999999
REGION1,GHHYDMSN1,2034,0.0
REGION1,GNHYDMSN1,2034,0.09
REGION1,LSHYDMSN1,2034,0.0
REGION1,LRHYDMSN1,2034,0.12
REGION1,MWHYDMSN1,2034,0.39
REGION1,MZHYDMSN1,2034,0.12
REGION1,NAHYDMSN1,2034,0.0
REGION1,RWHYDMSN1,2034,0.0
REGION1,SNHYDMSN1,2034,0.0
REGION1,SLHYDMSN1,2034,0.055
REGION1,ZAHYDMSN1,2034,0.0
REGION1,TGHYDMSN1,2034,0.0
REGION1,TZHYDMSN1,2034,0.358
REGION1,ZWHYDMSN1,2034,0.0
REGION1,MAHYDSPN1,2034,0.0
REGION1,ZAHYDSPN1,2034,0.0
REGION1,KEBATTN1,2034,0.25
REGION1,ETBMCHPN1,2034,0.0
REGION1,KEBMCHPN1,2034,0.0
REGION1,ZABMCHPN1,2034,0.0
REGION1,BWCOSCPN1,2034,0.0
REGION1,ZACOSCPN1,2034,0.0
REGION1,ETGOCVPN1,2034,0.0
REGION1,KEGOCVPN1,2034,0.0
REGION1,RWNGGCPN1,2034,0.0
REGION1,DZNGCCPN1,2034,0.0
REGION1,MANGCCPN1,2034,0.0
REGION1,TNNGCCPN1,2034,0.0
REGION1,UGNGCCPN1,2034,0.0
REGION1,MZNGGCPN1,2034,0.0
REGION1,NGNGGCPN1,2034,0.0
REGION1,AOSOU1PN1,2034,0.0
REGION1,GASOU1PN1,2034,0.0
REGION1,DZSOU1PN1,2034,0.0
REGION1,MASOU1PN1,2034,0.0
REGION1,TNSOU1PN1,2034,0.0
REGION1,ETSOU1PN1,2034,0.0
REGION1,KESOU1PN1,2034,0.0
REGION1,TZSOU1PN1,2034,0.0
REGION1,BWSOU1PN1,2034,0.0
REGION1,ZASOU1PN1,2034,0.0
REGION1,MAWINDPN1,2034,0.0
REGION1,TNWINDPN1,2034,0.0
REGION1,ETWINDPN1,2034,0.0
REGION1,KEWINDPN1,2034,0.0
REGION1,ZAWINDPN1,2034,0.0
REGION1,CICOSCPN1,2034,0.0
REGION1,EGNULWPN1,2034,0.0
REGION1,SSHYDMSN1,2034,0.0
REGION1,MABATTN1,2034,0.0
REGION1,CGSOU1PN1,2034,0.0
REGION1,DJSOU1PN1,2034,0.0
REGION1,DZWINDPN1,2034,0.0
REGION1,ERSOU1PN1,2034,0.0
REGION1,ERWINDPN1,2034,0.0
REGION1,GHWINDPN1,2034,0.0
REGION1,GQSOU1PN1,2034,0.0
REGION1,GWSOU1PN1,2034,0.0
REGION1,LRSOU1PN1,2034,0.0
REGION1,RWSOU1PN1,2034,0.0
REGION1,SLSOU1PN1,2034,0.0
REGION1,SSSOU1PN1,2034,0.0
REGION1,SZNGCCPN1,2034,0.0
REGION1,SZWINDPN1,2034,0.0
REGION1,TDWINDPN1,2034,0.0
REGION1,TGWINDPN1,2034,0.0
REGION1,TZWINDPN1,2034,0.0
REGION1,ZMSOU1PN1,2034,0.0
REGION1,DZNGCCPH1,2034,0.0
REGION1,DZNGGCPH1,2034,0.0
REGION1,DZSOU1PH1,2034,0.0
REGION1,EGBMCHPH1,2034,0.0
REGION1,EGSOU1PH1,2034,0.0
REGION1,EGWINDPH1,2034,0.0
REGION1,LYNGCCPH1,2034,0.0
REGION1,LYNGGCPH1,2034,0.0
REGION1,LYLFRCPH1,2034,0.0
REGION1,LYHFGCPH1,2034,0.0
REGION1,LYSOU1PH1,2034,0.0
REGION1,MASOU1PH1,2034,0.0
REGION1,MAWINDPH1,2034,0.0
REGION1,SDSOU1PH1,2034,0.0
REGION1,TNNGCCPH1,2034,0.0
REGION1,TNNGGCPH1,2034,0.0
REGION1,TNSOU1PH1,2034,0.0
REGION1,AOSOU1PH1,2034,0.0
REGION1,BJSOU1PH1,2034,0.0
REGION1,BFLFRCPH1,2034,0.0
REGION1,BFHFGCPH1,2034,0.0
REGION1,BFHYDMSH1,2034,0.0
REGION1,BFSOU1PH1,2034,0.0
REGION1,BIHYDMSH1,2034,0.0
REGION1,CMHYDMSH1,2034,0.0
REGION1,CMSOU1PH1,2034,0.0
REGION1,CFSOU1PH1,2034,0.0
REGION1,CINGCCPH1,2034,0.0
REGION1,CINGGCPH1,2034,0.0
REGION1,CISOU1PH1,2034,0.0
REGION1,CDLFRCPH1,2034,0.0
REGION1,CDHFGCPH1,2034,0.0
REGION1,CDHYDMSH1,2034,0.0
REGION1,CDSOU1PH1,2034,0.0
REGION1,DJWINDPH1,2034,0.0
REGION1,ETBMCHPH1,2034,0.0
REGION1,ETHYDMSH1,2034,0.0
REGION1,ETWINDPH1,2034,0.0
REGION1,GHNGCCPH1,2034,0.0
REGION1,GHNGGCPH1,2034,0.0
REGION1,GHSOU1PH1,2034,0.0
REGION1,KEGOCVPH1,2034,0.0
REGION1,KEHYDMSH1,2034,0.0
REGION1,KESOU1PH1,2034,0.0
REGION1,LSSOU1PH1,2034,0.0
REGION1,MWSOU1PH1,2034,0.0
REGION1,MLHYDMSH1,2034,0.0
REGION1,MLSOU1PH1,2034,0.0
REGION1,MRSOU1PH1,2034,0.0
REGION1,MRWINDPH1,2034,0.0
REGION1,MZLFRCPH1,2034,0.0
REGION1,MZHFGCPH1,2034,0.0
REGION1,MZSOU1PH1,2034,0.0
REGION1,NASOU1PH1,2034,0.0
REGION1,NELFRCPH1,2034,0.0
REGION1,NEHFGCPH1,2034,0.0
REGION1,NESOU1PH1,2034,0.0
REGION1,NGNGCCPH1,2034,0.0
REGION1,NGNGGCPH1,2034,0.0
REGION1,NGLFRCPH1,2034,0.0
REGION1,NGHFGCPH1,2034,0.0
REGION1,NGHYDMSH1,2034,0.0
REGION1,NGSOU1PH1,2034,0.0
REGION1,RWCOSCPH1,2034,0.0
REGION1,SNNGCCPH1,2034,0.0
REGION1,SNLFRCPH1,2034,0.0
REGION1,SNHFGCPH1,2034,0.0
REGION1,SNSOU1PH1,2034,0.0
REGION1,ZANULWPH1,2034,0.0
REGION1,ZASOU1PH1,2034,0.0
REGION1,SSWINDPH1,2034,0.0
REGION1,TGSOU1PH1,2034,0.0
REGION1,UGHYDMSH1,2034,0.0
REGION1,TZSOU1PH1,2034,0.0
REGION1,ZMHYDMSH1,2034,0.0
REGION1,ZWSOU1PH1,2034,0.0
REGION1,ZWCOSCPH1,2034,0.0
REGION1,DZLFRCPH1,2034,0.0
REGION1,DZHFGCPH1,2034,0.0
REGION1,DZHYDMSH1,2034,0.0
REGION1,DZSOC1PH1,2034,0.0
REGION1,EGNGCCPH1,2034,0.0
REGION1,EGNGGCPH1,2034,0.0
REGION1,EGLFRCPH1,2034,0.0
REGION1,EGHFGCPH1,2034,0.0
REGION1,EGHYDMSH1,2034,0.0
REGION1,EGSOC1PH1,2034,0.0
REGION1,MACOSCPH1,2034,0.0
REGION1,MALFRCPH1,2034,0.0
REGION1,MAHFGCPH1,2034,0.0
REGION1,MANGCCPH1,2034,0.0
REGION1,MANGGCPH1,2034,0.0
REGION1,MABMCHPH1,2034,0.0
REGION1,MAHYDMSH1,2034,0.0
REGION1,MASOC1PH1,2034,0.0
REGION1,SDLFRCPH1,2034,0.0
REGION1,SDHFGCPH1,2034,0.0
REGION1,SDBMCHPH1,2034,0.0
REGION1,SDHYDMSH1,2034,0.0
REGION1,TNLFRCPH1,2034,0.0
REGION1,TNHFGCPH1,2034,0.0
REGION1,TNHYDMSH1,2034,0.0
REGION1,TNWINDPH1,2034,0.0
REGION1,AONGGCPH1,2034,0.0
REGION1,AOLFRCPH1,2034,0.0
REGION1,AOHFGCPH1,2034,0.0
REGION1,AOBMCHPH1,2034,0.0
REGION1,AOHYDMSH1,2034,0.0
REGION1,BJNGGCPH1,2034,0.0
REGION1,BJLFRCPH1,2034,0.0
REGION1,BJHFGCPH1,2034,0.0
REGION1,BJHYDMSH1,2034,0.0
REGION1,BWCOSCPH1,2034,0.0
REGION1,BWLFRCPH1,2034,0.0
REGION1,BWSOU1PH1,2034,0.0
REGION1,BFBMCHPH1,2034,0.0
REGION1,BILFRCPH1,2034,0.0
REGION1,BISOU1PH1,2034,0.0
REGION1,CMNGGCPH1,2034,0.0
REGION1,CMLFRCPH1,2034,0.0
REGION1,CMHFGCPH1,2034,0.0
REGION1,CFLFRCPH1,2034,0.0
REGION1,CFHYDMSH1,2034,0.0
REGION1,TDNGCCPH1,2034,0.0
REGION1,TDLFRCPH1,2034,0.0
REGION1,TDHFGCPH1,2034,0.0
REGION1,TDBMCHPH1,2034,0.0
REGION1,TDSOU1PH1,2034,0.0
REGION1,CGNGGCPH1,2034,0.0
REGION1,CGLFRCPH1,2034,0.0
REGION1,CGHFGCPH1,2034,0.0
REGION1,CGBMCHPH1,2034,0.0
REGION1,CGHYDMSH1,2034,0.0
REGION1,CILFRCPH1,2034,0.0
REGION1,CIHFGCPH1,2034,0.0
REGION1,CIHYDMSH1,2034,0.0
REGION1,DJLFRCPH1,2034,0.0
REGION1,DJHFGCPH1,2034,0.0
REGION1,GWNGCCPH1,2034,0.0
REGION1,GQNGGCPH1,2034,0.0
REGION1,GQLFRCPH1,2034,0.0
REGION1,GQHFGCPH1,2034,0.0
REGION1,GQHYDMSH1,2034,0.0
REGION1,ERLFRCPH1,2034,0.0
REGION1,ERHFGCPH1,2034,0.0
REGION1,SZLFRCPH1,2034,0.0
REGION1,SZHFGCPH1,2034,0.0
REGION1,SZBMCHPH1,2034,0.0
REGION1,SZHYDMSH1,2034,0.0
REGION1,SZSOU1PH1,2034,0.0
REGION1,ETLFRCPH1,2034,0.0
REGION1,ETGOCVPH1,2034,0.0
REGION1,GANGGCPH1,2034,0.0
REGION1,GALFRCPH1,2034,0.0
REGION1,GAHFGCPH1,2034,0.0
REGION1,GAHYDMSH1,2034,0.0
REGION1,GMLFRCPH1,2034,0.0
REGION1,GMHFGCPH1,2034,0.0
REGION1,GMWINDPH1,2034,0.0
REGION1,GMSOU1PH1,2034,0.0
REGION1,GHLFRCPH1,2034,0.0
REGION1,GHHFGCPH1,2034,0.0
REGION1,GHBMCHPH1,2034,0.0
REGION1,GHHYDMSH1,2034,0.0
REGION1,GNLFRCPH1,2034,0.0
REGION1,GNHFGCPH1,2034,0.0
REGION1,GNHYDMSH1,2034,0.0
REGION1,GNSOU1PH1,2034,0.0
REGION1,GWLFRCPH1,2034,0.0
REGION1,KELFRCPH1,2034,0.0
REGION1,KEHFGCPH1,2034,0.0
REGION1,KEBMCHPH1,2034,0.0
REGION1,KEWINDPH1,2034,0.0
REGION1,LSHYDMSH1,2034,0.0
REGION1,LRLFRCPH1,2034,0.0
REGION1,LRHFGCPH1,2034,0.0
REGION1,LRHYDMSH1,2034,0.0
REGION1,MWLFRCPH1,2034,0.0
REGION1,MWBMCHPH1,2034,0.0
REGION1,MWHYDMSH1,2034,0.0
REGION1,MLLFRCPH1,2034,0.0
REGION1,MLHFGCPH1,2034,0.0
REGION1,MLBMCHPH1,2034,0.0
REGION1,MRNGCCPH1,2034,0.0
REGION1,MRLFRCPH1,2034,0.0
REGION1,MRHFGCPH1,2034,0.0
REGION1,MZNGGCPH1,2034,0.0
REGION1,MZBMCHPH1,2034,0.0
REGION1,MZHYDMSH1,2034,0.0
REGION1,NACOSCPH1,2034,0.0
REGION1,NALFRCPH1,2034,0.0
REGION1,NAHFGCPH1,2034,0.0
REGION1,NABMCHPH1,2034,0.0
REGION1,NAHYDMSH1,2034,0.0
REGION1,NAWINDPH1,2034,0.0
REGION1,NECOSCPH1,2034,0.0
REGION1,NENGCCPH1,2034,0.0
REGION1,NGBMCHPH1,2034,0.0
REGION1,RWWINDPH1,2034,0.0
REGION1,RWNGGCPH1,2034,0.0
REGION1,RWLFRCPH1,2034,0.0
REGION1,RWHFGCPH1,2034,0.0
REGION1,RWBMCHPH1,2034,0.0
REGION1,RWHYDMSH1,2034,0.0
REGION1,SNHYDMSH1,2034,0.0
REGION1,SNCOSCPH1,2034,0.0
REGION1,SNBMCHPH1,2034,0.0
REGION1,SLWINDPH1,2034,0.0
REGION1,SLLFRCPH1,2034,0.0
REGION1,SLHFGCPH1,2034,0.0
REGION1,SLBMCHPH1,2034,0.0
REGION1,SLHYDMSH1,2034,0.0
REGION1,ZACOSCPH1,2034,0.0
REGION1,ZALFRCPH1,2034,0.0
REGION1,ZAHFGCPH1,2034,0.0
REGION1,ZABMCHPH1,2034,0.0
REGION1,ZAHYDMSH1,2034,0.0
REGION1,ZASOC1PH1,2034,0.0
REGION1,SSLFRCPH1,2034,0.0
REGION1,SSHFGCPH1,2034,0.0
REGION1,TGNGCCPH1,2034,0.0
REGION1,TGLFRCPH1,2034,0.0
REGION1,TGHFGCPH1,2034,0.0
REGION1,TGHYDMSH1,2034,0.0
REGION1,UGSOU1PH1,2034,0.0
REGION1,UGLFRCPH1,2034,0.0
REGION1,UGHFGCPH1,2034,0.0
REGION1,UGBMCHPH1,2034,0.0
REGION1,TZNGGCPH1,2034,0.0
REGION1,TZLFRCPH1,2034,0.0
REGION1,TZHFGCPH1,2034,0.0
REGION1,TZBMCHPH1,2034,0.0
REGION1,TZHYDMSH1,2034,0.0
REGION1,ZMWINDPH1,2034,0.0
REGION1,ZMCOSCPH1,2034,0.0
REGION1,ZMLFRCPH1,2034,0.0
REGION1,ZMHFGCPH1,2034,0.0
REGION1,ZMBMCHPH1,2034,0.0
REGION1,ZWLFRCPH1,2034,0.0
REGION1,SNWINDPH1,2034,0.0
REGION1,ZWHYDMSH1,2034,0.0
REGION1,ZWBMCHPH1,2034,0.0
REGION1,SOLFRCPH1,2034,0.0
REGION1,SOSOU1PH1,2034,0.0
REGION1,SOWINDPH1,2034,0.0
REGION1,MAHYDSPH1,2034,0.0
REGION1,ZAHYDSPH1,2034,0.0
REGION1,ATELCZPH1,2034,0.0
REGION1,ATELDEPH1,2034,0.0
REGION1,ATELHUPH1,2034,0.0
REGION1,ATELITPH1,2034,0.0
REGION1,ATELSIPH1,2034,0.0
REGION1,ATELCHPH1,2034,0.0
REGION1,BEELFRPH1,2034,0.0
REGION1,BEELDEPH1,2034,0.0
REGION1,BEELLUPH1,2034,0.0
REGION1,BEELNLPH1,2034,0.0
REGION1,BEELUKPH1,2034,0.0
REGION1,BGELGRPH1,2034,0.0
REGION1,BGELROPH1,2034,0.0
REGION1,CZELDEPH1,2034,0.0
REGION1,CZELPLPH1,2034,0.0
REGION1,CZELSKPH1,2034,0.0
REGION1,HRELHUPH1,2034,0.0
REGION1,HRELSIPH1,2034,0.0
REGION1,DKELNLPH1,2034,0.0
REGION1,DKELNOPH1,2034,0.0
REGION1,DKELSEPH1,2034,0.0
REGION1,DKELUKPH1,2034,0.0
REGION1,EEELFIPH1,2034,0.0
REGION1,EEELLVPH1,2034,0.0
REGION1,FIELNOPH1,2034,0.0
REGION1,FIELSEPH1,2034,0.0
REGION1,FRELITPH1,2034,0.0
REGION1,FRELLUPH1,2034,0.0
REGION1,FRELUKPH1,2034,0.0
REGION1,DEELDKPH1,2034,0.0
REGION1,DEELFRPH1,2034,0.0
REGION1,DEELLUPH1,2034,0.0
REGION1,DEELNLPH1,2034,0.0
REGION1,DEELNOPH1,2034,0.0
REGION1,DEELPLPH1,2034,0.0
REGION1,DEELSEPH1,2034,0.0
REGION1,DEELUKPH1,2034,0.0
REGION1,HUELROPH1,2034,0.0
REGION1,HUELSKPH1,2034,0.0
REGION1,HUELSIPH1,2034,0.0
REGION1,IEELUKPH1,2034,0.0
REGION1,ITELMTPH1,2034,0.0
REGION1,ITELSIPH1,2034,0.0
REGION1,LTELLVPH1,2034,0.0
REGION1,LTELPLPH1,2034,0.0
REGION1,LTELSEPH1,2034,0.0
REGION1,NLELNOPH1,2034,0.0
REGION1,NLELUKPH1,2034,0.0
REGION1,NOELSEPH1,2034,0.0
REGION1,NOELUKPH1,2034,0.0
REGION1,PLELSKPH1,2034,0.0
REGION1,PLELSEPH1,2034,0.0
REGION1,ESELFRPH1,2034,0.0
REGION1,ESELPTPH1,2034,0.0
REGION1,CHELFRPH1,2034,0.0
REGION1,CHELDEPH1,2034,0.0
REGION1,CHELITPH1,2034,0.0
REGION1,GRELITPH1,2034,0.0
REGION1,BGELMKPH1,2034,0.0
REGION1,BGELRSPH1,2034,0.0
REGION1,BGELTRPH1,2034,0.0
REGION1,HRELBAPH1,2034,0.0
REGION1,HRELRSPH1,2034,0.0
REGION1,EEELRUPH1,2034,0.0
REGION1,GRELALPH1,2034,0.0
REGION1,GRELTRPH1,2034,0.0
REGION1,HUELRSPH1,2034,0.0
REGION1,HUELUAPH1,2034,0.0
REGION1,ITELMEPH1,2034,0.0
REGION1,LVELRUPH1,2034,0.0
REGION1,LTELBYPH1,2034,0.0
REGION1,LTELRUPH1,2034,0.0
REGION1,PLELUAPH1,2034,0.0
REGION1,ROELMDPH1,2034,0.0
REGION1,ROELRSPH1,2034,0.0
REGION1,ROELUAPH1,2034,0.0
REGION1,SKELUAPH1,2034,0.0
REGION1,GRELMKPH1,2034,0.0
REGION1,ESELMAPH1,2034,0.0
REGION1,CYELILPH1,2034,0.0
REGION1,SEELLVPH1,2034,0.0
REGION1,BEELDKPH1,2034,0.0
REGION1,ITELTNPH1,2034,2.0
REGION1,GRELEGPH1,2034,0.0
REGION1,ITELDZPH1,2034,0.0
REGION1,MTELTNPH1,2034,0.0
REGION1,ROELGEPH1,2034,0.0
REGION1,ESELITPH1,2034,0.0
REGION1,DEELLVPH1,2034,0.0
REGION1,GRELDEPH1,2034,0.0
REGION1,ITELSAPH1,2034,0.0
REGION1,UKELMAPH1,2034,0.0
REGION1,DEELMAPH1,2034,0.0
REGION1,BIELRWPH1,2034,0.0
REGION1,BWELZAPH1,2034,0.0
REGION1,CDELBIPH1,2034,0.0
REGION1,CDELCGPH1,2034,0.0
REGION1,CDELRWPH1,2034,0.0
REGION1,CDELZMPH1,2034,0.0
REGION1,CIELBFPH1,2034,0.0
REGION1,EGELJOPH1,2034,0.0
REGION1,EGELSDPH1,2034,0.0
REGION1,ETELDJPH1,2034,0.0
REGION1,ETELSDPH1,2034,0.0
REGION1,GHELCIPH1,2034,0.0
REGION1,GHELTGPH1,2034,0.0
REGION1,KEELTZPH1,2034,0.0
REGION1,LSELZAPH1,2034,0.0
REGION1,LYELEGPH1,2034,0.0
REGION1,MAELDZPH1,2034,0.0
REGION1,MZELSZPH1,2034,0.0
REGION1,MZELZAPH1,2034,0.0
REGION1,MZELZWPH1,2034,0.0
REGION1,NGELBJPH1,2034,0.0
REGION1,NGELNEPH1,2034,0.0
REGION1,NAELZAPH1,2034,0.0
REGION1,RWELBIPH1,2034,0.0
REGION1,SNELMLPH1,2034,0.0
REGION1,TGELBJPH1,2034,0.0
REGION1,TNELDZPH1,2034,0.0
REGION1,TZELUGPH1,2034,0.0
REGION1,UGELKEPH1,2034,0.0
REGION1,UGELRWPH1,2034,0.0
REGION1,UGELTZPH1,2034,0.0
REGION1,ZAELSZPH1,2034,0.0
REGION1,ZAELZWPH1,2034,0.0
REGION1,ZMELZWPH1,2034,0.0
REGION1,AOELBWPH1,2034,0.0
REGION1,AOELCDPH1,2034,0.0
REGION1,AOELNAPH1,2034,0.0
REGION1,BFELMLPH1,2034,0.0
REGION1,BWELNAPH1,2034,0.0
REGION1,CDELNAPH1,2034,0.0
REGION1,CDELZAPH1,2034,0.0
REGION1,CGELGAPH1,2034,0.0
REGION1,CMELTDPH1,2034,0.0
REGION1,ETELKEPH1,2034,0.0
REGION1,GAELGQPH1,2034,0.0
REGION1,GHELBFPH1,2034,0.0
REGION1,GMELGWPH1,2034,0.0
REGION1,GQELCMPH1,2034,0.0
REGION1,GWELGNPH1,2034,0.0
REGION1,LRELGNPH1,2034,0.0
REGION1,LRELSLPH1,2034,0.0
REGION1,MLELCIPH1,2034,0.0
REGION1,MWELMZPH1,2034,0.0
REGION1,MWELZMPH1,2034,0.0
REGION1,NAELZWPH1,2034,0.0
REGION1,NEELBFPH1,2034,0.0
REGION1,NEELBJPH1,2034,0.0
REGION1,NEELTGPH1,2034,0.0
REGION1,SLELGNPH1,2034,0.0
REGION1,SNELGMPH1,2034,0.0
REGION1,SNELGNPH1,2034,0.0
REGION1,TGELGHPH1,2034,0.0
REGION1,TZELZMPH1,2034,0.0
REGION1,CIELLRPH1,2034,0.0
REGION1,GNELMLPH1,2034,0.0
REGION1,AOELZMPH1,2034,0.0
REGION1,BFELBJPH1,2034,0.0
REGION1,BFELTGPH1,2034,0.0
REGION1,BIELTZPH1,2034,0.0
REGION1,BJELGHPH1,2034,0.0
REGION1,BWELZMPH1,2034,0.0
REGION1,CDELCFPH1,2034,0.0
REGION1,CDELSDPH1,2034,0.0
REGION1,CDELTZPH1,2034,0.0
REGION1,CDELUGPH1,2034,0.0
REGION1,CFELCGPH1,2034,0.0
REGION1,CFELCMPH1,2034,0.0
REGION1,CFELSDPH1,2034,0.0
REGION1,CFELTDPH1,2034,0.0
REGION1,CGELCMPH1,2034,0.0
REGION1,CIELGNPH1,2034,0.0
REGION1,CMELGAPH1,2034,0.0
REGION1,CMELNGPH1,2034,0.0
REGION1,DJELERPH1,2034,0.0
REGION1,DJELSOPH1,2034,0.0
REGION1,DZELLYPH1,2034,0.0
REGION1,DZELMLPH1,2034,0.0
REGION1,DZELMRPH1,2034,0.0
REGION1,DZELNEPH1,2034,0.0
REGION1,ETELERPH1,2034,0.0
REGION1,ETELSOPH1,2034,0.0
REGION1,GWELSNPH1,2034,0.0
REGION1,KEELSDPH1,2034,0.0
REGION1,KEELSOPH1,2034,0.0
REGION1,LYELNEPH1,2034,0.0
REGION1,LYELSDPH1,2034,0.0
REGION1,LYELTDPH1,2034,0.0
REGION1,LYELTNPH1,2034,0.0
REGION1,MLELMRPH1,2034,0.0
REGION1,MLELNEPH1,2034,0.0
REGION1,MRELSNPH1,2034,0.0
REGION1,MWELTZPH1,2034,0.0
REGION1,MZELTZPH1,2034,0.0
REGION1,MZELZMPH1,2034,0.0
REGION1,NEELTDPH1,2034,0.0
REGION1,NGELTDPH1,2034,0.0
REGION1,RWELTZPH1,2034,0.0
REGION1,SDELERPH1,2034,0.0
REGION1,SDELTDPH1,2034,0.0
REGION1,SDELUGPH1,2034,0.0
REGION1,CYELGRPH1,2034,0.0
REGION1,ALNGGRPI0,2034,0.0
REGION1,ALNGITPI0,2034,0.0
REGION1,ATNGDEPI0,2034,0.0
REGION1,ATNGHUPI0,2034,0.0
REGION1,ATNGITPI0,2034,0.0
REGION1,ATNGSIPI0,2034,0.0
REGION1,ATNGSKPI0,2034,0.0
REGION1,BENGDEPI0,2034,0.0
REGION1,BENGFRPI0,2034,0.0
REGION1,BENGUKPI0,2034,0.0
REGION1,BENGNLPI0,2034,0.0
REGION1,BGNGGRPI0,2034,0.0
REGION1,BGNGROPI0,2034,0.0
REGION1,BYNGLTPI0,2034,0.0
REGION1,CYNGEGPI0,2034,0.0
REGION1,CYNGGRPI0,2034,0.0
REGION1,CZNGDEPI0,2034,0.0
REGION1,CZNGPLPI0,2034,0.0
REGION1,CZNGSKPI0,2034,0.0
REGION1,DENGCHPI0,2034,0.0
REGION1,DENGFRPI0,2034,0.0
REGION1,DENGNLPI0,2034,0.0
REGION1,DENGPLPI0,2034,0.0
REGION1,DKNGDEPI0,2034,0.0
REGION1,DKNGPLPI0,2034,0.0
REGION1,DKNGSEPI0,2034,0.0
REGION1,DZNGESPI0,2034,0.0
REGION1,DZNGITPI0,2034,0.0
REGION1,EENGFIPI0,2034,0.0
REGION1,EENGLVPI0,2034,0.0
REGION1,FRNGCHPI0,2034,0.0
REGION1,FRNGESPI0,2034,0.0
REGION1,GRNGITPI0,2034,0.0
REGION1,HRNGHUPI0,2034,0.0
REGION1,HRNGSIPI0,2034,0.0
REGION1,HUNGROPI0,2034,0.0
REGION1,HUNGSKPI0,2034,0.0
REGION1,IENGUKPI0,2034,0.0
REGION1,ITNGCHPI0,2034,0.0
REGION1,ITNGMTPI0,2034,0.0
REGION1,ITNGSIPI0,2034,0.0
REGION1,LTNGPLPI0,2034,0.0
REGION1,LVNGLTPI0,2034,0.0
REGION1,LYNGITPI0,2034,0.0
REGION1,MANGESPI0,2034,0.0
REGION1,MDNGROPI0,2034,0.0
REGION1,NLNGUKPI0,2034,0.0
REGION1,NONGBEPI0,2034,0.0
REGION1,NONGDEPI0,2034,0.0
REGION1,NONGDKPI0,2034,0.0
REGION1,NONGFRPI0,2034,0.0
REGION1,NONGUKPI0,2034,0.0
REGION1,NONGNLPI0,2034,0.0
REGION1,PLNGSKPI0,2034,0.0
REGION1,PTNGESPI0,2034,0.0
REGION1,RSNGBGPI0,2034,0.0
REGION1,RSNGHUPI0,2034,0.0
REGION1,RSNGROPI0,2034,0.0
REGION1,RUNGEEPI0,2034,0.0
REGION1,RUNGFIPI0,2034,0.0
REGION1,RUNGLVPI0,2034,0.0
REGION1,TRNGBGPI0,2034,0.0
REGION1,TRNGGRPI0,2034,0.0
REGION1,UANGHUPI0,2034,0.0
REGION1,UANGPLPI0,2034,0.0
REGION1,UANGROPI0,2034,0.0
REGION1,UANGSKPI0,2034,0.0
REGION1,BENGLUPI0,2034,0.0
REGION1,NGNGDZPI0,2034,0.0
REGION1,MZNGZAPI0,2034,0.0
REGION1,NGNGLYPI0,2034,0.0
REGION1,ETNGDJPI0,2034,0.0
REGION1,NGNGGQPI0,2034,0.0
REGION1,TZNGKEPI0,2034,0.0
REGION1,NGNGMAPI0,2034,0.0
REGION1,NGNGBJPI0,2034,0.0
REGION1,NGNGGHPI0,2034,0.0
REGION1,NGNGNEPI0,2034,0.0
REGION1,NGNGTGPI0,2034,0.0
REGION1,NGNGTNPI0,2034,0.0
REGION1,DZNGMAPI0,2034,0.0
REGION1,BELG00I00,2035,0.0
REGION1,HRLG00I00,2035,0.0
REGION1,CYLG00I00,2035,0.0
REGION1,FRLG00I00,2035,0.0
REGION1,FILG00I00,2035,0.0
REGION1,DELG00I00,2035,0.0
REGION1,GRLG00I00,2035,0.0
REGION1,ITLG00I00,2035,0.0
REGION1,LVLG00I00,2035,0.0
REGION1,LTLG00I00,2035,0.0
REGION1,MTLG00I00,2035,0.0
REGION1,NLLG00I00,2035,0.0
REGION1,PLLG00I00,2035,0.0
REGION1,ESLG00I00,2035,0.0
REGION1,UKLG00I00,2035,0.0
REGION1,PTLG00I00,2035,0.0
REGION1,BENUG2PN1,2035,0.0
REGION1,BGNUG2PN1,2035,0.0
REGION1,CZNUG2PN1,2035,0.0
REGION1,DENUG2PN1,2035,0.0
REGION1,ESNUG2PN1,2035,0.0
REGION1,FINUG2PN1,2035,0.0
REGION1,FRNUG2PN1,2035,0.0
REGION1,HUNUG2PN1,2035,0.0
REGION1,NLNUG2PN1,2035,0.0
REGION1,RONUG2PN1,2035,0.0
REGION1,SENUG2PN1,2035,0.0
REGION1,SINUG2PN1,2035,0.0
REGION1,SKNUG2PN1,2035,0.0
REGION1,CHNUG2PN1,2035,0.0
REGION1,UKNUG2PN1,2035,0.0
REGION1,ATHYDSPN1,2035,0.44
REGION1,BEHYDSPN1,2035,0.0
REGION1,BGHYDSPN1,2035,0.0
REGION1,CZHYDSPN1,2035,0.0
REGION1,DEHYDSPN1,2035,0.0
REGION1,GRHYDSPN1,2035,0.0
REGION1,ESHYDSPN1,2035,0.0
REGION1,FRHYDSPN1,2035,0.0
REGION1,HRHYDSPN1,2035,0.0
REGION1,IEHYDSPN1,2035,0.0
REGION1,ITHYDSPN1,2035,0.0
REGION1,LTHYDSPN1,2035,0.0
REGION1,LUHYDSPN1,2035,0.0
REGION1,PLHYDSPN1,2035,0.0
REGION1,PTHYDSPN1,2035,0.0
REGION1,ROHYDSPN1,2035,0.0
REGION1,SEHYDSPN1,2035,0.0
REGION1,SIHYDSPN1,2035,0.0
REGION1,SKHYDSPN1,2035,0.0
REGION1,CHHYDSPN1,2035,0.0
REGION1,UKHYDSPN1,2035,0.0
REGION1,ATHYDMPN1,2035,0.0
REGION1,ATHYDRPN1,2035,0.0
REGION1,BEHYDMPN1,2035,0.0
REGION1,BEHYDRPN1,2035,0.0
REGION1,BGHYDMPN1,2035,0.0
REGION1,BGHYDRPN1,2035,0.0
REGION1,CZHYDRPN1,2035,0.0
REGION1,CZHYDMPN1,2035,0.0
REGION1,DEHYDMPN1,2035,0.0
REGION1,DEHYDRPN1,2035,0.0
REGION1,DKHYDRPN1,2035,0.0
REGION1,DKHYDMPN1,2035,0.0
REGION1,EEHYDRPN1,2035,0.0
REGION1,GRHYDMPN1,2035,0.0
REGION1,GRHYDRPN1,2035,0.0
REGION1,ESHYDMPN1,2035,0.0
REGION1,ESHYDRPN1,2035,0.0
REGION1,FIHYDMPN1,2035,0.0
REGION1,FIHYDRPN1,2035,0.0
REGION1,FRHYDMPN1,2035,0.0
REGION1,FRHYDRPN1,2035,0.0
REGION1,HRHYDMPN1,2035,0.0
REGION1,HRHYDRPN1,2035,0.0
REGION1,HUHYDMPN1,2035,0.0
REGION1,HUHYDRPN1,2035,0.0
REGION1,IEHYDMPN1,2035,0.0
REGION1,IEHYDRPN1,2035,0.0
REGION1,ITHYDMPN1,2035,0.0
REGION1,ITHYDRPN1,2035,0.0
REGION1,LTHYDRPN1,2035,0.0
REGION1,LUHYDRPN1,2035,0.0
REGION1,LVHYDMPN1,2035,0.0
REGION1,LVHYDRPN1,2035,0.0
REGION1,NLHYDRPN1,2035,0.0
REGION1,PLHYDMPN1,2035,0.0
REGION1,PLHYDRPN1,2035,0.0
REGION1,PTHYDMPN1,2035,0.0
REGION1,PTHYDRPN1,2035,0.0
REGION1,ROHYDMPN1,2035,0.0
REGION1,ROHYDRPN1,2035,0.0
REGION1,SEHYDMPN1,2035,0.0
REGION1,SEHYDRPN1,2035,0.0
REGION1,SIHYDMPN1,2035,0.0
REGION1,SIHYDRPN1,2035,0.0
REGION1,SKHYDMPN1,2035,0.0
REGION1,SKHYDRPN1,2035,0.0
REGION1,NOHYDRPN1,2035,0.0
REGION1,NOHYDMPN1,2035,0.0
REGION1,CHHYDRPN1,2035,0.0
REGION1,CHHYDMPN1,2035,0.0
REGION1,UKHYDMPN1,2035,0.0
REGION1,UKHYDRPN1,2035,0.0
REGION1,EGLG00I00,2035,0.0
REGION1,GHLG00I00,2035,0.0
REGION1,MALG00I00,2035,0.0
REGION1,MZLG00I00,2035,0.0
REGION1,SNLG00I00,2035,0.0
REGION1,ZALG00I00,2035,0.0
REGION1,DZLG00E00,2035,0.0
REGION1,NGLG00E00,2035,0.0
REGION1,EGLG00E00,2035,0.0
REGION1,AOLG00E00,2035,0.0
REGION1,GQLG00E00,2035,0.0
REGION1,MZLG00E00,2035,0.0
REGION1,CGLG00E00,2035,0.0
REGION1,GALG00E00,2035,0.0
REGION1,MRLG00E00,2035,0.0
REGION1,SNLG00E00,2035,0.0
REGION1,TZLG00E00,2035,0.0
REGION1,BFHYDMSN1,2035,0.0
REGION1,BIHYDMSN1,2035,0.0
REGION1,CMHYDMSN1,2035,0.0
REGION1,CDHYDMSN1,2035,0.0
REGION1,ETHYDMSN1,2035,0.0
REGION1,KEHYDMSN1,2035,0.0
REGION1,MLHYDMSN1,2035,0.0
REGION1,NGHYDMSN1,2035,0.0
REGION1,UGHYDMSN1,2035,0.0
REGION1,ZMHYDMSN1,2035,0.0
REGION1,DZHYDMSN1,2035,0.0
REGION1,EGHYDMSN1,2035,0.0
REGION1,MAHYDMSN1,2035,0.0
REGION1,SDHYDMSN1,2035,0.0
REGION1,TNHYDMSN1,2035,0.0
REGION1,AOHYDMSN1,2035,0.079
REGION1,BJHYDMSN1,2035,0.0
REGION1,CFHYDMSN1,2035,0.0
REGION1,CGHYDMSN1,2035,0.0
REGION1,CIHYDMSN1,2035,0.0
REGION1,GQHYDMSN1,2035,0.0
REGION1,SZHYDMSN1,2035,0.0
REGION1,GAHYDMSN1,2035,0.0
REGION1,GHHYDMSN1,2035,0.0
REGION1,GNHYDMSN1,2035,0.0
REGION1,LSHYDMSN1,2035,0.0
REGION1,LRHYDMSN1,2035,0.0
REGION1,MWHYDMSN1,2035,0.0
REGION1,MZHYDMSN1,2035,0.0
REGION1,NAHYDMSN1,2035,0.0
REGION1,RWHYDMSN1,2035,0.0
REGION1,SNHYDMSN1,2035,0.0
REGION1,SLHYDMSN1,2035,0.0
REGION1,ZAHYDMSN1,2035,0.0
REGION1,TGHYDMSN1,2035,0.0
REGION1,TZHYDMSN1,2035,0.0
REGION1,ZWHYDMSN1,2035,0.0
REGION1,MAHYDSPN1,2035,0.0
REGION1,ZAHYDSPN1,2035,0.0
REGION1,KEBATTN1,2035,0.0
REGION1,ETBMCHPN1,2035,0.0
REGION1,KEBMCHPN1,2035,0.0
REGION1,ZABMCHPN1,2035,0.0
REGION1,BWCOSCPN1,2035,0.0
REGION1,ZACOSCPN1,2035,0.0
REGION1,ETGOCVPN1,2035,0.0
REGION1,KEGOCVPN1,2035,0.0
REGION1,RWNGGCPN1,2035,0.0
REGION1,DZNGCCPN1,2035,0.0
REGION1,MANGCCPN1,2035,0.0
REGION1,TNNGCCPN1,2035,0.0
REGION1,UGNGCCPN1,2035,0.0
REGION1,MZNGGCPN1,2035,0.0
REGION1,NGNGGCPN1,2035,0.0
REGION1,AOSOU1PN1,2035,0.0
REGION1,GASOU1PN1,2035,0.0
REGION1,DZSOU1PN1,2035,0.0
REGION1,MASOU1PN1,2035,0.0
REGION1,TNSOU1PN1,2035,0.0
REGION1,ETSOU1PN1,2035,0.0
REGION1,KESOU1PN1,2035,0.0
REGION1,TZSOU1PN1,2035,0.0
REGION1,BWSOU1PN1,2035,0.0
REGION1,ZASOU1PN1,2035,0.0
REGION1,MAWINDPN1,2035,0.0
REGION1,TNWINDPN1,2035,0.0
REGION1,ETWINDPN1,2035,0.0
REGION1,KEWINDPN1,2035,0.0
REGION1,ZAWINDPN1,2035,0.0
REGION1,CICOSCPN1,2035,0.0
REGION1,EGNULWPN1,2035,0.0
REGION1,SSHYDMSN1,2035,0.89
REGION1,MABATTN1,2035,0.0
REGION1,CGSOU1PN1,2035,0.0
REGION1,DJSOU1PN1,2035,0.0
REGION1,DZWINDPN1,2035,0.0
REGION1,ERSOU1PN1,2035,0.0
REGION1,ERWINDPN1,2035,0.0
REGION1,GHWINDPN1,2035,0.0
REGION1,GQSOU1PN1,2035,0.0
REGION1,GWSOU1PN1,2035,0.0
REGION1,LRSOU1PN1,2035,0.0
REGION1,RWSOU1PN1,2035,0.0
REGION1,SLSOU1PN1,2035,0.0
REGION1,SSSOU1PN1,2035,0.0
REGION1,SZNGCCPN1,2035,0.0
REGION1,SZWINDPN1,2035,0.0
REGION1,TDWINDPN1,2035,0.0
REGION1,TGWINDPN1,2035,0.0
REGION1,TZWINDPN1,2035,0.0
REGION1,ZMSOU1PN1,2035,0.0
REGION1,DZNGCCPH1,2035,0.0
REGION1,DZNGGCPH1,2035,0.0
REGION1,DZSOU1PH1,2035,0.0
REGION1,EGBMCHPH1,2035,0.0
REGION1,EGSOU1PH1,2035,0.0
REGION1,EGWINDPH1,2035,0.0
REGION1,LYNGCCPH1,2035,0.0
REGION1,LYNGGCPH1,2035,0.0
REGION1,LYLFRCPH1,2035,0.0
REGION1,LYHFGCPH1,2035,0.0
REGION1,LYSOU1PH1,2035,0.0
REGION1,MASOU1PH1,2035,0.0
REGION1,MAWINDPH1,2035,0.0
REGION1,SDSOU1PH1,2035,0.0
REGION1,TNNGCCPH1,2035,0.0
REGION1,TNNGGCPH1,2035,0.0
REGION1,TNSOU1PH1,2035,0.0
REGION1,AOSOU1PH1,2035,0.0
REGION1,BJSOU1PH1,2035,0.0
REGION1,BFLFRCPH1,2035,0.0
REGION1,BFHFGCPH1,2035,0.0
REGION1,BFHYDMSH1,2035,0.0
REGION1,BFSOU1PH1,2035,0.0
REGION1,BIHYDMSH1,2035,0.0
REGION1,CMHYDMSH1,2035,0.0
REGION1,CMSOU1PH1,2035,0.0
REGION1,CFSOU1PH1,2035,0.0
REGION1,CINGCCPH1,2035,0.0
REGION1,CINGGCPH1,2035,0.0
REGION1,CISOU1PH1,2035,0.0
REGION1,CDLFRCPH1,2035,0.0
REGION1,CDHFGCPH1,2035,0.0
REGION1,CDHYDMSH1,2035,0.0
REGION1,CDSOU1PH1,2035,0.0
REGION1,DJWINDPH1,2035,0.0
REGION1,ETBMCHPH1,2035,0.0
REGION1,ETHYDMSH1,2035,0.0
REGION1,ETWINDPH1,2035,0.0
REGION1,GHNGCCPH1,2035,0.0
REGION1,GHNGGCPH1,2035,0.0
REGION1,GHSOU1PH1,2035,0.0
REGION1,KEGOCVPH1,2035,0.0
REGION1,KEHYDMSH1,2035,0.0
REGION1,KESOU1PH1,2035,0.0
REGION1,LSSOU1PH1,2035,0.0
REGION1,MWSOU1PH1,2035,0.0
REGION1,MLHYDMSH1,2035,0.0
REGION1,MLSOU1PH1,2035,0.0
REGION1,MRSOU1PH1,2035,0.0
REGION1,MRWINDPH1,2035,0.0
REGION1,MZLFRCPH1,2035,0.0
REGION1,MZHFGCPH1,2035,0.0
REGION1,MZSOU1PH1,2035,0.0
REGION1,NASOU1PH1,2035,0.0
REGION1,NELFRCPH1,2035,0.0
REGION1,NEHFGCPH1,2035,0.0
REGION1,NESOU1PH1,2035,0.0
REGION1,NGNGCCPH1,2035,0.0
REGION1,NGNGGCPH1,2035,0.0
REGION1,NGLFRCPH1,2035,0.0
REGION1,NGHFGCPH1,2035,0.0
REGION1,NGHYDMSH1,2035,0.0
REGION1,NGSOU1PH1,2035,0.0
REGION1,RWCOSCPH1,2035,0.0
REGION1,SNNGCCPH1,2035,0.0
REGION1,SNLFRCPH1,2035,0.0
REGION1,SNHFGCPH1,2035,0.0
REGION1,SNSOU1PH1,2035,0.0
REGION1,ZANULWPH1,2035,0.0
REGION1,ZASOU1PH1,2035,0.0
REGION1,SSWINDPH1,2035,0.0
REGION1,TGSOU1PH1,2035,0.0
REGION1,UGHYDMSH1,2035,0.0
REGION1,TZSOU1PH1,2035,0.0
REGION1,ZMHYDMSH1,2035,0.0
REGION1,ZWSOU1PH1,2035,0.0
REGION1,ZWCOSCPH1,2035,0.0
REGION1,DZLFRCPH1,2035,0.0
REGION1,DZHFGCPH1,2035,0.0
REGION1,DZHYDMSH1,2035,0.0
REGION1,DZSOC1PH1,2035,0.0
REGION1,EGNGCCPH1,2035,0.0
REGION1,EGNGGCPH1,2035,0.0
REGION1,EGLFRCPH1,2035,0.0
REGION1,EGHFGCPH1,2035,0.0
REGION1,EGHYDMSH1,2035,0.0
REGION1,EGSOC1PH1,2035,0.0
REGION1,MACOSCPH1,2035,0.0
REGION1,MALFRCPH1,2035,0.0
REGION1,MAHFGCPH1,2035,0.0
REGION1,MANGCCPH1,2035,0.0
REGION1,MANGGCPH1,2035,0.0
REGION1,MABMCHPH1,2035,0.0
REGION1,MAHYDMSH1,2035,0.0
REGION1,MASOC1PH1,2035,0.0
REGION1,SDLFRCPH1,2035,0.0
REGION1,SDHFGCPH1,2035,0.0
REGION1,SDBMCHPH1,2035,0.0
REGION1,SDHYDMSH1,2035,0.0
REGION1,TNLFRCPH1,2035,0.0
REGION1,TNHFGCPH1,2035,0.0
REGION1,TNHYDMSH1,2035,0.0
REGION1,TNWINDPH1,2035,0.0
REGION1,AONGGCPH1,2035,0.0
REGION1,AOLFRCPH1,2035,0.0
REGION1,AOHFGCPH1,2035,0.0
REGION1,AOBMCHPH1,2035,0.0
REGION1,AOHYDMSH1,2035,0.0
REGION1,BJNGGCPH1,2035,0.0
REGION1,BJLFRCPH1,2035,0.0
REGION1,BJHFGCPH1,2035,0.0
REGION1,BJHYDMSH1,2035,0.0
REGION1,BWCOSCPH1,2035,0.0
REGION1,BWLFRCPH1,2035,0.0
REGION1,BWSOU1PH1,2035,0.0
REGION1,BFBMCHPH1,2035,0.0
REGION1,BILFRCPH1,2035,0.0
REGION1,BISOU1PH1,2035,0.0
REGION1,CMNGGCPH1,2035,0.0
REGION1,CMLFRCPH1,2035,0.0
REGION1,CMHFGCPH1,2035,0.0
REGION1,CFLFRCPH1,2035,0.0
REGION1,CFHYDMSH1,2035,0.0
REGION1,TDNGCCPH1,2035,0.0
REGION1,TDLFRCPH1,2035,0.0
REGION1,TDHFGCPH1,2035,0.0
REGION1,TDBMCHPH1,2035,0.0
REGION1,TDSOU1PH1,2035,0.0
REGION1,CGNGGCPH1,2035,0.0
REGION1,CGLFRCPH1,2035,0.0
REGION1,CGHFGCPH1,2035,0.0
REGION1,CGBMCHPH1,2035,0.0
REGION1,CGHYDMSH1,2035,0.0
REGION1,CILFRCPH1,2035,0.0
REGION1,CIHFGCPH1,2035,0.0
REGION1,CIHYDMSH1,2035,0.0
REGION1,DJLFRCPH1,2035,0.0
REGION1,DJHFGCPH1,2035,0.0
REGION1,GWNGCCPH1,2035,0.0
REGION1,GQNGGCPH1,2035,0.0
REGION1,GQLFRCPH1,2035,0.0
REGION1,GQHFGCPH1,2035,0.0
REGION1,GQHYDMSH1,2035,0.0
REGION1,ERLFRCPH1,2035,0.0
REGION1,ERHFGCPH1,2035,0.0
REGION1,SZLFRCPH1,2035,0.0
REGION1,SZHFGCPH1,2035,0.0
REGION1,SZBMCHPH1,2035,0.0
REGION1,SZHYDMSH1,2035,0.0
REGION1,SZSOU1PH1,2035,0.0
REGION1,ETLFRCPH1,2035,0.0
REGION1,ETGOCVPH1,2035,0.0
REGION1,GANGGCPH1,2035,0.0
REGION1,GALFRCPH1,2035,0.0
REGION1,GAHFGCPH1,2035,0.0
REGION1,GAHYDMSH1,2035,0.0
REGION1,GMLFRCPH1,2035,0.0
REGION1,GMHFGCPH1,2035,0.0
REGION1,GMWINDPH1,2035,0.0
REGION1,GMSOU1PH1,2035,0.0
REGION1,GHLFRCPH1,2035,0.0
REGION1,GHHFGCPH1,2035,0.0
REGION1,GHBMCHPH1,2035,0.0
REGION1,GHHYDMSH1,2035,0.0
REGION1,GNLFRCPH1,2035,0.0
REGION1,GNHFGCPH1,2035,0.0
REGION1,GNHYDMSH1,2035,0.0
REGION1,GNSOU1PH1,2035,0.0
REGION1,GWLFRCPH1,2035,0.0
REGION1,KELFRCPH1,2035,0.0
REGION1,KEHFGCPH1,2035,0.0
REGION1,KEBMCHPH1,2035,0.0
REGION1,KEWINDPH1,2035,0.0
REGION1,LSHYDMSH1,2035,0.0
REGION1,LRLFRCPH1,2035,0.0
REGION1,LRHFGCPH1,2035,0.0
REGION1,LRHYDMSH1,2035,0.0
REGION1,MWLFRCPH1,2035,0.0
REGION1,MWBMCHPH1,2035,0.0
REGION1,MWHYDMSH1,2035,0.0
REGION1,MLLFRCPH1,2035,0.0
REGION1,MLHFGCPH1,2035,0.0
REGION1,MLBMCHPH1,2035,0.0
REGION1,MRNGCCPH1,2035,0.0
REGION1,MRLFRCPH1,2035,0.0
REGION1,MRHFGCPH1,2035,0.0
REGION1,MZNGGCPH1,2035,0.0
REGION1,MZBMCHPH1,2035,0.0
REGION1,MZHYDMSH1,2035,0.0
REGION1,NACOSCPH1,2035,0.0
REGION1,NALFRCPH1,2035,0.0
REGION1,NAHFGCPH1,2035,0.0
REGION1,NABMCHPH1,2035,0.0
REGION1,NAHYDMSH1,2035,0.0
REGION1,NAWINDPH1,2035,0.0
REGION1,NECOSCPH1,2035,0.0
REGION1,NENGCCPH1,2035,0.0
REGION1,NGBMCHPH1,2035,0.0
REGION1,RWWINDPH1,2035,0.0
REGION1,RWNGGCPH1,2035,0.0
REGION1,RWLFRCPH1,2035,0.0
REGION1,RWHFGCPH1,2035,0.0
REGION1,RWBMCHPH1,2035,0.0
REGION1,RWHYDMSH1,2035,0.0
REGION1,SNHYDMSH1,2035,0.0
REGION1,SNCOSCPH1,2035,0.0
REGION1,SNBMCHPH1,2035,0.0
REGION1,SLWINDPH1,2035,0.0
REGION1,SLLFRCPH1,2035,0.0
REGION1,SLHFGCPH1,2035,0.0
REGION1,SLBMCHPH1,2035,0.0
REGION1,SLHYDMSH1,2035,0.0
REGION1,ZACOSCPH1,2035,0.0
REGION1,ZALFRCPH1,2035,0.0
REGION1,ZAHFGCPH1,2035,0.0
REGION1,ZABMCHPH1,2035,0.0
REGION1,ZAHYDMSH1,2035,0.0
REGION1,ZASOC1PH1,2035,0.0
REGION1,SSLFRCPH1,2035,0.0
REGION1,SSHFGCPH1,2035,0.0
REGION1,TGNGCCPH1,2035,0.0
REGION1,TGLFRCPH1,2035,0.0
REGION1,TGHFGCPH1,2035,0.0
REGION1,TGHYDMSH1,2035,0.0
REGION1,UGSOU1PH1,2035,0.0
REGION1,UGLFRCPH1,2035,0.0
REGION1,UGHFGCPH1,2035,0.0
REGION1,UGBMCHPH1,2035,0.0
REGION1,TZNGGCPH1,2035,0.0
REGION1,TZLFRCPH1,2035,0.0
REGION1,TZHFGCPH1,2035,0.0
REGION1,TZBMCHPH1,2035,0.0
REGION1,TZHYDMSH1,2035,0.0
REGION1,ZMWINDPH1,2035,0.0
REGION1,ZMCOSCPH1,2035,0.0
REGION1,ZMLFRCPH1,2035,0.0
REGION1,ZMHFGCPH1,2035,0.0
REGION1,ZMBMCHPH1,2035,0.0
REGION1,ZWLFRCPH1,2035,0.0
REGION1,SNWINDPH1,2035,0.0
REGION1,ZWHYDMSH1,2035,0.0
REGION1,ZWBMCHPH1,2035,0.0
REGION1,SOLFRCPH1,2035,0.0
REGION1,SOSOU1PH1,2035,0.0
REGION1,SOWINDPH1,2035,0.0
REGION1,MAHYDSPH1,2035,0.0
REGION1,ZAHYDSPH1,2035,0.0
REGION1,ATELCZPH1,2035,0.0
REGION1,ATELDEPH1,2035,0.0
REGION1,ATELHUPH1,2035,0.0
REGION1,ATELITPH1,2035,1.1
REGION1,ATELSIPH1,2035,0.5
REGION1,ATELCHPH1,2035,0.0
REGION1,BEELFRPH1,2035,0.0
REGION1,BEELDEPH1,2035,0.0
REGION1,BEELLUPH1,2035,0.0
REGION1,BEELNLPH1,2035,0.0
REGION1,BEELUKPH1,2035,0.0
REGION1,BGELGRPH1,2035,0.0
REGION1,BGELROPH1,2035,0.0
REGION1,CZELDEPH1,2035,0.0
REGION1,CZELPLPH1,2035,0.0
REGION1,CZELSKPH1,2035,0.0
REGION1,HRELHUPH1,2035,0.0
REGION1,HRELSIPH1,2035,0.0
REGION1,DKELNLPH1,2035,0.0
REGION1,DKELNOPH1,2035,0.0
REGION1,DKELSEPH1,2035,0.0
REGION1,DKELUKPH1,2035,0.0
REGION1,EEELFIPH1,2035,0.7
REGION1,EEELLVPH1,2035,1.0
REGION1,FIELNOPH1,2035,0.0
REGION1,FIELSEPH1,2035,0.0
REGION1,FRELITPH1,2035,0.0
REGION1,FRELLUPH1,2035,0.0
REGION1,FRELUKPH1,2035,0.0
REGION1,DEELDKPH1,2035,0.0
REGION1,DEELFRPH1,2035,0.0
REGION1,DEELLUPH1,2035,0.5
REGION1,DEELNLPH1,2035,0.0
REGION1,DEELNOPH1,2035,1.4
REGION1,DEELPLPH1,2035,0.0
REGION1,DEELSEPH1,2035,0.7
REGION1,DEELUKPH1,2035,0.0
REGION1,HUELROPH1,2035,0.0
REGION1,HUELSKPH1,2035,0.0
REGION1,HUELSIPH1,2035,0.0
REGION1,IEELUKPH1,2035,0.0
REGION1,ITELMTPH1,2035,0.0
REGION1,ITELSIPH1,2035,0.0
REGION1,LTELLVPH1,2035,1.0
REGION1,LTELPLPH1,2035,0.0
REGION1,LTELSEPH1,2035,0.0
REGION1,NLELNOPH1,2035,0.0
REGION1,NLELUKPH1,2035,0.0
REGION1,NOELSEPH1,2035,0.0
REGION1,NOELUKPH1,2035,0.0
REGION1,PLELSKPH1,2035,0.0
REGION1,PLELSEPH1,2035,0.0
REGION1,ESELFRPH1,2035,3.5
REGION1,ESELPTPH1,2035,0.0
REGION1,CHELFRPH1,2035,0.0
REGION1,CHELDEPH1,2035,0.0
REGION1,CHELITPH1,2035,0.0
REGION1,GRELITPH1,2035,0.0
REGION1,BGELMKPH1,2035,0.0
REGION1,BGELRSPH1,2035,0.0
REGION1,BGELTRPH1,2035,0.5
REGION1,HRELBAPH1,2035,0.0
REGION1,HRELRSPH1,2035,0.0
REGION1,EEELRUPH1,2035,0.0
REGION1,GRELALPH1,2035,0.0
REGION1,GRELTRPH1,2035,0.0
REGION1,HUELRSPH1,2035,0.0
REGION1,HUELUAPH1,2035,0.0
REGION1,ITELMEPH1,2035,0.0
REGION1,LVELRUPH1,2035,0.0
REGION1,LTELBYPH1,2035,0.0
REGION1,LTELRUPH1,2035,0.0
REGION1,PLELUAPH1,2035,0.0
REGION1,ROELMDPH1,2035,0.0
REGION1,ROELRSPH1,2035,0.0
REGION1,ROELUAPH1,2035,0.0
REGION1,SKELUAPH1,2035,0.0
REGION1,GRELMKPH1,2035,0.0
REGION1,ESELMAPH1,2035,0.0
REGION1,CYELILPH1,2035,1.0
REGION1,SEELLVPH1,2035,0.0
REGION1,BEELDKPH1,2035,0.0
REGION1,ITELTNPH1,2035,0.0
REGION1,GRELEGPH1,2035,0.0
REGION1,ITELDZPH1,2035,0.0
REGION1,MTELTNPH1,2035,0.0
REGION1,ROELGEPH1,2035,0.0
REGION1,ESELITPH1,2035,0.0
REGION1,DEELLVPH1,2035,0.0
REGION1,GRELDEPH1,2035,0.0
REGION1,ITELSAPH1,2035,0.0
REGION1,UKELMAPH1,2035,0.0
REGION1,DEELMAPH1,2035,3.6
REGION1,BIELRWPH1,2035,0.0
REGION1,BWELZAPH1,2035,0.0
REGION1,CDELBIPH1,2035,0.0
REGION1,CDELCGPH1,2035,0.0
REGION1,CDELRWPH1,2035,0.0
REGION1,CDELZMPH1,2035,0.0
REGION1,CIELBFPH1,2035,0.0
REGION1,EGELJOPH1,2035,0.0
REGION1,EGELSDPH1,2035,0.0
REGION1,ETELDJPH1,2035,0.0
REGION1,ETELSDPH1,2035,0.0
REGION1,GHELCIPH1,2035,0.0
REGION1,GHELTGPH1,2035,0.0
REGION1,KEELTZPH1,2035,0.0
REGION1,LSELZAPH1,2035,0.0
REGION1,LYELEGPH1,2035,0.0
REGION1,MAELDZPH1,2035,0.0
REGION1,MZELSZPH1,2035,0.0
REGION1,MZELZAPH1,2035,0.0
REGION1,MZELZWPH1,2035,0.0
REGION1,NGELBJPH1,2035,0.0
REGION1,NGELNEPH1,2035,0.0
REGION1,NAELZAPH1,2035,0.0
REGION1,RWELBIPH1,2035,0.0
REGION1,SNELMLPH1,2035,0.0
REGION1,TGELBJPH1,2035,0.0
REGION1,TNELDZPH1,2035,0.0
REGION1,TZELUGPH1,2035,0.0
REGION1,UGELKEPH1,2035,0.0
REGION1,UGELRWPH1,2035,0.0
REGION1,UGELTZPH1,2035,0.0
REGION1,ZAELSZPH1,2035,0.0
REGION1,ZAELZWPH1,2035,0.0
REGION1,ZMELZWPH1,2035,0.0
REGION1,AOELBWPH1,2035,0.0
REGION1,AOELCDPH1,2035,0.0
REGION1,AOELNAPH1,2035,0.0
REGION1,BFELMLPH1,2035,0.0
REGION1,BWELNAPH1,2035,0.0
REGION1,CDELNAPH1,2035,0.0
REGION1,CDELZAPH1,2035,0.0
REGION1,CGELGAPH1,2035,0.0
REGION1,CMELTDPH1,2035,0.0
REGION1,ETELKEPH1,2035,0.0
REGION1,GAELGQPH1,2035,0.0
REGION1,GHELBFPH1,2035,0.0
REGION1,GMELGWPH1,2035,0.0
REGION1,GQELCMPH1,2035,0.0
REGION1,GWELGNPH1,2035,0.0
REGION1,LRELGNPH1,2035,0.0
REGION1,LRELSLPH1,2035,0.0
REGION1,MLELCIPH1,2035,0.0
REGION1,MWELMZPH1,2035,0.0
REGION1,MWELZMPH1,2035,0.0
REGION1,NAELZWPH1,2035,0.0
REGION1,NEELBFPH1,2035,0.0
REGION1,NEELBJPH1,2035,0.0
REGION1,NEELTGPH1,2035,0.0
REGION1,SLELGNPH1,2035,0.0
REGION1,SNELGMPH1,2035,0.0
REGION1,SNELGNPH1,2035,0.0
REGION1,TGELGHPH1,2035,0.0
REGION1,TZELZMPH1,2035,0.0
REGION1,CIELLRPH1,2035,0.0
REGION1,GNELMLPH1,2035,0.0
REGION1,AOELZMPH1,2035,0.0
REGION1,BFELBJPH1,2035,0.0
REGION1,BFELTGPH1,2035,0.0
REGION1,BIELTZPH1,2035,0.0
REGION1,BJELGHPH1,2035,0.0
REGION1,BWELZMPH1,2035,0.0
REGION1,CDELCFPH1,2035,0.0
REGION1,CDELSDPH1,2035,0.0
REGION1,CDELTZPH1,2035,0.0
REGION1,CDELUGPH1,2035,0.0
REGION1,CFELCGPH1,2035,0.0
REGION1,CFELCMPH1,2035,0.0
REGION1,CFELSDPH1,2035,0.0
REGION1,CFELTDPH1,2035,0.0
REGION1,CGELCMPH1,2035,0.0
REGION1,CIELGNPH1,2035,0.0
REGION1,CMELGAPH1,2035,0.0
REGION1,CMELNGPH1,2035,0.0
REGION1,DJELERPH1,2035,0.0
REGION1,DJELSOPH1,2035,0.0
REGION1,DZELLYPH1,2035,0.0
REGION1,DZELMLPH1,2035,0.0
REGION1,DZELMRPH1,2035,0.0
REGION1,DZELNEPH1,2035,0.0
REGION1,ETELERPH1,2035,0.0
REGION1,ETELSOPH1,2035,0.0
REGION1,GWELSNPH1,2035,0.0
REGION1,KEELSDPH1,2035,0.0
REGION1,KEELSOPH1,2035,0.0
REGION1,LYELNEPH1,2035,0.0
REGION1,LYELSDPH1,2035,0.0
REGION1,LYELTDPH1,2035,0.0
REGION1,LYELTNPH1,2035,0.0
REGION1,MLELMRPH1,2035,0.0
REGION1,MLELNEPH1,2035,0.0
REGION1,MRELSNPH1,2035,0.0
REGION1,MWELTZPH1,2035,0.0
REGION1,MZELTZPH1,2035,0.0
REGION1,MZELZMPH1,2035,0.0
REGION1,NEELTDPH1,2035,0.0
REGION1,NGELTDPH1,2035,0.0
REGION1,RWELTZPH1,2035,0.0
REGION1,SDELERPH1,2035,0.0
REGION1,SDELTDPH1,2035,0.0
REGION1,SDELUGPH1,2035,0.0
REGION1,CYELGRPH1,2035,0.0
REGION1,ALNGGRPI0,2035,0.0
REGION1,ALNGITPI0,2035,0.0
REGION1,ATNGDEPI0,2035,0.0
REGION1,ATNGHUPI0,2035,0.0
REGION1,ATNGITPI0,2035,0.0
REGION1,ATNGSIPI0,2035,0.0
REGION1,ATNGSKPI0,2035,0.0
REGION1,BENGDEPI0,2035,0.0
REGION1,BENGFRPI0,2035,0.0
REGION1,BENGUKPI0,2035,0.0
REGION1,BENGNLPI0,2035,0.0
REGION1,BGNGGRPI0,2035,0.0
REGION1,BGNGROPI0,2035,0.0
REGION1,BYNGLTPI0,2035,0.0
REGION1,CYNGEGPI0,2035,0.0
REGION1,CYNGGRPI0,2035,0.0
REGION1,CZNGDEPI0,2035,0.0
REGION1,CZNGPLPI0,2035,0.0
REGION1,CZNGSKPI0,2035,0.0
REGION1,DENGCHPI0,2035,0.0
REGION1,DENGFRPI0,2035,0.0
REGION1,DENGNLPI0,2035,0.0
REGION1,DENGPLPI0,2035,0.0
REGION1,DKNGDEPI0,2035,0.0
REGION1,DKNGPLPI0,2035,0.0
REGION1,DKNGSEPI0,2035,0.0
REGION1,DZNGESPI0,2035,0.0
REGION1,DZNGITPI0,2035,0.0
REGION1,EENGFIPI0,2035,0.0
REGION1,EENGLVPI0,2035,0.0
REGION1,FRNGCHPI0,2035,0.0
REGION1,FRNGESPI0,2035,0.0
REGION1,GRNGITPI0,2035,0.0
REGION1,HRNGHUPI0,2035,0.0
REGION1,HRNGSIPI0,2035,0.0
REGION1,HUNGROPI0,2035,0.0
REGION1,HUNGSKPI0,2035,0.0
REGION1,IENGUKPI0,2035,0.0
REGION1,ITNGCHPI0,2035,0.0
REGION1,ITNGMTPI0,2035,0.0
REGION1,ITNGSIPI0,2035,0.0
REGION1,LTNGPLPI0,2035,0.0
REGION1,LVNGLTPI0,2035,0.0
REGION1,LYNGITPI0,2035,0.0
REGION1,MANGESPI0,2035,0.0
REGION1,MDNGROPI0,2035,0.0
REGION1,NLNGUKPI0,2035,0.0
REGION1,NONGBEPI0,2035,0.0
REGION1,NONGDEPI0,2035,0.0
REGION1,NONGDKPI0,2035,0.0
REGION1,NONGFRPI0,2035,0.0
REGION1,NONGUKPI0,2035,0.0
REGION1,NONGNLPI0,2035,0.0
REGION1,PLNGSKPI0,2035,0.0
REGION1,PTNGESPI0,2035,0.0
REGION1,RSNGBGPI0,2035,0.0
REGION1,RSNGHUPI0,2035,0.0
REGION1,RSNGROPI0,2035,0.0
REGION1,RUNGEEPI0,2035,0.0
REGION1,RUNGFIPI0,2035,0.0
REGION1,RUNGLVPI0,2035,0.0
REGION1,TRNGBGPI0,2035,0.0
REGION1,TRNGGRPI0,2035,0.0
REGION1,UANGHUPI0,2035,0.0
REGION1,UANGPLPI0,2035,0.0
REGION1,UANGROPI0,2035,0.0
REGION1,UANGSKPI0,2035,0.0
REGION1,BENGLUPI0,2035,0.0
REGION1,NGNGDZPI0,2035,0.0
REGION1,MZNGZAPI0,2035,4402.98399999999
REGION1,NGNGLYPI0,2035,1140.0
REGION1,ETNGDJPI0,2035,456.0
REGION1,NGNGGQPI0,2035,304.0
REGION1,TZNGKEPI0,2035,304.0
REGION1,NGNGMAPI0,2035,0.0
REGION1,NGNGBJPI0,2035,0.0
REGION1,NGNGGHPI0,2035,0.0
REGION1,NGNGNEPI0,2035,0.0
REGION1,NGNGTGPI0,2035,0.0
REGION1,NGNGTNPI0,2035,0.0
REGION1,DZNGMAPI0,2035,0.0
REGION1,BELG00I00,2036,0.0
REGION1,HRLG00I00,2036,0.0
REGION1,CYLG00I00,2036,0.0
REGION1,FRLG00I00,2036,0.0
REGION1,FILG00I00,2036,0.0
REGION1,DELG00I00,2036,0.0
REGION1,GRLG00I00,2036,0.0
REGION1,ITLG00I00,2036,0.0
REGION1,LVLG00I00,2036,0.0
REGION1,LTLG00I00,2036,0.0
REGION1,MTLG00I00,2036,0.0
REGION1,NLLG00I00,2036,0.0
REGION1,PLLG00I00,2036,0.0
REGION1,ESLG00I00,2036,0.0
REGION1,UKLG00I00,2036,0.0
REGION1,PTLG00I00,2036,0.0
REGION1,BENUG2PN1,2036,0.0
REGION1,BGNUG2PN1,2036,0.0
REGION1,CZNUG2PN1,2036,0.0
REGION1,DENUG2PN1,2036,0.0
REGION1,ESNUG2PN1,2036,0.0
REGION1,FINUG2PN1,2036,0.0
REGION1,FRNUG2PN1,2036,0.0
REGION1,HUNUG2PN1,2036,0.0
REGION1,NLNUG2PN1,2036,0.0
REGION1,RONUG2PN1,2036,0.0
REGION1,SENUG2PN1,2036,0.0
REGION1,SINUG2PN1,2036,0.0
REGION1,SKNUG2PN1,2036,0.0
REGION1,CHNUG2PN1,2036,0.0
REGION1,UKNUG2PN1,2036,0.0
REGION1,ATHYDSPN1,2036,0.0
REGION1,BEHYDSPN1,2036,0.0
REGION1,BGHYDSPN1,2036,0.0
REGION1,CZHYDSPN1,2036,0.0
REGION1,DEHYDSPN1,2036,0.0
REGION1,GRHYDSPN1,2036,0.0
REGION1,ESHYDSPN1,2036,0.0
REGION1,FRHYDSPN1,2036,0.0
REGION1,HRHYDSPN1,2036,0.0
REGION1,IEHYDSPN1,2036,0.0
REGION1,ITHYDSPN1,2036,0.0
REGION1,LTHYDSPN1,2036,0.0
REGION1,LUHYDSPN1,2036,0.0
REGION1,PLHYDSPN1,2036,0.0
REGION1,PTHYDSPN1,2036,0.0
REGION1,ROHYDSPN1,2036,0.0
REGION1,SEHYDSPN1,2036,0.0
REGION1,SIHYDSPN1,2036,0.0
REGION1,SKHYDSPN1,2036,0.0
REGION1,CHHYDSPN1,2036,0.0
REGION1,UKHYDSPN1,2036,0.0
REGION1,ATHYDMPN1,2036,0.0
REGION1,ATHYDRPN1,2036,0.0
REGION1,BEHYDMPN1,2036,0.0
REGION1,BEHYDRPN1,2036,0.0
REGION1,BGHYDMPN1,2036,0.0
REGION1,BGHYDRPN1,2036,0.0
REGION1,CZHYDRPN1,2036,0.0
REGION1,CZHYDMPN1,2036,0.0
REGION1,DEHYDMPN1,2036,0.0
REGION1,DEHYDRPN1,2036,0.0
REGION1,DKHYDRPN1,2036,0.0
REGION1,DKHYDMPN1,2036,0.0
REGION1,EEHYDRPN1,2036,0.0
REGION1,GRHYDMPN1,2036,0.0
REGION1,GRHYDRPN1,2036,0.0
REGION1,ESHYDMPN1,2036,0.0
REGION1,ESHYDRPN1,2036,0.0
REGION1,FIHYDMPN1,2036,0.0
REGION1,FIHYDRPN1,2036,0.0
REGION1,FRHYDMPN1,2036,0.0
REGION1,FRHYDRPN1,2036,0.0
REGION1,HRHYDMPN1,2036,0.0
REGION1,HRHYDRPN1,2036,0.0
REGION1,HUHYDMPN1,2036,0.0
REGION1,HUHYDRPN1,2036,0.0
REGION1,IEHYDMPN1,2036,0.0
REGION1,IEHYDRPN1,2036,0.0
REGION1,ITHYDMPN1,2036,0.0
REGION1,ITHYDRPN1,2036,0.0
REGION1,LTHYDRPN1,2036,0.0
REGION1,LUHYDRPN1,2036,0.0
REGION1,LVHYDMPN1,2036,0.0
REGION1,LVHYDRPN1,2036,0.0
REGION1,NLHYDRPN1,2036,0.0
REGION1,PLHYDMPN1,2036,0.0
REGION1,PLHYDRPN1,2036,0.0
REGION1,PTHYDMPN1,2036,0.0
REGION1,PTHYDRPN1,2036,0.0
REGION1,ROHYDMPN1,2036,0.0
REGION1,ROHYDRPN1,2036,0.0
REGION1,SEHYDMPN1,2036,0.0
REGION1,SEHYDRPN1,2036,0.0
REGION1,SIHYDMPN1,2036,0.0
REGION1,SIHYDRPN1,2036,0.0
REGION1,SKHYDMPN1,2036,0.0
REGION1,SKHYDRPN1,2036,0.0
REGION1,NOHYDRPN1,2036,0.0
REGION1,NOHYDMPN1,2036,0.0
REGION1,CHHYDRPN1,2036,0.0
REGION1,CHHYDMPN1,2036,0.0
REGION1,UKHYDMPN1,2036,0.0
REGION1,UKHYDRPN1,2036,0.0
REGION1,EGLG00I00,2036,0.0
REGION1,GHLG00I00,2036,0.0
REGION1,MALG00I00,2036,0.0
REGION1,MZLG00I00,2036,0.0
REGION1,SNLG00I00,2036,0.0
REGION1,ZALG00I00,2036,0.0
REGION1,DZLG00E00,2036,0.0
REGION1,NGLG00E00,2036,0.0
REGION1,EGLG00E00,2036,0.0
REGION1,AOLG00E00,2036,0.0
REGION1,GQLG00E00,2036,0.0
REGION1,MZLG00E00,2036,0.0
REGION1,CGLG00E00,2036,0.0
REGION1,GALG00E00,2036,0.0
REGION1,MRLG00E00,2036,0.0
REGION1,SNLG00E00,2036,0.0
REGION1,TZLG00E00,2036,0.0
REGION1,BFHYDMSN1,2036,0.0
REGION1,BIHYDMSN1,2036,0.0
REGION1,CMHYDMSN1,2036,0.0
REGION1,CDHYDMSN1,2036,0.0
REGION1,ETHYDMSN1,2036,0.0
REGION1,KEHYDMSN1,2036,0.0
REGION1,MLHYDMSN1,2036,0.0
REGION1,NGHYDMSN1,2036,0.0
REGION1,UGHYDMSN1,2036,0.0
REGION1,ZMHYDMSN1,2036,0.0
REGION1,DZHYDMSN1,2036,0.0
REGION1,EGHYDMSN1,2036,0.0
REGION1,MAHYDMSN1,2036,0.0
REGION1,SDHYDMSN1,2036,0.0
REGION1,TNHYDMSN1,2036,0.0
REGION1,AOHYDMSN1,2036,0.0
REGION1,BJHYDMSN1,2036,0.0
REGION1,CFHYDMSN1,2036,0.0
REGION1,CGHYDMSN1,2036,0.0
REGION1,CIHYDMSN1,2036,0.0
REGION1,GQHYDMSN1,2036,0.0
REGION1,SZHYDMSN1,2036,0.0
REGION1,GAHYDMSN1,2036,0.0
REGION1,GHHYDMSN1,2036,0.0
REGION1,GNHYDMSN1,2036,0.0
REGION1,LSHYDMSN1,2036,0.0
REGION1,LRHYDMSN1,2036,0.0
REGION1,MWHYDMSN1,2036,0.0
REGION1,MZHYDMSN1,2036,0.0
REGION1,NAHYDMSN1,2036,0.0
REGION1,RWHYDMSN1,2036,0.0
REGION1,SNHYDMSN1,2036,0.0
REGION1,SLHYDMSN1,2036,0.0
REGION1,ZAHYDMSN1,2036,0.0
REGION1,TGHYDMSN1,2036,0.0
REGION1,TZHYDMSN1,2036,0.0
REGION1,ZWHYDMSN1,2036,0.0
REGION1,MAHYDSPN1,2036,0.0
REGION1,ZAHYDSPN1,2036,0.0
REGION1,KEBATTN1,2036,0.05
REGION1,ETBMCHPN1,2036,0.0
REGION1,KEBMCHPN1,2036,0.0
REGION1,ZABMCHPN1,2036,0.0
REGION1,BWCOSCPN1,2036,0.0
REGION1,ZACOSCPN1,2036,0.0
REGION1,ETGOCVPN1,2036,0.0
REGION1,KEGOCVPN1,2036,0.0
REGION1,RWNGGCPN1,2036,0.0
REGION1,DZNGCCPN1,2036,0.0
REGION1,MANGCCPN1,2036,0.0
REGION1,TNNGCCPN1,2036,0.0
REGION1,UGNGCCPN1,2036,0.0
REGION1,MZNGGCPN1,2036,0.0
REGION1,NGNGGCPN1,2036,0.0
REGION1,AOSOU1PN1,2036,0.0
REGION1,GASOU1PN1,2036,0.0
REGION1,DZSOU1PN1,2036,0.0
REGION1,MASOU1PN1,2036,0.0
REGION1,TNSOU1PN1,2036,0.0
REGION1,ETSOU1PN1,2036,0.0
REGION1,KESOU1PN1,2036,0.0
REGION1,TZSOU1PN1,2036,0.0
REGION1,BWSOU1PN1,2036,0.0
REGION1,ZASOU1PN1,2036,0.0
REGION1,MAWINDPN1,2036,0.0
REGION1,TNWINDPN1,2036,0.0
REGION1,ETWINDPN1,2036,0.0
REGION1,KEWINDPN1,2036,0.0
REGION1,ZAWINDPN1,2036,0.0
REGION1,CICOSCPN1,2036,0.0
REGION1,EGNULWPN1,2036,0.0
REGION1,SSHYDMSN1,2036,0.0
REGION1,MABATTN1,2036,0.0
REGION1,CGSOU1PN1,2036,0.0
REGION1,DJSOU1PN1,2036,0.0
REGION1,DZWINDPN1,2036,0.0
REGION1,ERSOU1PN1,2036,0.0
REGION1,ERWINDPN1,2036,0.0
REGION1,GHWINDPN1,2036,0.0
REGION1,GQSOU1PN1,2036,0.0
REGION1,GWSOU1PN1,2036,0.0
REGION1,LRSOU1PN1,2036,0.0
REGION1,RWSOU1PN1,2036,0.0
REGION1,SLSOU1PN1,2036,0.0
REGION1,SSSOU1PN1,2036,0.0
REGION1,SZNGCCPN1,2036,0.0
REGION1,SZWINDPN1,2036,0.0
REGION1,TDWINDPN1,2036,0.0
REGION1,TGWINDPN1,2036,0.0
REGION1,TZWINDPN1,2036,0.0
REGION1,ZMSOU1PN1,2036,0.0
REGION1,DZNGCCPH1,2036,0.0
REGION1,DZNGGCPH1,2036,0.0
REGION1,DZSOU1PH1,2036,0.0
REGION1,EGBMCHPH1,2036,0.0
REGION1,EGSOU1PH1,2036,0.0
REGION1,EGWINDPH1,2036,0.0
REGION1,LYNGCCPH1,2036,0.0
REGION1,LYNGGCPH1,2036,0.0
REGION1,LYLFRCPH1,2036,0.0
REGION1,LYHFGCPH1,2036,0.0
REGION1,LYSOU1PH1,2036,0.0
REGION1,MASOU1PH1,2036,0.0
REGION1,MAWINDPH1,2036,0.0
REGION1,SDSOU1PH1,2036,0.0
REGION1,TNNGCCPH1,2036,0.0
REGION1,TNNGGCPH1,2036,0.0
REGION1,TNSOU1PH1,2036,0.0
REGION1,AOSOU1PH1,2036,0.0
REGION1,BJSOU1PH1,2036,0.0
REGION1,BFLFRCPH1,2036,0.0
REGION1,BFHFGCPH1,2036,0.0
REGION1,BFHYDMSH1,2036,0.0
REGION1,BFSOU1PH1,2036,0.0
REGION1,BIHYDMSH1,2036,0.0
REGION1,CMHYDMSH1,2036,0.0
REGION1,CMSOU1PH1,2036,0.0
REGION1,CFSOU1PH1,2036,0.0
REGION1,CINGCCPH1,2036,0.0
REGION1,CINGGCPH1,2036,0.0
REGION1,CISOU1PH1,2036,0.0
REGION1,CDLFRCPH1,2036,0.0
REGION1,CDHFGCPH1,2036,0.0
REGION1,CDHYDMSH1,2036,0.0
REGION1,CDSOU1PH1,2036,0.0
REGION1,DJWINDPH1,2036,0.0
REGION1,ETBMCHPH1,2036,0.0
REGION1,ETHYDMSH1,2036,0.0
REGION1,ETWINDPH1,2036,0.0
REGION1,GHNGCCPH1,2036,0.0
REGION1,GHNGGCPH1,2036,0.0
REGION1,GHSOU1PH1,2036,0.0
REGION1,KEGOCVPH1,2036,0.0
REGION1,KEHYDMSH1,2036,0.0
REGION1,KESOU1PH1,2036,0.0
REGION1,LSSOU1PH1,2036,0.0
REGION1,MWSOU1PH1,2036,0.0
REGION1,MLHYDMSH1,2036,0.0
REGION1,MLSOU1PH1,2036,0.0
REGION1,MRSOU1PH1,2036,0.0
REGION1,MRWINDPH1,2036,0.0
REGION1,MZLFRCPH1,2036,0.0
REGION1,MZHFGCPH1,2036,0.0
REGION1,MZSOU1PH1,2036,0.0
REGION1,NASOU1PH1,2036,0.0
REGION1,NELFRCPH1,2036,0.0
REGION1,NEHFGCPH1,2036,0.0
REGION1,NESOU1PH1,2036,0.0
REGION1,NGNGCCPH1,2036,0.0
REGION1,NGNGGCPH1,2036,0.0
REGION1,NGLFRCPH1,2036,0.0
REGION1,NGHFGCPH1,2036,0.0
REGION1,NGHYDMSH1,2036,0.0
REGION1,NGSOU1PH1,2036,0.0
REGION1,RWCOSCPH1,2036,0.0
REGION1,SNNGCCPH1,2036,0.0
REGION1,SNLFRCPH1,2036,0.0
REGION1,SNHFGCPH1,2036,0.0
REGION1,SNSOU1PH1,2036,0.0
REGION1,ZANULWPH1,2036,0.0
REGION1,ZASOU1PH1,2036,0.0
REGION1,SSWINDPH1,2036,0.0
REGION1,TGSOU1PH1,2036,0.0
REGION1,UGHYDMSH1,2036,0.0
REGION1,TZSOU1PH1,2036,0.0
REGION1,ZMHYDMSH1,2036,0.0
REGION1,ZWSOU1PH1,2036,0.0
REGION1,ZWCOSCPH1,2036,0.0
REGION1,DZLFRCPH1,2036,0.0
REGION1,DZHFGCPH1,2036,0.0
REGION1,DZHYDMSH1,2036,0.0
REGION1,DZSOC1PH1,2036,0.0
REGION1,EGNGCCPH1,2036,0.0
REGION1,EGNGGCPH1,2036,0.0
REGION1,EGLFRCPH1,2036,0.0
REGION1,EGHFGCPH1,2036,0.0
REGION1,EGHYDMSH1,2036,0.0
REGION1,EGSOC1PH1,2036,0.0
REGION1,MACOSCPH1,2036,0.0
REGION1,MALFRCPH1,2036,0.0
REGION1,MAHFGCPH1,2036,0.0
REGION1,MANGCCPH1,2036,0.0
REGION1,MANGGCPH1,2036,0.0
REGION1,MABMCHPH1,2036,0.0
REGION1,MAHYDMSH1,2036,0.0
REGION1,MASOC1PH1,2036,0.0
REGION1,SDLFRCPH1,2036,0.0
REGION1,SDHFGCPH1,2036,0.0
REGION1,SDBMCHPH1,2036,0.0
REGION1,SDHYDMSH1,2036,0.0
REGION1,TNLFRCPH1,2036,0.0
REGION1,TNHFGCPH1,2036,0.0
REGION1,TNHYDMSH1,2036,0.0
REGION1,TNWINDPH1,2036,0.0
REGION1,AONGGCPH1,2036,0.0
REGION1,AOLFRCPH1,2036,0.0
REGION1,AOHFGCPH1,2036,0.0
REGION1,AOBMCHPH1,2036,0.0
REGION1,AOHYDMSH1,2036,0.0
REGION1,BJNGGCPH1,2036,0.0
REGION1,BJLFRCPH1,2036,0.0
REGION1,BJHFGCPH1,2036,0.0
REGION1,BJHYDMSH1,2036,0.0
REGION1,BWCOSCPH1,2036,0.0
REGION1,BWLFRCPH1,2036,0.0
REGION1,BWSOU1PH1,2036,0.0
REGION1,BFBMCHPH1,2036,0.0
REGION1,BILFRCPH1,2036,0.0
REGION1,BISOU1PH1,2036,0.0
REGION1,CMNGGCPH1,2036,0.0
REGION1,CMLFRCPH1,2036,0.0
REGION1,CMHFGCPH1,2036,0.0
REGION1,CFLFRCPH1,2036,0.0
REGION1,CFHYDMSH1,2036,0.0
REGION1,TDNGCCPH1,2036,0.0
REGION1,TDLFRCPH1,2036,0.0
REGION1,TDHFGCPH1,2036,0.0
REGION1,TDBMCHPH1,2036,0.0
REGION1,TDSOU1PH1,2036,0.0
REGION1,CGNGGCPH1,2036,0.0
REGION1,CGLFRCPH1,2036,0.0
REGION1,CGHFGCPH1,2036,0.0
REGION1,CGBMCHPH1,2036,0.0
REGION1,CGHYDMSH1,2036,0.0
REGION1,CILFRCPH1,2036,0.0
REGION1,CIHFGCPH1,2036,0.0
REGION1,CIHYDMSH1,2036,0.0
REGION1,DJLFRCPH1,2036,0.0
REGION1,DJHFGCPH1,2036,0.0
REGION1,GWNGCCPH1,2036,0.0
REGION1,GQNGGCPH1,2036,0.0
REGION1,GQLFRCPH1,2036,0.0
REGION1,GQHFGCPH1,2036,0.0
REGION1,GQHYDMSH1,2036,0.0
REGION1,ERLFRCPH1,2036,0.0
REGION1,ERHFGCPH1,2036,0.0
REGION1,SZLFRCPH1,2036,0.0
REGION1,SZHFGCPH1,2036,0.0
REGION1,SZBMCHPH1,2036,0.0
REGION1,SZHYDMSH1,2036,0.0
REGION1,SZSOU1PH1,2036,0.0
REGION1,ETLFRCPH1,2036,0.0
REGION1,ETGOCVPH1,2036,0.0
REGION1,GANGGCPH1,2036,0.0
REGION1,GALFRCPH1,2036,0.0
REGION1,GAHFGCPH1,2036,0.0
REGION1,GAHYDMSH1,2036,0.0
REGION1,GMLFRCPH1,2036,0.0
REGION1,GMHFGCPH1,2036,0.0
REGION1,GMWINDPH1,2036,0.0
REGION1,GMSOU1PH1,2036,0.0
REGION1,GHLFRCPH1,2036,0.0
REGION1,GHHFGCPH1,2036,0.0
REGION1,GHBMCHPH1,2036,0.0
REGION1,GHHYDMSH1,2036,0.0
REGION1,GNLFRCPH1,2036,0.0
REGION1,GNHFGCPH1,2036,0.0
REGION1,GNHYDMSH1,2036,0.0
REGION1,GNSOU1PH1,2036,0.0
REGION1,GWLFRCPH1,2036,0.0
REGION1,KELFRCPH1,2036,0.0
REGION1,KEHFGCPH1,2036,0.0
REGION1,KEBMCHPH1,2036,0.0
REGION1,KEWINDPH1,2036,0.0
REGION1,LSHYDMSH1,2036,0.0
REGION1,LRLFRCPH1,2036,0.0
REGION1,LRHFGCPH1,2036,0.0
REGION1,LRHYDMSH1,2036,0.0
REGION1,MWLFRCPH1,2036,0.0
REGION1,MWBMCHPH1,2036,0.0
REGION1,MWHYDMSH1,2036,0.0
REGION1,MLLFRCPH1,2036,0.0
REGION1,MLHFGCPH1,2036,0.0
REGION1,MLBMCHPH1,2036,0.0
REGION1,MRNGCCPH1,2036,0.0
REGION1,MRLFRCPH1,2036,0.0
REGION1,MRHFGCPH1,2036,0.0
REGION1,MZNGGCPH1,2036,0.0
REGION1,MZBMCHPH1,2036,0.0
REGION1,MZHYDMSH1,2036,0.0
REGION1,NACOSCPH1,2036,0.0
REGION1,NALFRCPH1,2036,0.0
REGION1,NAHFGCPH1,2036,0.0
REGION1,NABMCHPH1,2036,0.0
REGION1,NAHYDMSH1,2036,0.0
REGION1,NAWINDPH1,2036,0.0
REGION1,NECOSCPH1,2036,0.0
REGION1,NENGCCPH1,2036,0.0
REGION1,NGBMCHPH1,2036,0.0
REGION1,RWWINDPH1,2036,0.0
REGION1,RWNGGCPH1,2036,0.0
REGION1,RWLFRCPH1,2036,0.0
REGION1,RWHFGCPH1,2036,0.0
REGION1,RWBMCHPH1,2036,0.0
REGION1,RWHYDMSH1,2036,0.0
REGION1,SNHYDMSH1,2036,0.0
REGION1,SNCOSCPH1,2036,0.0
REGION1,SNBMCHPH1,2036,0.0
REGION1,SLWINDPH1,2036,0.0
REGION1,SLLFRCPH1,2036,0.0
REGION1,SLHFGCPH1,2036,0.0
REGION1,SLBMCHPH1,2036,0.0
REGION1,SLHYDMSH1,2036,0.0
REGION1,ZACOSCPH1,2036,0.0
REGION1,ZALFRCPH1,2036,0.0
REGION1,ZAHFGCPH1,2036,0.0
REGION1,ZABMCHPH1,2036,0.0
REGION1,ZAHYDMSH1,2036,0.0
REGION1,ZASOC1PH1,2036,0.0
REGION1,SSLFRCPH1,2036,0.0
REGION1,SSHFGCPH1,2036,0.0
REGION1,TGNGCCPH1,2036,0.0
REGION1,TGLFRCPH1,2036,0.0
REGION1,TGHFGCPH1,2036,0.0
REGION1,TGHYDMSH1,2036,0.0
REGION1,UGSOU1PH1,2036,0.0
REGION1,UGLFRCPH1,2036,0.0
REGION1,UGHFGCPH1,2036,0.0
REGION1,UGBMCHPH1,2036,0.0
REGION1,TZNGGCPH1,2036,0.0
REGION1,TZLFRCPH1,2036,0.0
REGION1,TZHFGCPH1,2036,0.0
REGION1,TZBMCHPH1,2036,0.0
REGION1,TZHYDMSH1,2036,0.0
REGION1,ZMWINDPH1,2036,0.0
REGION1,ZMCOSCPH1,2036,0.0
REGION1,ZMLFRCPH1,2036,0.0
REGION1,ZMHFGCPH1,2036,0.0
REGION1,ZMBMCHPH1,2036,0.0
REGION1,ZWLFRCPH1,2036,0.0
REGION1,SNWINDPH1,2036,0.0
REGION1,ZWHYDMSH1,2036,0.0
REGION1,ZWBMCHPH1,2036,0.0
REGION1,SOLFRCPH1,2036,0.0
REGION1,SOSOU1PH1,2036,0.0
REGION1,SOWINDPH1,2036,0.0
REGION1,MAHYDSPH1,2036,0.0
REGION1,ZAHYDSPH1,2036,0.0
REGION1,ATELCZPH1,2036,0.0
REGION1,ATELDEPH1,2036,0.0
REGION1,ATELHUPH1,2036,0.0
REGION1,ATELITPH1,2036,0.0
REGION1,ATELSIPH1,2036,0.0
REGION1,ATELCHPH1,2036,0.0
REGION1,BEELFRPH1,2036,0.0
REGION1,BEELDEPH1,2036,0.0
REGION1,BEELLUPH1,2036,0.0
REGION1,BEELNLPH1,2036,0.0
REGION1,BEELUKPH1,2036,0.0
REGION1,BGELGRPH1,2036,0.0
REGION1,BGELROPH1,2036,0.0
REGION1,CZELDEPH1,2036,0.0
REGION1,CZELPLPH1,2036,0.0
REGION1,CZELSKPH1,2036,0.0
REGION1,HRELHUPH1,2036,0.0
REGION1,HRELSIPH1,2036,0.0
REGION1,DKELNLPH1,2036,0.0
REGION1,DKELNOPH1,2036,0.0
REGION1,DKELSEPH1,2036,0.0
REGION1,DKELUKPH1,2036,0.0
REGION1,EEELFIPH1,2036,0.0
REGION1,EEELLVPH1,2036,0.0
REGION1,FIELNOPH1,2036,0.0
REGION1,FIELSEPH1,2036,0.0
REGION1,FRELITPH1,2036,0.0
REGION1,FRELLUPH1,2036,0.0
REGION1,FRELUKPH1,2036,0.0
REGION1,DEELDKPH1,2036,0.0
REGION1,DEELFRPH1,2036,0.0
REGION1,DEELLUPH1,2036,0.0
REGION1,DEELNLPH1,2036,0.0
REGION1,DEELNOPH1,2036,0.0
REGION1,DEELPLPH1,2036,0.0
REGION1,DEELSEPH1,2036,0.0
REGION1,DEELUKPH1,2036,0.0
REGION1,HUELROPH1,2036,0.0
REGION1,HUELSKPH1,2036,0.0
REGION1,HUELSIPH1,2036,0.0
REGION1,IEELUKPH1,2036,0.0
REGION1,ITELMTPH1,2036,0.0
REGION1,ITELSIPH1,2036,0.0
REGION1,LTELLVPH1,2036,0.0
REGION1,LTELPLPH1,2036,0.0
REGION1,LTELSEPH1,2036,0.0
REGION1,NLELNOPH1,2036,0.0
REGION1,NLELUKPH1,2036,0.0
REGION1,NOELSEPH1,2036,0.0
REGION1,NOELUKPH1,2036,0.0
REGION1,PLELSKPH1,2036,0.0
REGION1,PLELSEPH1,2036,0.0
REGION1,ESELFRPH1,2036,0.0
REGION1,ESELPTPH1,2036,0.0
REGION1,CHELFRPH1,2036,0.0
REGION1,CHELDEPH1,2036,0.0
REGION1,CHELITPH1,2036,0.0
REGION1,GRELITPH1,2036,0.0
REGION1,BGELMKPH1,2036,0.0
REGION1,BGELRSPH1,2036,0.0
REGION1,BGELTRPH1,2036,0.0
REGION1,HRELBAPH1,2036,0.0
REGION1,HRELRSPH1,2036,0.0
REGION1,EEELRUPH1,2036,0.0
REGION1,GRELALPH1,2036,0.0
REGION1,GRELTRPH1,2036,0.0
REGION1,HUELRSPH1,2036,0.0
REGION1,HUELUAPH1,2036,0.0
REGION1,ITELMEPH1,2036,0.0
REGION1,LVELRUPH1,2036,0.0
REGION1,LTELBYPH1,2036,0.0
REGION1,LTELRUPH1,2036,0.0
REGION1,PLELUAPH1,2036,0.0
REGION1,ROELMDPH1,2036,0.0
REGION1,ROELRSPH1,2036,0.0
REGION1,ROELUAPH1,2036,0.0
REGION1,SKELUAPH1,2036,0.0
REGION1,GRELMKPH1,2036,0.0
REGION1,ESELMAPH1,2036,0.0
REGION1,CYELILPH1,2036,0.0
REGION1,SEELLVPH1,2036,0.0
REGION1,BEELDKPH1,2036,0.0
REGION1,ITELTNPH1,2036,0.0
REGION1,GRELEGPH1,2036,0.0
REGION1,ITELDZPH1,2036,0.0
REGION1,MTELTNPH1,2036,0.0
REGION1,ROELGEPH1,2036,0.0
REGION1,ESELITPH1,2036,0.0
REGION1,DEELLVPH1,2036,0.0
REGION1,GRELDEPH1,2036,3.0
REGION1,ITELSAPH1,2036,0.0
REGION1,UKELMAPH1,2036,0.0
REGION1,DEELMAPH1,2036,0.0
REGION1,BIELRWPH1,2036,0.0
REGION1,BWELZAPH1,2036,0.0
REGION1,CDELBIPH1,2036,0.0
REGION1,CDELCGPH1,2036,0.0
REGION1,CDELRWPH1,2036,0.0
REGION1,CDELZMPH1,2036,0.0
REGION1,CIELBFPH1,2036,0.0
REGION1,EGELJOPH1,2036,0.0
REGION1,EGELSDPH1,2036,0.0
REGION1,ETELDJPH1,2036,0.0
REGION1,ETELSDPH1,2036,0.0
REGION1,GHELCIPH1,2036,0.0
REGION1,GHELTGPH1,2036,0.0
REGION1,KEELTZPH1,2036,0.0
REGION1,LSELZAPH1,2036,0.0
REGION1,LYELEGPH1,2036,0.0
REGION1,MAELDZPH1,2036,0.0
REGION1,MZELSZPH1,2036,0.0
REGION1,MZELZAPH1,2036,0.0
REGION1,MZELZWPH1,2036,0.0
REGION1,NGELBJPH1,2036,0.0
REGION1,NGELNEPH1,2036,0.0
REGION1,NAELZAPH1,2036,0.0
REGION1,RWELBIPH1,2036,0.0
REGION1,SNELMLPH1,2036,0.0
REGION1,TGELBJPH1,2036,0.0
REGION1,TNELDZPH1,2036,0.0
REGION1,TZELUGPH1,2036,0.0
REGION1,UGELKEPH1,2036,0.0
REGION1,UGELRWPH1,2036,0.0
REGION1,UGELTZPH1,2036,0.0
REGION1,ZAELSZPH1,2036,0.0
REGION1,ZAELZWPH1,2036,0.0
REGION1,ZMELZWPH1,2036,0.0
REGION1,AOELBWPH1,2036,0.0
REGION1,AOELCDPH1,2036,0.0
REGION1,AOELNAPH1,2036,0.0
REGION1,BFELMLPH1,2036,0.0
REGION1,BWELNAPH1,2036,0.0
REGION1,CDELNAPH1,2036,0.0
REGION1,CDELZAPH1,2036,0.0
REGION1,CGELGAPH1,2036,0.0
REGION1,CMELTDPH1,2036,0.0
REGION1,ETELKEPH1,2036,0.0
REGION1,GAELGQPH1,2036,0.0
REGION1,GHELBFPH1,2036,0.0
REGION1,GMELGWPH1,2036,0.0
REGION1,GQELCMPH1,2036,0.0
REGION1,GWELGNPH1,2036,0.0
REGION1,LRELGNPH1,2036,0.0
REGION1,LRELSLPH1,2036,0.0
REGION1,MLELCIPH1,2036,0.0
REGION1,MWELMZPH1,2036,0.0
REGION1,MWELZMPH1,2036,0.0
REGION1,NAELZWPH1,2036,0.0
REGION1,NEELBFPH1,2036,0.0
REGION1,NEELBJPH1,2036,0.0
REGION1,NEELTGPH1,2036,0.0
REGION1,SLELGNPH1,2036,0.0
REGION1,SNELGMPH1,2036,0.0
REGION1,SNELGNPH1,2036,0.0
REGION1,TGELGHPH1,2036,0.0
REGION1,TZELZMPH1,2036,0.0
REGION1,CIELLRPH1,2036,0.0
REGION1,GNELMLPH1,2036,0.0
REGION1,AOELZMPH1,2036,0.0
REGION1,BFELBJPH1,2036,0.0
REGION1,BFELTGPH1,2036,0.0
REGION1,BIELTZPH1,2036,0.0
REGION1,BJELGHPH1,2036,0.0
REGION1,BWELZMPH1,2036,0.0
REGION1,CDELCFPH1,2036,0.0
REGION1,CDELSDPH1,2036,0.0
REGION1,CDELTZPH1,2036,0.0
REGION1,CDELUGPH1,2036,0.0
REGION1,CFELCGPH1,2036,0.0
REGION1,CFELCMPH1,2036,0.0
REGION1,CFELSDPH1,2036,0.0
REGION1,CFELTDPH1,2036,0.0
REGION1,CGELCMPH1,2036,0.0
REGION1,CIELGNPH1,2036,0.0
REGION1,CMELGAPH1,2036,0.0
REGION1,CMELNGPH1,2036,0.0
REGION1,DJELERPH1,2036,0.0
REGION1,DJELSOPH1,2036,0.0
REGION1,DZELLYPH1,2036,0.0
REGION1,DZELMLPH1,2036,0.0
REGION1,DZELMRPH1,2036,0.0
REGION1,DZELNEPH1,2036,0.0
REGION1,ETELERPH1,2036,0.0
REGION1,ETELSOPH1,2036,0.0
REGION1,GWELSNPH1,2036,0.0
REGION1,KEELSDPH1,2036,0.0
REGION1,KEELSOPH1,2036,0.0
REGION1,LYELNEPH1,2036,0.0
REGION1,LYELSDPH1,2036,0.0
REGION1,LYELTDPH1,2036,0.0
REGION1,LYELTNPH1,2036,0.0
REGION1,MLELMRPH1,2036,0.0
REGION1,MLELNEPH1,2036,0.0
REGION1,MRELSNPH1,2036,0.0
REGION1,MWELTZPH1,2036,0.0
REGION1,MZELTZPH1,2036,0.0
REGION1,MZELZMPH1,2036,0.0
REGION1,NEELTDPH1,2036,0.0
REGION1,NGELTDPH1,2036,0.0
REGION1,RWELTZPH1,2036,0.0
REGION1,SDELERPH1,2036,0.0
REGION1,SDELTDPH1,2036,0.0
REGION1,SDELUGPH1,2036,0.0
REGION1,CYELGRPH1,2036,0.0
REGION1,ALNGGRPI0,2036,0.0
REGION1,ALNGITPI0,2036,0.0
REGION1,ATNGDEPI0,2036,0.0
REGION1,ATNGHUPI0,2036,0.0
REGION1,ATNGITPI0,2036,0.0
REGION1,ATNGSIPI0,2036,0.0
REGION1,ATNGSKPI0,2036,0.0
REGION1,BENGDEPI0,2036,0.0
REGION1,BENGFRPI0,2036,0.0
REGION1,BENGUKPI0,2036,0.0
REGION1,BENGNLPI0,2036,0.0
REGION1,BGNGGRPI0,2036,0.0
REGION1,BGNGROPI0,2036,0.0
REGION1,BYNGLTPI0,2036,0.0
REGION1,CYNGEGPI0,2036,0.0
REGION1,CYNGGRPI0,2036,0.0
REGION1,CZNGDEPI0,2036,0.0
REGION1,CZNGPLPI0,2036,0.0
REGION1,CZNGSKPI0,2036,0.0
REGION1,DENGCHPI0,2036,0.0
REGION1,DENGFRPI0,2036,0.0
REGION1,DENGNLPI0,2036,0.0
REGION1,DENGPLPI0,2036,0.0
REGION1,DKNGDEPI0,2036,0.0
REGION1,DKNGPLPI0,2036,0.0
REGION1,DKNGSEPI0,2036,0.0
REGION1,DZNGESPI0,2036,0.0
REGION1,DZNGITPI0,2036,0.0
REGION1,EENGFIPI0,2036,0.0
REGION1,EENGLVPI0,2036,0.0
REGION1,FRNGCHPI0,2036,0.0
REGION1,FRNGESPI0,2036,0.0
REGION1,GRNGITPI0,2036,0.0
REGION1,HRNGHUPI0,2036,0.0
REGION1,HRNGSIPI0,2036,0.0
REGION1,HUNGROPI0,2036,0.0
REGION1,HUNGSKPI0,2036,0.0
REGION1,IENGUKPI0,2036,0.0
REGION1,ITNGCHPI0,2036,0.0
REGION1,ITNGMTPI0,2036,0.0
REGION1,ITNGSIPI0,2036,0.0
REGION1,LTNGPLPI0,2036,0.0
REGION1,LVNGLTPI0,2036,0.0
REGION1,LYNGITPI0,2036,0.0
REGION1,MANGESPI0,2036,0.0
REGION1,MDNGROPI0,2036,0.0
REGION1,NLNGUKPI0,2036,0.0
REGION1,NONGBEPI0,2036,0.0
REGION1,NONGDEPI0,2036,0.0
REGION1,NONGDKPI0,2036,0.0
REGION1,NONGFRPI0,2036,0.0
REGION1,NONGUKPI0,2036,0.0
REGION1,NONGNLPI0,2036,0.0
REGION1,PLNGSKPI0,2036,0.0
REGION1,PTNGESPI0,2036,0.0
REGION1,RSNGBGPI0,2036,0.0
REGION1,RSNGHUPI0,2036,0.0
REGION1,RSNGROPI0,2036,0.0
REGION1,RUNGEEPI0,2036,0.0
REGION1,RUNGFIPI0,2036,0.0
REGION1,RUNGLVPI0,2036,0.0
REGION1,TRNGBGPI0,2036,0.0
REGION1,TRNGGRPI0,2036,0.0
REGION1,UANGHUPI0,2036,0.0
REGION1,UANGPLPI0,2036,0.0
REGION1,UANGROPI0,2036,0.0
REGION1,UANGSKPI0,2036,0.0
REGION1,BENGLUPI0,2036,0.0
REGION1,NGNGDZPI0,2036,0.0
REGION1,MZNGZAPI0,2036,0.0
REGION1,NGNGLYPI0,2036,0.0
REGION1,ETNGDJPI0,2036,0.0
REGION1,NGNGGQPI0,2036,0.0
REGION1,TZNGKEPI0,2036,0.0
REGION1,NGNGMAPI0,2036,0.0
REGION1,NGNGBJPI0,2036,0.0
REGION1,NGNGGHPI0,2036,0.0
REGION1,NGNGNEPI0,2036,0.0
REGION1,NGNGTGPI0,2036,0.0
REGION1,NGNGTNPI0,2036,0.0
REGION1,DZNGMAPI0,2036,0.0
REGION1,BELG00I00,2037,0.0
REGION1,HRLG00I00,2037,0.0
REGION1,CYLG00I00,2037,0.0
REGION1,FRLG00I00,2037,0.0
REGION1,FILG00I00,2037,0.0
REGION1,DELG00I00,2037,0.0
REGION1,GRLG00I00,2037,0.0
REGION1,ITLG00I00,2037,0.0
REGION1,LVLG00I00,2037,0.0
REGION1,LTLG00I00,2037,0.0
REGION1,MTLG00I00,2037,0.0
REGION1,NLLG00I00,2037,0.0
REGION1,PLLG00I00,2037,0.0
REGION1,ESLG00I00,2037,0.0
REGION1,UKLG00I00,2037,0.0
REGION1,PTLG00I00,2037,0.0
REGION1,BENUG2PN1,2037,0.0
REGION1,BGNUG2PN1,2037,0.0
REGION1,CZNUG2PN1,2037,0.0
REGION1,DENUG2PN1,2037,0.0
REGION1,ESNUG2PN1,2037,0.0
REGION1,FINUG2PN1,2037,0.0
REGION1,FRNUG2PN1,2037,0.0
REGION1,HUNUG2PN1,2037,0.0
REGION1,NLNUG2PN1,2037,0.0
REGION1,RONUG2PN1,2037,0.0
REGION1,SENUG2PN1,2037,0.0
REGION1,SINUG2PN1,2037,0.0
REGION1,SKNUG2PN1,2037,0.0
REGION1,CHNUG2PN1,2037,0.0
REGION1,UKNUG2PN1,2037,0.0
REGION1,ATHYDSPN1,2037,0.0
REGION1,BEHYDSPN1,2037,0.0
REGION1,BGHYDSPN1,2037,0.0
REGION1,CZHYDSPN1,2037,0.0
REGION1,DEHYDSPN1,2037,0.0
REGION1,GRHYDSPN1,2037,0.0
REGION1,ESHYDSPN1,2037,0.0
REGION1,FRHYDSPN1,2037,0.0
REGION1,HRHYDSPN1,2037,0.0
REGION1,IEHYDSPN1,2037,0.0
REGION1,ITHYDSPN1,2037,0.0
REGION1,LTHYDSPN1,2037,0.0
REGION1,LUHYDSPN1,2037,0.0
REGION1,PLHYDSPN1,2037,0.0
REGION1,PTHYDSPN1,2037,0.0
REGION1,ROHYDSPN1,2037,0.0
REGION1,SEHYDSPN1,2037,0.0
REGION1,SIHYDSPN1,2037,0.0
REGION1,SKHYDSPN1,2037,0.0
REGION1,CHHYDSPN1,2037,0.0
REGION1,UKHYDSPN1,2037,0.0
REGION1,ATHYDMPN1,2037,0.0
REGION1,ATHYDRPN1,2037,0.0
REGION1,BEHYDMPN1,2037,0.0
REGION1,BEHYDRPN1,2037,0.0
REGION1,BGHYDMPN1,2037,0.0
REGION1,BGHYDRPN1,2037,0.0
REGION1,CZHYDRPN1,2037,0.0
REGION1,CZHYDMPN1,2037,0.0
REGION1,DEHYDMPN1,2037,0.0
REGION1,DEHYDRPN1,2037,0.0
REGION1,DKHYDRPN1,2037,0.0
REGION1,DKHYDMPN1,2037,0.0
REGION1,EEHYDRPN1,2037,0.0
REGION1,GRHYDMPN1,2037,0.0
REGION1,GRHYDRPN1,2037,0.0
REGION1,ESHYDMPN1,2037,0.0
REGION1,ESHYDRPN1,2037,0.0
REGION1,FIHYDMPN1,2037,0.0
REGION1,FIHYDRPN1,2037,0.0
REGION1,FRHYDMPN1,2037,0.0
REGION1,FRHYDRPN1,2037,0.0
REGION1,HRHYDMPN1,2037,0.0
REGION1,HRHYDRPN1,2037,0.0
REGION1,HUHYDMPN1,2037,0.0
REGION1,HUHYDRPN1,2037,0.0
REGION1,IEHYDMPN1,2037,0.0
REGION1,IEHYDRPN1,2037,0.0
REGION1,ITHYDMPN1,2037,0.0
REGION1,ITHYDRPN1,2037,0.0
REGION1,LTHYDRPN1,2037,0.0
REGION1,LUHYDRPN1,2037,0.0
REGION1,LVHYDMPN1,2037,0.0
REGION1,LVHYDRPN1,2037,0.0
REGION1,NLHYDRPN1,2037,0.0
REGION1,PLHYDMPN1,2037,0.0
REGION1,PLHYDRPN1,2037,0.0
REGION1,PTHYDMPN1,2037,0.0
REGION1,PTHYDRPN1,2037,0.0
REGION1,ROHYDMPN1,2037,0.0
REGION1,ROHYDRPN1,2037,0.0
REGION1,SEHYDMPN1,2037,0.0
REGION1,SEHYDRPN1,2037,0.0
REGION1,SIHYDMPN1,2037,0.0
REGION1,SIHYDRPN1,2037,0.0
REGION1,SKHYDMPN1,2037,0.0
REGION1,SKHYDRPN1,2037,0.0
REGION1,NOHYDRPN1,2037,0.0
REGION1,NOHYDMPN1,2037,0.0
REGION1,CHHYDRPN1,2037,0.0
REGION1,CHHYDMPN1,2037,0.0
REGION1,UKHYDMPN1,2037,0.0
REGION1,UKHYDRPN1,2037,0.0
REGION1,EGLG00I00,2037,0.0
REGION1,GHLG00I00,2037,0.0
REGION1,MALG00I00,2037,0.0
REGION1,MZLG00I00,2037,0.0
REGION1,SNLG00I00,2037,0.0
REGION1,ZALG00I00,2037,0.0
REGION1,DZLG00E00,2037,0.0
REGION1,NGLG00E00,2037,0.0
REGION1,EGLG00E00,2037,0.0
REGION1,AOLG00E00,2037,0.0
REGION1,GQLG00E00,2037,0.0
REGION1,MZLG00E00,2037,0.0
REGION1,CGLG00E00,2037,0.0
REGION1,GALG00E00,2037,0.0
REGION1,MRLG00E00,2037,0.0
REGION1,SNLG00E00,2037,0.0
REGION1,TZLG00E00,2037,0.0
REGION1,BFHYDMSN1,2037,0.0
REGION1,BIHYDMSN1,2037,0.0
REGION1,CMHYDMSN1,2037,0.0
REGION1,CDHYDMSN1,2037,0.0
REGION1,ETHYDMSN1,2037,0.0
REGION1,KEHYDMSN1,2037,0.0
REGION1,MLHYDMSN1,2037,0.0
REGION1,NGHYDMSN1,2037,0.0
REGION1,UGHYDMSN1,2037,0.0
REGION1,ZMHYDMSN1,2037,0.0
REGION1,DZHYDMSN1,2037,0.0
REGION1,EGHYDMSN1,2037,0.0
REGION1,MAHYDMSN1,2037,0.0
REGION1,SDHYDMSN1,2037,0.0
REGION1,TNHYDMSN1,2037,0.0
REGION1,AOHYDMSN1,2037,0.0
REGION1,BJHYDMSN1,2037,0.0
REGION1,CFHYDMSN1,2037,0.0
REGION1,CGHYDMSN1,2037,0.0
REGION1,CIHYDMSN1,2037,0.0
REGION1,GQHYDMSN1,2037,0.0
REGION1,SZHYDMSN1,2037,0.0
REGION1,GAHYDMSN1,2037,0.0
REGION1,GHHYDMSN1,2037,0.0
REGION1,GNHYDMSN1,2037,0.0
REGION1,LSHYDMSN1,2037,0.0
REGION1,LRHYDMSN1,2037,0.0
REGION1,MWHYDMSN1,2037,0.0
REGION1,MZHYDMSN1,2037,0.0
REGION1,NAHYDMSN1,2037,0.0
REGION1,RWHYDMSN1,2037,0.0
REGION1,SNHYDMSN1,2037,0.0
REGION1,SLHYDMSN1,2037,0.0
REGION1,ZAHYDMSN1,2037,0.0
REGION1,TGHYDMSN1,2037,0.0
REGION1,TZHYDMSN1,2037,0.0
REGION1,ZWHYDMSN1,2037,0.0
REGION1,MAHYDSPN1,2037,0.0
REGION1,ZAHYDSPN1,2037,0.0
REGION1,KEBATTN1,2037,0.0
REGION1,ETBMCHPN1,2037,0.0
REGION1,KEBMCHPN1,2037,0.0
REGION1,ZABMCHPN1,2037,0.0
REGION1,BWCOSCPN1,2037,0.0
REGION1,ZACOSCPN1,2037,0.0
REGION1,ETGOCVPN1,2037,0.0
REGION1,KEGOCVPN1,2037,0.0
REGION1,RWNGGCPN1,2037,0.0
REGION1,DZNGCCPN1,2037,0.0
REGION1,MANGCCPN1,2037,0.0
REGION1,TNNGCCPN1,2037,0.0
REGION1,UGNGCCPN1,2037,0.0
REGION1,MZNGGCPN1,2037,0.0
REGION1,NGNGGCPN1,2037,0.0
REGION1,AOSOU1PN1,2037,0.0
REGION1,GASOU1PN1,2037,0.0
REGION1,DZSOU1PN1,2037,0.0
REGION1,MASOU1PN1,2037,0.0
REGION1,TNSOU1PN1,2037,0.0
REGION1,ETSOU1PN1,2037,0.0
REGION1,KESOU1PN1,2037,0.0
REGION1,TZSOU1PN1,2037,0.0
REGION1,BWSOU1PN1,2037,0.0
REGION1,ZASOU1PN1,2037,0.0
REGION1,MAWINDPN1,2037,0.0
REGION1,TNWINDPN1,2037,0.0
REGION1,ETWINDPN1,2037,0.0
REGION1,KEWINDPN1,2037,0.0
REGION1,ZAWINDPN1,2037,0.0
REGION1,CICOSCPN1,2037,0.0
REGION1,EGNULWPN1,2037,0.0
REGION1,SSHYDMSN1,2037,0.0
REGION1,MABATTN1,2037,0.0
REGION1,CGSOU1PN1,2037,0.0
REGION1,DJSOU1PN1,2037,0.0
REGION1,DZWINDPN1,2037,0.0
REGION1,ERSOU1PN1,2037,0.0
REGION1,ERWINDPN1,2037,0.0
REGION1,GHWINDPN1,2037,0.0
REGION1,GQSOU1PN1,2037,0.0
REGION1,GWSOU1PN1,2037,0.0
REGION1,LRSOU1PN1,2037,0.0
REGION1,RWSOU1PN1,2037,0.0
REGION1,SLSOU1PN1,2037,0.0
REGION1,SSSOU1PN1,2037,0.0
REGION1,SZNGCCPN1,2037,0.0
REGION1,SZWINDPN1,2037,0.0
REGION1,TDWINDPN1,2037,0.0
REGION1,TGWINDPN1,2037,0.0
REGION1,TZWINDPN1,2037,0.0
REGION1,ZMSOU1PN1,2037,0.0
REGION1,DZNGCCPH1,2037,0.0
REGION1,DZNGGCPH1,2037,0.0
REGION1,DZSOU1PH1,2037,0.0
REGION1,EGBMCHPH1,2037,0.0
REGION1,EGSOU1PH1,2037,0.0
REGION1,EGWINDPH1,2037,0.0
REGION1,LYNGCCPH1,2037,0.0
REGION1,LYNGGCPH1,2037,0.0
REGION1,LYLFRCPH1,2037,0.0
REGION1,LYHFGCPH1,2037,0.0
REGION1,LYSOU1PH1,2037,0.0
REGION1,MASOU1PH1,2037,0.0
REGION1,MAWINDPH1,2037,0.0
REGION1,SDSOU1PH1,2037,0.0
REGION1,TNNGCCPH1,2037,0.0
REGION1,TNNGGCPH1,2037,0.0
REGION1,TNSOU1PH1,2037,0.0
REGION1,AOSOU1PH1,2037,0.0
REGION1,BJSOU1PH1,2037,0.0
REGION1,BFLFRCPH1,2037,0.0
REGION1,BFHFGCPH1,2037,0.0
REGION1,BFHYDMSH1,2037,0.0
REGION1,BFSOU1PH1,2037,0.0
REGION1,BIHYDMSH1,2037,0.0
REGION1,CMHYDMSH1,2037,0.0
REGION1,CMSOU1PH1,2037,0.0
REGION1,CFSOU1PH1,2037,0.0
REGION1,CINGCCPH1,2037,0.0
REGION1,CINGGCPH1,2037,0.0
REGION1,CISOU1PH1,2037,0.0
REGION1,CDLFRCPH1,2037,0.0
REGION1,CDHFGCPH1,2037,0.0
REGION1,CDHYDMSH1,2037,0.0
REGION1,CDSOU1PH1,2037,0.0
REGION1,DJWINDPH1,2037,0.0
REGION1,ETBMCHPH1,2037,0.0
REGION1,ETHYDMSH1,2037,0.0
REGION1,ETWINDPH1,2037,0.0
REGION1,GHNGCCPH1,2037,0.0
REGION1,GHNGGCPH1,2037,0.0
REGION1,GHSOU1PH1,2037,0.0
REGION1,KEGOCVPH1,2037,0.0
REGION1,KEHYDMSH1,2037,0.0
REGION1,KESOU1PH1,2037,0.0
REGION1,LSSOU1PH1,2037,0.0
REGION1,MWSOU1PH1,2037,0.0
REGION1,MLHYDMSH1,2037,0.0
REGION1,MLSOU1PH1,2037,0.0
REGION1,MRSOU1PH1,2037,0.0
REGION1,MRWINDPH1,2037,0.0
REGION1,MZLFRCPH1,2037,0.0
REGION1,MZHFGCPH1,2037,0.0
REGION1,MZSOU1PH1,2037,0.0
REGION1,NASOU1PH1,2037,0.0
REGION1,NELFRCPH1,2037,0.0
REGION1,NEHFGCPH1,2037,0.0
REGION1,NESOU1PH1,2037,0.0
REGION1,NGNGCCPH1,2037,0.0
REGION1,NGNGGCPH1,2037,0.0
REGION1,NGLFRCPH1,2037,0.0
REGION1,NGHFGCPH1,2037,0.0
REGION1,NGHYDMSH1,2037,0.0
REGION1,NGSOU1PH1,2037,0.0
REGION1,RWCOSCPH1,2037,0.0
REGION1,SNNGCCPH1,2037,0.0
REGION1,SNLFRCPH1,2037,0.0
REGION1,SNHFGCPH1,2037,0.0
REGION1,SNSOU1PH1,2037,0.0
REGION1,ZANULWPH1,2037,0.0
REGION1,ZASOU1PH1,2037,0.0
REGION1,SSWINDPH1,2037,0.0
REGION1,TGSOU1PH1,2037,0.0
REGION1,UGHYDMSH1,2037,0.0
REGION1,TZSOU1PH1,2037,0.0
REGION1,ZMHYDMSH1,2037,0.0
REGION1,ZWSOU1PH1,2037,0.0
REGION1,ZWCOSCPH1,2037,0.0
REGION1,DZLFRCPH1,2037,0.0
REGION1,DZHFGCPH1,2037,0.0
REGION1,DZHYDMSH1,2037,0.0
REGION1,DZSOC1PH1,2037,0.0
REGION1,EGNGCCPH1,2037,0.0
REGION1,EGNGGCPH1,2037,0.0
REGION1,EGLFRCPH1,2037,0.0
REGION1,EGHFGCPH1,2037,0.0
REGION1,EGHYDMSH1,2037,0.0
REGION1,EGSOC1PH1,2037,0.0
REGION1,MACOSCPH1,2037,0.0
REGION1,MALFRCPH1,2037,0.0
REGION1,MAHFGCPH1,2037,0.0
REGION1,MANGCCPH1,2037,0.0
REGION1,MANGGCPH1,2037,0.0
REGION1,MABMCHPH1,2037,0.0
REGION1,MAHYDMSH1,2037,0.0
REGION1,MASOC1PH1,2037,0.0
REGION1,SDLFRCPH1,2037,0.0
REGION1,SDHFGCPH1,2037,0.0
REGION1,SDBMCHPH1,2037,0.0
REGION1,SDHYDMSH1,2037,0.0
REGION1,TNLFRCPH1,2037,0.0
REGION1,TNHFGCPH1,2037,0.0
REGION1,TNHYDMSH1,2037,0.0
REGION1,TNWINDPH1,2037,0.0
REGION1,AONGGCPH1,2037,0.0
REGION1,AOLFRCPH1,2037,0.0
REGION1,AOHFGCPH1,2037,0.0
REGION1,AOBMCHPH1,2037,0.0
REGION1,AOHYDMSH1,2037,0.0
REGION1,BJNGGCPH1,2037,0.0
REGION1,BJLFRCPH1,2037,0.0
REGION1,BJHFGCPH1,2037,0.0
REGION1,BJHYDMSH1,2037,0.0
REGION1,BWCOSCPH1,2037,0.0
REGION1,BWLFRCPH1,2037,0.0
REGION1,BWSOU1PH1,2037,0.0
REGION1,BFBMCHPH1,2037,0.0
REGION1,BILFRCPH1,2037,0.0
REGION1,BISOU1PH1,2037,0.0
REGION1,CMNGGCPH1,2037,0.0
REGION1,CMLFRCPH1,2037,0.0
REGION1,CMHFGCPH1,2037,0.0
REGION1,CFLFRCPH1,2037,0.0
REGION1,CFHYDMSH1,2037,0.0
REGION1,TDNGCCPH1,2037,0.0
REGION1,TDLFRCPH1,2037,0.0
REGION1,TDHFGCPH1,2037,0.0
REGION1,TDBMCHPH1,2037,0.0
REGION1,TDSOU1PH1,2037,0.0
REGION1,CGNGGCPH1,2037,0.0
REGION1,CGLFRCPH1,2037,0.0
REGION1,CGHFGCPH1,2037,0.0
REGION1,CGBMCHPH1,2037,0.0
REGION1,CGHYDMSH1,2037,0.0
REGION1,CILFRCPH1,2037,0.0
REGION1,CIHFGCPH1,2037,0.0
REGION1,CIHYDMSH1,2037,0.0
REGION1,DJLFRCPH1,2037,0.0
REGION1,DJHFGCPH1,2037,0.0
REGION1,GWNGCCPH1,2037,0.0
REGION1,GQNGGCPH1,2037,0.0
REGION1,GQLFRCPH1,2037,0.0
REGION1,GQHFGCPH1,2037,0.0
REGION1,GQHYDMSH1,2037,0.0
REGION1,ERLFRCPH1,2037,0.0
REGION1,ERHFGCPH1,2037,0.0
REGION1,SZLFRCPH1,2037,0.0
REGION1,SZHFGCPH1,2037,0.0
REGION1,SZBMCHPH1,2037,0.0
REGION1,SZHYDMSH1,2037,0.0
REGION1,SZSOU1PH1,2037,0.0
REGION1,ETLFRCPH1,2037,0.0
REGION1,ETGOCVPH1,2037,0.0
REGION1,GANGGCPH1,2037,0.0
REGION1,GALFRCPH1,2037,0.0
REGION1,GAHFGCPH1,2037,0.0
REGION1,GAHYDMSH1,2037,0.0
REGION1,GMLFRCPH1,2037,0.0
REGION1,GMHFGCPH1,2037,0.0
REGION1,GMWINDPH1,2037,0.0
REGION1,GMSOU1PH1,2037,0.0
REGION1,GHLFRCPH1,2037,0.0
REGION1,GHHFGCPH1,2037,0.0
REGION1,GHBMCHPH1,2037,0.0
REGION1,GHHYDMSH1,2037,0.0
REGION1,GNLFRCPH1,2037,0.0
REGION1,GNHFGCPH1,2037,0.0
REGION1,GNHYDMSH1,2037,0.0
REGION1,GNSOU1PH1,2037,0.0
REGION1,GWLFRCPH1,2037,0.0
REGION1,KELFRCPH1,2037,0.0
REGION1,KEHFGCPH1,2037,0.0
REGION1,KEBMCHPH1,2037,0.0
REGION1,KEWINDPH1,2037,0.0
REGION1,LSHYDMSH1,2037,0.0
REGION1,LRLFRCPH1,2037,0.0
REGION1,LRHFGCPH1,2037,0.0
REGION1,LRHYDMSH1,2037,0.0
REGION1,MWLFRCPH1,2037,0.0
REGION1,MWBMCHPH1,2037,0.0
REGION1,MWHYDMSH1,2037,0.0
REGION1,MLLFRCPH1,2037,0.0
REGION1,MLHFGCPH1,2037,0.0
REGION1,MLBMCHPH1,2037,0.0
REGION1,MRNGCCPH1,2037,0.0
REGION1,MRLFRCPH1,2037,0.0
REGION1,MRHFGCPH1,2037,0.0
REGION1,MZNGGCPH1,2037,0.0
REGION1,MZBMCHPH1,2037,0.0
REGION1,MZHYDMSH1,2037,0.0
REGION1,NACOSCPH1,2037,0.0
REGION1,NALFRCPH1,2037,0.0
REGION1,NAHFGCPH1,2037,0.0
REGION1,NABMCHPH1,2037,0.0
REGION1,NAHYDMSH1,2037,0.0
REGION1,NAWINDPH1,2037,0.0
REGION1,NECOSCPH1,2037,0.0
REGION1,NENGCCPH1,2037,0.0
REGION1,NGBMCHPH1,2037,0.0
REGION1,RWWINDPH1,2037,0.0
REGION1,RWNGGCPH1,2037,0.0
REGION1,RWLFRCPH1,2037,0.0
REGION1,RWHFGCPH1,2037,0.0
REGION1,RWBMCHPH1,2037,0.0
REGION1,RWHYDMSH1,2037,0.0
REGION1,SNHYDMSH1,2037,0.0
REGION1,SNCOSCPH1,2037,0.0
REGION1,SNBMCHPH1,2037,0.0
REGION1,SLWINDPH1,2037,0.0
REGION1,SLLFRCPH1,2037,0.0
REGION1,SLHFGCPH1,2037,0.0
REGION1,SLBMCHPH1,2037,0.0
REGION1,SLHYDMSH1,2037,0.0
REGION1,ZACOSCPH1,2037,0.0
REGION1,ZALFRCPH1,2037,0.0
REGION1,ZAHFGCPH1,2037,0.0
REGION1,ZABMCHPH1,2037,0.0
REGION1,ZAHYDMSH1,2037,0.0
REGION1,ZASOC1PH1,2037,0.0
REGION1,SSLFRCPH1,2037,0.0
REGION1,SSHFGCPH1,2037,0.0
REGION1,TGNGCCPH1,2037,0.0
REGION1,TGLFRCPH1,2037,0.0
REGION1,TGHFGCPH1,2037,0.0
REGION1,TGHYDMSH1,2037,0.0
REGION1,UGSOU1PH1,2037,0.0
REGION1,UGLFRCPH1,2037,0.0
REGION1,UGHFGCPH1,2037,0.0
REGION1,UGBMCHPH1,2037,0.0
REGION1,TZNGGCPH1,2037,0.0
REGION1,TZLFRCPH1,2037,0.0
REGION1,TZHFGCPH1,2037,0.0
REGION1,TZBMCHPH1,2037,0.0
REGION1,TZHYDMSH1,2037,0.0
REGION1,ZMWINDPH1,2037,0.0
REGION1,ZMCOSCPH1,2037,0.0
REGION1,ZMLFRCPH1,2037,0.0
REGION1,ZMHFGCPH1,2037,0.0
REGION1,ZMBMCHPH1,2037,0.0
REGION1,ZWLFRCPH1,2037,0.0
REGION1,SNWINDPH1,2037,0.0
REGION1,ZWHYDMSH1,2037,0.0
REGION1,ZWBMCHPH1,2037,0.0
REGION1,SOLFRCPH1,2037,0.0
REGION1,SOSOU1PH1,2037,0.0
REGION1,SOWINDPH1,2037,0.0
REGION1,MAHYDSPH1,2037,0.0
REGION1,ZAHYDSPH1,2037,0.0
REGION1,ATELCZPH1,2037,0.0
REGION1,ATELDEPH1,2037,0.0
REGION1,ATELHUPH1,2037,0.0
REGION1,ATELITPH1,2037,0.0
REGION1,ATELSIPH1,2037,0.0
REGION1,ATELCHPH1,2037,0.0
REGION1,BEELFRPH1,2037,0.0
REGION1,BEELDEPH1,2037,1.0
REGION1,BEELLUPH1,2037,0.0
REGION1,BEELNLPH1,2037,0.0
REGION1,BEELUKPH1,2037,0.0
REGION1,BGELGRPH1,2037,0.0
REGION1,BGELROPH1,2037,0.0
REGION1,CZELDEPH1,2037,0.0
REGION1,CZELPLPH1,2037,0.0
REGION1,CZELSKPH1,2037,0.0
REGION1,HRELHUPH1,2037,0.0
REGION1,HRELSIPH1,2037,0.0
REGION1,DKELNLPH1,2037,0.0
REGION1,DKELNOPH1,2037,0.0
REGION1,DKELSEPH1,2037,0.0
REGION1,DKELUKPH1,2037,0.0
REGION1,EEELFIPH1,2037,0.0
REGION1,EEELLVPH1,2037,0.0
REGION1,FIELNOPH1,2037,0.0
REGION1,FIELSEPH1,2037,0.0
REGION1,FRELITPH1,2037,0.0
REGION1,FRELLUPH1,2037,0.0
REGION1,FRELUKPH1,2037,0.0
REGION1,DEELDKPH1,2037,0.0
REGION1,DEELFRPH1,2037,0.0
REGION1,DEELLUPH1,2037,0.0
REGION1,DEELNLPH1,2037,0.0
REGION1,DEELNOPH1,2037,0.0
REGION1,DEELPLPH1,2037,0.0
REGION1,DEELSEPH1,2037,0.0
REGION1,DEELUKPH1,2037,0.0
REGION1,HUELROPH1,2037,0.0
REGION1,HUELSKPH1,2037,0.0
REGION1,HUELSIPH1,2037,0.0
REGION1,IEELUKPH1,2037,0.0
REGION1,ITELMTPH1,2037,0.0
REGION1,ITELSIPH1,2037,0.0
REGION1,LTELLVPH1,2037,0.0
REGION1,LTELPLPH1,2037,0.0
REGION1,LTELSEPH1,2037,0.0
REGION1,NLELNOPH1,2037,0.0
REGION1,NLELUKPH1,2037,0.0
REGION1,NOELSEPH1,2037,0.0
REGION1,NOELUKPH1,2037,0.0
REGION1,PLELSKPH1,2037,0.0
REGION1,PLELSEPH1,2037,0.0
REGION1,ESELFRPH1,2037,0.0
REGION1,ESELPTPH1,2037,0.0
REGION1,CHELFRPH1,2037,0.0
REGION1,CHELDEPH1,2037,1.0
REGION1,CHELITPH1,2037,0.0
REGION1,GRELITPH1,2037,0.0
REGION1,BGELMKPH1,2037,0.0
REGION1,BGELRSPH1,2037,0.0
REGION1,BGELTRPH1,2037,0.0
REGION1,HRELBAPH1,2037,0.0
REGION1,HRELRSPH1,2037,0.0
REGION1,EEELRUPH1,2037,0.0
REGION1,GRELALPH1,2037,0.0
REGION1,GRELTRPH1,2037,0.0
REGION1,HUELRSPH1,2037,0.0
REGION1,HUELUAPH1,2037,0.0
REGION1,ITELMEPH1,2037,0.0
REGION1,LVELRUPH1,2037,0.0
REGION1,LTELBYPH1,2037,0.0
REGION1,LTELRUPH1,2037,0.0
REGION1,PLELUAPH1,2037,0.0
REGION1,ROELMDPH1,2037,0.0
REGION1,ROELRSPH1,2037,0.0
REGION1,ROELUAPH1,2037,0.0
REGION1,SKELUAPH1,2037,0.0
REGION1,GRELMKPH1,2037,0.0
REGION1,ESELMAPH1,2037,0.0
REGION1,CYELILPH1,2037,0.0
REGION1,SEELLVPH1,2037,0.5
REGION1,BEELDKPH1,2037,0.0
REGION1,ITELTNPH1,2037,0.0
REGION1,GRELEGPH1,2037,0.0
REGION1,ITELDZPH1,2037,0.0
REGION1,MTELTNPH1,2037,0.0
REGION1,ROELGEPH1,2037,0.0
REGION1,ESELITPH1,2037,0.0
REGION1,DEELLVPH1,2037,0.0
REGION1,GRELDEPH1,2037,0.0
REGION1,ITELSAPH1,2037,0.0
REGION1,UKELMAPH1,2037,0.0
REGION1,DEELMAPH1,2037,0.0
REGION1,BIELRWPH1,2037,0.0
REGION1,BWELZAPH1,2037,0.0
REGION1,CDELBIPH1,2037,0.0
REGION1,CDELCGPH1,2037,0.0
REGION1,CDELRWPH1,2037,0.0
REGION1,CDELZMPH1,2037,0.0
REGION1,CIELBFPH1,2037,0.0
REGION1,EGELJOPH1,2037,0.0
REGION1,EGELSDPH1,2037,0.0
REGION1,ETELDJPH1,2037,0.0
REGION1,ETELSDPH1,2037,0.0
REGION1,GHELCIPH1,2037,0.0
REGION1,GHELTGPH1,2037,0.0
REGION1,KEELTZPH1,2037,0.0
REGION1,LSELZAPH1,2037,0.0
REGION1,LYELEGPH1,2037,0.0
REGION1,MAELDZPH1,2037,0.0
REGION1,MZELSZPH1,2037,0.0
REGION1,MZELZAPH1,2037,0.0
REGION1,MZELZWPH1,2037,0.0
REGION1,NGELBJPH1,2037,0.0
REGION1,NGELNEPH1,2037,0.0
REGION1,NAELZAPH1,2037,0.0
REGION1,RWELBIPH1,2037,0.0
REGION1,SNELMLPH1,2037,0.0
REGION1,TGELBJPH1,2037,0.0
REGION1,TNELDZPH1,2037,0.0
REGION1,TZELUGPH1,2037,0.0
REGION1,UGELKEPH1,2037,0.0
REGION1,UGELRWPH1,2037,0.0
REGION1,UGELTZPH1,2037,0.0
REGION1,ZAELSZPH1,2037,0.0
REGION1,ZAELZWPH1,2037,0.0
REGION1,ZMELZWPH1,2037,0.0
REGION1,AOELBWPH1,2037,0.0
REGION1,AOELCDPH1,2037,0.0
REGION1,AOELNAPH1,2037,0.0
REGION1,BFELMLPH1,2037,0.0
REGION1,BWELNAPH1,2037,0.0
REGION1,CDELNAPH1,2037,0.0
REGION1,CDELZAPH1,2037,0.0
REGION1,CGELGAPH1,2037,0.0
REGION1,CMELTDPH1,2037,0.0
REGION1,ETELKEPH1,2037,0.0
REGION1,GAELGQPH1,2037,0.0
REGION1,GHELBFPH1,2037,0.0
REGION1,GMELGWPH1,2037,0.0
REGION1,GQELCMPH1,2037,0.0
REGION1,GWELGNPH1,2037,0.0
REGION1,LRELGNPH1,2037,0.0
REGION1,LRELSLPH1,2037,0.0
REGION1,MLELCIPH1,2037,0.0
REGION1,MWELMZPH1,2037,0.0
REGION1,MWELZMPH1,2037,0.0
REGION1,NAELZWPH1,2037,0.0
REGION1,NEELBFPH1,2037,0.0
REGION1,NEELBJPH1,2037,0.0
REGION1,NEELTGPH1,2037,0.0
REGION1,SLELGNPH1,2037,0.0
REGION1,SNELGMPH1,2037,0.0
REGION1,SNELGNPH1,2037,0.0
REGION1,TGELGHPH1,2037,0.0
REGION1,TZELZMPH1,2037,0.0
REGION1,CIELLRPH1,2037,0.0
REGION1,GNELMLPH1,2037,0.0
REGION1,AOELZMPH1,2037,0.0
REGION1,BFELBJPH1,2037,0.0
REGION1,BFELTGPH1,2037,0.0
REGION1,BIELTZPH1,2037,0.0
REGION1,BJELGHPH1,2037,0.0
REGION1,BWELZMPH1,2037,0.0
REGION1,CDELCFPH1,2037,0.0
REGION1,CDELSDPH1,2037,0.0
REGION1,CDELTZPH1,2037,0.0
REGION1,CDELUGPH1,2037,0.0
REGION1,CFELCGPH1,2037,0.0
REGION1,CFELCMPH1,2037,0.0
REGION1,CFELSDPH1,2037,0.0
REGION1,CFELTDPH1,2037,0.0
REGION1,CGELCMPH1,2037,0.0
REGION1,CIELGNPH1,2037,0.0
REGION1,CMELGAPH1,2037,0.0
REGION1,CMELNGPH1,2037,0.0
REGION1,DJELERPH1,2037,0.0
REGION1,DJELSOPH1,2037,0.0
REGION1,DZELLYPH1,2037,0.0
REGION1,DZELMLPH1,2037,0.0
REGION1,DZELMRPH1,2037,0.0
REGION1,DZELNEPH1,2037,0.0
REGION1,ETELERPH1,2037,0.0
REGION1,ETELSOPH1,2037,0.0
REGION1,GWELSNPH1,2037,0.0
REGION1,KEELSDPH1,2037,0.0
REGION1,KEELSOPH1,2037,0.0
REGION1,LYELNEPH1,2037,0.0
REGION1,LYELSDPH1,2037,0.0
REGION1,LYELTDPH1,2037,0.0
REGION1,LYELTNPH1,2037,0.0
REGION1,MLELMRPH1,2037,0.0
REGION1,MLELNEPH1,2037,0.0
REGION1,MRELSNPH1,2037,0.0
REGION1,MWELTZPH1,2037,0.0
REGION1,MZELTZPH1,2037,0.0
REGION1,MZELZMPH1,2037,0.0
REGION1,NEELTDPH1,2037,0.0
REGION1,NGELTDPH1,2037,0.0
REGION1,RWELTZPH1,2037,0.0
REGION1,SDELERPH1,2037,0.0
REGION1,SDELTDPH1,2037,0.0
REGION1,SDELUGPH1,2037,0.0
REGION1,CYELGRPH1,2037,0.0
REGION1,ALNGGRPI0,2037,0.0
REGION1,ALNGITPI0,2037,0.0
REGION1,ATNGDEPI0,2037,0.0
REGION1,ATNGHUPI0,2037,0.0
REGION1,ATNGITPI0,2037,0.0
REGION1,ATNGSIPI0,2037,0.0
REGION1,ATNGSKPI0,2037,0.0
REGION1,BENGDEPI0,2037,0.0
REGION1,BENGFRPI0,2037,0.0
REGION1,BENGUKPI0,2037,0.0
REGION1,BENGNLPI0,2037,0.0
REGION1,BGNGGRPI0,2037,0.0
REGION1,BGNGROPI0,2037,0.0
REGION1,BYNGLTPI0,2037,0.0
REGION1,CYNGEGPI0,2037,0.0
REGION1,CYNGGRPI0,2037,0.0
REGION1,CZNGDEPI0,2037,0.0
REGION1,CZNGPLPI0,2037,0.0
REGION1,CZNGSKPI0,2037,0.0
REGION1,DENGCHPI0,2037,0.0
REGION1,DENGFRPI0,2037,0.0
REGION1,DENGNLPI0,2037,0.0
REGION1,DENGPLPI0,2037,0.0
REGION1,DKNGDEPI0,2037,0.0
REGION1,DKNGPLPI0,2037,0.0
REGION1,DKNGSEPI0,2037,0.0
REGION1,DZNGESPI0,2037,0.0
REGION1,DZNGITPI0,2037,0.0
REGION1,EENGFIPI0,2037,0.0
REGION1,EENGLVPI0,2037,0.0
REGION1,FRNGCHPI0,2037,0.0
REGION1,FRNGESPI0,2037,0.0
REGION1,GRNGITPI0,2037,0.0
REGION1,HRNGHUPI0,2037,0.0
REGION1,HRNGSIPI0,2037,0.0
REGION1,HUNGROPI0,2037,0.0
REGION1,HUNGSKPI0,2037,0.0
REGION1,IENGUKPI0,2037,0.0
REGION1,ITNGCHPI0,2037,0.0
REGION1,ITNGMTPI0,2037,0.0
REGION1,ITNGSIPI0,2037,0.0
REGION1,LTNGPLPI0,2037,0.0
REGION1,LVNGLTPI0,2037,0.0
REGION1,LYNGITPI0,2037,0.0
REGION1,MANGESPI0,2037,0.0
REGION1,MDNGROPI0,2037,0.0
REGION1,NLNGUKPI0,2037,0.0
REGION1,NONGBEPI0,2037,0.0
REGION1,NONGDEPI0,2037,0.0
REGION1,NONGDKPI0,2037,0.0
REGION1,NONGFRPI0,2037,0.0
REGION1,NONGUKPI0,2037,0.0
REGION1,NONGNLPI0,2037,0.0
REGION1,PLNGSKPI0,2037,0.0
REGION1,PTNGESPI0,2037,0.0
REGION1,RSNGBGPI0,2037,0.0
REGION1,RSNGHUPI0,2037,0.0
REGION1,RSNGROPI0,2037,0.0
REGION1,RUNGEEPI0,2037,0.0
REGION1,RUNGFIPI0,2037,0.0
REGION1,RUNGLVPI0,2037,0.0
REGION1,TRNGBGPI0,2037,0.0
REGION1,TRNGGRPI0,2037,0.0
REGION1,UANGHUPI0,2037,0.0
REGION1,UANGPLPI0,2037,0.0
REGION1,UANGROPI0,2037,0.0
REGION1,UANGSKPI0,2037,0.0
REGION1,BENGLUPI0,2037,0.0
REGION1,NGNGDZPI0,2037,0.0
REGION1,MZNGZAPI0,2037,0.0
REGION1,NGNGLYPI0,2037,0.0
REGION1,ETNGDJPI0,2037,0.0
REGION1,NGNGGQPI0,2037,0.0
REGION1,TZNGKEPI0,2037,0.0
REGION1,NGNGMAPI0,2037,0.0
REGION1,NGNGBJPI0,2037,0.0
REGION1,NGNGGHPI0,2037,0.0
REGION1,NGNGNEPI0,2037,0.0
REGION1,NGNGTGPI0,2037,0.0
REGION1,NGNGTNPI0,2037,0.0
REGION1,DZNGMAPI0,2037,0.0
REGION1,BELG00I00,2038,0.0
REGION1,HRLG00I00,2038,0.0
REGION1,CYLG00I00,2038,0.0
REGION1,FRLG00I00,2038,0.0
REGION1,FILG00I00,2038,0.0
REGION1,DELG00I00,2038,0.0
REGION1,GRLG00I00,2038,0.0
REGION1,ITLG00I00,2038,0.0
REGION1,LVLG00I00,2038,0.0
REGION1,LTLG00I00,2038,0.0
REGION1,MTLG00I00,2038,0.0
REGION1,NLLG00I00,2038,0.0
REGION1,PLLG00I00,2038,0.0
REGION1,ESLG00I00,2038,0.0
REGION1,UKLG00I00,2038,0.0
REGION1,PTLG00I00,2038,0.0
REGION1,BENUG2PN1,2038,0.0
REGION1,BGNUG2PN1,2038,0.0
REGION1,CZNUG2PN1,2038,0.0
REGION1,DENUG2PN1,2038,0.0
REGION1,ESNUG2PN1,2038,0.0
REGION1,FINUG2PN1,2038,0.0
REGION1,FRNUG2PN1,2038,0.0
REGION1,HUNUG2PN1,2038,0.0
REGION1,NLNUG2PN1,2038,0.0
REGION1,RONUG2PN1,2038,0.0
REGION1,SENUG2PN1,2038,0.0
REGION1,SINUG2PN1,2038,0.0
REGION1,SKNUG2PN1,2038,0.0
REGION1,CHNUG2PN1,2038,0.0
REGION1,UKNUG2PN1,2038,0.0
REGION1,ATHYDSPN1,2038,0.0
REGION1,BEHYDSPN1,2038,0.0
REGION1,BGHYDSPN1,2038,0.0
REGION1,CZHYDSPN1,2038,0.0
REGION1,DEHYDSPN1,2038,0.0
REGION1,GRHYDSPN1,2038,0.0
REGION1,ESHYDSPN1,2038,0.0
REGION1,FRHYDSPN1,2038,0.0
REGION1,HRHYDSPN1,2038,0.0
REGION1,IEHYDSPN1,2038,0.0
REGION1,ITHYDSPN1,2038,0.0
REGION1,LTHYDSPN1,2038,0.0
REGION1,LUHYDSPN1,2038,0.0
REGION1,PLHYDSPN1,2038,0.0
REGION1,PTHYDSPN1,2038,0.0
REGION1,ROHYDSPN1,2038,0.0
REGION1,SEHYDSPN1,2038,0.0
REGION1,SIHYDSPN1,2038,0.0
REGION1,SKHYDSPN1,2038,0.0
REGION1,CHHYDSPN1,2038,0.0
REGION1,UKHYDSPN1,2038,0.0
REGION1,ATHYDMPN1,2038,0.0
REGION1,ATHYDRPN1,2038,0.0
REGION1,BEHYDMPN1,2038,0.0
REGION1,BEHYDRPN1,2038,0.0
REGION1,BGHYDMPN1,2038,0.0
REGION1,BGHYDRPN1,2038,0.0
REGION1,CZHYDRPN1,2038,0.0
REGION1,CZHYDMPN1,2038,0.0
REGION1,DEHYDMPN1,2038,0.0
REGION1,DEHYDRPN1,2038,0.0
REGION1,DKHYDRPN1,2038,0.0
REGION1,DKHYDMPN1,2038,0.0
REGION1,EEHYDRPN1,2038,0.0
REGION1,GRHYDMPN1,2038,0.0
REGION1,GRHYDRPN1,2038,0.0
REGION1,ESHYDMPN1,2038,0.0
REGION1,ESHYDRPN1,2038,0.0
REGION1,FIHYDMPN1,2038,0.0
REGION1,FIHYDRPN1,2038,0.0
REGION1,FRHYDMPN1,2038,0.0
REGION1,FRHYDRPN1,2038,0.0
REGION1,HRHYDMPN1,2038,0.0
REGION1,HRHYDRPN1,2038,0.0
REGION1,HUHYDMPN1,2038,0.0
REGION1,HUHYDRPN1,2038,0.0
REGION1,IEHYDMPN1,2038,0.0
REGION1,IEHYDRPN1,2038,0.0
REGION1,ITHYDMPN1,2038,0.0
REGION1,ITHYDRPN1,2038,0.0
REGION1,LTHYDRPN1,2038,0.0
REGION1,LUHYDRPN1,2038,0.0
REGION1,LVHYDMPN1,2038,0.0
REGION1,LVHYDRPN1,2038,0.0
REGION1,NLHYDRPN1,2038,0.0
REGION1,PLHYDMPN1,2038,0.0
REGION1,PLHYDRPN1,2038,0.0
REGION1,PTHYDMPN1,2038,0.0
REGION1,PTHYDRPN1,2038,0.0
REGION1,ROHYDMPN1,2038,0.0
REGION1,ROHYDRPN1,2038,0.0
REGION1,SEHYDMPN1,2038,0.0
REGION1,SEHYDRPN1,2038,0.0
REGION1,SIHYDMPN1,2038,0.0
REGION1,SIHYDRPN1,2038,0.0
REGION1,SKHYDMPN1,2038,0.0
REGION1,SKHYDRPN1,2038,0.0
REGION1,NOHYDRPN1,2038,0.0
REGION1,NOHYDMPN1,2038,0.0
REGION1,CHHYDRPN1,2038,0.0
REGION1,CHHYDMPN1,2038,0.0
REGION1,UKHYDMPN1,2038,0.0
REGION1,UKHYDRPN1,2038,0.0
REGION1,EGLG00I00,2038,0.0
REGION1,GHLG00I00,2038,0.0
REGION1,MALG00I00,2038,0.0
REGION1,MZLG00I00,2038,0.0
REGION1,SNLG00I00,2038,0.0
REGION1,ZALG00I00,2038,0.0
REGION1,DZLG00E00,2038,0.0
REGION1,NGLG00E00,2038,0.0
REGION1,EGLG00E00,2038,0.0
REGION1,AOLG00E00,2038,0.0
REGION1,GQLG00E00,2038,0.0
REGION1,MZLG00E00,2038,0.0
REGION1,CGLG00E00,2038,0.0
REGION1,GALG00E00,2038,0.0
REGION1,MRLG00E00,2038,0.0
REGION1,SNLG00E00,2038,0.0
REGION1,TZLG00E00,2038,0.0
REGION1,BFHYDMSN1,2038,0.06
REGION1,BIHYDMSN1,2038,0.0
REGION1,CMHYDMSN1,2038,0.0
REGION1,CDHYDMSN1,2038,0.0
REGION1,ETHYDMSN1,2038,0.0
REGION1,KEHYDMSN1,2038,0.0
REGION1,MLHYDMSN1,2038,0.0
REGION1,NGHYDMSN1,2038,2.341
REGION1,UGHYDMSN1,2038,0.048
REGION1,ZMHYDMSN1,2038,0.0
REGION1,DZHYDMSN1,2038,0.0
REGION1,EGHYDMSN1,2038,0.0
REGION1,MAHYDMSN1,2038,0.0
REGION1,SDHYDMSN1,2038,0.0
REGION1,TNHYDMSN1,2038,0.0
REGION1,AOHYDMSN1,2038,0.224
REGION1,BJHYDMSN1,2038,0.0
REGION1,CFHYDMSN1,2038,0.0
REGION1,CGHYDMSN1,2038,0.0
REGION1,CIHYDMSN1,2038,0.126
REGION1,GQHYDMSN1,2038,0.0
REGION1,SZHYDMSN1,2038,0.0
REGION1,GAHYDMSN1,2038,0.0
REGION1,GHHYDMSN1,2038,0.0
REGION1,GNHYDMSN1,2038,0.294
REGION1,LSHYDMSN1,2038,0.0
REGION1,LRHYDMSN1,2038,0.0
REGION1,MWHYDMSN1,2038,0.0
REGION1,MZHYDMSN1,2038,0.0
REGION1,NAHYDMSN1,2038,0.0
REGION1,RWHYDMSN1,2038,0.0
REGION1,SNHYDMSN1,2038,0.0
REGION1,SLHYDMSN1,2038,0.0
REGION1,ZAHYDMSN1,2038,0.0
REGION1,TGHYDMSN1,2038,0.0
REGION1,TZHYDMSN1,2038,0.0
REGION1,ZWHYDMSN1,2038,0.0
REGION1,MAHYDSPN1,2038,0.0
REGION1,ZAHYDSPN1,2038,0.0
REGION1,KEBATTN1,2038,0.0
REGION1,ETBMCHPN1,2038,0.0
REGION1,KEBMCHPN1,2038,0.0
REGION1,ZABMCHPN1,2038,0.0
REGION1,BWCOSCPN1,2038,0.0
REGION1,ZACOSCPN1,2038,0.0
REGION1,ETGOCVPN1,2038,0.0
REGION1,KEGOCVPN1,2038,0.0
REGION1,RWNGGCPN1,2038,0.0
REGION1,DZNGCCPN1,2038,0.0
REGION1,MANGCCPN1,2038,0.0
REGION1,TNNGCCPN1,2038,0.0
REGION1,UGNGCCPN1,2038,0.0
REGION1,MZNGGCPN1,2038,0.0
REGION1,NGNGGCPN1,2038,0.0
REGION1,AOSOU1PN1,2038,0.0
REGION1,GASOU1PN1,2038,0.0
REGION1,DZSOU1PN1,2038,0.0
REGION1,MASOU1PN1,2038,0.0
REGION1,TNSOU1PN1,2038,0.0
REGION1,ETSOU1PN1,2038,0.0
REGION1,KESOU1PN1,2038,0.0
REGION1,TZSOU1PN1,2038,0.0
REGION1,BWSOU1PN1,2038,0.0
REGION1,ZASOU1PN1,2038,0.0
REGION1,MAWINDPN1,2038,0.0
REGION1,TNWINDPN1,2038,0.0
REGION1,ETWINDPN1,2038,0.0
REGION1,KEWINDPN1,2038,0.0
REGION1,ZAWINDPN1,2038,0.0
REGION1,CICOSCPN1,2038,0.0
REGION1,EGNULWPN1,2038,0.0
REGION1,SSHYDMSN1,2038,0.0
REGION1,MABATTN1,2038,0.0
REGION1,CGSOU1PN1,2038,0.0
REGION1,DJSOU1PN1,2038,0.0
REGION1,DZWINDPN1,2038,0.0
REGION1,ERSOU1PN1,2038,0.0
REGION1,ERWINDPN1,2038,0.0
REGION1,GHWINDPN1,2038,0.0
REGION1,GQSOU1PN1,2038,0.0
REGION1,GWSOU1PN1,2038,0.0
REGION1,LRSOU1PN1,2038,0.0
REGION1,RWSOU1PN1,2038,0.0
REGION1,SLSOU1PN1,2038,0.0
REGION1,SSSOU1PN1,2038,0.0
REGION1,SZNGCCPN1,2038,0.0
REGION1,SZWINDPN1,2038,0.0
REGION1,TDWINDPN1,2038,0.0
REGION1,TGWINDPN1,2038,0.0
REGION1,TZWINDPN1,2038,0.0
REGION1,ZMSOU1PN1,2038,0.0
REGION1,DZNGCCPH1,2038,0.0
REGION1,DZNGGCPH1,2038,0.0
REGION1,DZSOU1PH1,2038,0.0
REGION1,EGBMCHPH1,2038,0.0
REGION1,EGSOU1PH1,2038,0.0
REGION1,EGWINDPH1,2038,0.0
REGION1,LYNGCCPH1,2038,0.0
REGION1,LYNGGCPH1,2038,0.0
REGION1,LYLFRCPH1,2038,0.0
REGION1,LYHFGCPH1,2038,0.0
REGION1,LYSOU1PH1,2038,0.0
REGION1,MASOU1PH1,2038,0.0
REGION1,MAWINDPH1,2038,0.0
REGION1,SDSOU1PH1,2038,0.0
REGION1,TNNGCCPH1,2038,0.0
REGION1,TNNGGCPH1,2038,0.0
REGION1,TNSOU1PH1,2038,0.0
REGION1,AOSOU1PH1,2038,0.0
REGION1,BJSOU1PH1,2038,0.0
REGION1,BFLFRCPH1,2038,0.0
REGION1,BFHFGCPH1,2038,0.0
REGION1,BFHYDMSH1,2038,0.0
REGION1,BFSOU1PH1,2038,0.0
REGION1,BIHYDMSH1,2038,0.0
REGION1,CMHYDMSH1,2038,0.0
REGION1,CMSOU1PH1,2038,0.0
REGION1,CFSOU1PH1,2038,0.0
REGION1,CINGCCPH1,2038,0.0
REGION1,CINGGCPH1,2038,0.0
REGION1,CISOU1PH1,2038,0.0
REGION1,CDLFRCPH1,2038,0.0
REGION1,CDHFGCPH1,2038,0.0
REGION1,CDHYDMSH1,2038,0.0
REGION1,CDSOU1PH1,2038,0.0
REGION1,DJWINDPH1,2038,0.0
REGION1,ETBMCHPH1,2038,0.0
REGION1,ETHYDMSH1,2038,0.0
REGION1,ETWINDPH1,2038,0.0
REGION1,GHNGCCPH1,2038,0.0
REGION1,GHNGGCPH1,2038,0.0
REGION1,GHSOU1PH1,2038,0.0
REGION1,KEGOCVPH1,2038,0.0
REGION1,KEHYDMSH1,2038,0.0
REGION1,KESOU1PH1,2038,0.0
REGION1,LSSOU1PH1,2038,0.0
REGION1,MWSOU1PH1,2038,0.0
REGION1,MLHYDMSH1,2038,0.0
REGION1,MLSOU1PH1,2038,0.0
REGION1,MRSOU1PH1,2038,0.0
REGION1,MRWINDPH1,2038,0.0
REGION1,MZLFRCPH1,2038,0.0
REGION1,MZHFGCPH1,2038,0.0
REGION1,MZSOU1PH1,2038,0.0
REGION1,NASOU1PH1,2038,0.0
REGION1,NELFRCPH1,2038,0.0
REGION1,NEHFGCPH1,2038,0.0
REGION1,NESOU1PH1,2038,0.0
REGION1,NGNGCCPH1,2038,0.0
REGION1,NGNGGCPH1,2038,0.0
REGION1,NGLFRCPH1,2038,0.0
REGION1,NGHFGCPH1,2038,0.0
REGION1,NGHYDMSH1,2038,0.0
REGION1,NGSOU1PH1,2038,0.0
REGION1,RWCOSCPH1,2038,0.0
REGION1,SNNGCCPH1,2038,0.0
REGION1,SNLFRCPH1,2038,0.0
REGION1,SNHFGCPH1,2038,0.0
REGION1,SNSOU1PH1,2038,0.0
REGION1,ZANULWPH1,2038,0.0
REGION1,ZASOU1PH1,2038,0.0
REGION1,SSWINDPH1,2038,0.0
REGION1,TGSOU1PH1,2038,0.0
REGION1,UGHYDMSH1,2038,0.0
REGION1,TZSOU1PH1,2038,0.0
REGION1,ZMHYDMSH1,2038,0.0
REGION1,ZWSOU1PH1,2038,0.0
REGION1,ZWCOSCPH1,2038,0.0
REGION1,DZLFRCPH1,2038,0.0
REGION1,DZHFGCPH1,2038,0.0
REGION1,DZHYDMSH1,2038,0.0
REGION1,DZSOC1PH1,2038,0.0
REGION1,EGNGCCPH1,2038,0.0
REGION1,EGNGGCPH1,2038,0.0
REGION1,EGLFRCPH1,2038,0.0
REGION1,EGHFGCPH1,2038,0.0
REGION1,EGHYDMSH1,2038,0.0
REGION1,EGSOC1PH1,2038,0.0
REGION1,MACOSCPH1,2038,0.0
REGION1,MALFRCPH1,2038,0.0
REGION1,MAHFGCPH1,2038,0.0
REGION1,MANGCCPH1,2038,0.0
REGION1,MANGGCPH1,2038,0.0
REGION1,MABMCHPH1,2038,0.0
REGION1,MAHYDMSH1,2038,0.0
REGION1,MASOC1PH1,2038,0.0
REGION1,SDLFRCPH1,2038,0.0
REGION1,SDHFGCPH1,2038,0.0
REGION1,SDBMCHPH1,2038,0.0
REGION1,SDHYDMSH1,2038,0.0
REGION1,TNLFRCPH1,2038,0.0
REGION1,TNHFGCPH1,2038,0.0
REGION1,TNHYDMSH1,2038,0.0
REGION1,TNWINDPH1,2038,0.0
REGION1,AONGGCPH1,2038,0.0
REGION1,AOLFRCPH1,2038,0.0
REGION1,AOHFGCPH1,2038,0.0
REGION1,AOBMCHPH1,2038,0.0
REGION1,AOHYDMSH1,2038,0.0
REGION1,BJNGGCPH1,2038,0.0
REGION1,BJLFRCPH1,2038,0.0
REGION1,BJHFGCPH1,2038,0.0
REGION1,BJHYDMSH1,2038,0.0
REGION1,BWCOSCPH1,2038,0.0
REGION1,BWLFRCPH1,2038,0.0
REGION1,BWSOU1PH1,2038,0.0
REGION1,BFBMCHPH1,2038,0.0
REGION1,BILFRCPH1,2038,0.0
REGION1,BISOU1PH1,2038,0.0
REGION1,CMNGGCPH1,2038,0.0
REGION1,CMLFRCPH1,2038,0.0
REGION1,CMHFGCPH1,2038,0.0
REGION1,CFLFRCPH1,2038,0.0
REGION1,CFHYDMSH1,2038,0.0
REGION1,TDNGCCPH1,2038,0.0
REGION1,TDLFRCPH1,2038,0.0
REGION1,TDHFGCPH1,2038,0.0
REGION1,TDBMCHPH1,2038,0.0
REGION1,TDSOU1PH1,2038,0.0
REGION1,CGNGGCPH1,2038,0.0
REGION1,CGLFRCPH1,2038,0.0
REGION1,CGHFGCPH1,2038,0.0
REGION1,CGBMCHPH1,2038,0.0
REGION1,CGHYDMSH1,2038,0.0
REGION1,CILFRCPH1,2038,0.0
REGION1,CIHFGCPH1,2038,0.0
REGION1,CIHYDMSH1,2038,0.0
REGION1,DJLFRCPH1,2038,0.0
REGION1,DJHFGCPH1,2038,0.0
REGION1,GWNGCCPH1,2038,0.0
REGION1,GQNGGCPH1,2038,0.0
REGION1,GQLFRCPH1,2038,0.0
REGION1,GQHFGCPH1,2038,0.0
REGION1,GQHYDMSH1,2038,0.0
REGION1,ERLFRCPH1,2038,0.0
REGION1,ERHFGCPH1,2038,0.0
REGION1,SZLFRCPH1,2038,0.0
REGION1,SZHFGCPH1,2038,0.0
REGION1,SZBMCHPH1,2038,0.0
REGION1,SZHYDMSH1,2038,0.0
REGION1,SZSOU1PH1,2038,0.0
REGION1,ETLFRCPH1,2038,0.0
REGION1,ETGOCVPH1,2038,0.0
REGION1,GANGGCPH1,2038,0.0
REGION1,GALFRCPH1,2038,0.0
REGION1,GAHFGCPH1,2038,0.0
REGION1,GAHYDMSH1,2038,0.0
REGION1,GMLFRCPH1,2038,0.0
REGION1,GMHFGCPH1,2038,0.0
REGION1,GMWINDPH1,2038,0.0
REGION1,GMSOU1PH1,2038,0.0
REGION1,GHLFRCPH1,2038,0.0
REGION1,GHHFGCPH1,2038,0.0
REGION1,GHBMCHPH1,2038,0.0
REGION1,GHHYDMSH1,2038,0.0
REGION1,GNLFRCPH1,2038,0.0
REGION1,GNHFGCPH1,2038,0.0
REGION1,GNHYDMSH1,2038,0.0
REGION1,GNSOU1PH1,2038,0.0
REGION1,GWLFRCPH1,2038,0.0
REGION1,KELFRCPH1,2038,0.0
REGION1,KEHFGCPH1,2038,0.0
REGION1,KEBMCHPH1,2038,0.0
REGION1,KEWINDPH1,2038,0.0
REGION1,LSHYDMSH1,2038,0.0
REGION1,LRLFRCPH1,2038,0.0
REGION1,LRHFGCPH1,2038,0.0
REGION1,LRHYDMSH1,2038,0.0
REGION1,MWLFRCPH1,2038,0.0
REGION1,MWBMCHPH1,2038,0.0
REGION1,MWHYDMSH1,2038,0.0
REGION1,MLLFRCPH1,2038,0.0
REGION1,MLHFGCPH1,2038,0.0
REGION1,MLBMCHPH1,2038,0.0
REGION1,MRNGCCPH1,2038,0.0
REGION1,MRLFRCPH1,2038,0.0
REGION1,MRHFGCPH1,2038,0.0
REGION1,MZNGGCPH1,2038,0.0
REGION1,MZBMCHPH1,2038,0.0
REGION1,MZHYDMSH1,2038,0.0
REGION1,NACOSCPH1,2038,0.0
REGION1,NALFRCPH1,2038,0.0
REGION1,NAHFGCPH1,2038,0.0
REGION1,NABMCHPH1,2038,0.0
REGION1,NAHYDMSH1,2038,0.0
REGION1,NAWINDPH1,2038,0.0
REGION1,NECOSCPH1,2038,0.0
REGION1,NENGCCPH1,2038,0.0
REGION1,NGBMCHPH1,2038,0.0
REGION1,RWWINDPH1,2038,0.0
REGION1,RWNGGCPH1,2038,0.0
REGION1,RWLFRCPH1,2038,0.0
REGION1,RWHFGCPH1,2038,0.0
REGION1,RWBMCHPH1,2038,0.0
REGION1,RWHYDMSH1,2038,0.0
REGION1,SNHYDMSH1,2038,0.0
REGION1,SNCOSCPH1,2038,0.0
REGION1,SNBMCHPH1,2038,0.0
REGION1,SLWINDPH1,2038,0.0
REGION1,SLLFRCPH1,2038,0.0
REGION1,SLHFGCPH1,2038,0.0
REGION1,SLBMCHPH1,2038,0.0
REGION1,SLHYDMSH1,2038,0.0
REGION1,ZACOSCPH1,2038,0.0
REGION1,ZALFRCPH1,2038,0.0
REGION1,ZAHFGCPH1,2038,0.0
REGION1,ZABMCHPH1,2038,0.0
REGION1,ZAHYDMSH1,2038,0.0
REGION1,ZASOC1PH1,2038,0.0
REGION1,SSLFRCPH1,2038,0.0
REGION1,SSHFGCPH1,2038,0.0
REGION1,TGNGCCPH1,2038,0.0
REGION1,TGLFRCPH1,2038,0.0
REGION1,TGHFGCPH1,2038,0.0
REGION1,TGHYDMSH1,2038,0.0
REGION1,UGSOU1PH1,2038,0.0
REGION1,UGLFRCPH1,2038,0.0
REGION1,UGHFGCPH1,2038,0.0
REGION1,UGBMCHPH1,2038,0.0
REGION1,TZNGGCPH1,2038,0.0
REGION1,TZLFRCPH1,2038,0.0
REGION1,TZHFGCPH1,2038,0.0
REGION1,TZBMCHPH1,2038,0.0
REGION1,TZHYDMSH1,2038,0.0
REGION1,ZMWINDPH1,2038,0.0
REGION1,ZMCOSCPH1,2038,0.0
REGION1,ZMLFRCPH1,2038,0.0
REGION1,ZMHFGCPH1,2038,0.0
REGION1,ZMBMCHPH1,2038,0.0
REGION1,ZWLFRCPH1,2038,0.0
REGION1,SNWINDPH1,2038,0.0
REGION1,ZWHYDMSH1,2038,0.0
REGION1,ZWBMCHPH1,2038,0.0
REGION1,SOLFRCPH1,2038,0.0
REGION1,SOSOU1PH1,2038,0.0
REGION1,SOWINDPH1,2038,0.0
REGION1,MAHYDSPH1,2038,0.0
REGION1,ZAHYDSPH1,2038,0.0
REGION1,ATELCZPH1,2038,0.0
REGION1,ATELDEPH1,2038,0.0
REGION1,ATELHUPH1,2038,0.0
REGION1,ATELITPH1,2038,0.0
REGION1,ATELSIPH1,2038,0.0
REGION1,ATELCHPH1,2038,0.0
REGION1,BEELFRPH1,2038,0.0
REGION1,BEELDEPH1,2038,0.0
REGION1,BEELLUPH1,2038,0.0
REGION1,BEELNLPH1,2038,1.0
REGION1,BEELUKPH1,2038,0.0
REGION1,BGELGRPH1,2038,0.0
REGION1,BGELROPH1,2038,0.0
REGION1,CZELDEPH1,2038,0.0
REGION1,CZELPLPH1,2038,0.0
REGION1,CZELSKPH1,2038,0.5
REGION1,HRELHUPH1,2038,0.0
REGION1,HRELSIPH1,2038,0.0
REGION1,DKELNLPH1,2038,0.0
REGION1,DKELNOPH1,2038,0.0
REGION1,DKELSEPH1,2038,0.0
REGION1,DKELUKPH1,2038,0.0
REGION1,EEELFIPH1,2038,0.0
REGION1,EEELLVPH1,2038,0.0
REGION1,FIELNOPH1,2038,0.0
REGION1,FIELSEPH1,2038,0.8
REGION1,FRELITPH1,2038,0.0
REGION1,FRELLUPH1,2038,0.0
REGION1,FRELUKPH1,2038,0.0
REGION1,DEELDKPH1,2038,0.0
REGION1,DEELFRPH1,2038,0.0
REGION1,DEELLUPH1,2038,0.0
REGION1,DEELNLPH1,2038,0.0
REGION1,DEELNOPH1,2038,0.0
REGION1,DEELPLPH1,2038,0.0
REGION1,DEELSEPH1,2038,0.0
REGION1,DEELUKPH1,2038,0.0
REGION1,HUELROPH1,2038,0.0
REGION1,HUELSKPH1,2038,0.0
REGION1,HUELSIPH1,2038,0.0
REGION1,IEELUKPH1,2038,0.0
REGION1,ITELMTPH1,2038,0.0
REGION1,ITELSIPH1,2038,0.0
REGION1,LTELLVPH1,2038,0.0
REGION1,LTELPLPH1,2038,0.0
REGION1,LTELSEPH1,2038,0.0
REGION1,NLELNOPH1,2038,0.0
REGION1,NLELUKPH1,2038,0.0
REGION1,NOELSEPH1,2038,0.0
REGION1,NOELUKPH1,2038,0.0
REGION1,PLELSKPH1,2038,0.0
REGION1,PLELSEPH1,2038,0.0
REGION1,ESELFRPH1,2038,0.0
REGION1,ESELPTPH1,2038,0.0
REGION1,CHELFRPH1,2038,0.0
REGION1,CHELDEPH1,2038,0.0
REGION1,CHELITPH1,2038,0.0
REGION1,GRELITPH1,2038,0.0
REGION1,BGELMKPH1,2038,0.0
REGION1,BGELRSPH1,2038,0.0
REGION1,BGELTRPH1,2038,0.0
REGION1,HRELBAPH1,2038,0.0
REGION1,HRELRSPH1,2038,0.0
REGION1,EEELRUPH1,2038,0.0
REGION1,GRELALPH1,2038,0.0
REGION1,GRELTRPH1,2038,0.0
REGION1,HUELRSPH1,2038,0.0
REGION1,HUELUAPH1,2038,0.0
REGION1,ITELMEPH1,2038,0.0
REGION1,LVELRUPH1,2038,0.0
REGION1,LTELBYPH1,2038,0.0
REGION1,LTELRUPH1,2038,0.0
REGION1,PLELUAPH1,2038,0.0
REGION1,ROELMDPH1,2038,0.0
REGION1,ROELRSPH1,2038,0.0
REGION1,ROELUAPH1,2038,0.0
REGION1,SKELUAPH1,2038,0.0
REGION1,GRELMKPH1,2038,0.0
REGION1,ESELMAPH1,2038,0.0
REGION1,CYELILPH1,2038,0.0
REGION1,SEELLVPH1,2038,0.0
REGION1,BEELDKPH1,2038,0.0
REGION1,ITELTNPH1,2038,0.0
REGION1,GRELEGPH1,2038,0.0
REGION1,ITELDZPH1,2038,0.0
REGION1,MTELTNPH1,2038,0.0
REGION1,ROELGEPH1,2038,0.0
REGION1,ESELITPH1,2038,0.0
REGION1,DEELLVPH1,2038,0.0
REGION1,GRELDEPH1,2038,0.0
REGION1,ITELSAPH1,2038,0.0
REGION1,UKELMAPH1,2038,0.0
REGION1,DEELMAPH1,2038,0.0
REGION1,BIELRWPH1,2038,0.0
REGION1,BWELZAPH1,2038,0.0
REGION1,CDELBIPH1,2038,0.0
REGION1,CDELCGPH1,2038,0.0
REGION1,CDELRWPH1,2038,0.0
REGION1,CDELZMPH1,2038,0.0
REGION1,CIELBFPH1,2038,0.0
REGION1,EGELJOPH1,2038,0.0
REGION1,EGELSDPH1,2038,0.0
REGION1,ETELDJPH1,2038,0.0
REGION1,ETELSDPH1,2038,0.0
REGION1,GHELCIPH1,2038,0.0
REGION1,GHELTGPH1,2038,0.0
REGION1,KEELTZPH1,2038,0.0
REGION1,LSELZAPH1,2038,0.0
REGION1,LYELEGPH1,2038,0.0
REGION1,MAELDZPH1,2038,0.0
REGION1,MZELSZPH1,2038,0.0
REGION1,MZELZAPH1,2038,0.0
REGION1,MZELZWPH1,2038,0.0
REGION1,NGELBJPH1,2038,0.0
REGION1,NGELNEPH1,2038,0.0
REGION1,NAELZAPH1,2038,0.0
REGION1,RWELBIPH1,2038,0.0
REGION1,SNELMLPH1,2038,0.0
REGION1,TGELBJPH1,2038,0.0
REGION1,TNELDZPH1,2038,0.0
REGION1,TZELUGPH1,2038,0.0
REGION1,UGELKEPH1,2038,0.0
REGION1,UGELRWPH1,2038,0.0
REGION1,UGELTZPH1,2038,0.0
REGION1,ZAELSZPH1,2038,0.0
REGION1,ZAELZWPH1,2038,0.0
REGION1,ZMELZWPH1,2038,0.0
REGION1,AOELBWPH1,2038,0.0
REGION1,AOELCDPH1,2038,0.0
REGION1,AOELNAPH1,2038,0.0
REGION1,BFELMLPH1,2038,0.0
REGION1,BWELNAPH1,2038,0.0
REGION1,CDELNAPH1,2038,0.0
REGION1,CDELZAPH1,2038,0.0
REGION1,CGELGAPH1,2038,0.0
REGION1,CMELTDPH1,2038,0.0
REGION1,ETELKEPH1,2038,0.0
REGION1,GAELGQPH1,2038,0.0
REGION1,GHELBFPH1,2038,0.0
REGION1,GMELGWPH1,2038,0.0
REGION1,GQELCMPH1,2038,0.0
REGION1,GWELGNPH1,2038,0.0
REGION1,LRELGNPH1,2038,0.0
REGION1,LRELSLPH1,2038,0.0
REGION1,MLELCIPH1,2038,0.0
REGION1,MWELMZPH1,2038,0.0
REGION1,MWELZMPH1,2038,0.0
REGION1,NAELZWPH1,2038,0.0
REGION1,NEELBFPH1,2038,0.0
REGION1,NEELBJPH1,2038,0.0
REGION1,NEELTGPH1,2038,0.0
REGION1,SLELGNPH1,2038,0.0
REGION1,SNELGMPH1,2038,0.0
REGION1,SNELGNPH1,2038,0.0
REGION1,TGELGHPH1,2038,0.0
REGION1,TZELZMPH1,2038,0.0
REGION1,CIELLRPH1,2038,0.0
REGION1,GNELMLPH1,2038,0.0
REGION1,AOELZMPH1,2038,0.0
REGION1,BFELBJPH1,2038,0.0
REGION1,BFELTGPH1,2038,0.0
REGION1,BIELTZPH1,2038,0.0
REGION1,BJELGHPH1,2038,0.0
REGION1,BWELZMPH1,2038,0.0
REGION1,CDELCFPH1,2038,0.0
REGION1,CDELSDPH1,2038,0.0
REGION1,CDELTZPH1,2038,0.0
REGION1,CDELUGPH1,2038,0.0
REGION1,CFELCGPH1,2038,0.0
REGION1,CFELCMPH1,2038,0.0
REGION1,CFELSDPH1,2038,0.0
REGION1,CFELTDPH1,2038,0.0
REGION1,CGELCMPH1,2038,0.0
REGION1,CIELGNPH1,2038,0.0
REGION1,CMELGAPH1,2038,0.0
REGION1,CMELNGPH1,2038,0.0
REGION1,DJELERPH1,2038,0.0
REGION1,DJELSOPH1,2038,0.0
REGION1,DZELLYPH1,2038,0.0
REGION1,DZELMLPH1,2038,0.0
REGION1,DZELMRPH1,2038,0.0
REGION1,DZELNEPH1,2038,0.0
REGION1,ETELERPH1,2038,0.0
REGION1,ETELSOPH1,2038,0.0
REGION1,GWELSNPH1,2038,0.0
REGION1,KEELSDPH1,2038,0.0
REGION1,KEELSOPH1,2038,0.0
REGION1,LYELNEPH1,2038,0.0
REGION1,LYELSDPH1,2038,0.0
REGION1,LYELTDPH1,2038,0.0
REGION1,LYELTNPH1,2038,0.0
REGION1,MLELMRPH1,2038,0.0
REGION1,MLELNEPH1,2038,0.0
REGION1,MRELSNPH1,2038,0.0
REGION1,MWELTZPH1,2038,0.0
REGION1,MZELTZPH1,2038,0.0
REGION1,MZELZMPH1,2038,0.0
REGION1,NEELTDPH1,2038,0.0
REGION1,NGELTDPH1,2038,0.0
REGION1,RWELTZPH1,2038,0.0
REGION1,SDELERPH1,2038,0.0
REGION1,SDELTDPH1,2038,0.0
REGION1,SDELUGPH1,2038,0.0
REGION1,CYELGRPH1,2038,0.0
REGION1,ALNGGRPI0,2038,0.0
REGION1,ALNGITPI0,2038,0.0
REGION1,ATNGDEPI0,2038,0.0
REGION1,ATNGHUPI0,2038,0.0
REGION1,ATNGITPI0,2038,0.0
REGION1,ATNGSIPI0,2038,0.0
REGION1,ATNGSKPI0,2038,0.0
REGION1,BENGDEPI0,2038,0.0
REGION1,BENGFRPI0,2038,0.0
REGION1,BENGUKPI0,2038,0.0
REGION1,BENGNLPI0,2038,0.0
REGION1,BGNGGRPI0,2038,0.0
REGION1,BGNGROPI0,2038,0.0
REGION1,BYNGLTPI0,2038,0.0
REGION1,CYNGEGPI0,2038,0.0
REGION1,CYNGGRPI0,2038,0.0
REGION1,CZNGDEPI0,2038,0.0
REGION1,CZNGPLPI0,2038,0.0
REGION1,CZNGSKPI0,2038,0.0
REGION1,DENGCHPI0,2038,0.0
REGION1,DENGFRPI0,2038,0.0
REGION1,DENGNLPI0,2038,0.0
REGION1,DENGPLPI0,2038,0.0
REGION1,DKNGDEPI0,2038,0.0
REGION1,DKNGPLPI0,2038,0.0
REGION1,DKNGSEPI0,2038,0.0
REGION1,DZNGESPI0,2038,0.0
REGION1,DZNGITPI0,2038,0.0
REGION1,EENGFIPI0,2038,0.0
REGION1,EENGLVPI0,2038,0.0
REGION1,FRNGCHPI0,2038,0.0
REGION1,FRNGESPI0,2038,0.0
REGION1,GRNGITPI0,2038,0.0
REGION1,HRNGHUPI0,2038,0.0
REGION1,HRNGSIPI0,2038,0.0
REGION1,HUNGROPI0,2038,0.0
REGION1,HUNGSKPI0,2038,0.0
REGION1,IENGUKPI0,2038,0.0
REGION1,ITNGCHPI0,2038,0.0
REGION1,ITNGMTPI0,2038,0.0
REGION1,ITNGSIPI0,2038,0.0
REGION1,LTNGPLPI0,2038,0.0
REGION1,LVNGLTPI0,2038,0.0
REGION1,LYNGITPI0,2038,0.0
REGION1,MANGESPI0,2038,0.0
REGION1,MDNGROPI0,2038,0.0
REGION1,NLNGUKPI0,2038,0.0
REGION1,NONGBEPI0,2038,0.0
REGION1,NONGDEPI0,2038,0.0
REGION1,NONGDKPI0,2038,0.0
REGION1,NONGFRPI0,2038,0.0
REGION1,NONGUKPI0,2038,0.0
REGION1,NONGNLPI0,2038,0.0
REGION1,PLNGSKPI0,2038,0.0
REGION1,PTNGESPI0,2038,0.0
REGION1,RSNGBGPI0,2038,0.0
REGION1,RSNGHUPI0,2038,0.0
REGION1,RSNGROPI0,2038,0.0
REGION1,RUNGEEPI0,2038,0.0
REGION1,RUNGFIPI0,2038,0.0
REGION1,RUNGLVPI0,2038,0.0
REGION1,TRNGBGPI0,2038,0.0
REGION1,TRNGGRPI0,2038,0.0
REGION1,UANGHUPI0,2038,0.0
REGION1,UANGPLPI0,2038,0.0
REGION1,UANGROPI0,2038,0.0
REGION1,UANGSKPI0,2038,0.0
REGION1,BENGLUPI0,2038,0.0
REGION1,NGNGDZPI0,2038,0.0
REGION1,MZNGZAPI0,2038,0.0
REGION1,NGNGLYPI0,2038,0.0
REGION1,ETNGDJPI0,2038,0.0
REGION1,NGNGGQPI0,2038,0.0
REGION1,TZNGKEPI0,2038,0.0
REGION1,NGNGMAPI0,2038,0.0
REGION1,NGNGBJPI0,2038,0.0
REGION1,NGNGGHPI0,2038,0.0
REGION1,NGNGNEPI0,2038,0.0
REGION1,NGNGTGPI0,2038,0.0
REGION1,NGNGTNPI0,2038,0.0
REGION1,DZNGMAPI0,2038,0.0
REGION1,BELG00I00,2039,0.0
REGION1,HRLG00I00,2039,0.0
REGION1,CYLG00I00,2039,0.0
REGION1,FRLG00I00,2039,0.0
REGION1,FILG00I00,2039,0.0
REGION1,DELG00I00,2039,0.0
REGION1,GRLG00I00,2039,0.0
REGION1,ITLG00I00,2039,0.0
REGION1,LVLG00I00,2039,0.0
REGION1,LTLG00I00,2039,0.0
REGION1,MTLG00I00,2039,0.0
REGION1,NLLG00I00,2039,0.0
REGION1,PLLG00I00,2039,0.0
REGION1,ESLG00I00,2039,0.0
REGION1,UKLG00I00,2039,0.0
REGION1,PTLG00I00,2039,0.0
REGION1,BENUG2PN1,2039,0.0
REGION1,BGNUG2PN1,2039,0.0
REGION1,CZNUG2PN1,2039,0.0
REGION1,DENUG2PN1,2039,0.0
REGION1,ESNUG2PN1,2039,0.0
REGION1,FINUG2PN1,2039,0.0
REGION1,FRNUG2PN1,2039,0.0
REGION1,HUNUG2PN1,2039,0.0
REGION1,NLNUG2PN1,2039,0.0
REGION1,RONUG2PN1,2039,0.0
REGION1,SENUG2PN1,2039,0.0
REGION1,SINUG2PN1,2039,0.0
REGION1,SKNUG2PN1,2039,0.0
REGION1,CHNUG2PN1,2039,0.0
REGION1,UKNUG2PN1,2039,0.0
REGION1,ATHYDSPN1,2039,0.0
REGION1,BEHYDSPN1,2039,0.0
REGION1,BGHYDSPN1,2039,0.0
REGION1,CZHYDSPN1,2039,0.0
REGION1,DEHYDSPN1,2039,0.0
REGION1,GRHYDSPN1,2039,0.0
REGION1,ESHYDSPN1,2039,0.0
REGION1,FRHYDSPN1,2039,0.0
REGION1,HRHYDSPN1,2039,0.0
REGION1,IEHYDSPN1,2039,0.0
REGION1,ITHYDSPN1,2039,0.0
REGION1,LTHYDSPN1,2039,0.0
REGION1,LUHYDSPN1,2039,0.0
REGION1,PLHYDSPN1,2039,0.0
REGION1,PTHYDSPN1,2039,0.0
REGION1,ROHYDSPN1,2039,0.0
REGION1,SEHYDSPN1,2039,0.0
REGION1,SIHYDSPN1,2039,0.0
REGION1,SKHYDSPN1,2039,0.0
REGION1,CHHYDSPN1,2039,0.0
REGION1,UKHYDSPN1,2039,0.0
REGION1,ATHYDMPN1,2039,0.0
REGION1,ATHYDRPN1,2039,0.0
REGION1,BEHYDMPN1,2039,0.0
REGION1,BEHYDRPN1,2039,0.0
REGION1,BGHYDMPN1,2039,0.0
REGION1,BGHYDRPN1,2039,0.0
REGION1,CZHYDRPN1,2039,0.0
REGION1,CZHYDMPN1,2039,0.0
REGION1,DEHYDMPN1,2039,0.0
REGION1,DEHYDRPN1,2039,0.0
REGION1,DKHYDRPN1,2039,0.0
REGION1,DKHYDMPN1,2039,0.0
REGION1,EEHYDRPN1,2039,0.0
REGION1,GRHYDMPN1,2039,0.0
REGION1,GRHYDRPN1,2039,0.0
REGION1,ESHYDMPN1,2039,0.0
REGION1,ESHYDRPN1,2039,0.0
REGION1,FIHYDMPN1,2039,0.0
REGION1,FIHYDRPN1,2039,0.0
REGION1,FRHYDMPN1,2039,0.0
REGION1,FRHYDRPN1,2039,0.0
REGION1,HRHYDMPN1,2039,0.0
REGION1,HRHYDRPN1,2039,0.0
REGION1,HUHYDMPN1,2039,0.0
REGION1,HUHYDRPN1,2039,0.0
REGION1,IEHYDMPN1,2039,0.0
REGION1,IEHYDRPN1,2039,0.0
REGION1,ITHYDMPN1,2039,0.0
REGION1,ITHYDRPN1,2039,0.0
REGION1,LTHYDRPN1,2039,0.0
REGION1,LUHYDRPN1,2039,0.0
REGION1,LVHYDMPN1,2039,0.0
REGION1,LVHYDRPN1,2039,0.0
REGION1,NLHYDRPN1,2039,0.0
REGION1,PLHYDMPN1,2039,0.0
REGION1,PLHYDRPN1,2039,0.0
REGION1,PTHYDMPN1,2039,0.0
REGION1,PTHYDRPN1,2039,0.0
REGION1,ROHYDMPN1,2039,0.0
REGION1,ROHYDRPN1,2039,0.0
REGION1,SEHYDMPN1,2039,0.0
REGION1,SEHYDRPN1,2039,0.0
REGION1,SIHYDMPN1,2039,0.0
REGION1,SIHYDRPN1,2039,0.0
REGION1,SKHYDMPN1,2039,0.0
REGION1,SKHYDRPN1,2039,0.0
REGION1,NOHYDRPN1,2039,0.0
REGION1,NOHYDMPN1,2039,0.0
REGION1,CHHYDRPN1,2039,0.0
REGION1,CHHYDMPN1,2039,0.0
REGION1,UKHYDMPN1,2039,0.0
REGION1,UKHYDRPN1,2039,0.0
REGION1,EGLG00I00,2039,0.0
REGION1,GHLG00I00,2039,0.0
REGION1,MALG00I00,2039,0.0
REGION1,MZLG00I00,2039,0.0
REGION1,SNLG00I00,2039,0.0
REGION1,ZALG00I00,2039,0.0
REGION1,DZLG00E00,2039,0.0
REGION1,NGLG00E00,2039,0.0
REGION1,EGLG00E00,2039,0.0
REGION1,AOLG00E00,2039,0.0
REGION1,GQLG00E00,2039,0.0
REGION1,MZLG00E00,2039,0.0
REGION1,CGLG00E00,2039,0.0
REGION1,GALG00E00,2039,0.0
REGION1,MRLG00E00,2039,0.0
REGION1,SNLG00E00,2039,0.0
REGION1,TZLG00E00,2039,0.0
REGION1,BFHYDMSN1,2039,0.0
REGION1,BIHYDMSN1,2039,0.0
REGION1,CMHYDMSN1,2039,0.0
REGION1,CDHYDMSN1,2039,0.0
REGION1,ETHYDMSN1,2039,0.0
REGION1,KEHYDMSN1,2039,0.0
REGION1,MLHYDMSN1,2039,0.0
REGION1,NGHYDMSN1,2039,0.0
REGION1,UGHYDMSN1,2039,0.0
REGION1,ZMHYDMSN1,2039,0.0
REGION1,DZHYDMSN1,2039,0.0
REGION1,EGHYDMSN1,2039,0.0
REGION1,MAHYDMSN1,2039,0.0
REGION1,SDHYDMSN1,2039,0.0
REGION1,TNHYDMSN1,2039,0.0
REGION1,AOHYDMSN1,2039,0.0
REGION1,BJHYDMSN1,2039,0.0
REGION1,CFHYDMSN1,2039,0.0
REGION1,CGHYDMSN1,2039,0.0
REGION1,CIHYDMSN1,2039,0.0
REGION1,GQHYDMSN1,2039,0.0
REGION1,SZHYDMSN1,2039,0.0
REGION1,GAHYDMSN1,2039,0.0
REGION1,GHHYDMSN1,2039,0.0
REGION1,GNHYDMSN1,2039,0.0
REGION1,LSHYDMSN1,2039,0.0
REGION1,LRHYDMSN1,2039,0.0
REGION1,MWHYDMSN1,2039,0.0
REGION1,MZHYDMSN1,2039,0.0
REGION1,NAHYDMSN1,2039,0.0
REGION1,RWHYDMSN1,2039,0.0
REGION1,SNHYDMSN1,2039,0.0
REGION1,SLHYDMSN1,2039,0.0
REGION1,ZAHYDMSN1,2039,0.0
REGION1,TGHYDMSN1,2039,0.0
REGION1,TZHYDMSN1,2039,0.0
REGION1,ZWHYDMSN1,2039,0.0
REGION1,MAHYDSPN1,2039,0.0
REGION1,ZAHYDSPN1,2039,0.0
REGION1,KEBATTN1,2039,0.0
REGION1,ETBMCHPN1,2039,0.0
REGION1,KEBMCHPN1,2039,0.0
REGION1,ZABMCHPN1,2039,0.0
REGION1,BWCOSCPN1,2039,0.0
REGION1,ZACOSCPN1,2039,0.0
REGION1,ETGOCVPN1,2039,0.0
REGION1,KEGOCVPN1,2039,0.0
REGION1,RWNGGCPN1,2039,0.0
REGION1,DZNGCCPN1,2039,0.0
REGION1,MANGCCPN1,2039,0.0
REGION1,TNNGCCPN1,2039,0.0
REGION1,UGNGCCPN1,2039,0.0
REGION1,MZNGGCPN1,2039,0.0
REGION1,NGNGGCPN1,2039,0.0
REGION1,AOSOU1PN1,2039,0.0
REGION1,GASOU1PN1,2039,0.0
REGION1,DZSOU1PN1,2039,0.0
REGION1,MASOU1PN1,2039,0.0
REGION1,TNSOU1PN1,2039,0.0
REGION1,ETSOU1PN1,2039,0.0
REGION1,KESOU1PN1,2039,0.0
REGION1,TZSOU1PN1,2039,0.0
REGION1,BWSOU1PN1,2039,0.0
REGION1,ZASOU1PN1,2039,0.0
REGION1,MAWINDPN1,2039,0.0
REGION1,TNWINDPN1,2039,0.0
REGION1,ETWINDPN1,2039,0.0
REGION1,KEWINDPN1,2039,0.0
REGION1,ZAWINDPN1,2039,0.0
REGION1,CICOSCPN1,2039,0.0
REGION1,EGNULWPN1,2039,0.0
REGION1,SSHYDMSN1,2039,0.0
REGION1,MABATTN1,2039,0.0
REGION1,CGSOU1PN1,2039,0.0
REGION1,DJSOU1PN1,2039,0.0
REGION1,DZWINDPN1,2039,0.0
REGION1,ERSOU1PN1,2039,0.0
REGION1,ERWINDPN1,2039,0.0
REGION1,GHWINDPN1,2039,0.0
REGION1,GQSOU1PN1,2039,0.0
REGION1,GWSOU1PN1,2039,0.0
REGION1,LRSOU1PN1,2039,0.0
REGION1,RWSOU1PN1,2039,0.0
REGION1,SLSOU1PN1,2039,0.0
REGION1,SSSOU1PN1,2039,0.0
REGION1,SZNGCCPN1,2039,0.0
REGION1,SZWINDPN1,2039,0.0
REGION1,TDWINDPN1,2039,0.0
REGION1,TGWINDPN1,2039,0.0
REGION1,TZWINDPN1,2039,0.0
REGION1,ZMSOU1PN1,2039,0.0
REGION1,DZNGCCPH1,2039,0.0
REGION1,DZNGGCPH1,2039,0.0
REGION1,DZSOU1PH1,2039,0.0
REGION1,EGBMCHPH1,2039,0.0
REGION1,EGSOU1PH1,2039,0.0
REGION1,EGWINDPH1,2039,0.0
REGION1,LYNGCCPH1,2039,0.0
REGION1,LYNGGCPH1,2039,0.0
REGION1,LYLFRCPH1,2039,0.0
REGION1,LYHFGCPH1,2039,0.0
REGION1,LYSOU1PH1,2039,0.0
REGION1,MASOU1PH1,2039,0.0
REGION1,MAWINDPH1,2039,0.0
REGION1,SDSOU1PH1,2039,0.0
REGION1,TNNGCCPH1,2039,0.0
REGION1,TNNGGCPH1,2039,0.0
REGION1,TNSOU1PH1,2039,0.0
REGION1,AOSOU1PH1,2039,0.0
REGION1,BJSOU1PH1,2039,0.0
REGION1,BFLFRCPH1,2039,0.0
REGION1,BFHFGCPH1,2039,0.0
REGION1,BFHYDMSH1,2039,0.0
REGION1,BFSOU1PH1,2039,0.0
REGION1,BIHYDMSH1,2039,0.0
REGION1,CMHYDMSH1,2039,0.0
REGION1,CMSOU1PH1,2039,0.0
REGION1,CFSOU1PH1,2039,0.0
REGION1,CINGCCPH1,2039,0.0
REGION1,CINGGCPH1,2039,0.0
REGION1,CISOU1PH1,2039,0.0
REGION1,CDLFRCPH1,2039,0.0
REGION1,CDHFGCPH1,2039,0.0
REGION1,CDHYDMSH1,2039,0.0
REGION1,CDSOU1PH1,2039,0.0
REGION1,DJWINDPH1,2039,0.0
REGION1,ETBMCHPH1,2039,0.0
REGION1,ETHYDMSH1,2039,0.0
REGION1,ETWINDPH1,2039,0.0
REGION1,GHNGCCPH1,2039,0.0
REGION1,GHNGGCPH1,2039,0.0
REGION1,GHSOU1PH1,2039,0.0
REGION1,KEGOCVPH1,2039,0.0
REGION1,KEHYDMSH1,2039,0.0
REGION1,KESOU1PH1,2039,0.0
REGION1,LSSOU1PH1,2039,0.0
REGION1,MWSOU1PH1,2039,0.0
REGION1,MLHYDMSH1,2039,0.0
REGION1,MLSOU1PH1,2039,0.0
REGION1,MRSOU1PH1,2039,0.0
REGION1,MRWINDPH1,2039,0.0
REGION1,MZLFRCPH1,2039,0.0
REGION1,MZHFGCPH1,2039,0.0
REGION1,MZSOU1PH1,2039,0.0
REGION1,NASOU1PH1,2039,0.0
REGION1,NELFRCPH1,2039,0.0
REGION1,NEHFGCPH1,2039,0.0
REGION1,NESOU1PH1,2039,0.0
REGION1,NGNGCCPH1,2039,0.0
REGION1,NGNGGCPH1,2039,0.0
REGION1,NGLFRCPH1,2039,0.0
REGION1,NGHFGCPH1,2039,0.0
REGION1,NGHYDMSH1,2039,0.0
REGION1,NGSOU1PH1,2039,0.0
REGION1,RWCOSCPH1,2039,0.0
REGION1,SNNGCCPH1,2039,0.0
REGION1,SNLFRCPH1,2039,0.0
REGION1,SNHFGCPH1,2039,0.0
REGION1,SNSOU1PH1,2039,0.0
REGION1,ZANULWPH1,2039,0.0
REGION1,ZASOU1PH1,2039,0.0
REGION1,SSWINDPH1,2039,0.0
REGION1,TGSOU1PH1,2039,0.0
REGION1,UGHYDMSH1,2039,0.0
REGION1,TZSOU1PH1,2039,0.0
REGION1,ZMHYDMSH1,2039,0.0
REGION1,ZWSOU1PH1,2039,0.0
REGION1,ZWCOSCPH1,2039,0.0
REGION1,DZLFRCPH1,2039,0.0
REGION1,DZHFGCPH1,2039,0.0
REGION1,DZHYDMSH1,2039,0.0
REGION1,DZSOC1PH1,2039,0.0
REGION1,EGNGCCPH1,2039,0.0
REGION1,EGNGGCPH1,2039,0.0
REGION1,EGLFRCPH1,2039,0.0
REGION1,EGHFGCPH1,2039,0.0
REGION1,EGHYDMSH1,2039,0.0
REGION1,EGSOC1PH1,2039,0.0
REGION1,MACOSCPH1,2039,0.0
REGION1,MALFRCPH1,2039,0.0
REGION1,MAHFGCPH1,2039,0.0
REGION1,MANGCCPH1,2039,0.0
REGION1,MANGGCPH1,2039,0.0
REGION1,MABMCHPH1,2039,0.0
REGION1,MAHYDMSH1,2039,0.0
REGION1,MASOC1PH1,2039,0.0
REGION1,SDLFRCPH1,2039,0.0
REGION1,SDHFGCPH1,2039,0.0
REGION1,SDBMCHPH1,2039,0.0
REGION1,SDHYDMSH1,2039,0.0
REGION1,TNLFRCPH1,2039,0.0
REGION1,TNHFGCPH1,2039,0.0
REGION1,TNHYDMSH1,2039,0.0
REGION1,TNWINDPH1,2039,0.0
REGION1,AONGGCPH1,2039,0.0
REGION1,AOLFRCPH1,2039,0.0
REGION1,AOHFGCPH1,2039,0.0
REGION1,AOBMCHPH1,2039,0.0
REGION1,AOHYDMSH1,2039,0.0
REGION1,BJNGGCPH1,2039,0.0
REGION1,BJLFRCPH1,2039,0.0
REGION1,BJHFGCPH1,2039,0.0
REGION1,BJHYDMSH1,2039,0.0
REGION1,BWCOSCPH1,2039,0.0
REGION1,BWLFRCPH1,2039,0.0
REGION1,BWSOU1PH1,2039,0.0
REGION1,BFBMCHPH1,2039,0.0
REGION1,BILFRCPH1,2039,0.0
REGION1,BISOU1PH1,2039,0.0
REGION1,CMNGGCPH1,2039,0.0
REGION1,CMLFRCPH1,2039,0.0
REGION1,CMHFGCPH1,2039,0.0
REGION1,CFLFRCPH1,2039,0.0
REGION1,CFHYDMSH1,2039,0.0
REGION1,TDNGCCPH1,2039,0.0
REGION1,TDLFRCPH1,2039,0.0
REGION1,TDHFGCPH1,2039,0.0
REGION1,TDBMCHPH1,2039,0.0
REGION1,TDSOU1PH1,2039,0.0
REGION1,CGNGGCPH1,2039,0.0
REGION1,CGLFRCPH1,2039,0.0
REGION1,CGHFGCPH1,2039,0.0
REGION1,CGBMCHPH1,2039,0.0
REGION1,CGHYDMSH1,2039,0.0
REGION1,CILFRCPH1,2039,0.0
REGION1,CIHFGCPH1,2039,0.0
REGION1,CIHYDMSH1,2039,0.0
REGION1,DJLFRCPH1,2039,0.0
REGION1,DJHFGCPH1,2039,0.0
REGION1,GWNGCCPH1,2039,0.0
REGION1,GQNGGCPH1,2039,0.0
REGION1,GQLFRCPH1,2039,0.0
REGION1,GQHFGCPH1,2039,0.0
REGION1,GQHYDMSH1,2039,0.0
REGION1,ERLFRCPH1,2039,0.0
REGION1,ERHFGCPH1,2039,0.0
REGION1,SZLFRCPH1,2039,0.0
REGION1,SZHFGCPH1,2039,0.0
REGION1,SZBMCHPH1,2039,0.0
REGION1,SZHYDMSH1,2039,0.0
REGION1,SZSOU1PH1,2039,0.0
REGION1,ETLFRCPH1,2039,0.0
REGION1,ETGOCVPH1,2039,0.0
REGION1,GANGGCPH1,2039,0.0
REGION1,GALFRCPH1,2039,0.0
REGION1,GAHFGCPH1,2039,0.0
REGION1,GAHYDMSH1,2039,0.0
REGION1,GMLFRCPH1,2039,0.0
REGION1,GMHFGCPH1,2039,0.0
REGION1,GMWINDPH1,2039,0.0
REGION1,GMSOU1PH1,2039,0.0
REGION1,GHLFRCPH1,2039,0.0
REGION1,GHHFGCPH1,2039,0.0
REGION1,GHBMCHPH1,2039,0.0
REGION1,GHHYDMSH1,2039,0.0
REGION1,GNLFRCPH1,2039,0.0
REGION1,GNHFGCPH1,2039,0.0
REGION1,GNHYDMSH1,2039,0.0
REGION1,GNSOU1PH1,2039,0.0
REGION1,GWLFRCPH1,2039,0.0
REGION1,KELFRCPH1,2039,0.0
REGION1,KEHFGCPH1,2039,0.0
REGION1,KEBMCHPH1,2039,0.0
REGION1,KEWINDPH1,2039,0.0
REGION1,LSHYDMSH1,2039,0.0
REGION1,LRLFRCPH1,2039,0.0
REGION1,LRHFGCPH1,2039,0.0
REGION1,LRHYDMSH1,2039,0.0
REGION1,MWLFRCPH1,2039,0.0
REGION1,MWBMCHPH1,2039,0.0
REGION1,MWHYDMSH1,2039,0.0
REGION1,MLLFRCPH1,2039,0.0
REGION1,MLHFGCPH1,2039,0.0
REGION1,MLBMCHPH1,2039,0.0
REGION1,MRNGCCPH1,2039,0.0
REGION1,MRLFRCPH1,2039,0.0
REGION1,MRHFGCPH1,2039,0.0
REGION1,MZNGGCPH1,2039,0.0
REGION1,MZBMCHPH1,2039,0.0
REGION1,MZHYDMSH1,2039,0.0
REGION1,NACOSCPH1,2039,0.0
REGION1,NALFRCPH1,2039,0.0
REGION1,NAHFGCPH1,2039,0.0
REGION1,NABMCHPH1,2039,0.0
REGION1,NAHYDMSH1,2039,0.0
REGION1,NAWINDPH1,2039,0.0
REGION1,NECOSCPH1,2039,0.0
REGION1,NENGCCPH1,2039,0.0
REGION1,NGBMCHPH1,2039,0.0
REGION1,RWWINDPH1,2039,0.0
REGION1,RWNGGCPH1,2039,0.0
REGION1,RWLFRCPH1,2039,0.0
REGION1,RWHFGCPH1,2039,0.0
REGION1,RWBMCHPH1,2039,0.0
REGION1,RWHYDMSH1,2039,0.0
REGION1,SNHYDMSH1,2039,0.0
REGION1,SNCOSCPH1,2039,0.0
REGION1,SNBMCHPH1,2039,0.0
REGION1,SLWINDPH1,2039,0.0
REGION1,SLLFRCPH1,2039,0.0
REGION1,SLHFGCPH1,2039,0.0
REGION1,SLBMCHPH1,2039,0.0
REGION1,SLHYDMSH1,2039,0.0
REGION1,ZACOSCPH1,2039,0.0
REGION1,ZALFRCPH1,2039,0.0
REGION1,ZAHFGCPH1,2039,0.0
REGION1,ZABMCHPH1,2039,0.0
REGION1,ZAHYDMSH1,2039,0.0
REGION1,ZASOC1PH1,2039,0.0
REGION1,SSLFRCPH1,2039,0.0
REGION1,SSHFGCPH1,2039,0.0
REGION1,TGNGCCPH1,2039,0.0
REGION1,TGLFRCPH1,2039,0.0
REGION1,TGHFGCPH1,2039,0.0
REGION1,TGHYDMSH1,2039,0.0
REGION1,UGSOU1PH1,2039,0.0
REGION1,UGLFRCPH1,2039,0.0
REGION1,UGHFGCPH1,2039,0.0
REGION1,UGBMCHPH1,2039,0.0
REGION1,TZNGGCPH1,2039,0.0
REGION1,TZLFRCPH1,2039,0.0
REGION1,TZHFGCPH1,2039,0.0
REGION1,TZBMCHPH1,2039,0.0
REGION1,TZHYDMSH1,2039,0.0
REGION1,ZMWINDPH1,2039,0.0
REGION1,ZMCOSCPH1,2039,0.0
REGION1,ZMLFRCPH1,2039,0.0
REGION1,ZMHFGCPH1,2039,0.0
REGION1,ZMBMCHPH1,2039,0.0
REGION1,ZWLFRCPH1,2039,0.0
REGION1,SNWINDPH1,2039,0.0
REGION1,ZWHYDMSH1,2039,0.0
REGION1,ZWBMCHPH1,2039,0.0
REGION1,SOLFRCPH1,2039,0.0
REGION1,SOSOU1PH1,2039,0.0
REGION1,SOWINDPH1,2039,0.0
REGION1,MAHYDSPH1,2039,0.0
REGION1,ZAHYDSPH1,2039,0.0
REGION1,ATELCZPH1,2039,0.0
REGION1,ATELDEPH1,2039,0.0
REGION1,ATELHUPH1,2039,0.0
REGION1,ATELITPH1,2039,0.0
REGION1,ATELSIPH1,2039,0.0
REGION1,ATELCHPH1,2039,0.0
REGION1,BEELFRPH1,2039,0.0
REGION1,BEELDEPH1,2039,0.0
REGION1,BEELLUPH1,2039,0.0
REGION1,BEELNLPH1,2039,0.0
REGION1,BEELUKPH1,2039,0.0
REGION1,BGELGRPH1,2039,0.0
REGION1,BGELROPH1,2039,0.0
REGION1,CZELDEPH1,2039,0.0
REGION1,CZELPLPH1,2039,0.0
REGION1,CZELSKPH1,2039,0.0
REGION1,HRELHUPH1,2039,0.0
REGION1,HRELSIPH1,2039,0.0
REGION1,DKELNLPH1,2039,0.0
REGION1,DKELNOPH1,2039,0.0
REGION1,DKELSEPH1,2039,0.0
REGION1,DKELUKPH1,2039,0.0
REGION1,EEELFIPH1,2039,0.0
REGION1,EEELLVPH1,2039,0.0
REGION1,FIELNOPH1,2039,0.0
REGION1,FIELSEPH1,2039,0.0
REGION1,FRELITPH1,2039,0.0
REGION1,FRELLUPH1,2039,0.0
REGION1,FRELUKPH1,2039,0.0
REGION1,DEELDKPH1,2039,0.0
REGION1,DEELFRPH1,2039,0.0
REGION1,DEELLUPH1,2039,0.0
REGION1,DEELNLPH1,2039,0.0
REGION1,DEELNOPH1,2039,0.0
REGION1,DEELPLPH1,2039,0.0
REGION1,DEELSEPH1,2039,0.0
REGION1,DEELUKPH1,2039,0.0
REGION1,HUELROPH1,2039,0.0
REGION1,HUELSKPH1,2039,0.0
REGION1,HUELSIPH1,2039,0.0
REGION1,IEELUKPH1,2039,0.0
REGION1,ITELMTPH1,2039,0.0
REGION1,ITELSIPH1,2039,0.0
REGION1,LTELLVPH1,2039,0.0
REGION1,LTELPLPH1,2039,0.0
REGION1,LTELSEPH1,2039,0.0
REGION1,NLELNOPH1,2039,0.0
REGION1,NLELUKPH1,2039,0.0
REGION1,NOELSEPH1,2039,0.0
REGION1,NOELUKPH1,2039,0.0
REGION1,PLELSKPH1,2039,0.0
REGION1,PLELSEPH1,2039,0.0
REGION1,ESELFRPH1,2039,0.0
REGION1,ESELPTPH1,2039,0.0
REGION1,CHELFRPH1,2039,0.0
REGION1,CHELDEPH1,2039,0.0
REGION1,CHELITPH1,2039,0.0
REGION1,GRELITPH1,2039,0.0
REGION1,BGELMKPH1,2039,0.0
REGION1,BGELRSPH1,2039,0.0
REGION1,BGELTRPH1,2039,0.0
REGION1,HRELBAPH1,2039,0.0
REGION1,HRELRSPH1,2039,0.0
REGION1,EEELRUPH1,2039,0.0
REGION1,GRELALPH1,2039,0.0
REGION1,GRELTRPH1,2039,0.0
REGION1,HUELRSPH1,2039,0.0
REGION1,HUELUAPH1,2039,0.0
REGION1,ITELMEPH1,2039,0.0
REGION1,LVELRUPH1,2039,0.0
REGION1,LTELBYPH1,2039,0.0
REGION1,LTELRUPH1,2039,0.0
REGION1,PLELUAPH1,2039,0.0
REGION1,ROELMDPH1,2039,0.0
REGION1,ROELRSPH1,2039,0.0
REGION1,ROELUAPH1,2039,0.0
REGION1,SKELUAPH1,2039,0.0
REGION1,GRELMKPH1,2039,0.0
REGION1,ESELMAPH1,2039,0.0
REGION1,CYELILPH1,2039,0.0
REGION1,SEELLVPH1,2039,0.0
REGION1,BEELDKPH1,2039,0.0
REGION1,ITELTNPH1,2039,0.0
REGION1,GRELEGPH1,2039,0.0
REGION1,ITELDZPH1,2039,0.0
REGION1,MTELTNPH1,2039,0.0
REGION1,ROELGEPH1,2039,0.0
REGION1,ESELITPH1,2039,0.0
REGION1,DEELLVPH1,2039,2.0
REGION1,GRELDEPH1,2039,0.0
REGION1,ITELSAPH1,2039,0.0
REGION1,UKELMAPH1,2039,0.0
REGION1,DEELMAPH1,2039,0.0
REGION1,BIELRWPH1,2039,0.0
REGION1,BWELZAPH1,2039,0.0
REGION1,CDELBIPH1,2039,0.0
REGION1,CDELCGPH1,2039,0.0
REGION1,CDELRWPH1,2039,0.0
REGION1,CDELZMPH1,2039,0.0
REGION1,CIELBFPH1,2039,0.0
REGION1,EGELJOPH1,2039,0.0
REGION1,EGELSDPH1,2039,0.0
REGION1,ETELDJPH1,2039,0.0
REGION1,ETELSDPH1,2039,0.0
REGION1,GHELCIPH1,2039,0.0
REGION1,GHELTGPH1,2039,0.0
REGION1,KEELTZPH1,2039,0.0
REGION1,LSELZAPH1,2039,0.0
REGION1,LYELEGPH1,2039,0.0
REGION1,MAELDZPH1,2039,0.0
REGION1,MZELSZPH1,2039,0.0
REGION1,MZELZAPH1,2039,0.0
REGION1,MZELZWPH1,2039,0.0
REGION1,NGELBJPH1,2039,0.0
REGION1,NGELNEPH1,2039,0.0
REGION1,NAELZAPH1,2039,0.0
REGION1,RWELBIPH1,2039,0.0
REGION1,SNELMLPH1,2039,0.0
REGION1,TGELBJPH1,2039,0.0
REGION1,TNELDZPH1,2039,0.0
REGION1,TZELUGPH1,2039,0.0
REGION1,UGELKEPH1,2039,0.0
REGION1,UGELRWPH1,2039,0.0
REGION1,UGELTZPH1,2039,0.0
REGION1,ZAELSZPH1,2039,0.0
REGION1,ZAELZWPH1,2039,0.0
REGION1,ZMELZWPH1,2039,0.0
REGION1,AOELBWPH1,2039,0.0
REGION1,AOELCDPH1,2039,0.0
REGION1,AOELNAPH1,2039,0.0
REGION1,BFELMLPH1,2039,0.0
REGION1,BWELNAPH1,2039,0.0
REGION1,CDELNAPH1,2039,0.0
REGION1,CDELZAPH1,2039,0.0
REGION1,CGELGAPH1,2039,0.0
REGION1,CMELTDPH1,2039,0.0
REGION1,ETELKEPH1,2039,0.0
REGION1,GAELGQPH1,2039,0.0
REGION1,GHELBFPH1,2039,0.0
REGION1,GMELGWPH1,2039,0.0
REGION1,GQELCMPH1,2039,0.0
REGION1,GWELGNPH1,2039,0.0
REGION1,LRELGNPH1,2039,0.0
REGION1,LRELSLPH1,2039,0.0
REGION1,MLELCIPH1,2039,0.0
REGION1,MWELMZPH1,2039,0.0
REGION1,MWELZMPH1,2039,0.0
REGION1,NAELZWPH1,2039,0.0
REGION1,NEELBFPH1,2039,0.0
REGION1,NEELBJPH1,2039,0.0
REGION1,NEELTGPH1,2039,0.0
REGION1,SLELGNPH1,2039,0.0
REGION1,SNELGMPH1,2039,0.0
REGION1,SNELGNPH1,2039,0.0
REGION1,TGELGHPH1,2039,0.0
REGION1,TZELZMPH1,2039,0.0
REGION1,CIELLRPH1,2039,0.0
REGION1,GNELMLPH1,2039,0.0
REGION1,AOELZMPH1,2039,0.0
REGION1,BFELBJPH1,2039,0.0
REGION1,BFELTGPH1,2039,0.0
REGION1,BIELTZPH1,2039,0.0
REGION1,BJELGHPH1,2039,0.0
REGION1,BWELZMPH1,2039,0.0
REGION1,CDELCFPH1,2039,0.0
REGION1,CDELSDPH1,2039,0.0
REGION1,CDELTZPH1,2039,0.0
REGION1,CDELUGPH1,2039,0.0
REGION1,CFELCGPH1,2039,0.0
REGION1,CFELCMPH1,2039,0.0
REGION1,CFELSDPH1,2039,0.0
REGION1,CFELTDPH1,2039,0.0
REGION1,CGELCMPH1,2039,0.0
REGION1,CIELGNPH1,2039,0.0
REGION1,CMELGAPH1,2039,0.0
REGION1,CMELNGPH1,2039,0.0
REGION1,DJELERPH1,2039,0.0
REGION1,DJELSOPH1,2039,0.0
REGION1,DZELLYPH1,2039,0.0
REGION1,DZELMLPH1,2039,0.0
REGION1,DZELMRPH1,2039,0.0
REGION1,DZELNEPH1,2039,0.0
REGION1,ETELERPH1,2039,0.0
REGION1,ETELSOPH1,2039,0.0
REGION1,GWELSNPH1,2039,0.0
REGION1,KEELSDPH1,2039,0.0
REGION1,KEELSOPH1,2039,0.0
REGION1,LYELNEPH1,2039,0.0
REGION1,LYELSDPH1,2039,0.0
REGION1,LYELTDPH1,2039,0.0
REGION1,LYELTNPH1,2039,0.0
REGION1,MLELMRPH1,2039,0.0
REGION1,MLELNEPH1,2039,0.0
REGION1,MRELSNPH1,2039,0.0
REGION1,MWELTZPH1,2039,0.0
REGION1,MZELTZPH1,2039,0.0
REGION1,MZELZMPH1,2039,0.0
REGION1,NEELTDPH1,2039,0.0
REGION1,NGELTDPH1,2039,0.0
REGION1,RWELTZPH1,2039,0.0
REGION1,SDELERPH1,2039,0.0
REGION1,SDELTDPH1,2039,0.0
REGION1,SDELUGPH1,2039,0.0
REGION1,CYELGRPH1,2039,0.0
REGION1,ALNGGRPI0,2039,0.0
REGION1,ALNGITPI0,2039,0.0
REGION1,ATNGDEPI0,2039,0.0
REGION1,ATNGHUPI0,2039,0.0
REGION1,ATNGITPI0,2039,0.0
REGION1,ATNGSIPI0,2039,0.0
REGION1,ATNGSKPI0,2039,0.0
REGION1,BENGDEPI0,2039,0.0
REGION1,BENGFRPI0,2039,0.0
REGION1,BENGUKPI0,2039,0.0
REGION1,BENGNLPI0,2039,0.0
REGION1,BGNGGRPI0,2039,0.0
REGION1,BGNGROPI0,2039,0.0
REGION1,BYNGLTPI0,2039,0.0
REGION1,CYNGEGPI0,2039,0.0
REGION1,CYNGGRPI0,2039,0.0
REGION1,CZNGDEPI0,2039,0.0
REGION1,CZNGPLPI0,2039,0.0
REGION1,CZNGSKPI0,2039,0.0
REGION1,DENGCHPI0,2039,0.0
REGION1,DENGFRPI0,2039,0.0
REGION1,DENGNLPI0,2039,0.0
REGION1,DENGPLPI0,2039,0.0
REGION1,DKNGDEPI0,2039,0.0
REGION1,DKNGPLPI0,2039,0.0
REGION1,DKNGSEPI0,2039,0.0
REGION1,DZNGESPI0,2039,0.0
REGION1,DZNGITPI0,2039,0.0
REGION1,EENGFIPI0,2039,0.0
REGION1,EENGLVPI0,2039,0.0
REGION1,FRNGCHPI0,2039,0.0
REGION1,FRNGESPI0,2039,0.0
REGION1,GRNGITPI0,2039,0.0
REGION1,HRNGHUPI0,2039,0.0
REGION1,HRNGSIPI0,2039,0.0
REGION1,HUNGROPI0,2039,0.0
REGION1,HUNGSKPI0,2039,0.0
REGION1,IENGUKPI0,2039,0.0
REGION1,ITNGCHPI0,2039,0.0
REGION1,ITNGMTPI0,2039,0.0
REGION1,ITNGSIPI0,2039,0.0
REGION1,LTNGPLPI0,2039,0.0
REGION1,LVNGLTPI0,2039,0.0
REGION1,LYNGITPI0,2039,0.0
REGION1,MANGESPI0,2039,0.0
REGION1,MDNGROPI0,2039,0.0
REGION1,NLNGUKPI0,2039,0.0
REGION1,NONGBEPI0,2039,0.0
REGION1,NONGDEPI0,2039,0.0
REGION1,NONGDKPI0,2039,0.0
REGION1,NONGFRPI0,2039,0.0
REGION1,NONGUKPI0,2039,0.0
REGION1,NONGNLPI0,2039,0.0
REGION1,PLNGSKPI0,2039,0.0
REGION1,PTNGESPI0,2039,0.0
REGION1,RSNGBGPI0,2039,0.0
REGION1,RSNGHUPI0,2039,0.0
REGION1,RSNGROPI0,2039,0.0
REGION1,RUNGEEPI0,2039,0.0
REGION1,RUNGFIPI0,2039,0.0
REGION1,RUNGLVPI0,2039,0.0
REGION1,TRNGBGPI0,2039,0.0
REGION1,TRNGGRPI0,2039,0.0
REGION1,UANGHUPI0,2039,0.0
REGION1,UANGPLPI0,2039,0.0
REGION1,UANGROPI0,2039,0.0
REGION1,UANGSKPI0,2039,0.0
REGION1,BENGLUPI0,2039,0.0
REGION1,NGNGDZPI0,2039,0.0
REGION1,MZNGZAPI0,2039,0.0
REGION1,NGNGLYPI0,2039,0.0
REGION1,ETNGDJPI0,2039,0.0
REGION1,NGNGGQPI0,2039,0.0
REGION1,TZNGKEPI0,2039,0.0
REGION1,NGNGMAPI0,2039,0.0
REGION1,NGNGBJPI0,2039,0.0
REGION1,NGNGGHPI0,2039,0.0
REGION1,NGNGNEPI0,2039,0.0
REGION1,NGNGTGPI0,2039,0.0
REGION1,NGNGTNPI0,2039,0.0
REGION1,DZNGMAPI0,2039,0.0
REGION1,BELG00I00,2040,0.0
REGION1,HRLG00I00,2040,83.8332
REGION1,CYLG00I00,2040,0.0
REGION1,FRLG00I00,2040,433.6199999999999
REGION1,FILG00I00,2040,0.0
REGION1,DELG00I00,2040,0.0
REGION1,GRLG00I00,2040,0.0
REGION1,ITLG00I00,2040,0.0
REGION1,LVLG00I00,2040,0.0
REGION1,LTLG00I00,2040,0.0
REGION1,MTLG00I00,2040,0.0
REGION1,NLLG00I00,2040,0.0
REGION1,PLLG00I00,2040,0.0
REGION1,ESLG00I00,2040,0.0
REGION1,UKLG00I00,2040,0.0
REGION1,PTLG00I00,2040,0.0
REGION1,BENUG2PN1,2040,0.0
REGION1,BGNUG2PN1,2040,0.0
REGION1,CZNUG2PN1,2040,0.0
REGION1,DENUG2PN1,2040,0.0
REGION1,ESNUG2PN1,2040,0.0
REGION1,FINUG2PN1,2040,0.0
REGION1,FRNUG2PN1,2040,0.0
REGION1,HUNUG2PN1,2040,0.0
REGION1,NLNUG2PN1,2040,0.0
REGION1,RONUG2PN1,2040,0.0
REGION1,SENUG2PN1,2040,0.0
REGION1,SINUG2PN1,2040,0.0
REGION1,SKNUG2PN1,2040,0.0
REGION1,CHNUG2PN1,2040,0.0
REGION1,UKNUG2PN1,2040,0.0
REGION1,ATHYDSPN1,2040,0.0
REGION1,BEHYDSPN1,2040,0.0
REGION1,BGHYDSPN1,2040,0.0
REGION1,CZHYDSPN1,2040,0.0
REGION1,DEHYDSPN1,2040,0.0
REGION1,GRHYDSPN1,2040,0.0
REGION1,ESHYDSPN1,2040,0.0
REGION1,FRHYDSPN1,2040,0.0
REGION1,HRHYDSPN1,2040,0.0
REGION1,IEHYDSPN1,2040,0.0
REGION1,ITHYDSPN1,2040,0.0
REGION1,LTHYDSPN1,2040,0.0
REGION1,LUHYDSPN1,2040,0.0
REGION1,PLHYDSPN1,2040,0.0
REGION1,PTHYDSPN1,2040,0.0
REGION1,ROHYDSPN1,2040,0.0
REGION1,SEHYDSPN1,2040,0.0
REGION1,SIHYDSPN1,2040,0.0
REGION1,SKHYDSPN1,2040,0.0
REGION1,CHHYDSPN1,2040,0.0
REGION1,UKHYDSPN1,2040,0.0
REGION1,ATHYDMPN1,2040,0.0
REGION1,ATHYDRPN1,2040,0.0
REGION1,BEHYDMPN1,2040,0.0
REGION1,BEHYDRPN1,2040,0.0
REGION1,BGHYDMPN1,2040,0.0
REGION1,BGHYDRPN1,2040,0.0
REGION1,CZHYDRPN1,2040,0.0
REGION1,CZHYDMPN1,2040,0.0
REGION1,DEHYDMPN1,2040,0.0
REGION1,DEHYDRPN1,2040,0.0
REGION1,DKHYDRPN1,2040,0.0
REGION1,DKHYDMPN1,2040,0.0
REGION1,EEHYDRPN1,2040,0.0
REGION1,GRHYDMPN1,2040,0.0
REGION1,GRHYDRPN1,2040,0.0
REGION1,ESHYDMPN1,2040,0.0
REGION1,ESHYDRPN1,2040,0.0
REGION1,FIHYDMPN1,2040,0.0
REGION1,FIHYDRPN1,2040,0.0
REGION1,FRHYDMPN1,2040,0.0
REGION1,FRHYDRPN1,2040,0.0
REGION1,HRHYDMPN1,2040,0.0
REGION1,HRHYDRPN1,2040,0.0
REGION1,HUHYDMPN1,2040,0.0
REGION1,HUHYDRPN1,2040,0.0
REGION1,IEHYDMPN1,2040,0.0
REGION1,IEHYDRPN1,2040,0.0
REGION1,ITHYDMPN1,2040,0.0
REGION1,ITHYDRPN1,2040,0.0
REGION1,LTHYDRPN1,2040,0.0
REGION1,LUHYDRPN1,2040,0.0
REGION1,LVHYDMPN1,2040,0.0
REGION1,LVHYDRPN1,2040,0.0
REGION1,NLHYDRPN1,2040,0.0
REGION1,PLHYDMPN1,2040,0.0
REGION1,PLHYDRPN1,2040,0.0
REGION1,PTHYDMPN1,2040,0.0
REGION1,PTHYDRPN1,2040,0.0
REGION1,ROHYDMPN1,2040,0.0
REGION1,ROHYDRPN1,2040,0.0
REGION1,SEHYDMPN1,2040,0.0
REGION1,SEHYDRPN1,2040,0.0
REGION1,SIHYDMPN1,2040,0.0
REGION1,SIHYDRPN1,2040,0.0
REGION1,SKHYDMPN1,2040,0.0
REGION1,SKHYDRPN1,2040,0.0
REGION1,NOHYDRPN1,2040,0.0
REGION1,NOHYDMPN1,2040,0.0
REGION1,CHHYDRPN1,2040,0.0
REGION1,CHHYDMPN1,2040,0.0
REGION1,UKHYDMPN1,2040,0.0
REGION1,UKHYDRPN1,2040,0.0
REGION1,EGLG00I00,2040,0.0
REGION1,GHLG00I00,2040,0.0
REGION1,MALG00I00,2040,0.0
REGION1,MZLG00I00,2040,0.0
REGION1,SNLG00I00,2040,0.0
REGION1,ZALG00I00,2040,0.0
REGION1,DZLG00E00,2040,0.0
REGION1,NGLG00E00,2040,0.0
REGION1,EGLG00E00,2040,0.0
REGION1,AOLG00E00,2040,0.0
REGION1,GQLG00E00,2040,0.0
REGION1,MZLG00E00,2040,0.0
REGION1,CGLG00E00,2040,0.0
REGION1,GALG00E00,2040,0.0
REGION1,MRLG00E00,2040,0.0
REGION1,SNLG00E00,2040,0.0
REGION1,TZLG00E00,2040,0.0
REGION1,BFHYDMSN1,2040,0.0
REGION1,BIHYDMSN1,2040,0.0
REGION1,CMHYDMSN1,2040,0.0
REGION1,CDHYDMSN1,2040,0.0
REGION1,ETHYDMSN1,2040,0.0
REGION1,KEHYDMSN1,2040,0.0
REGION1,MLHYDMSN1,2040,0.0
REGION1,NGHYDMSN1,2040,0.0
REGION1,UGHYDMSN1,2040,0.0
REGION1,ZMHYDMSN1,2040,0.0
REGION1,DZHYDMSN1,2040,0.0
REGION1,EGHYDMSN1,2040,0.0
REGION1,MAHYDMSN1,2040,0.0
REGION1,SDHYDMSN1,2040,0.0
REGION1,TNHYDMSN1,2040,0.0
REGION1,AOHYDMSN1,2040,0.0
REGION1,BJHYDMSN1,2040,0.0
REGION1,CFHYDMSN1,2040,0.0
REGION1,CGHYDMSN1,2040,0.0
REGION1,CIHYDMSN1,2040,0.0
REGION1,GQHYDMSN1,2040,0.0
REGION1,SZHYDMSN1,2040,0.0
REGION1,GAHYDMSN1,2040,0.0
REGION1,GHHYDMSN1,2040,0.0
REGION1,GNHYDMSN1,2040,0.0
REGION1,LSHYDMSN1,2040,0.0
REGION1,LRHYDMSN1,2040,0.0
REGION1,MWHYDMSN1,2040,0.0
REGION1,MZHYDMSN1,2040,0.0
REGION1,NAHYDMSN1,2040,0.0
REGION1,RWHYDMSN1,2040,0.0
REGION1,SNHYDMSN1,2040,0.0
REGION1,SLHYDMSN1,2040,0.0
REGION1,ZAHYDMSN1,2040,0.0
REGION1,TGHYDMSN1,2040,0.0
REGION1,TZHYDMSN1,2040,0.0
REGION1,ZWHYDMSN1,2040,0.0
REGION1,MAHYDSPN1,2040,0.0
REGION1,ZAHYDSPN1,2040,0.0
REGION1,KEBATTN1,2040,0.15
REGION1,ETBMCHPN1,2040,0.0
REGION1,KEBMCHPN1,2040,0.0
REGION1,ZABMCHPN1,2040,0.0
REGION1,BWCOSCPN1,2040,0.0
REGION1,ZACOSCPN1,2040,0.0
REGION1,ETGOCVPN1,2040,0.0
REGION1,KEGOCVPN1,2040,0.0
REGION1,RWNGGCPN1,2040,0.0
REGION1,DZNGCCPN1,2040,0.0
REGION1,MANGCCPN1,2040,0.0
REGION1,TNNGCCPN1,2040,0.0
REGION1,UGNGCCPN1,2040,0.0
REGION1,MZNGGCPN1,2040,0.0
REGION1,NGNGGCPN1,2040,0.0
REGION1,AOSOU1PN1,2040,0.0
REGION1,GASOU1PN1,2040,0.0
REGION1,DZSOU1PN1,2040,0.0
REGION1,MASOU1PN1,2040,0.0
REGION1,TNSOU1PN1,2040,0.0
REGION1,ETSOU1PN1,2040,0.0
REGION1,KESOU1PN1,2040,0.0
REGION1,TZSOU1PN1,2040,0.0
REGION1,BWSOU1PN1,2040,0.0
REGION1,ZASOU1PN1,2040,0.0
REGION1,MAWINDPN1,2040,0.0
REGION1,TNWINDPN1,2040,0.0
REGION1,ETWINDPN1,2040,0.0
REGION1,KEWINDPN1,2040,0.0
REGION1,ZAWINDPN1,2040,0.0
REGION1,CICOSCPN1,2040,0.0
REGION1,EGNULWPN1,2040,0.0
REGION1,SSHYDMSN1,2040,0.0
REGION1,MABATTN1,2040,0.0
REGION1,CGSOU1PN1,2040,0.0
REGION1,DJSOU1PN1,2040,0.0
REGION1,DZWINDPN1,2040,0.0
REGION1,ERSOU1PN1,2040,0.0
REGION1,ERWINDPN1,2040,0.0
REGION1,GHWINDPN1,2040,0.0
REGION1,GQSOU1PN1,2040,0.0
REGION1,GWSOU1PN1,2040,0.0
REGION1,LRSOU1PN1,2040,0.0
REGION1,RWSOU1PN1,2040,0.0
REGION1,SLSOU1PN1,2040,0.0
REGION1,SSSOU1PN1,2040,0.0
REGION1,SZNGCCPN1,2040,0.0
REGION1,SZWINDPN1,2040,0.0
REGION1,TDWINDPN1,2040,0.0
REGION1,TGWINDPN1,2040,0.0
REGION1,TZWINDPN1,2040,0.0
REGION1,ZMSOU1PN1,2040,0.0
REGION1,DZNGCCPH1,2040,0.0
REGION1,DZNGGCPH1,2040,0.0
REGION1,DZSOU1PH1,2040,0.0
REGION1,EGBMCHPH1,2040,0.0
REGION1,EGSOU1PH1,2040,0.0
REGION1,EGWINDPH1,2040,0.0
REGION1,LYNGCCPH1,2040,0.0
REGION1,LYNGGCPH1,2040,0.0
REGION1,LYLFRCPH1,2040,0.0
REGION1,LYHFGCPH1,2040,0.0
REGION1,LYSOU1PH1,2040,0.0
REGION1,MASOU1PH1,2040,0.0
REGION1,MAWINDPH1,2040,0.0
REGION1,SDSOU1PH1,2040,0.0
REGION1,TNNGCCPH1,2040,0.0
REGION1,TNNGGCPH1,2040,0.0
REGION1,TNSOU1PH1,2040,0.0
REGION1,AOSOU1PH1,2040,0.0
REGION1,BJSOU1PH1,2040,0.0
REGION1,BFLFRCPH1,2040,0.0
REGION1,BFHFGCPH1,2040,0.0
REGION1,BFHYDMSH1,2040,0.0
REGION1,BFSOU1PH1,2040,0.0
REGION1,BIHYDMSH1,2040,0.0
REGION1,CMHYDMSH1,2040,0.0
REGION1,CMSOU1PH1,2040,0.0
REGION1,CFSOU1PH1,2040,0.0
REGION1,CINGCCPH1,2040,0.0
REGION1,CINGGCPH1,2040,0.0
REGION1,CISOU1PH1,2040,0.0
REGION1,CDLFRCPH1,2040,0.0
REGION1,CDHFGCPH1,2040,0.0
REGION1,CDHYDMSH1,2040,0.0
REGION1,CDSOU1PH1,2040,0.0
REGION1,DJWINDPH1,2040,0.0
REGION1,ETBMCHPH1,2040,0.0
REGION1,ETHYDMSH1,2040,0.0
REGION1,ETWINDPH1,2040,0.0
REGION1,GHNGCCPH1,2040,0.0
REGION1,GHNGGCPH1,2040,0.0
REGION1,GHSOU1PH1,2040,0.0
REGION1,KEGOCVPH1,2040,0.0
REGION1,KEHYDMSH1,2040,0.0
REGION1,KESOU1PH1,2040,0.0
REGION1,LSSOU1PH1,2040,0.0
REGION1,MWSOU1PH1,2040,0.0
REGION1,MLHYDMSH1,2040,0.0
REGION1,MLSOU1PH1,2040,0.0
REGION1,MRSOU1PH1,2040,0.0
REGION1,MRWINDPH1,2040,0.0
REGION1,MZLFRCPH1,2040,0.0
REGION1,MZHFGCPH1,2040,0.0
REGION1,MZSOU1PH1,2040,0.0
REGION1,NASOU1PH1,2040,0.0
REGION1,NELFRCPH1,2040,0.0
REGION1,NEHFGCPH1,2040,0.0
REGION1,NESOU1PH1,2040,0.0
REGION1,NGNGCCPH1,2040,0.0
REGION1,NGNGGCPH1,2040,0.0
REGION1,NGLFRCPH1,2040,0.0
REGION1,NGHFGCPH1,2040,0.0
REGION1,NGHYDMSH1,2040,0.0
REGION1,NGSOU1PH1,2040,0.0
REGION1,RWCOSCPH1,2040,0.0
REGION1,SNNGCCPH1,2040,0.0
REGION1,SNLFRCPH1,2040,0.0
REGION1,SNHFGCPH1,2040,0.0
REGION1,SNSOU1PH1,2040,0.0
REGION1,ZANULWPH1,2040,0.0
REGION1,ZASOU1PH1,2040,0.0
REGION1,SSWINDPH1,2040,0.0
REGION1,TGSOU1PH1,2040,0.0
REGION1,UGHYDMSH1,2040,0.0
REGION1,TZSOU1PH1,2040,0.0
REGION1,ZMHYDMSH1,2040,0.0
REGION1,ZWSOU1PH1,2040,0.0
REGION1,ZWCOSCPH1,2040,0.0
REGION1,DZLFRCPH1,2040,0.0
REGION1,DZHFGCPH1,2040,0.0
REGION1,DZHYDMSH1,2040,0.0
REGION1,DZSOC1PH1,2040,0.0
REGION1,EGNGCCPH1,2040,0.0
REGION1,EGNGGCPH1,2040,0.0
REGION1,EGLFRCPH1,2040,0.0
REGION1,EGHFGCPH1,2040,0.0
REGION1,EGHYDMSH1,2040,0.0
REGION1,EGSOC1PH1,2040,0.0
REGION1,MACOSCPH1,2040,0.0
REGION1,MALFRCPH1,2040,0.0
REGION1,MAHFGCPH1,2040,0.0
REGION1,MANGCCPH1,2040,0.0
REGION1,MANGGCPH1,2040,0.0
REGION1,MABMCHPH1,2040,0.0
REGION1,MAHYDMSH1,2040,0.0
REGION1,MASOC1PH1,2040,0.0
REGION1,SDLFRCPH1,2040,0.0
REGION1,SDHFGCPH1,2040,0.0
REGION1,SDBMCHPH1,2040,0.0
REGION1,SDHYDMSH1,2040,0.0
REGION1,TNLFRCPH1,2040,0.0
REGION1,TNHFGCPH1,2040,0.0
REGION1,TNHYDMSH1,2040,0.0
REGION1,TNWINDPH1,2040,0.0
REGION1,AONGGCPH1,2040,0.0
REGION1,AOLFRCPH1,2040,0.0
REGION1,AOHFGCPH1,2040,0.0
REGION1,AOBMCHPH1,2040,0.0
REGION1,AOHYDMSH1,2040,0.0
REGION1,BJNGGCPH1,2040,0.0
REGION1,BJLFRCPH1,2040,0.0
REGION1,BJHFGCPH1,2040,0.0
REGION1,BJHYDMSH1,2040,0.0
REGION1,BWCOSCPH1,2040,0.0
REGION1,BWLFRCPH1,2040,0.0
REGION1,BWSOU1PH1,2040,0.0
REGION1,BFBMCHPH1,2040,0.0
REGION1,BILFRCPH1,2040,0.0
REGION1,BISOU1PH1,2040,0.0
REGION1,CMNGGCPH1,2040,0.0
REGION1,CMLFRCPH1,2040,0.0
REGION1,CMHFGCPH1,2040,0.0
REGION1,CFLFRCPH1,2040,0.0
REGION1,CFHYDMSH1,2040,0.0
REGION1,TDNGCCPH1,2040,0.0
REGION1,TDLFRCPH1,2040,0.0
REGION1,TDHFGCPH1,2040,0.0
REGION1,TDBMCHPH1,2040,0.0
REGION1,TDSOU1PH1,2040,0.0
REGION1,CGNGGCPH1,2040,0.0
REGION1,CGLFRCPH1,2040,0.0
REGION1,CGHFGCPH1,2040,0.0
REGION1,CGBMCHPH1,2040,0.0
REGION1,CGHYDMSH1,2040,0.0
REGION1,CILFRCPH1,2040,0.0
REGION1,CIHFGCPH1,2040,0.0
REGION1,CIHYDMSH1,2040,0.0
REGION1,DJLFRCPH1,2040,0.0
REGION1,DJHFGCPH1,2040,0.0
REGION1,GWNGCCPH1,2040,0.0
REGION1,GQNGGCPH1,2040,0.0
REGION1,GQLFRCPH1,2040,0.0
REGION1,GQHFGCPH1,2040,0.0
REGION1,GQHYDMSH1,2040,0.0
REGION1,ERLFRCPH1,2040,0.0
REGION1,ERHFGCPH1,2040,0.0
REGION1,SZLFRCPH1,2040,0.0
REGION1,SZHFGCPH1,2040,0.0
REGION1,SZBMCHPH1,2040,0.0
REGION1,SZHYDMSH1,2040,0.0
REGION1,SZSOU1PH1,2040,0.0
REGION1,ETLFRCPH1,2040,0.0
REGION1,ETGOCVPH1,2040,0.0
REGION1,GANGGCPH1,2040,0.0
REGION1,GALFRCPH1,2040,0.0
REGION1,GAHFGCPH1,2040,0.0
REGION1,GAHYDMSH1,2040,0.0
REGION1,GMLFRCPH1,2040,0.0
REGION1,GMHFGCPH1,2040,0.0
REGION1,GMWINDPH1,2040,0.0
REGION1,GMSOU1PH1,2040,0.0
REGION1,GHLFRCPH1,2040,0.0
REGION1,GHHFGCPH1,2040,0.0
REGION1,GHBMCHPH1,2040,0.0
REGION1,GHHYDMSH1,2040,0.0
REGION1,GNLFRCPH1,2040,0.0
REGION1,GNHFGCPH1,2040,0.0
REGION1,GNHYDMSH1,2040,0.0
REGION1,GNSOU1PH1,2040,0.0
REGION1,GWLFRCPH1,2040,0.0
REGION1,KELFRCPH1,2040,0.0
REGION1,KEHFGCPH1,2040,0.0
REGION1,KEBMCHPH1,2040,0.0
REGION1,KEWINDPH1,2040,0.0
REGION1,LSHYDMSH1,2040,0.0
REGION1,LRLFRCPH1,2040,0.0
REGION1,LRHFGCPH1,2040,0.0
REGION1,LRHYDMSH1,2040,0.0
REGION1,MWLFRCPH1,2040,0.0
REGION1,MWBMCHPH1,2040,0.0
REGION1,MWHYDMSH1,2040,0.0
REGION1,MLLFRCPH1,2040,0.0
REGION1,MLHFGCPH1,2040,0.0
REGION1,MLBMCHPH1,2040,0.0
REGION1,MRNGCCPH1,2040,0.0
REGION1,MRLFRCPH1,2040,0.0
REGION1,MRHFGCPH1,2040,0.0
REGION1,MZNGGCPH1,2040,0.0
REGION1,MZBMCHPH1,2040,0.0
REGION1,MZHYDMSH1,2040,0.0
REGION1,NACOSCPH1,2040,0.0
REGION1,NALFRCPH1,2040,0.0
REGION1,NAHFGCPH1,2040,0.0
REGION1,NABMCHPH1,2040,0.0
REGION1,NAHYDMSH1,2040,0.0
REGION1,NAWINDPH1,2040,0.0
REGION1,NECOSCPH1,2040,0.0
REGION1,NENGCCPH1,2040,0.0
REGION1,NGBMCHPH1,2040,0.0
REGION1,RWWINDPH1,2040,0.0
REGION1,RWNGGCPH1,2040,0.0
REGION1,RWLFRCPH1,2040,0.0
REGION1,RWHFGCPH1,2040,0.0
REGION1,RWBMCHPH1,2040,0.0
REGION1,RWHYDMSH1,2040,0.0
REGION1,SNHYDMSH1,2040,0.0
REGION1,SNCOSCPH1,2040,0.0
REGION1,SNBMCHPH1,2040,0.0
REGION1,SLWINDPH1,2040,0.0
REGION1,SLLFRCPH1,2040,0.0
REGION1,SLHFGCPH1,2040,0.0
REGION1,SLBMCHPH1,2040,0.0
REGION1,SLHYDMSH1,2040,0.0
REGION1,ZACOSCPH1,2040,0.0
REGION1,ZALFRCPH1,2040,0.0
REGION1,ZAHFGCPH1,2040,0.0
REGION1,ZABMCHPH1,2040,0.0
REGION1,ZAHYDMSH1,2040,0.0
REGION1,ZASOC1PH1,2040,0.0
REGION1,SSLFRCPH1,2040,0.0
REGION1,SSHFGCPH1,2040,0.0
REGION1,TGNGCCPH1,2040,0.0
REGION1,TGLFRCPH1,2040,0.0
REGION1,TGHFGCPH1,2040,0.0
REGION1,TGHYDMSH1,2040,0.0
REGION1,UGSOU1PH1,2040,0.0
REGION1,UGLFRCPH1,2040,0.0
REGION1,UGHFGCPH1,2040,0.0
REGION1,UGBMCHPH1,2040,0.0
REGION1,TZNGGCPH1,2040,0.0
REGION1,TZLFRCPH1,2040,0.0
REGION1,TZHFGCPH1,2040,0.0
REGION1,TZBMCHPH1,2040,0.0
REGION1,TZHYDMSH1,2040,0.0
REGION1,ZMWINDPH1,2040,0.0
REGION1,ZMCOSCPH1,2040,0.0
REGION1,ZMLFRCPH1,2040,0.0
REGION1,ZMHFGCPH1,2040,0.0
REGION1,ZMBMCHPH1,2040,0.0
REGION1,ZWLFRCPH1,2040,0.0
REGION1,SNWINDPH1,2040,0.0
REGION1,ZWHYDMSH1,2040,0.0
REGION1,ZWBMCHPH1,2040,0.0
REGION1,SOLFRCPH1,2040,0.0
REGION1,SOSOU1PH1,2040,0.0
REGION1,SOWINDPH1,2040,0.0
REGION1,MAHYDSPH1,2040,0.0
REGION1,ZAHYDSPH1,2040,0.0
REGION1,ATELCZPH1,2040,0.0
REGION1,ATELDEPH1,2040,0.0
REGION1,ATELHUPH1,2040,0.0
REGION1,ATELITPH1,2040,0.0
REGION1,ATELSIPH1,2040,0.0
REGION1,ATELCHPH1,2040,0.0
REGION1,BEELFRPH1,2040,0.0
REGION1,BEELDEPH1,2040,0.0
REGION1,BEELLUPH1,2040,0.0
REGION1,BEELNLPH1,2040,0.0
REGION1,BEELUKPH1,2040,0.0
REGION1,BGELGRPH1,2040,0.0
REGION1,BGELROPH1,2040,0.0
REGION1,CZELDEPH1,2040,0.0
REGION1,CZELPLPH1,2040,0.0
REGION1,CZELSKPH1,2040,0.0
REGION1,HRELHUPH1,2040,0.0
REGION1,HRELSIPH1,2040,0.0
REGION1,DKELNLPH1,2040,0.0
REGION1,DKELNOPH1,2040,0.0
REGION1,DKELSEPH1,2040,0.0
REGION1,DKELUKPH1,2040,0.0
REGION1,EEELFIPH1,2040,0.0
REGION1,EEELLVPH1,2040,0.0
REGION1,FIELNOPH1,2040,0.0
REGION1,FIELSEPH1,2040,0.0
REGION1,FRELITPH1,2040,0.0
REGION1,FRELLUPH1,2040,0.0
REGION1,FRELUKPH1,2040,0.0
REGION1,DEELDKPH1,2040,4.0
REGION1,DEELFRPH1,2040,0.0
REGION1,DEELLUPH1,2040,2.6
REGION1,DEELNLPH1,2040,0.0
REGION1,DEELNOPH1,2040,0.0
REGION1,DEELPLPH1,2040,0.0
REGION1,DEELSEPH1,2040,0.0
REGION1,DEELUKPH1,2040,2.0
REGION1,HUELROPH1,2040,0.0
REGION1,HUELSKPH1,2040,0.0
REGION1,HUELSIPH1,2040,0.0
REGION1,IEELUKPH1,2040,0.0
REGION1,ITELMTPH1,2040,0.0
REGION1,ITELSIPH1,2040,0.0
REGION1,LTELLVPH1,2040,0.0
REGION1,LTELPLPH1,2040,0.0
REGION1,LTELSEPH1,2040,0.0
REGION1,NLELNOPH1,2040,0.0
REGION1,NLELUKPH1,2040,0.0
REGION1,NOELSEPH1,2040,0.0
REGION1,NOELUKPH1,2040,0.0
REGION1,PLELSKPH1,2040,0.0
REGION1,PLELSEPH1,2040,0.0
REGION1,ESELFRPH1,2040,0.0
REGION1,ESELPTPH1,2040,0.0
REGION1,CHELFRPH1,2040,0.0
REGION1,CHELDEPH1,2040,0.0
REGION1,CHELITPH1,2040,0.0
REGION1,GRELITPH1,2040,0.0
REGION1,BGELMKPH1,2040,0.0
REGION1,BGELRSPH1,2040,0.0
REGION1,BGELTRPH1,2040,0.0
REGION1,HRELBAPH1,2040,0.0
REGION1,HRELRSPH1,2040,0.0
REGION1,EEELRUPH1,2040,0.0
REGION1,GRELALPH1,2040,0.0
REGION1,GRELTRPH1,2040,0.0
REGION1,HUELRSPH1,2040,0.0
REGION1,HUELUAPH1,2040,0.0
REGION1,ITELMEPH1,2040,0.0
REGION1,LVELRUPH1,2040,0.0
REGION1,LTELBYPH1,2040,0.0
REGION1,LTELRUPH1,2040,0.0
REGION1,PLELUAPH1,2040,0.0
REGION1,ROELMDPH1,2040,0.0
REGION1,ROELRSPH1,2040,0.0
REGION1,ROELUAPH1,2040,0.0
REGION1,SKELUAPH1,2040,0.0
REGION1,GRELMKPH1,2040,0.0
REGION1,ESELMAPH1,2040,0.0
REGION1,CYELILPH1,2040,0.0
REGION1,SEELLVPH1,2040,0.0
REGION1,BEELDKPH1,2040,0.0
REGION1,ITELTNPH1,2040,0.0
REGION1,GRELEGPH1,2040,1.0
REGION1,ITELDZPH1,2040,0.0
REGION1,MTELTNPH1,2040,0.0
REGION1,ROELGEPH1,2040,0.0
REGION1,ESELITPH1,2040,0.0
REGION1,DEELLVPH1,2040,0.0
REGION1,GRELDEPH1,2040,0.0
REGION1,ITELSAPH1,2040,0.0
REGION1,UKELMAPH1,2040,0.0
REGION1,DEELMAPH1,2040,0.0
REGION1,BIELRWPH1,2040,0.0
REGION1,BWELZAPH1,2040,0.0
REGION1,CDELBIPH1,2040,0.0
REGION1,CDELCGPH1,2040,0.0
REGION1,CDELRWPH1,2040,0.0
REGION1,CDELZMPH1,2040,0.0
REGION1,CIELBFPH1,2040,0.0
REGION1,EGELJOPH1,2040,0.0
REGION1,EGELSDPH1,2040,0.0
REGION1,ETELDJPH1,2040,0.0
REGION1,ETELSDPH1,2040,0.0
REGION1,GHELCIPH1,2040,0.0
REGION1,GHELTGPH1,2040,0.0
REGION1,KEELTZPH1,2040,0.0
REGION1,LSELZAPH1,2040,0.0
REGION1,LYELEGPH1,2040,0.0
REGION1,MAELDZPH1,2040,0.0
REGION1,MZELSZPH1,2040,0.0
REGION1,MZELZAPH1,2040,0.0
REGION1,MZELZWPH1,2040,0.0
REGION1,NGELBJPH1,2040,0.0
REGION1,NGELNEPH1,2040,0.0
REGION1,NAELZAPH1,2040,0.0
REGION1,RWELBIPH1,2040,0.0
REGION1,SNELMLPH1,2040,0.0
REGION1,TGELBJPH1,2040,0.0
REGION1,TNELDZPH1,2040,0.0
REGION1,TZELUGPH1,2040,0.0
REGION1,UGELKEPH1,2040,0.0
REGION1,UGELRWPH1,2040,0.0
REGION1,UGELTZPH1,2040,0.0
REGION1,ZAELSZPH1,2040,0.0
REGION1,ZAELZWPH1,2040,0.0
REGION1,ZMELZWPH1,2040,0.0
REGION1,AOELBWPH1,2040,0.0
REGION1,AOELCDPH1,2040,0.0
REGION1,AOELNAPH1,2040,0.0
REGION1,BFELMLPH1,2040,0.0
REGION1,BWELNAPH1,2040,0.0
REGION1,CDELNAPH1,2040,0.0
REGION1,CDELZAPH1,2040,0.0
REGION1,CGELGAPH1,2040,0.0
REGION1,CMELTDPH1,2040,0.0
REGION1,ETELKEPH1,2040,0.0
REGION1,GAELGQPH1,2040,0.0
REGION1,GHELBFPH1,2040,0.0
REGION1,GMELGWPH1,2040,0.0
REGION1,GQELCMPH1,2040,0.0
REGION1,GWELGNPH1,2040,0.0
REGION1,LRELGNPH1,2040,0.0
REGION1,LRELSLPH1,2040,0.0
REGION1,MLELCIPH1,2040,0.0
REGION1,MWELMZPH1,2040,0.0
REGION1,MWELZMPH1,2040,0.0
REGION1,NAELZWPH1,2040,0.0
REGION1,NEELBFPH1,2040,0.0
REGION1,NEELBJPH1,2040,0.0
REGION1,NEELTGPH1,2040,0.0
REGION1,SLELGNPH1,2040,0.0
REGION1,SNELGMPH1,2040,0.0
REGION1,SNELGNPH1,2040,0.0
REGION1,TGELGHPH1,2040,0.0
REGION1,TZELZMPH1,2040,0.0
REGION1,CIELLRPH1,2040,0.0
REGION1,GNELMLPH1,2040,0.0
REGION1,AOELZMPH1,2040,0.0
REGION1,BFELBJPH1,2040,0.0
REGION1,BFELTGPH1,2040,0.0
REGION1,BIELTZPH1,2040,0.0
REGION1,BJELGHPH1,2040,0.0
REGION1,BWELZMPH1,2040,0.0
REGION1,CDELCFPH1,2040,0.0
REGION1,CDELSDPH1,2040,0.0
REGION1,CDELTZPH1,2040,0.0
REGION1,CDELUGPH1,2040,0.0
REGION1,CFELCGPH1,2040,0.0
REGION1,CFELCMPH1,2040,0.0
REGION1,CFELSDPH1,2040,0.0
REGION1,CFELTDPH1,2040,0.0
REGION1,CGELCMPH1,2040,0.0
REGION1,CIELGNPH1,2040,0.0
REGION1,CMELGAPH1,2040,0.0
REGION1,CMELNGPH1,2040,0.0
REGION1,DJELERPH1,2040,0.0
REGION1,DJELSOPH1,2040,0.0
REGION1,DZELLYPH1,2040,0.0
REGION1,DZELMLPH1,2040,0.0
REGION1,DZELMRPH1,2040,0.0
REGION1,DZELNEPH1,2040,0.0
REGION1,ETELERPH1,2040,0.0
REGION1,ETELSOPH1,2040,0.0
REGION1,GWELSNPH1,2040,0.0
REGION1,KEELSDPH1,2040,0.0
REGION1,KEELSOPH1,2040,0.0
REGION1,LYELNEPH1,2040,0.0
REGION1,LYELSDPH1,2040,0.0
REGION1,LYELTDPH1,2040,0.0
REGION1,LYELTNPH1,2040,0.0
REGION1,MLELMRPH1,2040,0.0
REGION1,MLELNEPH1,2040,0.0
REGION1,MRELSNPH1,2040,0.0
REGION1,MWELTZPH1,2040,0.0
REGION1,MZELTZPH1,2040,0.0
REGION1,MZELZMPH1,2040,0.0
REGION1,NEELTDPH1,2040,0.0
REGION1,NGELTDPH1,2040,0.0
REGION1,RWELTZPH1,2040,0.0
REGION1,SDELERPH1,2040,0.0
REGION1,SDELTDPH1,2040,0.0
REGION1,SDELUGPH1,2040,0.0
REGION1,CYELGRPH1,2040,1.0
REGION1,ALNGGRPI0,2040,0.0
REGION1,ALNGITPI0,2040,735.84
REGION1,ATNGDEPI0,2040,1152.204552
REGION1,ATNGHUPI0,2040,201.14712
REGION1,ATNGITPI0,2040,1545.40854
REGION1,ATNGSIPI0,2040,218.781
REGION1,ATNGSKPI0,2040,2245.2318
REGION1,BENGDEPI0,2040,756.380448
REGION1,BENGFRPI0,2040,696.42
REGION1,BENGUKPI0,2040,1055.6676
REGION1,BENGNLPI0,2040,854.6564212
REGION1,BGNGGRPI0,2040,545.65164
REGION1,BGNGROPI0,2040,403.179876
REGION1,BYNGLTPI0,2040,427.5756
REGION1,CYNGEGPI0,2040,304.0
REGION1,CYNGGRPI0,2040,433.62
REGION1,CZNGDEPI0,2040,1618.75602
REGION1,CZNGPLPI0,2040,77.56542
REGION1,CZNGSKPI0,2040,1963.87812
REGION1,DENGCHPI0,2040,522.4831394
REGION1,DENGFRPI0,2040,407.34
REGION1,DENGNLPI0,2040,2357.072928
REGION1,DENGPLPI0,2040,404.62002
REGION1,DKNGDEPI0,2040,162.505008
REGION1,DKNGPLPI0,2040,422.5824
REGION1,DKNGSEPI0,2040,0.0
REGION1,DZNGESPI0,2040,442.97568
REGION1,DZNGITPI0,2040,1516.97358
REGION1,EENGFIPI0,2040,102.492
REGION1,EENGLVPI0,2040,137.97
REGION1,FRNGCHPI0,2040,340.35228
REGION1,FRNGESPI0,2040,294.8616
REGION1,GRNGITPI0,2040,420.48
REGION1,HRNGHUPI0,2040,135.2106
REGION1,HRNGSIPI0,2040,235.62648
REGION1,HUNGROPI0,2040,101.78244
REGION1,HUNGSKPI0,2040,169.46658
REGION1,IENGUKPI0,2040,536.0463
REGION1,ITNGCHPI0,2040,841.59072
REGION1,ITNGMTPI0,2040,43.0992
REGION1,ITNGSIPI0,2040,62.83548
REGION1,LTNGPLPI0,2040,96.34248
REGION1,LVNGLTPI0,2040,118.26
REGION1,LYNGITPI0,2040,648.77436
REGION1,MANGESPI0,2040,581.9049
REGION1,MDNGROPI0,2040,28.3824
REGION1,NLNGUKPI0,2040,649.6416
REGION1,NONGBEPI0,2040,641.232
REGION1,NONGDEPI0,2040,1617.433926
REGION1,NONGDKPI0,2040,422.5824
REGION1,NONGFRPI0,2040,755.55
REGION1,NONGUKPI0,2040,1969.8174
REGION1,NONGNLPI0,2040,1266.1704
REGION1,PLNGSKPI0,2040,228.55716
REGION1,PTNGESPI0,2040,189.216
REGION1,RSNGBGPI0,2040,513.921168
REGION1,RSNGHUPI0,2040,322.92864
REGION1,RSNGROPI0,2040,60.79878
REGION1,RUNGEEPI0,2040,35.2152
REGION1,RUNGFIPI0,2040,0.0
REGION1,RUNGLVPI0,2040,137.97
REGION1,TRNGBGPI0,2040,767.515284
REGION1,TRNGGRPI0,2040,768.69
REGION1,UANGHUPI0,2040,679.95558
REGION1,UANGPLPI0,2040,178.1784
REGION1,UANGROPI0,2040,265.27032
REGION1,UANGSKPI0,2040,2432.68704
REGION1,BENGLUPI0,2040,0.0
REGION1,NGNGDZPI0,2040,645.0
REGION1,MZNGZAPI0,2040,0.0
REGION1,NGNGLYPI0,2040,0.0
REGION1,ETNGDJPI0,2040,0.0
REGION1,NGNGGQPI0,2040,0.0
REGION1,TZNGKEPI0,2040,0.0
REGION1,NGNGMAPI0,2040,0.0
REGION1,NGNGBJPI0,2040,0.0
REGION1,NGNGGHPI0,2040,0.0
REGION1,NGNGNEPI0,2040,0.0
REGION1,NGNGTGPI0,2040,0.0
REGION1,NGNGTNPI0,2040,0.0
REGION1,DZNGMAPI0,2040,0.0
REGION1,BELG00I00,2041,0.0
REGION1,HRLG00I00,2041,0.0
REGION1,CYLG00I00,2041,0.0
REGION1,FRLG00I00,2041,0.0
REGION1,FILG00I00,2041,0.0
REGION1,DELG00I00,2041,0.0
REGION1,GRLG00I00,2041,0.0
REGION1,ITLG00I00,2041,0.0
REGION1,LVLG00I00,2041,0.0
REGION1,LTLG00I00,2041,0.0
REGION1,MTLG00I00,2041,0.0
REGION1,NLLG00I00,2041,0.0
REGION1,PLLG00I00,2041,0.0
REGION1,ESLG00I00,2041,0.0
REGION1,UKLG00I00,2041,0.0
REGION1,PTLG00I00,2041,0.0
REGION1,BENUG2PN1,2041,0.0
REGION1,BGNUG2PN1,2041,0.0
REGION1,CZNUG2PN1,2041,0.0
REGION1,DENUG2PN1,2041,0.0
REGION1,ESNUG2PN1,2041,0.0
REGION1,FINUG2PN1,2041,0.0
REGION1,FRNUG2PN1,2041,0.0
REGION1,HUNUG2PN1,2041,0.0
REGION1,NLNUG2PN1,2041,0.0
REGION1,RONUG2PN1,2041,0.0
REGION1,SENUG2PN1,2041,0.0
REGION1,SINUG2PN1,2041,0.0
REGION1,SKNUG2PN1,2041,0.0
REGION1,CHNUG2PN1,2041,0.0
REGION1,UKNUG2PN1,2041,0.0
REGION1,ATHYDSPN1,2041,0.0
REGION1,BEHYDSPN1,2041,0.0
REGION1,BGHYDSPN1,2041,0.0
REGION1,CZHYDSPN1,2041,0.0
REGION1,DEHYDSPN1,2041,0.0
REGION1,GRHYDSPN1,2041,0.0
REGION1,ESHYDSPN1,2041,0.0
REGION1,FRHYDSPN1,2041,0.0
REGION1,HRHYDSPN1,2041,0.0
REGION1,IEHYDSPN1,2041,0.0
REGION1,ITHYDSPN1,2041,0.0
REGION1,LTHYDSPN1,2041,0.0
REGION1,LUHYDSPN1,2041,0.0
REGION1,PLHYDSPN1,2041,0.0
REGION1,PTHYDSPN1,2041,0.0
REGION1,ROHYDSPN1,2041,0.0
REGION1,SEHYDSPN1,2041,0.0
REGION1,SIHYDSPN1,2041,0.0
REGION1,SKHYDSPN1,2041,0.0
REGION1,CHHYDSPN1,2041,0.0
REGION1,UKHYDSPN1,2041,0.0
REGION1,ATHYDMPN1,2041,0.0
REGION1,ATHYDRPN1,2041,0.0
REGION1,BEHYDMPN1,2041,0.0
REGION1,BEHYDRPN1,2041,0.0
REGION1,BGHYDMPN1,2041,0.0
REGION1,BGHYDRPN1,2041,0.0
REGION1,CZHYDRPN1,2041,0.0
REGION1,CZHYDMPN1,2041,0.0
REGION1,DEHYDMPN1,2041,0.0
REGION1,DEHYDRPN1,2041,0.0
REGION1,DKHYDRPN1,2041,0.0
REGION1,DKHYDMPN1,2041,0.0
REGION1,EEHYDRPN1,2041,0.0
REGION1,GRHYDMPN1,2041,0.0
REGION1,GRHYDRPN1,2041,0.0
REGION1,ESHYDMPN1,2041,0.0
REGION1,ESHYDRPN1,2041,0.0
REGION1,FIHYDMPN1,2041,0.0
REGION1,FIHYDRPN1,2041,0.0
REGION1,FRHYDMPN1,2041,0.0
REGION1,FRHYDRPN1,2041,0.0
REGION1,HRHYDMPN1,2041,0.0
REGION1,HRHYDRPN1,2041,0.0
REGION1,HUHYDMPN1,2041,0.0
REGION1,HUHYDRPN1,2041,0.0
REGION1,IEHYDMPN1,2041,0.0
REGION1,IEHYDRPN1,2041,0.0
REGION1,ITHYDMPN1,2041,0.0
REGION1,ITHYDRPN1,2041,0.0
REGION1,LTHYDRPN1,2041,0.0
REGION1,LUHYDRPN1,2041,0.0
REGION1,LVHYDMPN1,2041,0.0
REGION1,LVHYDRPN1,2041,0.0
REGION1,NLHYDRPN1,2041,0.0
REGION1,PLHYDMPN1,2041,0.0
REGION1,PLHYDRPN1,2041,0.0
REGION1,PTHYDMPN1,2041,0.0
REGION1,PTHYDRPN1,2041,0.0
REGION1,ROHYDMPN1,2041,0.0
REGION1,ROHYDRPN1,2041,0.0
REGION1,SEHYDMPN1,2041,0.0
REGION1,SEHYDRPN1,2041,0.0
REGION1,SIHYDMPN1,2041,0.0
REGION1,SIHYDRPN1,2041,0.0
REGION1,SKHYDMPN1,2041,0.0
REGION1,SKHYDRPN1,2041,0.0
REGION1,NOHYDRPN1,2041,0.0
REGION1,NOHYDMPN1,2041,0.0
REGION1,CHHYDRPN1,2041,0.0
REGION1,CHHYDMPN1,2041,0.0
REGION1,UKHYDMPN1,2041,0.0
REGION1,UKHYDRPN1,2041,0.0
REGION1,EGLG00I00,2041,0.0
REGION1,GHLG00I00,2041,0.0
REGION1,MALG00I00,2041,0.0
REGION1,MZLG00I00,2041,0.0
REGION1,SNLG00I00,2041,0.0
REGION1,ZALG00I00,2041,0.0
REGION1,DZLG00E00,2041,0.0
REGION1,NGLG00E00,2041,0.0
REGION1,EGLG00E00,2041,0.0
REGION1,AOLG00E00,2041,0.0
REGION1,GQLG00E00,2041,0.0
REGION1,MZLG00E00,2041,0.0
REGION1,CGLG00E00,2041,0.0
REGION1,GALG00E00,2041,0.0
REGION1,MRLG00E00,2041,0.0
REGION1,SNLG00E00,2041,0.0
REGION1,TZLG00E00,2041,0.0
REGION1,BFHYDMSN1,2041,0.0
REGION1,BIHYDMSN1,2041,0.0
REGION1,CMHYDMSN1,2041,0.0
REGION1,CDHYDMSN1,2041,0.0
REGION1,ETHYDMSN1,2041,0.0
REGION1,KEHYDMSN1,2041,0.0
REGION1,MLHYDMSN1,2041,0.0
REGION1,NGHYDMSN1,2041,0.0
REGION1,UGHYDMSN1,2041,0.0
REGION1,ZMHYDMSN1,2041,0.0
REGION1,DZHYDMSN1,2041,0.0
REGION1,EGHYDMSN1,2041,0.0
REGION1,MAHYDMSN1,2041,0.0
REGION1,SDHYDMSN1,2041,0.0
REGION1,TNHYDMSN1,2041,0.0
REGION1,AOHYDMSN1,2041,0.0
REGION1,BJHYDMSN1,2041,0.0
REGION1,CFHYDMSN1,2041,0.0
REGION1,CGHYDMSN1,2041,0.0
REGION1,CIHYDMSN1,2041,0.0
REGION1,GQHYDMSN1,2041,0.0
REGION1,SZHYDMSN1,2041,0.0
REGION1,GAHYDMSN1,2041,0.0
REGION1,GHHYDMSN1,2041,0.0
REGION1,GNHYDMSN1,2041,0.0
REGION1,LSHYDMSN1,2041,0.0
REGION1,LRHYDMSN1,2041,0.0
REGION1,MWHYDMSN1,2041,0.0
REGION1,MZHYDMSN1,2041,0.0
REGION1,NAHYDMSN1,2041,0.0
REGION1,RWHYDMSN1,2041,0.0
REGION1,SNHYDMSN1,2041,0.0
REGION1,SLHYDMSN1,2041,0.0
REGION1,ZAHYDMSN1,2041,0.0
REGION1,TGHYDMSN1,2041,0.0
REGION1,TZHYDMSN1,2041,0.0
REGION1,ZWHYDMSN1,2041,0.0
REGION1,MAHYDSPN1,2041,0.0
REGION1,ZAHYDSPN1,2041,0.0
REGION1,KEBATTN1,2041,0.0
REGION1,ETBMCHPN1,2041,0.0
REGION1,KEBMCHPN1,2041,0.0
REGION1,ZABMCHPN1,2041,0.0
REGION1,BWCOSCPN1,2041,0.0
REGION1,ZACOSCPN1,2041,0.0
REGION1,ETGOCVPN1,2041,0.0
REGION1,KEGOCVPN1,2041,0.0
REGION1,RWNGGCPN1,2041,0.0
REGION1,DZNGCCPN1,2041,0.0
REGION1,MANGCCPN1,2041,0.0
REGION1,TNNGCCPN1,2041,0.0
REGION1,UGNGCCPN1,2041,0.0
REGION1,MZNGGCPN1,2041,0.0
REGION1,NGNGGCPN1,2041,0.0
REGION1,AOSOU1PN1,2041,0.0
REGION1,GASOU1PN1,2041,0.0
REGION1,DZSOU1PN1,2041,0.0
REGION1,MASOU1PN1,2041,0.0
REGION1,TNSOU1PN1,2041,0.0
REGION1,ETSOU1PN1,2041,0.0
REGION1,KESOU1PN1,2041,0.0
REGION1,TZSOU1PN1,2041,0.0
REGION1,BWSOU1PN1,2041,0.0
REGION1,ZASOU1PN1,2041,0.0
REGION1,MAWINDPN1,2041,0.0
REGION1,TNWINDPN1,2041,0.0
REGION1,ETWINDPN1,2041,0.0
REGION1,KEWINDPN1,2041,0.0
REGION1,ZAWINDPN1,2041,0.0
REGION1,CICOSCPN1,2041,0.0
REGION1,EGNULWPN1,2041,0.0
REGION1,SSHYDMSN1,2041,0.0
REGION1,MABATTN1,2041,0.0
REGION1,CGSOU1PN1,2041,0.0
REGION1,DJSOU1PN1,2041,0.0
REGION1,DZWINDPN1,2041,0.0
REGION1,ERSOU1PN1,2041,0.0
REGION1,ERWINDPN1,2041,0.0
REGION1,GHWINDPN1,2041,0.0
REGION1,GQSOU1PN1,2041,0.0
REGION1,GWSOU1PN1,2041,0.0
REGION1,LRSOU1PN1,2041,0.0
REGION1,RWSOU1PN1,2041,0.0
REGION1,SLSOU1PN1,2041,0.0
REGION1,SSSOU1PN1,2041,0.0
REGION1,SZNGCCPN1,2041,0.0
REGION1,SZWINDPN1,2041,0.0
REGION1,TDWINDPN1,2041,0.0
REGION1,TGWINDPN1,2041,0.0
REGION1,TZWINDPN1,2041,0.0
REGION1,ZMSOU1PN1,2041,0.0
REGION1,DZNGCCPH1,2041,0.0
REGION1,DZNGGCPH1,2041,0.0
REGION1,DZSOU1PH1,2041,0.0
REGION1,EGBMCHPH1,2041,0.0
REGION1,EGSOU1PH1,2041,0.0
REGION1,EGWINDPH1,2041,0.0
REGION1,LYNGCCPH1,2041,0.0
REGION1,LYNGGCPH1,2041,0.0
REGION1,LYLFRCPH1,2041,0.0
REGION1,LYHFGCPH1,2041,0.0
REGION1,LYSOU1PH1,2041,0.0
REGION1,MASOU1PH1,2041,0.0
REGION1,MAWINDPH1,2041,0.0
REGION1,SDSOU1PH1,2041,0.0
REGION1,TNNGCCPH1,2041,0.0
REGION1,TNNGGCPH1,2041,0.0
REGION1,TNSOU1PH1,2041,0.0
REGION1,AOSOU1PH1,2041,0.0
REGION1,BJSOU1PH1,2041,0.0
REGION1,BFLFRCPH1,2041,0.0
REGION1,BFHFGCPH1,2041,0.0
REGION1,BFHYDMSH1,2041,0.0
REGION1,BFSOU1PH1,2041,0.0
REGION1,BIHYDMSH1,2041,0.0
REGION1,CMHYDMSH1,2041,0.0
REGION1,CMSOU1PH1,2041,0.0
REGION1,CFSOU1PH1,2041,0.0
REGION1,CINGCCPH1,2041,0.0
REGION1,CINGGCPH1,2041,0.0
REGION1,CISOU1PH1,2041,0.0
REGION1,CDLFRCPH1,2041,0.0
REGION1,CDHFGCPH1,2041,0.0
REGION1,CDHYDMSH1,2041,0.0
REGION1,CDSOU1PH1,2041,0.0
REGION1,DJWINDPH1,2041,0.0
REGION1,ETBMCHPH1,2041,0.0
REGION1,ETHYDMSH1,2041,0.0
REGION1,ETWINDPH1,2041,0.0
REGION1,GHNGCCPH1,2041,0.0
REGION1,GHNGGCPH1,2041,0.0
REGION1,GHSOU1PH1,2041,0.0
REGION1,KEGOCVPH1,2041,0.0
REGION1,KEHYDMSH1,2041,0.0
REGION1,KESOU1PH1,2041,0.0
REGION1,LSSOU1PH1,2041,0.0
REGION1,MWSOU1PH1,2041,0.0
REGION1,MLHYDMSH1,2041,0.0
REGION1,MLSOU1PH1,2041,0.0
REGION1,MRSOU1PH1,2041,0.0
REGION1,MRWINDPH1,2041,0.0
REGION1,MZLFRCPH1,2041,0.0
REGION1,MZHFGCPH1,2041,0.0
REGION1,MZSOU1PH1,2041,0.0
REGION1,NASOU1PH1,2041,0.0
REGION1,NELFRCPH1,2041,0.0
REGION1,NEHFGCPH1,2041,0.0
REGION1,NESOU1PH1,2041,0.0
REGION1,NGNGCCPH1,2041,0.0
REGION1,NGNGGCPH1,2041,0.0
REGION1,NGLFRCPH1,2041,0.0
REGION1,NGHFGCPH1,2041,0.0
REGION1,NGHYDMSH1,2041,0.0
REGION1,NGSOU1PH1,2041,0.0
REGION1,RWCOSCPH1,2041,0.0
REGION1,SNNGCCPH1,2041,0.0
REGION1,SNLFRCPH1,2041,0.0
REGION1,SNHFGCPH1,2041,0.0
REGION1,SNSOU1PH1,2041,0.0
REGION1,ZANULWPH1,2041,0.0
REGION1,ZASOU1PH1,2041,0.0
REGION1,SSWINDPH1,2041,0.0
REGION1,TGSOU1PH1,2041,0.0
REGION1,UGHYDMSH1,2041,0.0
REGION1,TZSOU1PH1,2041,0.0
REGION1,ZMHYDMSH1,2041,0.0
REGION1,ZWSOU1PH1,2041,0.0
REGION1,ZWCOSCPH1,2041,0.0
REGION1,DZLFRCPH1,2041,0.0
REGION1,DZHFGCPH1,2041,0.0
REGION1,DZHYDMSH1,2041,0.0
REGION1,DZSOC1PH1,2041,0.0
REGION1,EGNGCCPH1,2041,0.0
REGION1,EGNGGCPH1,2041,0.0
REGION1,EGLFRCPH1,2041,0.0
REGION1,EGHFGCPH1,2041,0.0
REGION1,EGHYDMSH1,2041,0.0
REGION1,EGSOC1PH1,2041,0.0
REGION1,MACOSCPH1,2041,0.0
REGION1,MALFRCPH1,2041,0.0
REGION1,MAHFGCPH1,2041,0.0
REGION1,MANGCCPH1,2041,0.0
REGION1,MANGGCPH1,2041,0.0
REGION1,MABMCHPH1,2041,0.0
REGION1,MAHYDMSH1,2041,0.0
REGION1,MASOC1PH1,2041,0.0
REGION1,SDLFRCPH1,2041,0.0
REGION1,SDHFGCPH1,2041,0.0
REGION1,SDBMCHPH1,2041,0.0
REGION1,SDHYDMSH1,2041,0.0
REGION1,TNLFRCPH1,2041,0.0
REGION1,TNHFGCPH1,2041,0.0
REGION1,TNHYDMSH1,2041,0.0
REGION1,TNWINDPH1,2041,0.0
REGION1,AONGGCPH1,2041,0.0
REGION1,AOLFRCPH1,2041,0.0
REGION1,AOHFGCPH1,2041,0.0
REGION1,AOBMCHPH1,2041,0.0
REGION1,AOHYDMSH1,2041,0.0
REGION1,BJNGGCPH1,2041,0.0
REGION1,BJLFRCPH1,2041,0.0
REGION1,BJHFGCPH1,2041,0.0
REGION1,BJHYDMSH1,2041,0.0
REGION1,BWCOSCPH1,2041,0.0
REGION1,BWLFRCPH1,2041,0.0
REGION1,BWSOU1PH1,2041,0.0
REGION1,BFBMCHPH1,2041,0.0
REGION1,BILFRCPH1,2041,0.0
REGION1,BISOU1PH1,2041,0.0
REGION1,CMNGGCPH1,2041,0.0
REGION1,CMLFRCPH1,2041,0.0
REGION1,CMHFGCPH1,2041,0.0
REGION1,CFLFRCPH1,2041,0.0
REGION1,CFHYDMSH1,2041,0.0
REGION1,TDNGCCPH1,2041,0.0
REGION1,TDLFRCPH1,2041,0.0
REGION1,TDHFGCPH1,2041,0.0
REGION1,TDBMCHPH1,2041,0.0
REGION1,TDSOU1PH1,2041,0.0
REGION1,CGNGGCPH1,2041,0.0
REGION1,CGLFRCPH1,2041,0.0
REGION1,CGHFGCPH1,2041,0.0
REGION1,CGBMCHPH1,2041,0.0
REGION1,CGHYDMSH1,2041,0.0
REGION1,CILFRCPH1,2041,0.0
REGION1,CIHFGCPH1,2041,0.0
REGION1,CIHYDMSH1,2041,0.0
REGION1,DJLFRCPH1,2041,0.0
REGION1,DJHFGCPH1,2041,0.0
REGION1,GWNGCCPH1,2041,0.0
REGION1,GQNGGCPH1,2041,0.0
REGION1,GQLFRCPH1,2041,0.0
REGION1,GQHFGCPH1,2041,0.0
REGION1,GQHYDMSH1,2041,0.0
REGION1,ERLFRCPH1,2041,0.0
REGION1,ERHFGCPH1,2041,0.0
REGION1,SZLFRCPH1,2041,0.0
REGION1,SZHFGCPH1,2041,0.0
REGION1,SZBMCHPH1,2041,0.0
REGION1,SZHYDMSH1,2041,0.0
REGION1,SZSOU1PH1,2041,0.0
REGION1,ETLFRCPH1,2041,0.0
REGION1,ETGOCVPH1,2041,0.0
REGION1,GANGGCPH1,2041,0.0
REGION1,GALFRCPH1,2041,0.0
REGION1,GAHFGCPH1,2041,0.0
REGION1,GAHYDMSH1,2041,0.0
REGION1,GMLFRCPH1,2041,0.0
REGION1,GMHFGCPH1,2041,0.0
REGION1,GMWINDPH1,2041,0.0
REGION1,GMSOU1PH1,2041,0.0
REGION1,GHLFRCPH1,2041,0.0
REGION1,GHHFGCPH1,2041,0.0
REGION1,GHBMCHPH1,2041,0.0
REGION1,GHHYDMSH1,2041,0.0
REGION1,GNLFRCPH1,2041,0.0
REGION1,GNHFGCPH1,2041,0.0
REGION1,GNHYDMSH1,2041,0.0
REGION1,GNSOU1PH1,2041,0.0
REGION1,GWLFRCPH1,2041,0.0
REGION1,KELFRCPH1,2041,0.0
REGION1,KEHFGCPH1,2041,0.0
REGION1,KEBMCHPH1,2041,0.0
REGION1,KEWINDPH1,2041,0.0
REGION1,LSHYDMSH1,2041,0.0
REGION1,LRLFRCPH1,2041,0.0
REGION1,LRHFGCPH1,2041,0.0
REGION1,LRHYDMSH1,2041,0.0
REGION1,MWLFRCPH1,2041,0.0
REGION1,MWBMCHPH1,2041,0.0
REGION1,MWHYDMSH1,2041,0.0
REGION1,MLLFRCPH1,2041,0.0
REGION1,MLHFGCPH1,2041,0.0
REGION1,MLBMCHPH1,2041,0.0
REGION1,MRNGCCPH1,2041,0.0
REGION1,MRLFRCPH1,2041,0.0
REGION1,MRHFGCPH1,2041,0.0
REGION1,MZNGGCPH1,2041,0.0
REGION1,MZBMCHPH1,2041,0.0
REGION1,MZHYDMSH1,2041,0.0
REGION1,NACOSCPH1,2041,0.0
REGION1,NALFRCPH1,2041,0.0
REGION1,NAHFGCPH1,2041,0.0
REGION1,NABMCHPH1,2041,0.0
REGION1,NAHYDMSH1,2041,0.0
REGION1,NAWINDPH1,2041,0.0
REGION1,NECOSCPH1,2041,0.0
REGION1,NENGCCPH1,2041,0.0
REGION1,NGBMCHPH1,2041,0.0
REGION1,RWWINDPH1,2041,0.0
REGION1,RWNGGCPH1,2041,0.0
REGION1,RWLFRCPH1,2041,0.0
REGION1,RWHFGCPH1,2041,0.0
REGION1,RWBMCHPH1,2041,0.0
REGION1,RWHYDMSH1,2041,0.0
REGION1,SNHYDMSH1,2041,0.0
REGION1,SNCOSCPH1,2041,0.0
REGION1,SNBMCHPH1,2041,0.0
REGION1,SLWINDPH1,2041,0.0
REGION1,SLLFRCPH1,2041,0.0
REGION1,SLHFGCPH1,2041,0.0
REGION1,SLBMCHPH1,2041,0.0
REGION1,SLHYDMSH1,2041,0.0
REGION1,ZACOSCPH1,2041,0.0
REGION1,ZALFRCPH1,2041,0.0
REGION1,ZAHFGCPH1,2041,0.0
REGION1,ZABMCHPH1,2041,0.0
REGION1,ZAHYDMSH1,2041,0.0
REGION1,ZASOC1PH1,2041,0.0
REGION1,SSLFRCPH1,2041,0.0
REGION1,SSHFGCPH1,2041,0.0
REGION1,TGNGCCPH1,2041,0.0
REGION1,TGLFRCPH1,2041,0.0
REGION1,TGHFGCPH1,2041,0.0
REGION1,TGHYDMSH1,2041,0.0
REGION1,UGSOU1PH1,2041,0.0
REGION1,UGLFRCPH1,2041,0.0
REGION1,UGHFGCPH1,2041,0.0
REGION1,UGBMCHPH1,2041,0.0
REGION1,TZNGGCPH1,2041,0.0
REGION1,TZLFRCPH1,2041,0.0
REGION1,TZHFGCPH1,2041,0.0
REGION1,TZBMCHPH1,2041,0.0
REGION1,TZHYDMSH1,2041,0.0
REGION1,ZMWINDPH1,2041,0.0
REGION1,ZMCOSCPH1,2041,0.0
REGION1,ZMLFRCPH1,2041,0.0
REGION1,ZMHFGCPH1,2041,0.0
REGION1,ZMBMCHPH1,2041,0.0
REGION1,ZWLFRCPH1,2041,0.0
REGION1,SNWINDPH1,2041,0.0
REGION1,ZWHYDMSH1,2041,0.0
REGION1,ZWBMCHPH1,2041,0.0
REGION1,SOLFRCPH1,2041,0.0
REGION1,SOSOU1PH1,2041,0.0
REGION1,SOWINDPH1,2041,0.0
REGION1,MAHYDSPH1,2041,0.0
REGION1,ZAHYDSPH1,2041,0.0
REGION1,ATELCZPH1,2041,0.0
REGION1,ATELDEPH1,2041,0.0
REGION1,ATELHUPH1,2041,0.0
REGION1,ATELITPH1,2041,0.0
REGION1,ATELSIPH1,2041,0.0
REGION1,ATELCHPH1,2041,0.0
REGION1,BEELFRPH1,2041,0.0
REGION1,BEELDEPH1,2041,0.0
REGION1,BEELLUPH1,2041,0.0
REGION1,BEELNLPH1,2041,0.0
REGION1,BEELUKPH1,2041,0.0
REGION1,BGELGRPH1,2041,0.0
REGION1,BGELROPH1,2041,0.0
REGION1,CZELDEPH1,2041,0.0
REGION1,CZELPLPH1,2041,0.0
REGION1,CZELSKPH1,2041,0.0
REGION1,HRELHUPH1,2041,0.0
REGION1,HRELSIPH1,2041,0.0
REGION1,DKELNLPH1,2041,0.0
REGION1,DKELNOPH1,2041,0.0
REGION1,DKELSEPH1,2041,0.0
REGION1,DKELUKPH1,2041,0.0
REGION1,EEELFIPH1,2041,0.0
REGION1,EEELLVPH1,2041,0.0
REGION1,FIELNOPH1,2041,0.0
REGION1,FIELSEPH1,2041,0.0
REGION1,FRELITPH1,2041,0.0
REGION1,FRELLUPH1,2041,0.0
REGION1,FRELUKPH1,2041,0.0
REGION1,DEELDKPH1,2041,0.0
REGION1,DEELFRPH1,2041,0.0
REGION1,DEELLUPH1,2041,0.0
REGION1,DEELNLPH1,2041,0.0
REGION1,DEELNOPH1,2041,0.0
REGION1,DEELPLPH1,2041,0.0
REGION1,DEELSEPH1,2041,0.0
REGION1,DEELUKPH1,2041,0.0
REGION1,HUELROPH1,2041,0.0
REGION1,HUELSKPH1,2041,0.0
REGION1,HUELSIPH1,2041,0.0
REGION1,IEELUKPH1,2041,0.0
REGION1,ITELMTPH1,2041,0.0
REGION1,ITELSIPH1,2041,0.0
REGION1,LTELLVPH1,2041,0.0
REGION1,LTELPLPH1,2041,0.0
REGION1,LTELSEPH1,2041,0.0
REGION1,NLELNOPH1,2041,0.0
REGION1,NLELUKPH1,2041,0.0
REGION1,NOELSEPH1,2041,0.0
REGION1,NOELUKPH1,2041,0.0
REGION1,PLELSKPH1,2041,0.0
REGION1,PLELSEPH1,2041,0.0
REGION1,ESELFRPH1,2041,0.0
REGION1,ESELPTPH1,2041,0.0
REGION1,CHELFRPH1,2041,0.0
REGION1,CHELDEPH1,2041,0.0
REGION1,CHELITPH1,2041,0.0
REGION1,GRELITPH1,2041,0.0
REGION1,BGELMKPH1,2041,0.0
REGION1,BGELRSPH1,2041,0.0
REGION1,BGELTRPH1,2041,0.0
REGION1,HRELBAPH1,2041,0.0
REGION1,HRELRSPH1,2041,0.0
REGION1,EEELRUPH1,2041,0.0
REGION1,GRELALPH1,2041,0.0
REGION1,GRELTRPH1,2041,0.0
REGION1,HUELRSPH1,2041,0.0
REGION1,HUELUAPH1,2041,0.0
REGION1,ITELMEPH1,2041,0.0
REGION1,LVELRUPH1,2041,0.0
REGION1,LTELBYPH1,2041,0.0
REGION1,LTELRUPH1,2041,0.0
REGION1,PLELUAPH1,2041,0.0
REGION1,ROELMDPH1,2041,0.0
REGION1,ROELRSPH1,2041,0.0
REGION1,ROELUAPH1,2041,0.0
REGION1,SKELUAPH1,2041,0.0
REGION1,GRELMKPH1,2041,0.0
REGION1,ESELMAPH1,2041,0.0
REGION1,CYELILPH1,2041,0.0
REGION1,SEELLVPH1,2041,0.0
REGION1,BEELDKPH1,2041,0.0
REGION1,ITELTNPH1,2041,0.0
REGION1,GRELEGPH1,2041,0.0
REGION1,ITELDZPH1,2041,0.0
REGION1,MTELTNPH1,2041,0.0
REGION1,ROELGEPH1,2041,0.0
REGION1,ESELITPH1,2041,0.0
REGION1,DEELLVPH1,2041,0.0
REGION1,GRELDEPH1,2041,0.0
REGION1,ITELSAPH1,2041,0.0
REGION1,UKELMAPH1,2041,0.0
REGION1,DEELMAPH1,2041,0.0
REGION1,BIELRWPH1,2041,0.0
REGION1,BWELZAPH1,2041,0.0
REGION1,CDELBIPH1,2041,0.0
REGION1,CDELCGPH1,2041,0.0
REGION1,CDELRWPH1,2041,0.0
REGION1,CDELZMPH1,2041,0.0
REGION1,CIELBFPH1,2041,0.0
REGION1,EGELJOPH1,2041,0.0
REGION1,EGELSDPH1,2041,0.0
REGION1,ETELDJPH1,2041,0.0
REGION1,ETELSDPH1,2041,0.0
REGION1,GHELCIPH1,2041,0.0
REGION1,GHELTGPH1,2041,0.0
REGION1,KEELTZPH1,2041,0.0
REGION1,LSELZAPH1,2041,0.0
REGION1,LYELEGPH1,2041,0.0
REGION1,MAELDZPH1,2041,0.0
REGION1,MZELSZPH1,2041,0.0
REGION1,MZELZAPH1,2041,0.0
REGION1,MZELZWPH1,2041,0.0
REGION1,NGELBJPH1,2041,0.0
REGION1,NGELNEPH1,2041,0.0
REGION1,NAELZAPH1,2041,0.0
REGION1,RWELBIPH1,2041,0.0
REGION1,SNELMLPH1,2041,0.0
REGION1,TGELBJPH1,2041,0.0
REGION1,TNELDZPH1,2041,0.0
REGION1,TZELUGPH1,2041,0.0
REGION1,UGELKEPH1,2041,0.0
REGION1,UGELRWPH1,2041,0.0
REGION1,UGELTZPH1,2041,0.0
REGION1,ZAELSZPH1,2041,0.0
REGION1,ZAELZWPH1,2041,0.0
REGION1,ZMELZWPH1,2041,0.0
REGION1,AOELBWPH1,2041,0.0
REGION1,AOELCDPH1,2041,0.0
REGION1,AOELNAPH1,2041,0.0
REGION1,BFELMLPH1,2041,0.0
REGION1,BWELNAPH1,2041,0.0
REGION1,CDELNAPH1,2041,0.0
REGION1,CDELZAPH1,2041,0.0
REGION1,CGELGAPH1,2041,0.0
REGION1,CMELTDPH1,2041,0.0
REGION1,ETELKEPH1,2041,0.0
REGION1,GAELGQPH1,2041,0.0
REGION1,GHELBFPH1,2041,0.0
REGION1,GMELGWPH1,2041,0.0
REGION1,GQELCMPH1,2041,0.0
REGION1,GWELGNPH1,2041,0.0
REGION1,LRELGNPH1,2041,0.0
REGION1,LRELSLPH1,2041,0.0
REGION1,MLELCIPH1,2041,0.0
REGION1,MWELMZPH1,2041,0.0
REGION1,MWELZMPH1,2041,0.0
REGION1,NAELZWPH1,2041,0.0
REGION1,NEELBFPH1,2041,0.0
REGION1,NEELBJPH1,2041,0.0
REGION1,NEELTGPH1,2041,0.0
REGION1,SLELGNPH1,2041,0.0
REGION1,SNELGMPH1,2041,0.0
REGION1,SNELGNPH1,2041,0.0
REGION1,TGELGHPH1,2041,0.0
REGION1,TZELZMPH1,2041,0.0
REGION1,CIELLRPH1,2041,0.0
REGION1,GNELMLPH1,2041,0.0
REGION1,AOELZMPH1,2041,0.0
REGION1,BFELBJPH1,2041,0.0
REGION1,BFELTGPH1,2041,0.0
REGION1,BIELTZPH1,2041,0.0
REGION1,BJELGHPH1,2041,0.0
REGION1,BWELZMPH1,2041,0.0
REGION1,CDELCFPH1,2041,0.0
REGION1,CDELSDPH1,2041,0.0
REGION1,CDELTZPH1,2041,0.0
REGION1,CDELUGPH1,2041,0.0
REGION1,CFELCGPH1,2041,0.0
REGION1,CFELCMPH1,2041,0.0
REGION1,CFELSDPH1,2041,0.0
REGION1,CFELTDPH1,2041,0.0
REGION1,CGELCMPH1,2041,0.0
REGION1,CIELGNPH1,2041,0.0
REGION1,CMELGAPH1,2041,0.0
REGION1,CMELNGPH1,2041,0.0
REGION1,DJELERPH1,2041,0.0
REGION1,DJELSOPH1,2041,0.0
REGION1,DZELLYPH1,2041,0.0
REGION1,DZELMLPH1,2041,0.0
REGION1,DZELMRPH1,2041,0.0
REGION1,DZELNEPH1,2041,0.0
REGION1,ETELERPH1,2041,0.0
REGION1,ETELSOPH1,2041,0.0
REGION1,GWELSNPH1,2041,0.0
REGION1,KEELSDPH1,2041,0.0
REGION1,KEELSOPH1,2041,0.0
REGION1,LYELNEPH1,2041,0.0
REGION1,LYELSDPH1,2041,0.0
REGION1,LYELTDPH1,2041,0.0
REGION1,LYELTNPH1,2041,0.0
REGION1,MLELMRPH1,2041,0.0
REGION1,MLELNEPH1,2041,0.0
REGION1,MRELSNPH1,2041,0.0
REGION1,MWELTZPH1,2041,0.0
REGION1,MZELTZPH1,2041,0.0
REGION1,MZELZMPH1,2041,0.0
REGION1,NEELTDPH1,2041,0.0
REGION1,NGELTDPH1,2041,0.0
REGION1,RWELTZPH1,2041,0.0
REGION1,SDELERPH1,2041,0.0
REGION1,SDELTDPH1,2041,0.0
REGION1,SDELUGPH1,2041,0.0
REGION1,CYELGRPH1,2041,0.0
REGION1,ALNGGRPI0,2041,0.0
REGION1,ALNGITPI0,2041,0.0
REGION1,ATNGDEPI0,2041,0.0
REGION1,ATNGHUPI0,2041,0.0
REGION1,ATNGITPI0,2041,0.0
REGION1,ATNGSIPI0,2041,0.0
REGION1,ATNGSKPI0,2041,0.0
REGION1,BENGDEPI0,2041,0.0
REGION1,BENGFRPI0,2041,0.0
REGION1,BENGUKPI0,2041,0.0
REGION1,BENGNLPI0,2041,0.0
REGION1,BGNGGRPI0,2041,0.0
REGION1,BGNGROPI0,2041,0.0
REGION1,BYNGLTPI0,2041,0.0
REGION1,CYNGEGPI0,2041,0.0
REGION1,CYNGGRPI0,2041,0.0
REGION1,CZNGDEPI0,2041,0.0
REGION1,CZNGPLPI0,2041,0.0
REGION1,CZNGSKPI0,2041,0.0
REGION1,DENGCHPI0,2041,0.0
REGION1,DENGFRPI0,2041,0.0
REGION1,DENGNLPI0,2041,0.0
REGION1,DENGPLPI0,2041,0.0
REGION1,DKNGDEPI0,2041,0.0
REGION1,DKNGPLPI0,2041,0.0
REGION1,DKNGSEPI0,2041,0.0
REGION1,DZNGESPI0,2041,0.0
REGION1,DZNGITPI0,2041,0.0
REGION1,EENGFIPI0,2041,0.0
REGION1,EENGLVPI0,2041,0.0
REGION1,FRNGCHPI0,2041,0.0
REGION1,FRNGESPI0,2041,0.0
REGION1,GRNGITPI0,2041,0.0
REGION1,HRNGHUPI0,2041,0.0
REGION1,HRNGSIPI0,2041,0.0
REGION1,HUNGROPI0,2041,0.0
REGION1,HUNGSKPI0,2041,0.0
REGION1,IENGUKPI0,2041,0.0
REGION1,ITNGCHPI0,2041,0.0
REGION1,ITNGMTPI0,2041,0.0
REGION1,ITNGSIPI0,2041,0.0
REGION1,LTNGPLPI0,2041,0.0
REGION1,LVNGLTPI0,2041,0.0
REGION1,LYNGITPI0,2041,0.0
REGION1,MANGESPI0,2041,0.0
REGION1,MDNGROPI0,2041,0.0
REGION1,NLNGUKPI0,2041,0.0
REGION1,NONGBEPI0,2041,0.0
REGION1,NONGDEPI0,2041,0.0
REGION1,NONGDKPI0,2041,0.0
REGION1,NONGFRPI0,2041,0.0
REGION1,NONGUKPI0,2041,0.0
REGION1,NONGNLPI0,2041,0.0
REGION1,PLNGSKPI0,2041,0.0
REGION1,PTNGESPI0,2041,0.0
REGION1,RSNGBGPI0,2041,0.0
REGION1,RSNGHUPI0,2041,0.0
REGION1,RSNGROPI0,2041,0.0
REGION1,RUNGEEPI0,2041,0.0
REGION1,RUNGFIPI0,2041,0.0
REGION1,RUNGLVPI0,2041,0.0
REGION1,TRNGBGPI0,2041,0.0
REGION1,TRNGGRPI0,2041,0.0
REGION1,UANGHUPI0,2041,0.0
REGION1,UANGPLPI0,2041,0.0
REGION1,UANGROPI0,2041,0.0
REGION1,UANGSKPI0,2041,0.0
REGION1,BENGLUPI0,2041,0.0
REGION1,NGNGDZPI0,2041,0.0
REGION1,MZNGZAPI0,2041,0.0
REGION1,NGNGLYPI0,2041,0.0
REGION1,ETNGDJPI0,2041,0.0
REGION1,NGNGGQPI0,2041,0.0
REGION1,TZNGKEPI0,2041,0.0
REGION1,NGNGMAPI0,2041,0.0
REGION1,NGNGBJPI0,2041,0.0
REGION1,NGNGGHPI0,2041,0.0
REGION1,NGNGNEPI0,2041,0.0
REGION1,NGNGTGPI0,2041,0.0
REGION1,NGNGTNPI0,2041,0.0
REGION1,DZNGMAPI0,2041,0.0
REGION1,BELG00I00,2042,0.0
REGION1,HRLG00I00,2042,0.0
REGION1,CYLG00I00,2042,0.0
REGION1,FRLG00I00,2042,0.0
REGION1,FILG00I00,2042,0.0
REGION1,DELG00I00,2042,0.0
REGION1,GRLG00I00,2042,0.0
REGION1,ITLG00I00,2042,0.0
REGION1,LVLG00I00,2042,0.0
REGION1,LTLG00I00,2042,0.0
REGION1,MTLG00I00,2042,0.0
REGION1,NLLG00I00,2042,0.0
REGION1,PLLG00I00,2042,0.0
REGION1,ESLG00I00,2042,0.0
REGION1,UKLG00I00,2042,0.0
REGION1,PTLG00I00,2042,0.0
REGION1,BENUG2PN1,2042,0.0
REGION1,BGNUG2PN1,2042,0.0
REGION1,CZNUG2PN1,2042,0.0
REGION1,DENUG2PN1,2042,0.0
REGION1,ESNUG2PN1,2042,0.0
REGION1,FINUG2PN1,2042,0.0
REGION1,FRNUG2PN1,2042,0.0
REGION1,HUNUG2PN1,2042,0.0
REGION1,NLNUG2PN1,2042,0.0
REGION1,RONUG2PN1,2042,0.0
REGION1,SENUG2PN1,2042,0.0
REGION1,SINUG2PN1,2042,0.0
REGION1,SKNUG2PN1,2042,0.0
REGION1,CHNUG2PN1,2042,0.0
REGION1,UKNUG2PN1,2042,0.0
REGION1,ATHYDSPN1,2042,0.0
REGION1,BEHYDSPN1,2042,0.0
REGION1,BGHYDSPN1,2042,0.0
REGION1,CZHYDSPN1,2042,0.0
REGION1,DEHYDSPN1,2042,0.0
REGION1,GRHYDSPN1,2042,0.0
REGION1,ESHYDSPN1,2042,0.0
REGION1,FRHYDSPN1,2042,0.0
REGION1,HRHYDSPN1,2042,0.0
REGION1,IEHYDSPN1,2042,0.0
REGION1,ITHYDSPN1,2042,0.0
REGION1,LTHYDSPN1,2042,0.0
REGION1,LUHYDSPN1,2042,0.0
REGION1,PLHYDSPN1,2042,0.0
REGION1,PTHYDSPN1,2042,0.0
REGION1,ROHYDSPN1,2042,0.0
REGION1,SEHYDSPN1,2042,0.0
REGION1,SIHYDSPN1,2042,0.0
REGION1,SKHYDSPN1,2042,0.0
REGION1,CHHYDSPN1,2042,0.0
REGION1,UKHYDSPN1,2042,0.0
REGION1,ATHYDMPN1,2042,0.0
REGION1,ATHYDRPN1,2042,0.0
REGION1,BEHYDMPN1,2042,0.0
REGION1,BEHYDRPN1,2042,0.0
REGION1,BGHYDMPN1,2042,0.0
REGION1,BGHYDRPN1,2042,0.0
REGION1,CZHYDRPN1,2042,0.0
REGION1,CZHYDMPN1,2042,0.0
REGION1,DEHYDMPN1,2042,0.0
REGION1,DEHYDRPN1,2042,0.0
REGION1,DKHYDRPN1,2042,0.0
REGION1,DKHYDMPN1,2042,0.0
REGION1,EEHYDRPN1,2042,0.0
REGION1,GRHYDMPN1,2042,0.0
REGION1,GRHYDRPN1,2042,0.0
REGION1,ESHYDMPN1,2042,0.0
REGION1,ESHYDRPN1,2042,0.0
REGION1,FIHYDMPN1,2042,0.0
REGION1,FIHYDRPN1,2042,0.0
REGION1,FRHYDMPN1,2042,0.0
REGION1,FRHYDRPN1,2042,0.0
REGION1,HRHYDMPN1,2042,0.0
REGION1,HRHYDRPN1,2042,0.0
REGION1,HUHYDMPN1,2042,0.0
REGION1,HUHYDRPN1,2042,0.0
REGION1,IEHYDMPN1,2042,0.0
REGION1,IEHYDRPN1,2042,0.0
REGION1,ITHYDMPN1,2042,0.0
REGION1,ITHYDRPN1,2042,0.0
REGION1,LTHYDRPN1,2042,0.0
REGION1,LUHYDRPN1,2042,0.0
REGION1,LVHYDMPN1,2042,0.0
REGION1,LVHYDRPN1,2042,0.0
REGION1,NLHYDRPN1,2042,0.0
REGION1,PLHYDMPN1,2042,0.0
REGION1,PLHYDRPN1,2042,0.0
REGION1,PTHYDMPN1,2042,0.0
REGION1,PTHYDRPN1,2042,0.0
REGION1,ROHYDMPN1,2042,0.0
REGION1,ROHYDRPN1,2042,0.0
REGION1,SEHYDMPN1,2042,0.0
REGION1,SEHYDRPN1,2042,0.0
REGION1,SIHYDMPN1,2042,0.0
REGION1,SIHYDRPN1,2042,0.0
REGION1,SKHYDMPN1,2042,0.0
REGION1,SKHYDRPN1,2042,0.0
REGION1,NOHYDRPN1,2042,0.0
REGION1,NOHYDMPN1,2042,0.0
REGION1,CHHYDRPN1,2042,0.0
REGION1,CHHYDMPN1,2042,0.0
REGION1,UKHYDMPN1,2042,0.0
REGION1,UKHYDRPN1,2042,0.0
REGION1,EGLG00I00,2042,0.0
REGION1,GHLG00I00,2042,0.0
REGION1,MALG00I00,2042,0.0
REGION1,MZLG00I00,2042,0.0
REGION1,SNLG00I00,2042,0.0
REGION1,ZALG00I00,2042,0.0
REGION1,DZLG00E00,2042,0.0
REGION1,NGLG00E00,2042,0.0
REGION1,EGLG00E00,2042,0.0
REGION1,AOLG00E00,2042,0.0
REGION1,GQLG00E00,2042,0.0
REGION1,MZLG00E00,2042,0.0
REGION1,CGLG00E00,2042,0.0
REGION1,GALG00E00,2042,0.0
REGION1,MRLG00E00,2042,0.0
REGION1,SNLG00E00,2042,0.0
REGION1,TZLG00E00,2042,0.0
REGION1,BFHYDMSN1,2042,0.0
REGION1,BIHYDMSN1,2042,0.0
REGION1,CMHYDMSN1,2042,0.0
REGION1,CDHYDMSN1,2042,0.0
REGION1,ETHYDMSN1,2042,0.0
REGION1,KEHYDMSN1,2042,0.0
REGION1,MLHYDMSN1,2042,0.0
REGION1,NGHYDMSN1,2042,0.0
REGION1,UGHYDMSN1,2042,0.0
REGION1,ZMHYDMSN1,2042,0.0
REGION1,DZHYDMSN1,2042,0.0
REGION1,EGHYDMSN1,2042,0.0
REGION1,MAHYDMSN1,2042,0.0
REGION1,SDHYDMSN1,2042,0.0
REGION1,TNHYDMSN1,2042,0.0
REGION1,AOHYDMSN1,2042,0.0
REGION1,BJHYDMSN1,2042,0.0
REGION1,CFHYDMSN1,2042,0.0
REGION1,CGHYDMSN1,2042,0.0
REGION1,CIHYDMSN1,2042,0.0
REGION1,GQHYDMSN1,2042,0.0
REGION1,SZHYDMSN1,2042,0.0
REGION1,GAHYDMSN1,2042,0.0
REGION1,GHHYDMSN1,2042,0.0
REGION1,GNHYDMSN1,2042,0.0
REGION1,LSHYDMSN1,2042,0.0
REGION1,LRHYDMSN1,2042,0.0
REGION1,MWHYDMSN1,2042,0.0
REGION1,MZHYDMSN1,2042,0.0
REGION1,NAHYDMSN1,2042,0.0
REGION1,RWHYDMSN1,2042,0.0
REGION1,SNHYDMSN1,2042,0.0
REGION1,SLHYDMSN1,2042,0.0
REGION1,ZAHYDMSN1,2042,0.0
REGION1,TGHYDMSN1,2042,0.0
REGION1,TZHYDMSN1,2042,0.0
REGION1,ZWHYDMSN1,2042,0.0
REGION1,MAHYDSPN1,2042,0.0
REGION1,ZAHYDSPN1,2042,0.0
REGION1,KEBATTN1,2042,0.0
REGION1,ETBMCHPN1,2042,0.0
REGION1,KEBMCHPN1,2042,0.0
REGION1,ZABMCHPN1,2042,0.0
REGION1,BWCOSCPN1,2042,0.0
REGION1,ZACOSCPN1,2042,0.0
REGION1,ETGOCVPN1,2042,0.0
REGION1,KEGOCVPN1,2042,0.0
REGION1,RWNGGCPN1,2042,0.0
REGION1,DZNGCCPN1,2042,0.0
REGION1,MANGCCPN1,2042,0.0
REGION1,TNNGCCPN1,2042,0.0
REGION1,UGNGCCPN1,2042,0.0
REGION1,MZNGGCPN1,2042,0.0
REGION1,NGNGGCPN1,2042,0.0
REGION1,AOSOU1PN1,2042,0.0
REGION1,GASOU1PN1,2042,0.0
REGION1,DZSOU1PN1,2042,0.0
REGION1,MASOU1PN1,2042,0.0
REGION1,TNSOU1PN1,2042,0.0
REGION1,ETSOU1PN1,2042,0.0
REGION1,KESOU1PN1,2042,0.0
REGION1,TZSOU1PN1,2042,0.0
REGION1,BWSOU1PN1,2042,0.0
REGION1,ZASOU1PN1,2042,0.0
REGION1,MAWINDPN1,2042,0.0
REGION1,TNWINDPN1,2042,0.0
REGION1,ETWINDPN1,2042,0.0
REGION1,KEWINDPN1,2042,0.0
REGION1,ZAWINDPN1,2042,0.0
REGION1,CICOSCPN1,2042,0.0
REGION1,EGNULWPN1,2042,0.0
REGION1,SSHYDMSN1,2042,0.0
REGION1,MABATTN1,2042,0.0
REGION1,CGSOU1PN1,2042,0.0
REGION1,DJSOU1PN1,2042,0.0
REGION1,DZWINDPN1,2042,0.0
REGION1,ERSOU1PN1,2042,0.0
REGION1,ERWINDPN1,2042,0.0
REGION1,GHWINDPN1,2042,0.0
REGION1,GQSOU1PN1,2042,0.0
REGION1,GWSOU1PN1,2042,0.0
REGION1,LRSOU1PN1,2042,0.0
REGION1,RWSOU1PN1,2042,0.0
REGION1,SLSOU1PN1,2042,0.0
REGION1,SSSOU1PN1,2042,0.0
REGION1,SZNGCCPN1,2042,0.0
REGION1,SZWINDPN1,2042,0.0
REGION1,TDWINDPN1,2042,0.0
REGION1,TGWINDPN1,2042,0.0
REGION1,TZWINDPN1,2042,0.0
REGION1,ZMSOU1PN1,2042,0.0
REGION1,DZNGCCPH1,2042,0.0
REGION1,DZNGGCPH1,2042,0.0
REGION1,DZSOU1PH1,2042,0.0
REGION1,EGBMCHPH1,2042,0.0
REGION1,EGSOU1PH1,2042,0.0
REGION1,EGWINDPH1,2042,0.0
REGION1,LYNGCCPH1,2042,0.0
REGION1,LYNGGCPH1,2042,0.0
REGION1,LYLFRCPH1,2042,0.0
REGION1,LYHFGCPH1,2042,0.0
REGION1,LYSOU1PH1,2042,0.0
REGION1,MASOU1PH1,2042,0.0
REGION1,MAWINDPH1,2042,0.0
REGION1,SDSOU1PH1,2042,0.0
REGION1,TNNGCCPH1,2042,0.0
REGION1,TNNGGCPH1,2042,0.0
REGION1,TNSOU1PH1,2042,0.0
REGION1,AOSOU1PH1,2042,0.0
REGION1,BJSOU1PH1,2042,0.0
REGION1,BFLFRCPH1,2042,0.0
REGION1,BFHFGCPH1,2042,0.0
REGION1,BFHYDMSH1,2042,0.0
REGION1,BFSOU1PH1,2042,0.0
REGION1,BIHYDMSH1,2042,0.0
REGION1,CMHYDMSH1,2042,0.0
REGION1,CMSOU1PH1,2042,0.0
REGION1,CFSOU1PH1,2042,0.0
REGION1,CINGCCPH1,2042,0.0
REGION1,CINGGCPH1,2042,0.0
REGION1,CISOU1PH1,2042,0.0
REGION1,CDLFRCPH1,2042,0.0
REGION1,CDHFGCPH1,2042,0.0
REGION1,CDHYDMSH1,2042,0.0
REGION1,CDSOU1PH1,2042,0.0
REGION1,DJWINDPH1,2042,0.0
REGION1,ETBMCHPH1,2042,0.0
REGION1,ETHYDMSH1,2042,0.0
REGION1,ETWINDPH1,2042,0.0
REGION1,GHNGCCPH1,2042,0.0
REGION1,GHNGGCPH1,2042,0.0
REGION1,GHSOU1PH1,2042,0.0
REGION1,KEGOCVPH1,2042,0.0
REGION1,KEHYDMSH1,2042,0.0
REGION1,KESOU1PH1,2042,0.0
REGION1,LSSOU1PH1,2042,0.0
REGION1,MWSOU1PH1,2042,0.0
REGION1,MLHYDMSH1,2042,0.0
REGION1,MLSOU1PH1,2042,0.0
REGION1,MRSOU1PH1,2042,0.0
REGION1,MRWINDPH1,2042,0.0
REGION1,MZLFRCPH1,2042,0.0
REGION1,MZHFGCPH1,2042,0.0
REGION1,MZSOU1PH1,2042,0.0
REGION1,NASOU1PH1,2042,0.0
REGION1,NELFRCPH1,2042,0.0
REGION1,NEHFGCPH1,2042,0.0
REGION1,NESOU1PH1,2042,0.0
REGION1,NGNGCCPH1,2042,0.0
REGION1,NGNGGCPH1,2042,0.0
REGION1,NGLFRCPH1,2042,0.0
REGION1,NGHFGCPH1,2042,0.0
REGION1,NGHYDMSH1,2042,0.0
REGION1,NGSOU1PH1,2042,0.0
REGION1,RWCOSCPH1,2042,0.0
REGION1,SNNGCCPH1,2042,0.0
REGION1,SNLFRCPH1,2042,0.0
REGION1,SNHFGCPH1,2042,0.0
REGION1,SNSOU1PH1,2042,0.0
REGION1,ZANULWPH1,2042,0.0
REGION1,ZASOU1PH1,2042,0.0
REGION1,SSWINDPH1,2042,0.0
REGION1,TGSOU1PH1,2042,0.0
REGION1,UGHYDMSH1,2042,0.0
REGION1,TZSOU1PH1,2042,0.0
REGION1,ZMHYDMSH1,2042,0.0
REGION1,ZWSOU1PH1,2042,0.0
REGION1,ZWCOSCPH1,2042,0.0
REGION1,DZLFRCPH1,2042,0.0
REGION1,DZHFGCPH1,2042,0.0
REGION1,DZHYDMSH1,2042,0.0
REGION1,DZSOC1PH1,2042,0.0
REGION1,EGNGCCPH1,2042,0.0
REGION1,EGNGGCPH1,2042,0.0
REGION1,EGLFRCPH1,2042,0.0
REGION1,EGHFGCPH1,2042,0.0
REGION1,EGHYDMSH1,2042,0.0
REGION1,EGSOC1PH1,2042,0.0
REGION1,MACOSCPH1,2042,0.0
REGION1,MALFRCPH1,2042,0.0
REGION1,MAHFGCPH1,2042,0.0
REGION1,MANGCCPH1,2042,0.0
REGION1,MANGGCPH1,2042,0.0
REGION1,MABMCHPH1,2042,0.0
REGION1,MAHYDMSH1,2042,0.0
REGION1,MASOC1PH1,2042,0.0
REGION1,SDLFRCPH1,2042,0.0
REGION1,SDHFGCPH1,2042,0.0
REGION1,SDBMCHPH1,2042,0.0
REGION1,SDHYDMSH1,2042,0.0
REGION1,TNLFRCPH1,2042,0.0
REGION1,TNHFGCPH1,2042,0.0
REGION1,TNHYDMSH1,2042,0.0
REGION1,TNWINDPH1,2042,0.0
REGION1,AONGGCPH1,2042,0.0
REGION1,AOLFRCPH1,2042,0.0
REGION1,AOHFGCPH1,2042,0.0
REGION1,AOBMCHPH1,2042,0.0
REGION1,AOHYDMSH1,2042,0.0
REGION1,BJNGGCPH1,2042,0.0
REGION1,BJLFRCPH1,2042,0.0
REGION1,BJHFGCPH1,2042,0.0
REGION1,BJHYDMSH1,2042,0.0
REGION1,BWCOSCPH1,2042,0.0
REGION1,BWLFRCPH1,2042,0.0
REGION1,BWSOU1PH1,2042,0.0
REGION1,BFBMCHPH1,2042,0.0
REGION1,BILFRCPH1,2042,0.0
REGION1,BISOU1PH1,2042,0.0
REGION1,CMNGGCPH1,2042,0.0
REGION1,CMLFRCPH1,2042,0.0
REGION1,CMHFGCPH1,2042,0.0
REGION1,CFLFRCPH1,2042,0.0
REGION1,CFHYDMSH1,2042,0.0
REGION1,TDNGCCPH1,2042,0.0
REGION1,TDLFRCPH1,2042,0.0
REGION1,TDHFGCPH1,2042,0.0
REGION1,TDBMCHPH1,2042,0.0
REGION1,TDSOU1PH1,2042,0.0
REGION1,CGNGGCPH1,2042,0.0
REGION1,CGLFRCPH1,2042,0.0
REGION1,CGHFGCPH1,2042,0.0
REGION1,CGBMCHPH1,2042,0.0
REGION1,CGHYDMSH1,2042,0.0
REGION1,CILFRCPH1,2042,0.0
REGION1,CIHFGCPH1,2042,0.0
REGION1,CIHYDMSH1,2042,0.0
REGION1,DJLFRCPH1,2042,0.0
REGION1,DJHFGCPH1,2042,0.0
REGION1,GWNGCCPH1,2042,0.0
REGION1,GQNGGCPH1,2042,0.0
REGION1,GQLFRCPH1,2042,0.0
REGION1,GQHFGCPH1,2042,0.0
REGION1,GQHYDMSH1,2042,0.0
REGION1,ERLFRCPH1,2042,0.0
REGION1,ERHFGCPH1,2042,0.0
REGION1,SZLFRCPH1,2042,0.0
REGION1,SZHFGCPH1,2042,0.0
REGION1,SZBMCHPH1,2042,0.0
REGION1,SZHYDMSH1,2042,0.0
REGION1,SZSOU1PH1,2042,0.0
REGION1,ETLFRCPH1,2042,0.0
REGION1,ETGOCVPH1,2042,0.0
REGION1,GANGGCPH1,2042,0.0
REGION1,GALFRCPH1,2042,0.0
REGION1,GAHFGCPH1,2042,0.0
REGION1,GAHYDMSH1,2042,0.0
REGION1,GMLFRCPH1,2042,0.0
REGION1,GMHFGCPH1,2042,0.0
REGION1,GMWINDPH1,2042,0.0
REGION1,GMSOU1PH1,2042,0.0
REGION1,GHLFRCPH1,2042,0.0
REGION1,GHHFGCPH1,2042,0.0
REGION1,GHBMCHPH1,2042,0.0
REGION1,GHHYDMSH1,2042,0.0
REGION1,GNLFRCPH1,2042,0.0
REGION1,GNHFGCPH1,2042,0.0
REGION1,GNHYDMSH1,2042,0.0
REGION1,GNSOU1PH1,2042,0.0
REGION1,GWLFRCPH1,2042,0.0
REGION1,KELFRCPH1,2042,0.0
REGION1,KEHFGCPH1,2042,0.0
REGION1,KEBMCHPH1,2042,0.0
REGION1,KEWINDPH1,2042,0.0
REGION1,LSHYDMSH1,2042,0.0
REGION1,LRLFRCPH1,2042,0.0
REGION1,LRHFGCPH1,2042,0.0
REGION1,LRHYDMSH1,2042,0.0
REGION1,MWLFRCPH1,2042,0.0
REGION1,MWBMCHPH1,2042,0.0
REGION1,MWHYDMSH1,2042,0.0
REGION1,MLLFRCPH1,2042,0.0
REGION1,MLHFGCPH1,2042,0.0
REGION1,MLBMCHPH1,2042,0.0
REGION1,MRNGCCPH1,2042,0.0
REGION1,MRLFRCPH1,2042,0.0
REGION1,MRHFGCPH1,2042,0.0
REGION1,MZNGGCPH1,2042,0.0
REGION1,MZBMCHPH1,2042,0.0
REGION1,MZHYDMSH1,2042,0.0
REGION1,NACOSCPH1,2042,0.0
REGION1,NALFRCPH1,2042,0.0
REGION1,NAHFGCPH1,2042,0.0
REGION1,NABMCHPH1,2042,0.0
REGION1,NAHYDMSH1,2042,0.0
REGION1,NAWINDPH1,2042,0.0
REGION1,NECOSCPH1,2042,0.0
REGION1,NENGCCPH1,2042,0.0
REGION1,NGBMCHPH1,2042,0.0
REGION1,RWWINDPH1,2042,0.0
REGION1,RWNGGCPH1,2042,0.0
REGION1,RWLFRCPH1,2042,0.0
REGION1,RWHFGCPH1,2042,0.0
REGION1,RWBMCHPH1,2042,0.0
REGION1,RWHYDMSH1,2042,0.0
REGION1,SNHYDMSH1,2042,0.0
REGION1,SNCOSCPH1,2042,0.0
REGION1,SNBMCHPH1,2042,0.0
REGION1,SLWINDPH1,2042,0.0
REGION1,SLLFRCPH1,2042,0.0
REGION1,SLHFGCPH1,2042,0.0
REGION1,SLBMCHPH1,2042,0.0
REGION1,SLHYDMSH1,2042,0.0
REGION1,ZACOSCPH1,2042,0.0
REGION1,ZALFRCPH1,2042,0.0
REGION1,ZAHFGCPH1,2042,0.0
REGION1,ZABMCHPH1,2042,0.0
REGION1,ZAHYDMSH1,2042,0.0
REGION1,ZASOC1PH1,2042,0.0
REGION1,SSLFRCPH1,2042,0.0
REGION1,SSHFGCPH1,2042,0.0
REGION1,TGNGCCPH1,2042,0.0
REGION1,TGLFRCPH1,2042,0.0
REGION1,TGHFGCPH1,2042,0.0
REGION1,TGHYDMSH1,2042,0.0
REGION1,UGSOU1PH1,2042,0.0
REGION1,UGLFRCPH1,2042,0.0
REGION1,UGHFGCPH1,2042,0.0
REGION1,UGBMCHPH1,2042,0.0
REGION1,TZNGGCPH1,2042,0.0
REGION1,TZLFRCPH1,2042,0.0
REGION1,TZHFGCPH1,2042,0.0
REGION1,TZBMCHPH1,2042,0.0
REGION1,TZHYDMSH1,2042,0.0
REGION1,ZMWINDPH1,2042,0.0
REGION1,ZMCOSCPH1,2042,0.0
REGION1,ZMLFRCPH1,2042,0.0
REGION1,ZMHFGCPH1,2042,0.0
REGION1,ZMBMCHPH1,2042,0.0
REGION1,ZWLFRCPH1,2042,0.0
REGION1,SNWINDPH1,2042,0.0
REGION1,ZWHYDMSH1,2042,0.0
REGION1,ZWBMCHPH1,2042,0.0
REGION1,SOLFRCPH1,2042,0.0
REGION1,SOSOU1PH1,2042,0.0
REGION1,SOWINDPH1,2042,0.0
REGION1,MAHYDSPH1,2042,0.0
REGION1,ZAHYDSPH1,2042,0.0
REGION1,ATELCZPH1,2042,0.0
REGION1,ATELDEPH1,2042,0.0
REGION1,ATELHUPH1,2042,0.0
REGION1,ATELITPH1,2042,0.0
REGION1,ATELSIPH1,2042,0.0
REGION1,ATELCHPH1,2042,0.0
REGION1,BEELFRPH1,2042,0.0
REGION1,BEELDEPH1,2042,0.0
REGION1,BEELLUPH1,2042,0.0
REGION1,BEELNLPH1,2042,0.0
REGION1,BEELUKPH1,2042,0.0
REGION1,BGELGRPH1,2042,0.0
REGION1,BGELROPH1,2042,0.0
REGION1,CZELDEPH1,2042,0.0
REGION1,CZELPLPH1,2042,0.0
REGION1,CZELSKPH1,2042,0.0
REGION1,HRELHUPH1,2042,0.0
REGION1,HRELSIPH1,2042,0.0
REGION1,DKELNLPH1,2042,0.0
REGION1,DKELNOPH1,2042,0.0
REGION1,DKELSEPH1,2042,0.0
REGION1,DKELUKPH1,2042,0.0
REGION1,EEELFIPH1,2042,0.0
REGION1,EEELLVPH1,2042,0.0
REGION1,FIELNOPH1,2042,0.0
REGION1,FIELSEPH1,2042,0.0
REGION1,FRELITPH1,2042,0.0
REGION1,FRELLUPH1,2042,0.0
REGION1,FRELUKPH1,2042,0.0
REGION1,DEELDKPH1,2042,0.0
REGION1,DEELFRPH1,2042,0.0
REGION1,DEELLUPH1,2042,0.0
REGION1,DEELNLPH1,2042,0.0
REGION1,DEELNOPH1,2042,0.0
REGION1,DEELPLPH1,2042,0.0
REGION1,DEELSEPH1,2042,0.0
REGION1,DEELUKPH1,2042,0.0
REGION1,HUELROPH1,2042,0.0
REGION1,HUELSKPH1,2042,0.0
REGION1,HUELSIPH1,2042,0.0
REGION1,IEELUKPH1,2042,0.0
REGION1,ITELMTPH1,2042,0.0
REGION1,ITELSIPH1,2042,1.0
REGION1,LTELLVPH1,2042,0.0
REGION1,LTELPLPH1,2042,0.0
REGION1,LTELSEPH1,2042,0.0
REGION1,NLELNOPH1,2042,0.0
REGION1,NLELUKPH1,2042,0.0
REGION1,NOELSEPH1,2042,0.0
REGION1,NOELUKPH1,2042,0.0
REGION1,PLELSKPH1,2042,0.0
REGION1,PLELSEPH1,2042,0.0
REGION1,ESELFRPH1,2042,0.0
REGION1,ESELPTPH1,2042,0.0
REGION1,CHELFRPH1,2042,0.0
REGION1,CHELDEPH1,2042,0.0
REGION1,CHELITPH1,2042,0.25
REGION1,GRELITPH1,2042,0.0
REGION1,BGELMKPH1,2042,0.0
REGION1,BGELRSPH1,2042,0.0
REGION1,BGELTRPH1,2042,0.0
REGION1,HRELBAPH1,2042,0.0
REGION1,HRELRSPH1,2042,0.0
REGION1,EEELRUPH1,2042,0.0
REGION1,GRELALPH1,2042,0.0
REGION1,GRELTRPH1,2042,0.0
REGION1,HUELRSPH1,2042,0.0
REGION1,HUELUAPH1,2042,0.0
REGION1,ITELMEPH1,2042,0.0
REGION1,LVELRUPH1,2042,0.0
REGION1,LTELBYPH1,2042,0.0
REGION1,LTELRUPH1,2042,0.0
REGION1,PLELUAPH1,2042,0.0
REGION1,ROELMDPH1,2042,0.0
REGION1,ROELRSPH1,2042,0.0
REGION1,ROELUAPH1,2042,0.0
REGION1,SKELUAPH1,2042,0.0
REGION1,GRELMKPH1,2042,0.0
REGION1,ESELMAPH1,2042,0.0
REGION1,CYELILPH1,2042,0.0
REGION1,SEELLVPH1,2042,0.0
REGION1,BEELDKPH1,2042,0.0
REGION1,ITELTNPH1,2042,0.0
REGION1,GRELEGPH1,2042,0.0
REGION1,ITELDZPH1,2042,0.0
REGION1,MTELTNPH1,2042,0.0
REGION1,ROELGEPH1,2042,0.0
REGION1,ESELITPH1,2042,0.0
REGION1,DEELLVPH1,2042,0.0
REGION1,GRELDEPH1,2042,0.0
REGION1,ITELSAPH1,2042,0.0
REGION1,UKELMAPH1,2042,0.0
REGION1,DEELMAPH1,2042,0.0
REGION1,BIELRWPH1,2042,0.0
REGION1,BWELZAPH1,2042,0.0
REGION1,CDELBIPH1,2042,0.0
REGION1,CDELCGPH1,2042,0.0
REGION1,CDELRWPH1,2042,0.0
REGION1,CDELZMPH1,2042,0.0
REGION1,CIELBFPH1,2042,0.0
REGION1,EGELJOPH1,2042,0.0
REGION1,EGELSDPH1,2042,0.0
REGION1,ETELDJPH1,2042,0.0
REGION1,ETELSDPH1,2042,0.0
REGION1,GHELCIPH1,2042,0.0
REGION1,GHELTGPH1,2042,0.0
REGION1,KEELTZPH1,2042,0.0
REGION1,LSELZAPH1,2042,0.0
REGION1,LYELEGPH1,2042,0.0
REGION1,MAELDZPH1,2042,0.0
REGION1,MZELSZPH1,2042,0.0
REGION1,MZELZAPH1,2042,0.0
REGION1,MZELZWPH1,2042,0.0
REGION1,NGELBJPH1,2042,0.0
REGION1,NGELNEPH1,2042,0.0
REGION1,NAELZAPH1,2042,0.0
REGION1,RWELBIPH1,2042,0.0
REGION1,SNELMLPH1,2042,0.0
REGION1,TGELBJPH1,2042,0.0
REGION1,TNELDZPH1,2042,0.0
REGION1,TZELUGPH1,2042,0.0
REGION1,UGELKEPH1,2042,0.0
REGION1,UGELRWPH1,2042,0.0
REGION1,UGELTZPH1,2042,0.0
REGION1,ZAELSZPH1,2042,0.0
REGION1,ZAELZWPH1,2042,0.0
REGION1,ZMELZWPH1,2042,0.0
REGION1,AOELBWPH1,2042,0.0
REGION1,AOELCDPH1,2042,0.0
REGION1,AOELNAPH1,2042,0.0
REGION1,BFELMLPH1,2042,0.0
REGION1,BWELNAPH1,2042,0.0
REGION1,CDELNAPH1,2042,0.0
REGION1,CDELZAPH1,2042,0.0
REGION1,CGELGAPH1,2042,0.0
REGION1,CMELTDPH1,2042,0.0
REGION1,ETELKEPH1,2042,0.0
REGION1,GAELGQPH1,2042,0.0
REGION1,GHELBFPH1,2042,0.0
REGION1,GMELGWPH1,2042,0.0
REGION1,GQELCMPH1,2042,0.0
REGION1,GWELGNPH1,2042,0.0
REGION1,LRELGNPH1,2042,0.0
REGION1,LRELSLPH1,2042,0.0
REGION1,MLELCIPH1,2042,0.0
REGION1,MWELMZPH1,2042,0.0
REGION1,MWELZMPH1,2042,0.0
REGION1,NAELZWPH1,2042,0.0
REGION1,NEELBFPH1,2042,0.0
REGION1,NEELBJPH1,2042,0.0
REGION1,NEELTGPH1,2042,0.0
REGION1,SLELGNPH1,2042,0.0
REGION1,SNELGMPH1,2042,0.0
REGION1,SNELGNPH1,2042,0.0
REGION1,TGELGHPH1,2042,0.0
REGION1,TZELZMPH1,2042,0.0
REGION1,CIELLRPH1,2042,0.0
REGION1,GNELMLPH1,2042,0.0
REGION1,AOELZMPH1,2042,0.0
REGION1,BFELBJPH1,2042,0.0
REGION1,BFELTGPH1,2042,0.0
REGION1,BIELTZPH1,2042,0.0
REGION1,BJELGHPH1,2042,0.0
REGION1,BWELZMPH1,2042,0.0
REGION1,CDELCFPH1,2042,0.0
REGION1,CDELSDPH1,2042,0.0
REGION1,CDELTZPH1,2042,0.0
REGION1,CDELUGPH1,2042,0.0
REGION1,CFELCGPH1,2042,0.0
REGION1,CFELCMPH1,2042,0.0
REGION1,CFELSDPH1,2042,0.0
REGION1,CFELTDPH1,2042,0.0
REGION1,CGELCMPH1,2042,0.0
REGION1,CIELGNPH1,2042,0.0
REGION1,CMELGAPH1,2042,0.0
REGION1,CMELNGPH1,2042,0.0
REGION1,DJELERPH1,2042,0.0
REGION1,DJELSOPH1,2042,0.0
REGION1,DZELLYPH1,2042,0.0
REGION1,DZELMLPH1,2042,0.0
REGION1,DZELMRPH1,2042,0.0
REGION1,DZELNEPH1,2042,0.0
REGION1,ETELERPH1,2042,0.0
REGION1,ETELSOPH1,2042,0.0
REGION1,GWELSNPH1,2042,0.0
REGION1,KEELSDPH1,2042,0.0
REGION1,KEELSOPH1,2042,0.0
REGION1,LYELNEPH1,2042,0.0
REGION1,LYELSDPH1,2042,0.0
REGION1,LYELTDPH1,2042,0.0
REGION1,LYELTNPH1,2042,0.0
REGION1,MLELMRPH1,2042,0.0
REGION1,MLELNEPH1,2042,0.0
REGION1,MRELSNPH1,2042,0.0
REGION1,MWELTZPH1,2042,0.0
REGION1,MZELTZPH1,2042,0.0
REGION1,MZELZMPH1,2042,0.0
REGION1,NEELTDPH1,2042,0.0
REGION1,NGELTDPH1,2042,0.0
REGION1,RWELTZPH1,2042,0.0
REGION1,SDELERPH1,2042,0.0
REGION1,SDELTDPH1,2042,0.0
REGION1,SDELUGPH1,2042,0.0
REGION1,CYELGRPH1,2042,0.0
REGION1,ALNGGRPI0,2042,0.0
REGION1,ALNGITPI0,2042,0.0
REGION1,ATNGDEPI0,2042,0.0
REGION1,ATNGHUPI0,2042,0.0
REGION1,ATNGITPI0,2042,0.0
REGION1,ATNGSIPI0,2042,0.0
REGION1,ATNGSKPI0,2042,0.0
REGION1,BENGDEPI0,2042,0.0
REGION1,BENGFRPI0,2042,0.0
REGION1,BENGUKPI0,2042,0.0
REGION1,BENGNLPI0,2042,0.0
REGION1,BGNGGRPI0,2042,0.0
REGION1,BGNGROPI0,2042,0.0
REGION1,BYNGLTPI0,2042,0.0
REGION1,CYNGEGPI0,2042,0.0
REGION1,CYNGGRPI0,2042,0.0
REGION1,CZNGDEPI0,2042,0.0
REGION1,CZNGPLPI0,2042,0.0
REGION1,CZNGSKPI0,2042,0.0
REGION1,DENGCHPI0,2042,0.0
REGION1,DENGFRPI0,2042,0.0
REGION1,DENGNLPI0,2042,0.0
REGION1,DENGPLPI0,2042,0.0
REGION1,DKNGDEPI0,2042,0.0
REGION1,DKNGPLPI0,2042,0.0
REGION1,DKNGSEPI0,2042,0.0
REGION1,DZNGESPI0,2042,0.0
REGION1,DZNGITPI0,2042,0.0
REGION1,EENGFIPI0,2042,0.0
REGION1,EENGLVPI0,2042,0.0
REGION1,FRNGCHPI0,2042,0.0
REGION1,FRNGESPI0,2042,0.0
REGION1,GRNGITPI0,2042,0.0
REGION1,HRNGHUPI0,2042,0.0
REGION1,HRNGSIPI0,2042,0.0
REGION1,HUNGROPI0,2042,0.0
REGION1,HUNGSKPI0,2042,0.0
REGION1,IENGUKPI0,2042,0.0
REGION1,ITNGCHPI0,2042,0.0
REGION1,ITNGMTPI0,2042,0.0
REGION1,ITNGSIPI0,2042,0.0
REGION1,LTNGPLPI0,2042,0.0
REGION1,LVNGLTPI0,2042,0.0
REGION1,LYNGITPI0,2042,0.0
REGION1,MANGESPI0,2042,0.0
REGION1,MDNGROPI0,2042,0.0
REGION1,NLNGUKPI0,2042,0.0
REGION1,NONGBEPI0,2042,0.0
REGION1,NONGDEPI0,2042,0.0
REGION1,NONGDKPI0,2042,0.0
REGION1,NONGFRPI0,2042,0.0
REGION1,NONGUKPI0,2042,0.0
REGION1,NONGNLPI0,2042,0.0
REGION1,PLNGSKPI0,2042,0.0
REGION1,PTNGESPI0,2042,0.0
REGION1,RSNGBGPI0,2042,0.0
REGION1,RSNGHUPI0,2042,0.0
REGION1,RSNGROPI0,2042,0.0
REGION1,RUNGEEPI0,2042,0.0
REGION1,RUNGFIPI0,2042,0.0
REGION1,RUNGLVPI0,2042,0.0
REGION1,TRNGBGPI0,2042,0.0
REGION1,TRNGGRPI0,2042,0.0
REGION1,UANGHUPI0,2042,0.0
REGION1,UANGPLPI0,2042,0.0
REGION1,UANGROPI0,2042,0.0
REGION1,UANGSKPI0,2042,0.0
REGION1,BENGLUPI0,2042,0.0
REGION1,NGNGDZPI0,2042,0.0
REGION1,MZNGZAPI0,2042,0.0
REGION1,NGNGLYPI0,2042,0.0
REGION1,ETNGDJPI0,2042,0.0
REGION1,NGNGGQPI0,2042,0.0
REGION1,TZNGKEPI0,2042,0.0
REGION1,NGNGMAPI0,2042,0.0
REGION1,NGNGBJPI0,2042,0.0
REGION1,NGNGGHPI0,2042,0.0
REGION1,NGNGNEPI0,2042,0.0
REGION1,NGNGTGPI0,2042,0.0
REGION1,NGNGTNPI0,2042,0.0
REGION1,DZNGMAPI0,2042,0.0
REGION1,BELG00I00,2043,0.0
REGION1,HRLG00I00,2043,0.0
REGION1,CYLG00I00,2043,0.0
REGION1,FRLG00I00,2043,0.0
REGION1,FILG00I00,2043,0.0
REGION1,DELG00I00,2043,0.0
REGION1,GRLG00I00,2043,0.0
REGION1,ITLG00I00,2043,0.0
REGION1,LVLG00I00,2043,0.0
REGION1,LTLG00I00,2043,0.0
REGION1,MTLG00I00,2043,0.0
REGION1,NLLG00I00,2043,0.0
REGION1,PLLG00I00,2043,0.0
REGION1,ESLG00I00,2043,0.0
REGION1,UKLG00I00,2043,0.0
REGION1,PTLG00I00,2043,0.0
REGION1,BENUG2PN1,2043,0.0
REGION1,BGNUG2PN1,2043,0.0
REGION1,CZNUG2PN1,2043,0.0
REGION1,DENUG2PN1,2043,0.0
REGION1,ESNUG2PN1,2043,0.0
REGION1,FINUG2PN1,2043,0.0
REGION1,FRNUG2PN1,2043,0.0
REGION1,HUNUG2PN1,2043,0.0
REGION1,NLNUG2PN1,2043,0.0
REGION1,RONUG2PN1,2043,0.0
REGION1,SENUG2PN1,2043,0.0
REGION1,SINUG2PN1,2043,0.0
REGION1,SKNUG2PN1,2043,0.0
REGION1,CHNUG2PN1,2043,0.0
REGION1,UKNUG2PN1,2043,0.0
REGION1,ATHYDSPN1,2043,0.0
REGION1,BEHYDSPN1,2043,0.0
REGION1,BGHYDSPN1,2043,0.0
REGION1,CZHYDSPN1,2043,0.0
REGION1,DEHYDSPN1,2043,0.0
REGION1,GRHYDSPN1,2043,0.0
REGION1,ESHYDSPN1,2043,0.0
REGION1,FRHYDSPN1,2043,0.0
REGION1,HRHYDSPN1,2043,0.0
REGION1,IEHYDSPN1,2043,0.0
REGION1,ITHYDSPN1,2043,0.0
REGION1,LTHYDSPN1,2043,0.0
REGION1,LUHYDSPN1,2043,0.0
REGION1,PLHYDSPN1,2043,0.0
REGION1,PTHYDSPN1,2043,0.0
REGION1,ROHYDSPN1,2043,0.0
REGION1,SEHYDSPN1,2043,0.0
REGION1,SIHYDSPN1,2043,0.0
REGION1,SKHYDSPN1,2043,0.0
REGION1,CHHYDSPN1,2043,0.0
REGION1,UKHYDSPN1,2043,0.0
REGION1,ATHYDMPN1,2043,0.0
REGION1,ATHYDRPN1,2043,0.0
REGION1,BEHYDMPN1,2043,0.0
REGION1,BEHYDRPN1,2043,0.0
REGION1,BGHYDMPN1,2043,0.0
REGION1,BGHYDRPN1,2043,0.0
REGION1,CZHYDRPN1,2043,0.0
REGION1,CZHYDMPN1,2043,0.0
REGION1,DEHYDMPN1,2043,0.0
REGION1,DEHYDRPN1,2043,0.0
REGION1,DKHYDRPN1,2043,0.0
REGION1,DKHYDMPN1,2043,0.0
REGION1,EEHYDRPN1,2043,0.0
REGION1,GRHYDMPN1,2043,0.0
REGION1,GRHYDRPN1,2043,0.0
REGION1,ESHYDMPN1,2043,0.0
REGION1,ESHYDRPN1,2043,0.0
REGION1,FIHYDMPN1,2043,0.0
REGION1,FIHYDRPN1,2043,0.0
REGION1,FRHYDMPN1,2043,0.0
REGION1,FRHYDRPN1,2043,0.0
REGION1,HRHYDMPN1,2043,0.0
REGION1,HRHYDRPN1,2043,0.0
REGION1,HUHYDMPN1,2043,0.0
REGION1,HUHYDRPN1,2043,0.0
REGION1,IEHYDMPN1,2043,0.0
REGION1,IEHYDRPN1,2043,0.0
REGION1,ITHYDMPN1,2043,0.0
REGION1,ITHYDRPN1,2043,0.0
REGION1,LTHYDRPN1,2043,0.0
REGION1,LUHYDRPN1,2043,0.0
REGION1,LVHYDMPN1,2043,0.0
REGION1,LVHYDRPN1,2043,0.0
REGION1,NLHYDRPN1,2043,0.0
REGION1,PLHYDMPN1,2043,0.0
REGION1,PLHYDRPN1,2043,0.0
REGION1,PTHYDMPN1,2043,0.0
REGION1,PTHYDRPN1,2043,0.0
REGION1,ROHYDMPN1,2043,0.0
REGION1,ROHYDRPN1,2043,0.0
REGION1,SEHYDMPN1,2043,0.0
REGION1,SEHYDRPN1,2043,0.0
REGION1,SIHYDMPN1,2043,0.0
REGION1,SIHYDRPN1,2043,0.0
REGION1,SKHYDMPN1,2043,0.0
REGION1,SKHYDRPN1,2043,0.0
REGION1,NOHYDRPN1,2043,0.0
REGION1,NOHYDMPN1,2043,0.0
REGION1,CHHYDRPN1,2043,0.0
REGION1,CHHYDMPN1,2043,0.0
REGION1,UKHYDMPN1,2043,0.0
REGION1,UKHYDRPN1,2043,0.0
REGION1,EGLG00I00,2043,0.0
REGION1,GHLG00I00,2043,0.0
REGION1,MALG00I00,2043,0.0
REGION1,MZLG00I00,2043,0.0
REGION1,SNLG00I00,2043,0.0
REGION1,ZALG00I00,2043,0.0
REGION1,DZLG00E00,2043,0.0
REGION1,NGLG00E00,2043,0.0
REGION1,EGLG00E00,2043,0.0
REGION1,AOLG00E00,2043,0.0
REGION1,GQLG00E00,2043,0.0
REGION1,MZLG00E00,2043,0.0
REGION1,CGLG00E00,2043,0.0
REGION1,GALG00E00,2043,0.0
REGION1,MRLG00E00,2043,0.0
REGION1,SNLG00E00,2043,0.0
REGION1,TZLG00E00,2043,0.0
REGION1,BFHYDMSN1,2043,0.0
REGION1,BIHYDMSN1,2043,0.0
REGION1,CMHYDMSN1,2043,0.0
REGION1,CDHYDMSN1,2043,0.0
REGION1,ETHYDMSN1,2043,0.0
REGION1,KEHYDMSN1,2043,0.0
REGION1,MLHYDMSN1,2043,0.0
REGION1,NGHYDMSN1,2043,0.0
REGION1,UGHYDMSN1,2043,0.0
REGION1,ZMHYDMSN1,2043,0.0
REGION1,DZHYDMSN1,2043,0.0
REGION1,EGHYDMSN1,2043,0.0
REGION1,MAHYDMSN1,2043,0.0
REGION1,SDHYDMSN1,2043,0.0
REGION1,TNHYDMSN1,2043,0.0
REGION1,AOHYDMSN1,2043,0.0
REGION1,BJHYDMSN1,2043,0.0
REGION1,CFHYDMSN1,2043,0.0
REGION1,CGHYDMSN1,2043,0.0
REGION1,CIHYDMSN1,2043,0.0
REGION1,GQHYDMSN1,2043,0.0
REGION1,SZHYDMSN1,2043,0.0
REGION1,GAHYDMSN1,2043,0.0
REGION1,GHHYDMSN1,2043,0.0
REGION1,GNHYDMSN1,2043,0.0
REGION1,LSHYDMSN1,2043,0.0
REGION1,LRHYDMSN1,2043,0.0
REGION1,MWHYDMSN1,2043,0.0
REGION1,MZHYDMSN1,2043,0.0
REGION1,NAHYDMSN1,2043,0.0
REGION1,RWHYDMSN1,2043,0.0
REGION1,SNHYDMSN1,2043,0.0
REGION1,SLHYDMSN1,2043,0.0
REGION1,ZAHYDMSN1,2043,0.0
REGION1,TGHYDMSN1,2043,0.0
REGION1,TZHYDMSN1,2043,0.0
REGION1,ZWHYDMSN1,2043,0.0
REGION1,MAHYDSPN1,2043,0.0
REGION1,ZAHYDSPN1,2043,0.0
REGION1,KEBATTN1,2043,0.0
REGION1,ETBMCHPN1,2043,0.0
REGION1,KEBMCHPN1,2043,0.0
REGION1,ZABMCHPN1,2043,0.0
REGION1,BWCOSCPN1,2043,0.0
REGION1,ZACOSCPN1,2043,0.0
REGION1,ETGOCVPN1,2043,0.0
REGION1,KEGOCVPN1,2043,0.0
REGION1,RWNGGCPN1,2043,0.0
REGION1,DZNGCCPN1,2043,0.0
REGION1,MANGCCPN1,2043,0.0
REGION1,TNNGCCPN1,2043,0.0
REGION1,UGNGCCPN1,2043,0.0
REGION1,MZNGGCPN1,2043,0.0
REGION1,NGNGGCPN1,2043,0.0
REGION1,AOSOU1PN1,2043,0.0
REGION1,GASOU1PN1,2043,0.0
REGION1,DZSOU1PN1,2043,0.0
REGION1,MASOU1PN1,2043,0.0
REGION1,TNSOU1PN1,2043,0.0
REGION1,ETSOU1PN1,2043,0.0
REGION1,KESOU1PN1,2043,0.0
REGION1,TZSOU1PN1,2043,0.0
REGION1,BWSOU1PN1,2043,0.0
REGION1,ZASOU1PN1,2043,0.0
REGION1,MAWINDPN1,2043,0.0
REGION1,TNWINDPN1,2043,0.0
REGION1,ETWINDPN1,2043,0.0
REGION1,KEWINDPN1,2043,0.0
REGION1,ZAWINDPN1,2043,0.0
REGION1,CICOSCPN1,2043,0.0
REGION1,EGNULWPN1,2043,0.0
REGION1,SSHYDMSN1,2043,0.0
REGION1,MABATTN1,2043,0.0
REGION1,CGSOU1PN1,2043,0.0
REGION1,DJSOU1PN1,2043,0.0
REGION1,DZWINDPN1,2043,0.0
REGION1,ERSOU1PN1,2043,0.0
REGION1,ERWINDPN1,2043,0.0
REGION1,GHWINDPN1,2043,0.0
REGION1,GQSOU1PN1,2043,0.0
REGION1,GWSOU1PN1,2043,0.0
REGION1,LRSOU1PN1,2043,0.0
REGION1,RWSOU1PN1,2043,0.0
REGION1,SLSOU1PN1,2043,0.0
REGION1,SSSOU1PN1,2043,0.0
REGION1,SZNGCCPN1,2043,0.0
REGION1,SZWINDPN1,2043,0.0
REGION1,TDWINDPN1,2043,0.0
REGION1,TGWINDPN1,2043,0.0
REGION1,TZWINDPN1,2043,0.0
REGION1,ZMSOU1PN1,2043,0.0
REGION1,DZNGCCPH1,2043,0.0
REGION1,DZNGGCPH1,2043,0.0
REGION1,DZSOU1PH1,2043,0.0
REGION1,EGBMCHPH1,2043,0.0
REGION1,EGSOU1PH1,2043,0.0
REGION1,EGWINDPH1,2043,0.0
REGION1,LYNGCCPH1,2043,0.0
REGION1,LYNGGCPH1,2043,0.0
REGION1,LYLFRCPH1,2043,0.0
REGION1,LYHFGCPH1,2043,0.0
REGION1,LYSOU1PH1,2043,0.0
REGION1,MASOU1PH1,2043,0.0
REGION1,MAWINDPH1,2043,0.0
REGION1,SDSOU1PH1,2043,0.0
REGION1,TNNGCCPH1,2043,0.0
REGION1,TNNGGCPH1,2043,0.0
REGION1,TNSOU1PH1,2043,0.0
REGION1,AOSOU1PH1,2043,0.0
REGION1,BJSOU1PH1,2043,0.0
REGION1,BFLFRCPH1,2043,0.0
REGION1,BFHFGCPH1,2043,0.0
REGION1,BFHYDMSH1,2043,0.0
REGION1,BFSOU1PH1,2043,0.0
REGION1,BIHYDMSH1,2043,0.0
REGION1,CMHYDMSH1,2043,0.0
REGION1,CMSOU1PH1,2043,0.0
REGION1,CFSOU1PH1,2043,0.0
REGION1,CINGCCPH1,2043,0.0
REGION1,CINGGCPH1,2043,0.0
REGION1,CISOU1PH1,2043,0.0
REGION1,CDLFRCPH1,2043,0.0
REGION1,CDHFGCPH1,2043,0.0
REGION1,CDHYDMSH1,2043,0.0
REGION1,CDSOU1PH1,2043,0.0
REGION1,DJWINDPH1,2043,0.0
REGION1,ETBMCHPH1,2043,0.0
REGION1,ETHYDMSH1,2043,0.0
REGION1,ETWINDPH1,2043,0.0
REGION1,GHNGCCPH1,2043,0.0
REGION1,GHNGGCPH1,2043,0.0
REGION1,GHSOU1PH1,2043,0.0
REGION1,KEGOCVPH1,2043,0.0
REGION1,KEHYDMSH1,2043,0.0
REGION1,KESOU1PH1,2043,0.0
REGION1,LSSOU1PH1,2043,0.0
REGION1,MWSOU1PH1,2043,0.0
REGION1,MLHYDMSH1,2043,0.0
REGION1,MLSOU1PH1,2043,0.0
REGION1,MRSOU1PH1,2043,0.0
REGION1,MRWINDPH1,2043,0.0
REGION1,MZLFRCPH1,2043,0.0
REGION1,MZHFGCPH1,2043,0.0
REGION1,MZSOU1PH1,2043,0.0
REGION1,NASOU1PH1,2043,0.0
REGION1,NELFRCPH1,2043,0.0
REGION1,NEHFGCPH1,2043,0.0
REGION1,NESOU1PH1,2043,0.0
REGION1,NGNGCCPH1,2043,0.0
REGION1,NGNGGCPH1,2043,0.0
REGION1,NGLFRCPH1,2043,0.0
REGION1,NGHFGCPH1,2043,0.0
REGION1,NGHYDMSH1,2043,0.0
REGION1,NGSOU1PH1,2043,0.0
REGION1,RWCOSCPH1,2043,0.0
REGION1,SNNGCCPH1,2043,0.0
REGION1,SNLFRCPH1,2043,0.0
REGION1,SNHFGCPH1,2043,0.0
REGION1,SNSOU1PH1,2043,0.0
REGION1,ZANULWPH1,2043,0.0
REGION1,ZASOU1PH1,2043,0.0
REGION1,SSWINDPH1,2043,0.0
REGION1,TGSOU1PH1,2043,0.0
REGION1,UGHYDMSH1,2043,0.0
REGION1,TZSOU1PH1,2043,0.0
REGION1,ZMHYDMSH1,2043,0.0
REGION1,ZWSOU1PH1,2043,0.0
REGION1,ZWCOSCPH1,2043,0.0
REGION1,DZLFRCPH1,2043,0.0
REGION1,DZHFGCPH1,2043,0.0
REGION1,DZHYDMSH1,2043,0.0
REGION1,DZSOC1PH1,2043,0.0
REGION1,EGNGCCPH1,2043,0.0
REGION1,EGNGGCPH1,2043,0.0
REGION1,EGLFRCPH1,2043,0.0
REGION1,EGHFGCPH1,2043,0.0
REGION1,EGHYDMSH1,2043,0.0
REGION1,EGSOC1PH1,2043,0.0
REGION1,MACOSCPH1,2043,0.0
REGION1,MALFRCPH1,2043,0.0
REGION1,MAHFGCPH1,2043,0.0
REGION1,MANGCCPH1,2043,0.0
REGION1,MANGGCPH1,2043,0.0
REGION1,MABMCHPH1,2043,0.0
REGION1,MAHYDMSH1,2043,0.0
REGION1,MASOC1PH1,2043,0.0
REGION1,SDLFRCPH1,2043,0.0
REGION1,SDHFGCPH1,2043,0.0
REGION1,SDBMCHPH1,2043,0.0
REGION1,SDHYDMSH1,2043,0.0
REGION1,TNLFRCPH1,2043,0.0
REGION1,TNHFGCPH1,2043,0.0
REGION1,TNHYDMSH1,2043,0.0
REGION1,TNWINDPH1,2043,0.0
REGION1,AONGGCPH1,2043,0.0
REGION1,AOLFRCPH1,2043,0.0
REGION1,AOHFGCPH1,2043,0.0
REGION1,AOBMCHPH1,2043,0.0
REGION1,AOHYDMSH1,2043,0.0
REGION1,BJNGGCPH1,2043,0.0
REGION1,BJLFRCPH1,2043,0.0
REGION1,BJHFGCPH1,2043,0.0
REGION1,BJHYDMSH1,2043,0.0
REGION1,BWCOSCPH1,2043,0.0
REGION1,BWLFRCPH1,2043,0.0
REGION1,BWSOU1PH1,2043,0.0
REGION1,BFBMCHPH1,2043,0.0
REGION1,BILFRCPH1,2043,0.0
REGION1,BISOU1PH1,2043,0.0
REGION1,CMNGGCPH1,2043,0.0
REGION1,CMLFRCPH1,2043,0.0
REGION1,CMHFGCPH1,2043,0.0
REGION1,CFLFRCPH1,2043,0.0
REGION1,CFHYDMSH1,2043,0.0
REGION1,TDNGCCPH1,2043,0.0
REGION1,TDLFRCPH1,2043,0.0
REGION1,TDHFGCPH1,2043,0.0
REGION1,TDBMCHPH1,2043,0.0
REGION1,TDSOU1PH1,2043,0.0
REGION1,CGNGGCPH1,2043,0.0
REGION1,CGLFRCPH1,2043,0.0
REGION1,CGHFGCPH1,2043,0.0
REGION1,CGBMCHPH1,2043,0.0
REGION1,CGHYDMSH1,2043,0.0
REGION1,CILFRCPH1,2043,0.0
REGION1,CIHFGCPH1,2043,0.0
REGION1,CIHYDMSH1,2043,0.0
REGION1,DJLFRCPH1,2043,0.0
REGION1,DJHFGCPH1,2043,0.0
REGION1,GWNGCCPH1,2043,0.0
REGION1,GQNGGCPH1,2043,0.0
REGION1,GQLFRCPH1,2043,0.0
REGION1,GQHFGCPH1,2043,0.0
REGION1,GQHYDMSH1,2043,0.0
REGION1,ERLFRCPH1,2043,0.0
REGION1,ERHFGCPH1,2043,0.0
REGION1,SZLFRCPH1,2043,0.0
REGION1,SZHFGCPH1,2043,0.0
REGION1,SZBMCHPH1,2043,0.0
REGION1,SZHYDMSH1,2043,0.0
REGION1,SZSOU1PH1,2043,0.0
REGION1,ETLFRCPH1,2043,0.0
REGION1,ETGOCVPH1,2043,0.0
REGION1,GANGGCPH1,2043,0.0
REGION1,GALFRCPH1,2043,0.0
REGION1,GAHFGCPH1,2043,0.0
REGION1,GAHYDMSH1,2043,0.0
REGION1,GMLFRCPH1,2043,0.0
REGION1,GMHFGCPH1,2043,0.0
REGION1,GMWINDPH1,2043,0.0
REGION1,GMSOU1PH1,2043,0.0
REGION1,GHLFRCPH1,2043,0.0
REGION1,GHHFGCPH1,2043,0.0
REGION1,GHBMCHPH1,2043,0.0
REGION1,GHHYDMSH1,2043,0.0
REGION1,GNLFRCPH1,2043,0.0
REGION1,GNHFGCPH1,2043,0.0
REGION1,GNHYDMSH1,2043,0.0
REGION1,GNSOU1PH1,2043,0.0
REGION1,GWLFRCPH1,2043,0.0
REGION1,KELFRCPH1,2043,0.0
REGION1,KEHFGCPH1,2043,0.0
REGION1,KEBMCHPH1,2043,0.0
REGION1,KEWINDPH1,2043,0.0
REGION1,LSHYDMSH1,2043,0.0
REGION1,LRLFRCPH1,2043,0.0
REGION1,LRHFGCPH1,2043,0.0
REGION1,LRHYDMSH1,2043,0.0
REGION1,MWLFRCPH1,2043,0.0
REGION1,MWBMCHPH1,2043,0.0
REGION1,MWHYDMSH1,2043,0.0
REGION1,MLLFRCPH1,2043,0.0
REGION1,MLHFGCPH1,2043,0.0
REGION1,MLBMCHPH1,2043,0.0
REGION1,MRNGCCPH1,2043,0.0
REGION1,MRLFRCPH1,2043,0.0
REGION1,MRHFGCPH1,2043,0.0
REGION1,MZNGGCPH1,2043,0.0
REGION1,MZBMCHPH1,2043,0.0
REGION1,MZHYDMSH1,2043,0.0
REGION1,NACOSCPH1,2043,0.0
REGION1,NALFRCPH1,2043,0.0
REGION1,NAHFGCPH1,2043,0.0
REGION1,NABMCHPH1,2043,0.0
REGION1,NAHYDMSH1,2043,0.0
REGION1,NAWINDPH1,2043,0.0
REGION1,NECOSCPH1,2043,0.0
REGION1,NENGCCPH1,2043,0.0
REGION1,NGBMCHPH1,2043,0.0
REGION1,RWWINDPH1,2043,0.0
REGION1,RWNGGCPH1,2043,0.0
REGION1,RWLFRCPH1,2043,0.0
REGION1,RWHFGCPH1,2043,0.0
REGION1,RWBMCHPH1,2043,0.0
REGION1,RWHYDMSH1,2043,0.0
REGION1,SNHYDMSH1,2043,0.0
REGION1,SNCOSCPH1,2043,0.0
REGION1,SNBMCHPH1,2043,0.0
REGION1,SLWINDPH1,2043,0.0
REGION1,SLLFRCPH1,2043,0.0
REGION1,SLHFGCPH1,2043,0.0
REGION1,SLBMCHPH1,2043,0.0
REGION1,SLHYDMSH1,2043,0.0
REGION1,ZACOSCPH1,2043,0.0
REGION1,ZALFRCPH1,2043,0.0
REGION1,ZAHFGCPH1,2043,0.0
REGION1,ZABMCHPH1,2043,0.0
REGION1,ZAHYDMSH1,2043,0.0
REGION1,ZASOC1PH1,2043,0.0
REGION1,SSLFRCPH1,2043,0.0
REGION1,SSHFGCPH1,2043,0.0
REGION1,TGNGCCPH1,2043,0.0
REGION1,TGLFRCPH1,2043,0.0
REGION1,TGHFGCPH1,2043,0.0
REGION1,TGHYDMSH1,2043,0.0
REGION1,UGSOU1PH1,2043,0.0
REGION1,UGLFRCPH1,2043,0.0
REGION1,UGHFGCPH1,2043,0.0
REGION1,UGBMCHPH1,2043,0.0
REGION1,TZNGGCPH1,2043,0.0
REGION1,TZLFRCPH1,2043,0.0
REGION1,TZHFGCPH1,2043,0.0
REGION1,TZBMCHPH1,2043,0.0
REGION1,TZHYDMSH1,2043,0.0
REGION1,ZMWINDPH1,2043,0.0
REGION1,ZMCOSCPH1,2043,0.0
REGION1,ZMLFRCPH1,2043,0.0
REGION1,ZMHFGCPH1,2043,0.0
REGION1,ZMBMCHPH1,2043,0.0
REGION1,ZWLFRCPH1,2043,0.0
REGION1,SNWINDPH1,2043,0.0
REGION1,ZWHYDMSH1,2043,0.0
REGION1,ZWBMCHPH1,2043,0.0
REGION1,SOLFRCPH1,2043,0.0
REGION1,SOSOU1PH1,2043,0.0
REGION1,SOWINDPH1,2043,0.0
REGION1,MAHYDSPH1,2043,0.0
REGION1,ZAHYDSPH1,2043,0.0
REGION1,ATELCZPH1,2043,0.0
REGION1,ATELDEPH1,2043,0.0
REGION1,ATELHUPH1,2043,0.0
REGION1,ATELITPH1,2043,0.0
REGION1,ATELSIPH1,2043,0.0
REGION1,ATELCHPH1,2043,0.0
REGION1,BEELFRPH1,2043,0.0
REGION1,BEELDEPH1,2043,0.0
REGION1,BEELLUPH1,2043,0.0
REGION1,BEELNLPH1,2043,0.0
REGION1,BEELUKPH1,2043,0.0
REGION1,BGELGRPH1,2043,0.0
REGION1,BGELROPH1,2043,0.0
REGION1,CZELDEPH1,2043,0.0
REGION1,CZELPLPH1,2043,0.0
REGION1,CZELSKPH1,2043,0.0
REGION1,HRELHUPH1,2043,0.0
REGION1,HRELSIPH1,2043,0.0
REGION1,DKELNLPH1,2043,0.0
REGION1,DKELNOPH1,2043,0.0
REGION1,DKELSEPH1,2043,0.0
REGION1,DKELUKPH1,2043,0.0
REGION1,EEELFIPH1,2043,0.0
REGION1,EEELLVPH1,2043,0.0
REGION1,FIELNOPH1,2043,0.0
REGION1,FIELSEPH1,2043,0.0
REGION1,FRELITPH1,2043,0.0
REGION1,FRELLUPH1,2043,0.0
REGION1,FRELUKPH1,2043,0.0
REGION1,DEELDKPH1,2043,0.0
REGION1,DEELFRPH1,2043,0.0
REGION1,DEELLUPH1,2043,0.0
REGION1,DEELNLPH1,2043,0.0
REGION1,DEELNOPH1,2043,0.0
REGION1,DEELPLPH1,2043,0.0
REGION1,DEELSEPH1,2043,0.0
REGION1,DEELUKPH1,2043,0.0
REGION1,HUELROPH1,2043,0.0
REGION1,HUELSKPH1,2043,0.0
REGION1,HUELSIPH1,2043,0.0
REGION1,IEELUKPH1,2043,0.0
REGION1,ITELMTPH1,2043,0.0
REGION1,ITELSIPH1,2043,0.0
REGION1,LTELLVPH1,2043,0.0
REGION1,LTELPLPH1,2043,0.0
REGION1,LTELSEPH1,2043,0.0
REGION1,NLELNOPH1,2043,0.0
REGION1,NLELUKPH1,2043,0.0
REGION1,NOELSEPH1,2043,0.0
REGION1,NOELUKPH1,2043,0.0
REGION1,PLELSKPH1,2043,0.0
REGION1,PLELSEPH1,2043,0.0
REGION1,ESELFRPH1,2043,0.0
REGION1,ESELPTPH1,2043,0.0
REGION1,CHELFRPH1,2043,0.0
REGION1,CHELDEPH1,2043,0.0
REGION1,CHELITPH1,2043,0.0
REGION1,GRELITPH1,2043,0.0
REGION1,BGELMKPH1,2043,0.0
REGION1,BGELRSPH1,2043,0.0
REGION1,BGELTRPH1,2043,0.0
REGION1,HRELBAPH1,2043,0.0
REGION1,HRELRSPH1,2043,0.0
REGION1,EEELRUPH1,2043,0.0
REGION1,GRELALPH1,2043,0.0
REGION1,GRELTRPH1,2043,0.0
REGION1,HUELRSPH1,2043,0.0
REGION1,HUELUAPH1,2043,0.0
REGION1,ITELMEPH1,2043,0.0
REGION1,LVELRUPH1,2043,0.0
REGION1,LTELBYPH1,2043,0.0
REGION1,LTELRUPH1,2043,0.0
REGION1,PLELUAPH1,2043,0.0
REGION1,ROELMDPH1,2043,0.0
REGION1,ROELRSPH1,2043,0.0
REGION1,ROELUAPH1,2043,0.0
REGION1,SKELUAPH1,2043,0.0
REGION1,GRELMKPH1,2043,0.0
REGION1,ESELMAPH1,2043,0.0
REGION1,CYELILPH1,2043,0.0
REGION1,SEELLVPH1,2043,0.0
REGION1,BEELDKPH1,2043,0.0
REGION1,ITELTNPH1,2043,0.0
REGION1,GRELEGPH1,2043,0.0
REGION1,ITELDZPH1,2043,0.0
REGION1,MTELTNPH1,2043,0.0
REGION1,ROELGEPH1,2043,0.0
REGION1,ESELITPH1,2043,0.0
REGION1,DEELLVPH1,2043,0.0
REGION1,GRELDEPH1,2043,0.0
REGION1,ITELSAPH1,2043,0.0
REGION1,UKELMAPH1,2043,0.0
REGION1,DEELMAPH1,2043,0.0
REGION1,BIELRWPH1,2043,0.0
REGION1,BWELZAPH1,2043,0.0
REGION1,CDELBIPH1,2043,0.0
REGION1,CDELCGPH1,2043,0.0
REGION1,CDELRWPH1,2043,0.0
REGION1,CDELZMPH1,2043,0.0
REGION1,CIELBFPH1,2043,0.0
REGION1,EGELJOPH1,2043,0.0
REGION1,EGELSDPH1,2043,0.0
REGION1,ETELDJPH1,2043,0.0
REGION1,ETELSDPH1,2043,0.0
REGION1,GHELCIPH1,2043,0.0
REGION1,GHELTGPH1,2043,0.0
REGION1,KEELTZPH1,2043,0.0
REGION1,LSELZAPH1,2043,0.0
REGION1,LYELEGPH1,2043,0.0
REGION1,MAELDZPH1,2043,0.0
REGION1,MZELSZPH1,2043,0.0
REGION1,MZELZAPH1,2043,0.0
REGION1,MZELZWPH1,2043,0.0
REGION1,NGELBJPH1,2043,0.0
REGION1,NGELNEPH1,2043,0.0
REGION1,NAELZAPH1,2043,0.0
REGION1,RWELBIPH1,2043,0.0
REGION1,SNELMLPH1,2043,0.0
REGION1,TGELBJPH1,2043,0.0
REGION1,TNELDZPH1,2043,0.0
REGION1,TZELUGPH1,2043,0.0
REGION1,UGELKEPH1,2043,0.0
REGION1,UGELRWPH1,2043,0.0
REGION1,UGELTZPH1,2043,0.0
REGION1,ZAELSZPH1,2043,0.0
REGION1,ZAELZWPH1,2043,0.0
REGION1,ZMELZWPH1,2043,0.0
REGION1,AOELBWPH1,2043,0.0
REGION1,AOELCDPH1,2043,0.0
REGION1,AOELNAPH1,2043,0.0
REGION1,BFELMLPH1,2043,0.0
REGION1,BWELNAPH1,2043,0.0
REGION1,CDELNAPH1,2043,0.0
REGION1,CDELZAPH1,2043,0.0
REGION1,CGELGAPH1,2043,0.0
REGION1,CMELTDPH1,2043,0.0
REGION1,ETELKEPH1,2043,0.0
REGION1,GAELGQPH1,2043,0.0
REGION1,GHELBFPH1,2043,0.0
REGION1,GMELGWPH1,2043,0.0
REGION1,GQELCMPH1,2043,0.0
REGION1,GWELGNPH1,2043,0.0
REGION1,LRELGNPH1,2043,0.0
REGION1,LRELSLPH1,2043,0.0
REGION1,MLELCIPH1,2043,0.0
REGION1,MWELMZPH1,2043,0.0
REGION1,MWELZMPH1,2043,0.0
REGION1,NAELZWPH1,2043,0.0
REGION1,NEELBFPH1,2043,0.0
REGION1,NEELBJPH1,2043,0.0
REGION1,NEELTGPH1,2043,0.0
REGION1,SLELGNPH1,2043,0.0
REGION1,SNELGMPH1,2043,0.0
REGION1,SNELGNPH1,2043,0.0
REGION1,TGELGHPH1,2043,0.0
REGION1,TZELZMPH1,2043,0.0
REGION1,CIELLRPH1,2043,0.0
REGION1,GNELMLPH1,2043,0.0
REGION1,AOELZMPH1,2043,0.0
REGION1,BFELBJPH1,2043,0.0
REGION1,BFELTGPH1,2043,0.0
REGION1,BIELTZPH1,2043,0.0
REGION1,BJELGHPH1,2043,0.0
REGION1,BWELZMPH1,2043,0.0
REGION1,CDELCFPH1,2043,0.0
REGION1,CDELSDPH1,2043,0.0
REGION1,CDELTZPH1,2043,0.0
REGION1,CDELUGPH1,2043,0.0
REGION1,CFELCGPH1,2043,0.0
REGION1,CFELCMPH1,2043,0.0
REGION1,CFELSDPH1,2043,0.0
REGION1,CFELTDPH1,2043,0.0
REGION1,CGELCMPH1,2043,0.0
REGION1,CIELGNPH1,2043,0.0
REGION1,CMELGAPH1,2043,0.0
REGION1,CMELNGPH1,2043,0.0
REGION1,DJELERPH1,2043,0.0
REGION1,DJELSOPH1,2043,0.0
REGION1,DZELLYPH1,2043,0.0
REGION1,DZELMLPH1,2043,0.0
REGION1,DZELMRPH1,2043,0.0
REGION1,DZELNEPH1,2043,0.0
REGION1,ETELERPH1,2043,0.0
REGION1,ETELSOPH1,2043,0.0
REGION1,GWELSNPH1,2043,0.0
REGION1,KEELSDPH1,2043,0.0
REGION1,KEELSOPH1,2043,0.0
REGION1,LYELNEPH1,2043,0.0
REGION1,LYELSDPH1,2043,0.0
REGION1,LYELTDPH1,2043,0.0
REGION1,LYELTNPH1,2043,0.0
REGION1,MLELMRPH1,2043,0.0
REGION1,MLELNEPH1,2043,0.0
REGION1,MRELSNPH1,2043,0.0
REGION1,MWELTZPH1,2043,0.0
REGION1,MZELTZPH1,2043,0.0
REGION1,MZELZMPH1,2043,0.0
REGION1,NEELTDPH1,2043,0.0
REGION1,NGELTDPH1,2043,0.0
REGION1,RWELTZPH1,2043,0.0
REGION1,SDELERPH1,2043,0.0
REGION1,SDELTDPH1,2043,0.0
REGION1,SDELUGPH1,2043,0.0
REGION1,CYELGRPH1,2043,0.0
REGION1,ALNGGRPI0,2043,0.0
REGION1,ALNGITPI0,2043,0.0
REGION1,ATNGDEPI0,2043,0.0
REGION1,ATNGHUPI0,2043,0.0
REGION1,ATNGITPI0,2043,0.0
REGION1,ATNGSIPI0,2043,0.0
REGION1,ATNGSKPI0,2043,0.0
REGION1,BENGDEPI0,2043,0.0
REGION1,BENGFRPI0,2043,0.0
REGION1,BENGUKPI0,2043,0.0
REGION1,BENGNLPI0,2043,0.0
REGION1,BGNGGRPI0,2043,0.0
REGION1,BGNGROPI0,2043,0.0
REGION1,BYNGLTPI0,2043,0.0
REGION1,CYNGEGPI0,2043,0.0
REGION1,CYNGGRPI0,2043,0.0
REGION1,CZNGDEPI0,2043,0.0
REGION1,CZNGPLPI0,2043,0.0
REGION1,CZNGSKPI0,2043,0.0
REGION1,DENGCHPI0,2043,0.0
REGION1,DENGFRPI0,2043,0.0
REGION1,DENGNLPI0,2043,0.0
REGION1,DENGPLPI0,2043,0.0
REGION1,DKNGDEPI0,2043,0.0
REGION1,DKNGPLPI0,2043,0.0
REGION1,DKNGSEPI0,2043,0.0
REGION1,DZNGESPI0,2043,0.0
REGION1,DZNGITPI0,2043,0.0
REGION1,EENGFIPI0,2043,0.0
REGION1,EENGLVPI0,2043,0.0
REGION1,FRNGCHPI0,2043,0.0
REGION1,FRNGESPI0,2043,0.0
REGION1,GRNGITPI0,2043,0.0
REGION1,HRNGHUPI0,2043,0.0
REGION1,HRNGSIPI0,2043,0.0
REGION1,HUNGROPI0,2043,0.0
REGION1,HUNGSKPI0,2043,0.0
REGION1,IENGUKPI0,2043,0.0
REGION1,ITNGCHPI0,2043,0.0
REGION1,ITNGMTPI0,2043,0.0
REGION1,ITNGSIPI0,2043,0.0
REGION1,LTNGPLPI0,2043,0.0
REGION1,LVNGLTPI0,2043,0.0
REGION1,LYNGITPI0,2043,0.0
REGION1,MANGESPI0,2043,0.0
REGION1,MDNGROPI0,2043,0.0
REGION1,NLNGUKPI0,2043,0.0
REGION1,NONGBEPI0,2043,0.0
REGION1,NONGDEPI0,2043,0.0
REGION1,NONGDKPI0,2043,0.0
REGION1,NONGFRPI0,2043,0.0
REGION1,NONGUKPI0,2043,0.0
REGION1,NONGNLPI0,2043,0.0
REGION1,PLNGSKPI0,2043,0.0
REGION1,PTNGESPI0,2043,0.0
REGION1,RSNGBGPI0,2043,0.0
REGION1,RSNGHUPI0,2043,0.0
REGION1,RSNGROPI0,2043,0.0
REGION1,RUNGEEPI0,2043,0.0
REGION1,RUNGFIPI0,2043,0.0
REGION1,RUNGLVPI0,2043,0.0
REGION1,TRNGBGPI0,2043,0.0
REGION1,TRNGGRPI0,2043,0.0
REGION1,UANGHUPI0,2043,0.0
REGION1,UANGPLPI0,2043,0.0
REGION1,UANGROPI0,2043,0.0
REGION1,UANGSKPI0,2043,0.0
REGION1,BENGLUPI0,2043,0.0
REGION1,NGNGDZPI0,2043,0.0
REGION1,MZNGZAPI0,2043,0.0
REGION1,NGNGLYPI0,2043,0.0
REGION1,ETNGDJPI0,2043,0.0
REGION1,NGNGGQPI0,2043,0.0
REGION1,TZNGKEPI0,2043,0.0
REGION1,NGNGMAPI0,2043,0.0
REGION1,NGNGBJPI0,2043,0.0
REGION1,NGNGGHPI0,2043,0.0
REGION1,NGNGNEPI0,2043,0.0
REGION1,NGNGTGPI0,2043,0.0
REGION1,NGNGTNPI0,2043,0.0
REGION1,DZNGMAPI0,2043,0.0
REGION1,BELG00I00,2044,0.0
REGION1,HRLG00I00,2044,0.0
REGION1,CYLG00I00,2044,0.0
REGION1,FRLG00I00,2044,0.0
REGION1,FILG00I00,2044,0.0
REGION1,DELG00I00,2044,0.0
REGION1,GRLG00I00,2044,0.0
REGION1,ITLG00I00,2044,0.0
REGION1,LVLG00I00,2044,0.0
REGION1,LTLG00I00,2044,0.0
REGION1,MTLG00I00,2044,0.0
REGION1,NLLG00I00,2044,0.0
REGION1,PLLG00I00,2044,0.0
REGION1,ESLG00I00,2044,0.0
REGION1,UKLG00I00,2044,0.0
REGION1,PTLG00I00,2044,0.0
REGION1,BENUG2PN1,2044,0.0
REGION1,BGNUG2PN1,2044,0.0
REGION1,CZNUG2PN1,2044,0.0
REGION1,DENUG2PN1,2044,0.0
REGION1,ESNUG2PN1,2044,0.0
REGION1,FINUG2PN1,2044,0.0
REGION1,FRNUG2PN1,2044,0.0
REGION1,HUNUG2PN1,2044,0.0
REGION1,NLNUG2PN1,2044,0.0
REGION1,RONUG2PN1,2044,0.0
REGION1,SENUG2PN1,2044,0.0
REGION1,SINUG2PN1,2044,0.0
REGION1,SKNUG2PN1,2044,0.0
REGION1,CHNUG2PN1,2044,0.0
REGION1,UKNUG2PN1,2044,0.0
REGION1,ATHYDSPN1,2044,0.0
REGION1,BEHYDSPN1,2044,0.0
REGION1,BGHYDSPN1,2044,0.0
REGION1,CZHYDSPN1,2044,0.0
REGION1,DEHYDSPN1,2044,0.0
REGION1,GRHYDSPN1,2044,0.0
REGION1,ESHYDSPN1,2044,0.0
REGION1,FRHYDSPN1,2044,0.0
REGION1,HRHYDSPN1,2044,0.0
REGION1,IEHYDSPN1,2044,0.0
REGION1,ITHYDSPN1,2044,0.0
REGION1,LTHYDSPN1,2044,0.0
REGION1,LUHYDSPN1,2044,0.0
REGION1,PLHYDSPN1,2044,0.0
REGION1,PTHYDSPN1,2044,0.0
REGION1,ROHYDSPN1,2044,0.0
REGION1,SEHYDSPN1,2044,0.0
REGION1,SIHYDSPN1,2044,0.0
REGION1,SKHYDSPN1,2044,0.0
REGION1,CHHYDSPN1,2044,0.0
REGION1,UKHYDSPN1,2044,0.0
REGION1,ATHYDMPN1,2044,0.0
REGION1,ATHYDRPN1,2044,0.0
REGION1,BEHYDMPN1,2044,0.0
REGION1,BEHYDRPN1,2044,0.0
REGION1,BGHYDMPN1,2044,0.0
REGION1,BGHYDRPN1,2044,0.0
REGION1,CZHYDRPN1,2044,0.0
REGION1,CZHYDMPN1,2044,0.0
REGION1,DEHYDMPN1,2044,0.0
REGION1,DEHYDRPN1,2044,0.0
REGION1,DKHYDRPN1,2044,0.0
REGION1,DKHYDMPN1,2044,0.0
REGION1,EEHYDRPN1,2044,0.0
REGION1,GRHYDMPN1,2044,0.0
REGION1,GRHYDRPN1,2044,0.0
REGION1,ESHYDMPN1,2044,0.0
REGION1,ESHYDRPN1,2044,0.0
REGION1,FIHYDMPN1,2044,0.0
REGION1,FIHYDRPN1,2044,0.0
REGION1,FRHYDMPN1,2044,0.0
REGION1,FRHYDRPN1,2044,0.0
REGION1,HRHYDMPN1,2044,0.0
REGION1,HRHYDRPN1,2044,0.0
REGION1,HUHYDMPN1,2044,0.0
REGION1,HUHYDRPN1,2044,0.0
REGION1,IEHYDMPN1,2044,0.0
REGION1,IEHYDRPN1,2044,0.0
REGION1,ITHYDMPN1,2044,0.0
REGION1,ITHYDRPN1,2044,0.0
REGION1,LTHYDRPN1,2044,0.0
REGION1,LUHYDRPN1,2044,0.0
REGION1,LVHYDMPN1,2044,0.0
REGION1,LVHYDRPN1,2044,0.0
REGION1,NLHYDRPN1,2044,0.0
REGION1,PLHYDMPN1,2044,0.0
REGION1,PLHYDRPN1,2044,0.0
REGION1,PTHYDMPN1,2044,0.0
REGION1,PTHYDRPN1,2044,0.0
REGION1,ROHYDMPN1,2044,0.0
REGION1,ROHYDRPN1,2044,0.0
REGION1,SEHYDMPN1,2044,0.0
REGION1,SEHYDRPN1,2044,0.0
REGION1,SIHYDMPN1,2044,0.0
REGION1,SIHYDRPN1,2044,0.0
REGION1,SKHYDMPN1,2044,0.0
REGION1,SKHYDRPN1,2044,0.0
REGION1,NOHYDRPN1,2044,0.0
REGION1,NOHYDMPN1,2044,0.0
REGION1,CHHYDRPN1,2044,0.0
REGION1,CHHYDMPN1,2044,0.0
REGION1,UKHYDMPN1,2044,0.0
REGION1,UKHYDRPN1,2044,0.0
REGION1,EGLG00I00,2044,0.0
REGION1,GHLG00I00,2044,0.0
REGION1,MALG00I00,2044,0.0
REGION1,MZLG00I00,2044,0.0
REGION1,SNLG00I00,2044,0.0
REGION1,ZALG00I00,2044,0.0
REGION1,DZLG00E00,2044,0.0
REGION1,NGLG00E00,2044,0.0
REGION1,EGLG00E00,2044,0.0
REGION1,AOLG00E00,2044,0.0
REGION1,GQLG00E00,2044,0.0
REGION1,MZLG00E00,2044,0.0
REGION1,CGLG00E00,2044,0.0
REGION1,GALG00E00,2044,0.0
REGION1,MRLG00E00,2044,0.0
REGION1,SNLG00E00,2044,0.0
REGION1,TZLG00E00,2044,0.0
REGION1,BFHYDMSN1,2044,0.0
REGION1,BIHYDMSN1,2044,0.0
REGION1,CMHYDMSN1,2044,0.0
REGION1,CDHYDMSN1,2044,0.0
REGION1,ETHYDMSN1,2044,0.0
REGION1,KEHYDMSN1,2044,0.0
REGION1,MLHYDMSN1,2044,0.0
REGION1,NGHYDMSN1,2044,0.0
REGION1,UGHYDMSN1,2044,0.0
REGION1,ZMHYDMSN1,2044,0.0
REGION1,DZHYDMSN1,2044,0.0
REGION1,EGHYDMSN1,2044,0.0
REGION1,MAHYDMSN1,2044,0.0
REGION1,SDHYDMSN1,2044,0.0
REGION1,TNHYDMSN1,2044,0.0
REGION1,AOHYDMSN1,2044,0.0
REGION1,BJHYDMSN1,2044,0.0
REGION1,CFHYDMSN1,2044,0.0
REGION1,CGHYDMSN1,2044,0.0
REGION1,CIHYDMSN1,2044,0.0
REGION1,GQHYDMSN1,2044,0.0
REGION1,SZHYDMSN1,2044,0.0
REGION1,GAHYDMSN1,2044,0.0
REGION1,GHHYDMSN1,2044,0.0
REGION1,GNHYDMSN1,2044,0.0
REGION1,LSHYDMSN1,2044,0.0
REGION1,LRHYDMSN1,2044,0.0
REGION1,MWHYDMSN1,2044,0.0
REGION1,MZHYDMSN1,2044,0.0
REGION1,NAHYDMSN1,2044,0.0
REGION1,RWHYDMSN1,2044,0.0
REGION1,SNHYDMSN1,2044,0.0
REGION1,SLHYDMSN1,2044,0.0
REGION1,ZAHYDMSN1,2044,0.0
REGION1,TGHYDMSN1,2044,0.0
REGION1,TZHYDMSN1,2044,0.0
REGION1,ZWHYDMSN1,2044,0.0
REGION1,MAHYDSPN1,2044,0.0
REGION1,ZAHYDSPN1,2044,0.0
REGION1,KEBATTN1,2044,0.0
REGION1,ETBMCHPN1,2044,0.0
REGION1,KEBMCHPN1,2044,0.0
REGION1,ZABMCHPN1,2044,0.0
REGION1,BWCOSCPN1,2044,0.0
REGION1,ZACOSCPN1,2044,0.0
REGION1,ETGOCVPN1,2044,0.0
REGION1,KEGOCVPN1,2044,0.0
REGION1,RWNGGCPN1,2044,0.0
REGION1,DZNGCCPN1,2044,0.0
REGION1,MANGCCPN1,2044,0.0
REGION1,TNNGCCPN1,2044,0.0
REGION1,UGNGCCPN1,2044,0.0
REGION1,MZNGGCPN1,2044,0.0
REGION1,NGNGGCPN1,2044,0.0
REGION1,AOSOU1PN1,2044,0.0
REGION1,GASOU1PN1,2044,0.0
REGION1,DZSOU1PN1,2044,0.0
REGION1,MASOU1PN1,2044,0.0
REGION1,TNSOU1PN1,2044,0.0
REGION1,ETSOU1PN1,2044,0.0
REGION1,KESOU1PN1,2044,0.0
REGION1,TZSOU1PN1,2044,0.0
REGION1,BWSOU1PN1,2044,0.0
REGION1,ZASOU1PN1,2044,0.0
REGION1,MAWINDPN1,2044,0.0
REGION1,TNWINDPN1,2044,0.0
REGION1,ETWINDPN1,2044,0.0
REGION1,KEWINDPN1,2044,0.0
REGION1,ZAWINDPN1,2044,0.0
REGION1,CICOSCPN1,2044,0.0
REGION1,EGNULWPN1,2044,0.0
REGION1,SSHYDMSN1,2044,0.0
REGION1,MABATTN1,2044,0.0
REGION1,CGSOU1PN1,2044,0.0
REGION1,DJSOU1PN1,2044,0.0
REGION1,DZWINDPN1,2044,0.0
REGION1,ERSOU1PN1,2044,0.0
REGION1,ERWINDPN1,2044,0.0
REGION1,GHWINDPN1,2044,0.0
REGION1,GQSOU1PN1,2044,0.0
REGION1,GWSOU1PN1,2044,0.0
REGION1,LRSOU1PN1,2044,0.0
REGION1,RWSOU1PN1,2044,0.0
REGION1,SLSOU1PN1,2044,0.0
REGION1,SSSOU1PN1,2044,0.0
REGION1,SZNGCCPN1,2044,0.0
REGION1,SZWINDPN1,2044,0.0
REGION1,TDWINDPN1,2044,0.0
REGION1,TGWINDPN1,2044,0.0
REGION1,TZWINDPN1,2044,0.0
REGION1,ZMSOU1PN1,2044,0.0
REGION1,DZNGCCPH1,2044,0.0
REGION1,DZNGGCPH1,2044,0.0
REGION1,DZSOU1PH1,2044,0.0
REGION1,EGBMCHPH1,2044,0.0
REGION1,EGSOU1PH1,2044,0.0
REGION1,EGWINDPH1,2044,0.0
REGION1,LYNGCCPH1,2044,0.0
REGION1,LYNGGCPH1,2044,0.0
REGION1,LYLFRCPH1,2044,0.0
REGION1,LYHFGCPH1,2044,0.0
REGION1,LYSOU1PH1,2044,0.0
REGION1,MASOU1PH1,2044,0.0
REGION1,MAWINDPH1,2044,0.0
REGION1,SDSOU1PH1,2044,0.0
REGION1,TNNGCCPH1,2044,0.0
REGION1,TNNGGCPH1,2044,0.0
REGION1,TNSOU1PH1,2044,0.0
REGION1,AOSOU1PH1,2044,0.0
REGION1,BJSOU1PH1,2044,0.0
REGION1,BFLFRCPH1,2044,0.0
REGION1,BFHFGCPH1,2044,0.0
REGION1,BFHYDMSH1,2044,0.0
REGION1,BFSOU1PH1,2044,0.0
REGION1,BIHYDMSH1,2044,0.0
REGION1,CMHYDMSH1,2044,0.0
REGION1,CMSOU1PH1,2044,0.0
REGION1,CFSOU1PH1,2044,0.0
REGION1,CINGCCPH1,2044,0.0
REGION1,CINGGCPH1,2044,0.0
REGION1,CISOU1PH1,2044,0.0
REGION1,CDLFRCPH1,2044,0.0
REGION1,CDHFGCPH1,2044,0.0
REGION1,CDHYDMSH1,2044,0.0
REGION1,CDSOU1PH1,2044,0.0
REGION1,DJWINDPH1,2044,0.0
REGION1,ETBMCHPH1,2044,0.0
REGION1,ETHYDMSH1,2044,0.0
REGION1,ETWINDPH1,2044,0.0
REGION1,GHNGCCPH1,2044,0.0
REGION1,GHNGGCPH1,2044,0.0
REGION1,GHSOU1PH1,2044,0.0
REGION1,KEGOCVPH1,2044,0.0
REGION1,KEHYDMSH1,2044,0.0
REGION1,KESOU1PH1,2044,0.0
REGION1,LSSOU1PH1,2044,0.0
REGION1,MWSOU1PH1,2044,0.0
REGION1,MLHYDMSH1,2044,0.0
REGION1,MLSOU1PH1,2044,0.0
REGION1,MRSOU1PH1,2044,0.0
REGION1,MRWINDPH1,2044,0.0
REGION1,MZLFRCPH1,2044,0.0
REGION1,MZHFGCPH1,2044,0.0
REGION1,MZSOU1PH1,2044,0.0
REGION1,NASOU1PH1,2044,0.0
REGION1,NELFRCPH1,2044,0.0
REGION1,NEHFGCPH1,2044,0.0
REGION1,NESOU1PH1,2044,0.0
REGION1,NGNGCCPH1,2044,0.0
REGION1,NGNGGCPH1,2044,0.0
REGION1,NGLFRCPH1,2044,0.0
REGION1,NGHFGCPH1,2044,0.0
REGION1,NGHYDMSH1,2044,0.0
REGION1,NGSOU1PH1,2044,0.0
REGION1,RWCOSCPH1,2044,0.0
REGION1,SNNGCCPH1,2044,0.0
REGION1,SNLFRCPH1,2044,0.0
REGION1,SNHFGCPH1,2044,0.0
REGION1,SNSOU1PH1,2044,0.0
REGION1,ZANULWPH1,2044,0.0
REGION1,ZASOU1PH1,2044,0.0
REGION1,SSWINDPH1,2044,0.0
REGION1,TGSOU1PH1,2044,0.0
REGION1,UGHYDMSH1,2044,0.0
REGION1,TZSOU1PH1,2044,0.0
REGION1,ZMHYDMSH1,2044,0.0
REGION1,ZWSOU1PH1,2044,0.0
REGION1,ZWCOSCPH1,2044,0.0
REGION1,DZLFRCPH1,2044,0.0
REGION1,DZHFGCPH1,2044,0.0
REGION1,DZHYDMSH1,2044,0.0
REGION1,DZSOC1PH1,2044,0.0
REGION1,EGNGCCPH1,2044,0.0
REGION1,EGNGGCPH1,2044,0.0
REGION1,EGLFRCPH1,2044,0.0
REGION1,EGHFGCPH1,2044,0.0
REGION1,EGHYDMSH1,2044,0.0
REGION1,EGSOC1PH1,2044,0.0
REGION1,MACOSCPH1,2044,0.0
REGION1,MALFRCPH1,2044,0.0
REGION1,MAHFGCPH1,2044,0.0
REGION1,MANGCCPH1,2044,0.0
REGION1,MANGGCPH1,2044,0.0
REGION1,MABMCHPH1,2044,0.0
REGION1,MAHYDMSH1,2044,0.0
REGION1,MASOC1PH1,2044,0.0
REGION1,SDLFRCPH1,2044,0.0
REGION1,SDHFGCPH1,2044,0.0
REGION1,SDBMCHPH1,2044,0.0
REGION1,SDHYDMSH1,2044,0.0
REGION1,TNLFRCPH1,2044,0.0
REGION1,TNHFGCPH1,2044,0.0
REGION1,TNHYDMSH1,2044,0.0
REGION1,TNWINDPH1,2044,0.0
REGION1,AONGGCPH1,2044,0.0
REGION1,AOLFRCPH1,2044,0.0
REGION1,AOHFGCPH1,2044,0.0
REGION1,AOBMCHPH1,2044,0.0
REGION1,AOHYDMSH1,2044,0.0
REGION1,BJNGGCPH1,2044,0.0
REGION1,BJLFRCPH1,2044,0.0
REGION1,BJHFGCPH1,2044,0.0
REGION1,BJHYDMSH1,2044,0.0
REGION1,BWCOSCPH1,2044,0.0
REGION1,BWLFRCPH1,2044,0.0
REGION1,BWSOU1PH1,2044,0.0
REGION1,BFBMCHPH1,2044,0.0
REGION1,BILFRCPH1,2044,0.0
REGION1,BISOU1PH1,2044,0.0
REGION1,CMNGGCPH1,2044,0.0
REGION1,CMLFRCPH1,2044,0.0
REGION1,CMHFGCPH1,2044,0.0
REGION1,CFLFRCPH1,2044,0.0
REGION1,CFHYDMSH1,2044,0.0
REGION1,TDNGCCPH1,2044,0.0
REGION1,TDLFRCPH1,2044,0.0
REGION1,TDHFGCPH1,2044,0.0
REGION1,TDBMCHPH1,2044,0.0
REGION1,TDSOU1PH1,2044,0.0
REGION1,CGNGGCPH1,2044,0.0
REGION1,CGLFRCPH1,2044,0.0
REGION1,CGHFGCPH1,2044,0.0
REGION1,CGBMCHPH1,2044,0.0
REGION1,CGHYDMSH1,2044,0.0
REGION1,CILFRCPH1,2044,0.0
REGION1,CIHFGCPH1,2044,0.0
REGION1,CIHYDMSH1,2044,0.0
REGION1,DJLFRCPH1,2044,0.0
REGION1,DJHFGCPH1,2044,0.0
REGION1,GWNGCCPH1,2044,0.0
REGION1,GQNGGCPH1,2044,0.0
REGION1,GQLFRCPH1,2044,0.0
REGION1,GQHFGCPH1,2044,0.0
REGION1,GQHYDMSH1,2044,0.0
REGION1,ERLFRCPH1,2044,0.0
REGION1,ERHFGCPH1,2044,0.0
REGION1,SZLFRCPH1,2044,0.0
REGION1,SZHFGCPH1,2044,0.0
REGION1,SZBMCHPH1,2044,0.0
REGION1,SZHYDMSH1,2044,0.0
REGION1,SZSOU1PH1,2044,0.0
REGION1,ETLFRCPH1,2044,0.0
REGION1,ETGOCVPH1,2044,0.0
REGION1,GANGGCPH1,2044,0.0
REGION1,GALFRCPH1,2044,0.0
REGION1,GAHFGCPH1,2044,0.0
REGION1,GAHYDMSH1,2044,0.0
REGION1,GMLFRCPH1,2044,0.0
REGION1,GMHFGCPH1,2044,0.0
REGION1,GMWINDPH1,2044,0.0
REGION1,GMSOU1PH1,2044,0.0
REGION1,GHLFRCPH1,2044,0.0
REGION1,GHHFGCPH1,2044,0.0
REGION1,GHBMCHPH1,2044,0.0
REGION1,GHHYDMSH1,2044,0.0
REGION1,GNLFRCPH1,2044,0.0
REGION1,GNHFGCPH1,2044,0.0
REGION1,GNHYDMSH1,2044,0.0
REGION1,GNSOU1PH1,2044,0.0
REGION1,GWLFRCPH1,2044,0.0
REGION1,KELFRCPH1,2044,0.0
REGION1,KEHFGCPH1,2044,0.0
REGION1,KEBMCHPH1,2044,0.0
REGION1,KEWINDPH1,2044,0.0
REGION1,LSHYDMSH1,2044,0.0
REGION1,LRLFRCPH1,2044,0.0
REGION1,LRHFGCPH1,2044,0.0
REGION1,LRHYDMSH1,2044,0.0
REGION1,MWLFRCPH1,2044,0.0
REGION1,MWBMCHPH1,2044,0.0
REGION1,MWHYDMSH1,2044,0.0
REGION1,MLLFRCPH1,2044,0.0
REGION1,MLHFGCPH1,2044,0.0
REGION1,MLBMCHPH1,2044,0.0
REGION1,MRNGCCPH1,2044,0.0
REGION1,MRLFRCPH1,2044,0.0
REGION1,MRHFGCPH1,2044,0.0
REGION1,MZNGGCPH1,2044,0.0
REGION1,MZBMCHPH1,2044,0.0
REGION1,MZHYDMSH1,2044,0.0
REGION1,NACOSCPH1,2044,0.0
REGION1,NALFRCPH1,2044,0.0
REGION1,NAHFGCPH1,2044,0.0
REGION1,NABMCHPH1,2044,0.0
REGION1,NAHYDMSH1,2044,0.0
REGION1,NAWINDPH1,2044,0.0
REGION1,NECOSCPH1,2044,0.0
REGION1,NENGCCPH1,2044,0.0
REGION1,NGBMCHPH1,2044,0.0
REGION1,RWWINDPH1,2044,0.0
REGION1,RWNGGCPH1,2044,0.0
REGION1,RWLFRCPH1,2044,0.0
REGION1,RWHFGCPH1,2044,0.0
REGION1,RWBMCHPH1,2044,0.0
REGION1,RWHYDMSH1,2044,0.0
REGION1,SNHYDMSH1,2044,0.0
REGION1,SNCOSCPH1,2044,0.0
REGION1,SNBMCHPH1,2044,0.0
REGION1,SLWINDPH1,2044,0.0
REGION1,SLLFRCPH1,2044,0.0
REGION1,SLHFGCPH1,2044,0.0
REGION1,SLBMCHPH1,2044,0.0
REGION1,SLHYDMSH1,2044,0.0
REGION1,ZACOSCPH1,2044,0.0
REGION1,ZALFRCPH1,2044,0.0
REGION1,ZAHFGCPH1,2044,0.0
REGION1,ZABMCHPH1,2044,0.0
REGION1,ZAHYDMSH1,2044,0.0
REGION1,ZASOC1PH1,2044,0.0
REGION1,SSLFRCPH1,2044,0.0
REGION1,SSHFGCPH1,2044,0.0
REGION1,TGNGCCPH1,2044,0.0
REGION1,TGLFRCPH1,2044,0.0
REGION1,TGHFGCPH1,2044,0.0
REGION1,TGHYDMSH1,2044,0.0
REGION1,UGSOU1PH1,2044,0.0
REGION1,UGLFRCPH1,2044,0.0
REGION1,UGHFGCPH1,2044,0.0
REGION1,UGBMCHPH1,2044,0.0
REGION1,TZNGGCPH1,2044,0.0
REGION1,TZLFRCPH1,2044,0.0
REGION1,TZHFGCPH1,2044,0.0
REGION1,TZBMCHPH1,2044,0.0
REGION1,TZHYDMSH1,2044,0.0
REGION1,ZMWINDPH1,2044,0.0
REGION1,ZMCOSCPH1,2044,0.0
REGION1,ZMLFRCPH1,2044,0.0
REGION1,ZMHFGCPH1,2044,0.0
REGION1,ZMBMCHPH1,2044,0.0
REGION1,ZWLFRCPH1,2044,0.0
REGION1,SNWINDPH1,2044,0.0
REGION1,ZWHYDMSH1,2044,0.0
REGION1,ZWBMCHPH1,2044,0.0
REGION1,SOLFRCPH1,2044,0.0
REGION1,SOSOU1PH1,2044,0.0
REGION1,SOWINDPH1,2044,0.0
REGION1,MAHYDSPH1,2044,0.0
REGION1,ZAHYDSPH1,2044,0.0
REGION1,ATELCZPH1,2044,0.0
REGION1,ATELDEPH1,2044,0.0
REGION1,ATELHUPH1,2044,0.0
REGION1,ATELITPH1,2044,0.0
REGION1,ATELSIPH1,2044,0.0
REGION1,ATELCHPH1,2044,0.0
REGION1,BEELFRPH1,2044,0.0
REGION1,BEELDEPH1,2044,0.0
REGION1,BEELLUPH1,2044,0.0
REGION1,BEELNLPH1,2044,0.0
REGION1,BEELUKPH1,2044,0.0
REGION1,BGELGRPH1,2044,0.0
REGION1,BGELROPH1,2044,0.0
REGION1,CZELDEPH1,2044,0.0
REGION1,CZELPLPH1,2044,0.0
REGION1,CZELSKPH1,2044,0.0
REGION1,HRELHUPH1,2044,0.0
REGION1,HRELSIPH1,2044,0.0
REGION1,DKELNLPH1,2044,0.0
REGION1,DKELNOPH1,2044,0.0
REGION1,DKELSEPH1,2044,0.0
REGION1,DKELUKPH1,2044,0.0
REGION1,EEELFIPH1,2044,0.0
REGION1,EEELLVPH1,2044,0.0
REGION1,FIELNOPH1,2044,0.0
REGION1,FIELSEPH1,2044,0.0
REGION1,FRELITPH1,2044,0.0
REGION1,FRELLUPH1,2044,0.0
REGION1,FRELUKPH1,2044,0.0
REGION1,DEELDKPH1,2044,0.0
REGION1,DEELFRPH1,2044,0.0
REGION1,DEELLUPH1,2044,0.0
REGION1,DEELNLPH1,2044,0.0
REGION1,DEELNOPH1,2044,0.0
REGION1,DEELPLPH1,2044,0.0
REGION1,DEELSEPH1,2044,0.0
REGION1,DEELUKPH1,2044,0.0
REGION1,HUELROPH1,2044,0.0
REGION1,HUELSKPH1,2044,0.0
REGION1,HUELSIPH1,2044,0.0
REGION1,IEELUKPH1,2044,0.0
REGION1,ITELMTPH1,2044,0.0
REGION1,ITELSIPH1,2044,0.0
REGION1,LTELLVPH1,2044,0.0
REGION1,LTELPLPH1,2044,0.0
REGION1,LTELSEPH1,2044,0.0
REGION1,NLELNOPH1,2044,0.0
REGION1,NLELUKPH1,2044,0.0
REGION1,NOELSEPH1,2044,0.0
REGION1,NOELUKPH1,2044,0.0
REGION1,PLELSKPH1,2044,0.0
REGION1,PLELSEPH1,2044,0.0
REGION1,ESELFRPH1,2044,0.0
REGION1,ESELPTPH1,2044,0.0
REGION1,CHELFRPH1,2044,0.0
REGION1,CHELDEPH1,2044,0.0
REGION1,CHELITPH1,2044,0.0
REGION1,GRELITPH1,2044,0.0
REGION1,BGELMKPH1,2044,0.0
REGION1,BGELRSPH1,2044,0.0
REGION1,BGELTRPH1,2044,0.0
REGION1,HRELBAPH1,2044,0.0
REGION1,HRELRSPH1,2044,0.0
REGION1,EEELRUPH1,2044,0.0
REGION1,GRELALPH1,2044,0.0
REGION1,GRELTRPH1,2044,0.0
REGION1,HUELRSPH1,2044,0.0
REGION1,HUELUAPH1,2044,0.0
REGION1,ITELMEPH1,2044,0.0
REGION1,LVELRUPH1,2044,0.0
REGION1,LTELBYPH1,2044,0.0
REGION1,LTELRUPH1,2044,0.0
REGION1,PLELUAPH1,2044,0.0
REGION1,ROELMDPH1,2044,0.0
REGION1,ROELRSPH1,2044,0.0
REGION1,ROELUAPH1,2044,0.0
REGION1,SKELUAPH1,2044,0.0
REGION1,GRELMKPH1,2044,0.0
REGION1,ESELMAPH1,2044,0.0
REGION1,CYELILPH1,2044,0.0
REGION1,SEELLVPH1,2044,0.0
REGION1,BEELDKPH1,2044,0.0
REGION1,ITELTNPH1,2044,0.0
REGION1,GRELEGPH1,2044,0.0
REGION1,ITELDZPH1,2044,0.0
REGION1,MTELTNPH1,2044,0.0
REGION1,ROELGEPH1,2044,0.0
REGION1,ESELITPH1,2044,0.0
REGION1,DEELLVPH1,2044,0.0
REGION1,GRELDEPH1,2044,0.0
REGION1,ITELSAPH1,2044,0.0
REGION1,UKELMAPH1,2044,0.0
REGION1,DEELMAPH1,2044,0.0
REGION1,BIELRWPH1,2044,0.0
REGION1,BWELZAPH1,2044,0.0
REGION1,CDELBIPH1,2044,0.0
REGION1,CDELCGPH1,2044,0.0
REGION1,CDELRWPH1,2044,0.0
REGION1,CDELZMPH1,2044,0.0
REGION1,CIELBFPH1,2044,0.0
REGION1,EGELJOPH1,2044,0.0
REGION1,EGELSDPH1,2044,0.0
REGION1,ETELDJPH1,2044,0.0
REGION1,ETELSDPH1,2044,0.0
REGION1,GHELCIPH1,2044,0.0
REGION1,GHELTGPH1,2044,0.0
REGION1,KEELTZPH1,2044,0.0
REGION1,LSELZAPH1,2044,0.0
REGION1,LYELEGPH1,2044,0.0
REGION1,MAELDZPH1,2044,0.0
REGION1,MZELSZPH1,2044,0.0
REGION1,MZELZAPH1,2044,0.0
REGION1,MZELZWPH1,2044,0.0
REGION1,NGELBJPH1,2044,0.0
REGION1,NGELNEPH1,2044,0.0
REGION1,NAELZAPH1,2044,0.0
REGION1,RWELBIPH1,2044,0.0
REGION1,SNELMLPH1,2044,0.0
REGION1,TGELBJPH1,2044,0.0
REGION1,TNELDZPH1,2044,0.0
REGION1,TZELUGPH1,2044,0.0
REGION1,UGELKEPH1,2044,0.0
REGION1,UGELRWPH1,2044,0.0
REGION1,UGELTZPH1,2044,0.0
REGION1,ZAELSZPH1,2044,0.0
REGION1,ZAELZWPH1,2044,0.0
REGION1,ZMELZWPH1,2044,0.0
REGION1,AOELBWPH1,2044,0.0
REGION1,AOELCDPH1,2044,0.0
REGION1,AOELNAPH1,2044,0.0
REGION1,BFELMLPH1,2044,0.0
REGION1,BWELNAPH1,2044,0.0
REGION1,CDELNAPH1,2044,0.0
REGION1,CDELZAPH1,2044,0.0
REGION1,CGELGAPH1,2044,0.0
REGION1,CMELTDPH1,2044,0.0
REGION1,ETELKEPH1,2044,0.0
REGION1,GAELGQPH1,2044,0.0
REGION1,GHELBFPH1,2044,0.0
REGION1,GMELGWPH1,2044,0.0
REGION1,GQELCMPH1,2044,0.0
REGION1,GWELGNPH1,2044,0.0
REGION1,LRELGNPH1,2044,0.0
REGION1,LRELSLPH1,2044,0.0
REGION1,MLELCIPH1,2044,0.0
REGION1,MWELMZPH1,2044,0.0
REGION1,MWELZMPH1,2044,0.0
REGION1,NAELZWPH1,2044,0.0
REGION1,NEELBFPH1,2044,0.0
REGION1,NEELBJPH1,2044,0.0
REGION1,NEELTGPH1,2044,0.0
REGION1,SLELGNPH1,2044,0.0
REGION1,SNELGMPH1,2044,0.0
REGION1,SNELGNPH1,2044,0.0
REGION1,TGELGHPH1,2044,0.0
REGION1,TZELZMPH1,2044,0.0
REGION1,CIELLRPH1,2044,0.0
REGION1,GNELMLPH1,2044,0.0
REGION1,AOELZMPH1,2044,0.0
REGION1,BFELBJPH1,2044,0.0
REGION1,BFELTGPH1,2044,0.0
REGION1,BIELTZPH1,2044,0.0
REGION1,BJELGHPH1,2044,0.0
REGION1,BWELZMPH1,2044,0.0
REGION1,CDELCFPH1,2044,0.0
REGION1,CDELSDPH1,2044,0.0
REGION1,CDELTZPH1,2044,0.0
REGION1,CDELUGPH1,2044,0.0
REGION1,CFELCGPH1,2044,0.0
REGION1,CFELCMPH1,2044,0.0
REGION1,CFELSDPH1,2044,0.0
REGION1,CFELTDPH1,2044,0.0
REGION1,CGELCMPH1,2044,0.0
REGION1,CIELGNPH1,2044,0.0
REGION1,CMELGAPH1,2044,0.0
REGION1,CMELNGPH1,2044,0.0
REGION1,DJELERPH1,2044,0.0
REGION1,DJELSOPH1,2044,0.0
REGION1,DZELLYPH1,2044,0.0
REGION1,DZELMLPH1,2044,0.0
REGION1,DZELMRPH1,2044,0.0
REGION1,DZELNEPH1,2044,0.0
REGION1,ETELERPH1,2044,0.0
REGION1,ETELSOPH1,2044,0.0
REGION1,GWELSNPH1,2044,0.0
REGION1,KEELSDPH1,2044,0.0
REGION1,KEELSOPH1,2044,0.0
REGION1,LYELNEPH1,2044,0.0
REGION1,LYELSDPH1,2044,0.0
REGION1,LYELTDPH1,2044,0.0
REGION1,LYELTNPH1,2044,0.0
REGION1,MLELMRPH1,2044,0.0
REGION1,MLELNEPH1,2044,0.0
REGION1,MRELSNPH1,2044,0.0
REGION1,MWELTZPH1,2044,0.0
REGION1,MZELTZPH1,2044,0.0
REGION1,MZELZMPH1,2044,0.0
REGION1,NEELTDPH1,2044,0.0
REGION1,NGELTDPH1,2044,0.0
REGION1,RWELTZPH1,2044,0.0
REGION1,SDELERPH1,2044,0.0
REGION1,SDELTDPH1,2044,0.0
REGION1,SDELUGPH1,2044,0.0
REGION1,CYELGRPH1,2044,0.0
REGION1,ALNGGRPI0,2044,0.0
REGION1,ALNGITPI0,2044,0.0
REGION1,ATNGDEPI0,2044,0.0
REGION1,ATNGHUPI0,2044,0.0
REGION1,ATNGITPI0,2044,0.0
REGION1,ATNGSIPI0,2044,0.0
REGION1,ATNGSKPI0,2044,0.0
REGION1,BENGDEPI0,2044,0.0
REGION1,BENGFRPI0,2044,0.0
REGION1,BENGUKPI0,2044,0.0
REGION1,BENGNLPI0,2044,0.0
REGION1,BGNGGRPI0,2044,0.0
REGION1,BGNGROPI0,2044,0.0
REGION1,BYNGLTPI0,2044,0.0
REGION1,CYNGEGPI0,2044,0.0
REGION1,CYNGGRPI0,2044,0.0
REGION1,CZNGDEPI0,2044,0.0
REGION1,CZNGPLPI0,2044,0.0
REGION1,CZNGSKPI0,2044,0.0
REGION1,DENGCHPI0,2044,0.0
REGION1,DENGFRPI0,2044,0.0
REGION1,DENGNLPI0,2044,0.0
REGION1,DENGPLPI0,2044,0.0
REGION1,DKNGDEPI0,2044,0.0
REGION1,DKNGPLPI0,2044,0.0
REGION1,DKNGSEPI0,2044,0.0
REGION1,DZNGESPI0,2044,0.0
REGION1,DZNGITPI0,2044,0.0
REGION1,EENGFIPI0,2044,0.0
REGION1,EENGLVPI0,2044,0.0
REGION1,FRNGCHPI0,2044,0.0
REGION1,FRNGESPI0,2044,0.0
REGION1,GRNGITPI0,2044,0.0
REGION1,HRNGHUPI0,2044,0.0
REGION1,HRNGSIPI0,2044,0.0
REGION1,HUNGROPI0,2044,0.0
REGION1,HUNGSKPI0,2044,0.0
REGION1,IENGUKPI0,2044,0.0
REGION1,ITNGCHPI0,2044,0.0
REGION1,ITNGMTPI0,2044,0.0
REGION1,ITNGSIPI0,2044,0.0
REGION1,LTNGPLPI0,2044,0.0
REGION1,LVNGLTPI0,2044,0.0
REGION1,LYNGITPI0,2044,0.0
REGION1,MANGESPI0,2044,0.0
REGION1,MDNGROPI0,2044,0.0
REGION1,NLNGUKPI0,2044,0.0
REGION1,NONGBEPI0,2044,0.0
REGION1,NONGDEPI0,2044,0.0
REGION1,NONGDKPI0,2044,0.0
REGION1,NONGFRPI0,2044,0.0
REGION1,NONGUKPI0,2044,0.0
REGION1,NONGNLPI0,2044,0.0
REGION1,PLNGSKPI0,2044,0.0
REGION1,PTNGESPI0,2044,0.0
REGION1,RSNGBGPI0,2044,0.0
REGION1,RSNGHUPI0,2044,0.0
REGION1,RSNGROPI0,2044,0.0
REGION1,RUNGEEPI0,2044,0.0
REGION1,RUNGFIPI0,2044,0.0
REGION1,RUNGLVPI0,2044,0.0
REGION1,TRNGBGPI0,2044,0.0
REGION1,TRNGGRPI0,2044,0.0
REGION1,UANGHUPI0,2044,0.0
REGION1,UANGPLPI0,2044,0.0
REGION1,UANGROPI0,2044,0.0
REGION1,UANGSKPI0,2044,0.0
REGION1,BENGLUPI0,2044,0.0
REGION1,NGNGDZPI0,2044,0.0
REGION1,MZNGZAPI0,2044,0.0
REGION1,NGNGLYPI0,2044,0.0
REGION1,ETNGDJPI0,2044,0.0
REGION1,NGNGGQPI0,2044,0.0
REGION1,TZNGKEPI0,2044,0.0
REGION1,NGNGMAPI0,2044,0.0
REGION1,NGNGBJPI0,2044,0.0
REGION1,NGNGGHPI0,2044,0.0
REGION1,NGNGNEPI0,2044,0.0
REGION1,NGNGTGPI0,2044,0.0
REGION1,NGNGTNPI0,2044,0.0
REGION1,DZNGMAPI0,2044,0.0
REGION1,BELG00I00,2045,0.0
REGION1,HRLG00I00,2045,0.0
REGION1,CYLG00I00,2045,0.0
REGION1,FRLG00I00,2045,0.0
REGION1,FILG00I00,2045,0.0
REGION1,DELG00I00,2045,0.0
REGION1,GRLG00I00,2045,0.0
REGION1,ITLG00I00,2045,0.0
REGION1,LVLG00I00,2045,0.0
REGION1,LTLG00I00,2045,0.0
REGION1,MTLG00I00,2045,0.0
REGION1,NLLG00I00,2045,0.0
REGION1,PLLG00I00,2045,0.0
REGION1,ESLG00I00,2045,0.0
REGION1,UKLG00I00,2045,0.0
REGION1,PTLG00I00,2045,0.0
REGION1,BENUG2PN1,2045,0.0
REGION1,BGNUG2PN1,2045,0.0
REGION1,CZNUG2PN1,2045,0.0
REGION1,DENUG2PN1,2045,0.0
REGION1,ESNUG2PN1,2045,0.0
REGION1,FINUG2PN1,2045,0.0
REGION1,FRNUG2PN1,2045,0.0
REGION1,HUNUG2PN1,2045,0.0
REGION1,NLNUG2PN1,2045,0.0
REGION1,RONUG2PN1,2045,0.0
REGION1,SENUG2PN1,2045,0.0
REGION1,SINUG2PN1,2045,0.0
REGION1,SKNUG2PN1,2045,0.0
REGION1,CHNUG2PN1,2045,0.0
REGION1,UKNUG2PN1,2045,0.0
REGION1,ATHYDSPN1,2045,0.0
REGION1,BEHYDSPN1,2045,0.0
REGION1,BGHYDSPN1,2045,0.0
REGION1,CZHYDSPN1,2045,0.0
REGION1,DEHYDSPN1,2045,0.0
REGION1,GRHYDSPN1,2045,0.0
REGION1,ESHYDSPN1,2045,0.0
REGION1,FRHYDSPN1,2045,0.0
REGION1,HRHYDSPN1,2045,0.0
REGION1,IEHYDSPN1,2045,0.0
REGION1,ITHYDSPN1,2045,0.0
REGION1,LTHYDSPN1,2045,0.0
REGION1,LUHYDSPN1,2045,0.0
REGION1,PLHYDSPN1,2045,0.0
REGION1,PTHYDSPN1,2045,0.0
REGION1,ROHYDSPN1,2045,0.0
REGION1,SEHYDSPN1,2045,0.0
REGION1,SIHYDSPN1,2045,0.0
REGION1,SKHYDSPN1,2045,0.0
REGION1,CHHYDSPN1,2045,0.0
REGION1,UKHYDSPN1,2045,0.0
REGION1,ATHYDMPN1,2045,0.0
REGION1,ATHYDRPN1,2045,0.0
REGION1,BEHYDMPN1,2045,0.0
REGION1,BEHYDRPN1,2045,0.0
REGION1,BGHYDMPN1,2045,0.0
REGION1,BGHYDRPN1,2045,0.0
REGION1,CZHYDRPN1,2045,0.0
REGION1,CZHYDMPN1,2045,0.0
REGION1,DEHYDMPN1,2045,0.0
REGION1,DEHYDRPN1,2045,0.0
REGION1,DKHYDRPN1,2045,0.0
REGION1,DKHYDMPN1,2045,0.0
REGION1,EEHYDRPN1,2045,0.0
REGION1,GRHYDMPN1,2045,0.0
REGION1,GRHYDRPN1,2045,0.0
REGION1,ESHYDMPN1,2045,0.0
REGION1,ESHYDRPN1,2045,0.0
REGION1,FIHYDMPN1,2045,0.0
REGION1,FIHYDRPN1,2045,0.0
REGION1,FRHYDMPN1,2045,0.0
REGION1,FRHYDRPN1,2045,0.0
REGION1,HRHYDMPN1,2045,0.0
REGION1,HRHYDRPN1,2045,0.0
REGION1,HUHYDMPN1,2045,0.0
REGION1,HUHYDRPN1,2045,0.0
REGION1,IEHYDMPN1,2045,0.0
REGION1,IEHYDRPN1,2045,0.0
REGION1,ITHYDMPN1,2045,0.0
REGION1,ITHYDRPN1,2045,0.0
REGION1,LTHYDRPN1,2045,0.0
REGION1,LUHYDRPN1,2045,0.0
REGION1,LVHYDMPN1,2045,0.0
REGION1,LVHYDRPN1,2045,0.0
REGION1,NLHYDRPN1,2045,0.0
REGION1,PLHYDMPN1,2045,0.0
REGION1,PLHYDRPN1,2045,0.0
REGION1,PTHYDMPN1,2045,0.0
REGION1,PTHYDRPN1,2045,0.0
REGION1,ROHYDMPN1,2045,0.0
REGION1,ROHYDRPN1,2045,0.0
REGION1,SEHYDMPN1,2045,0.0
REGION1,SEHYDRPN1,2045,0.0
REGION1,SIHYDMPN1,2045,0.0
REGION1,SIHYDRPN1,2045,0.0
REGION1,SKHYDMPN1,2045,0.0
REGION1,SKHYDRPN1,2045,0.0
REGION1,NOHYDRPN1,2045,0.0
REGION1,NOHYDMPN1,2045,0.0
REGION1,CHHYDRPN1,2045,0.0
REGION1,CHHYDMPN1,2045,0.0
REGION1,UKHYDMPN1,2045,0.0
REGION1,UKHYDRPN1,2045,0.0
REGION1,EGLG00I00,2045,0.0
REGION1,GHLG00I00,2045,0.0
REGION1,MALG00I00,2045,0.0
REGION1,MZLG00I00,2045,0.0
REGION1,SNLG00I00,2045,0.0
REGION1,ZALG00I00,2045,0.0
REGION1,DZLG00E00,2045,0.0
REGION1,NGLG00E00,2045,0.0
REGION1,EGLG00E00,2045,0.0
REGION1,AOLG00E00,2045,0.0
REGION1,GQLG00E00,2045,0.0
REGION1,MZLG00E00,2045,0.0
REGION1,CGLG00E00,2045,0.0
REGION1,GALG00E00,2045,0.0
REGION1,MRLG00E00,2045,0.0
REGION1,SNLG00E00,2045,0.0
REGION1,TZLG00E00,2045,0.0
REGION1,BFHYDMSN1,2045,0.0
REGION1,BIHYDMSN1,2045,0.0
REGION1,CMHYDMSN1,2045,0.0
REGION1,CDHYDMSN1,2045,0.0
REGION1,ETHYDMSN1,2045,0.0
REGION1,KEHYDMSN1,2045,0.0
REGION1,MLHYDMSN1,2045,0.0
REGION1,NGHYDMSN1,2045,0.0
REGION1,UGHYDMSN1,2045,0.0
REGION1,ZMHYDMSN1,2045,0.0
REGION1,DZHYDMSN1,2045,0.0
REGION1,EGHYDMSN1,2045,0.0
REGION1,MAHYDMSN1,2045,0.0
REGION1,SDHYDMSN1,2045,0.0
REGION1,TNHYDMSN1,2045,0.0
REGION1,AOHYDMSN1,2045,0.0
REGION1,BJHYDMSN1,2045,0.0
REGION1,CFHYDMSN1,2045,0.0
REGION1,CGHYDMSN1,2045,0.0
REGION1,CIHYDMSN1,2045,0.0
REGION1,GQHYDMSN1,2045,0.0
REGION1,SZHYDMSN1,2045,0.0
REGION1,GAHYDMSN1,2045,0.0
REGION1,GHHYDMSN1,2045,0.0
REGION1,GNHYDMSN1,2045,0.0
REGION1,LSHYDMSN1,2045,0.0
REGION1,LRHYDMSN1,2045,0.0
REGION1,MWHYDMSN1,2045,0.0
REGION1,MZHYDMSN1,2045,0.0
REGION1,NAHYDMSN1,2045,0.0
REGION1,RWHYDMSN1,2045,0.0
REGION1,SNHYDMSN1,2045,0.0
REGION1,SLHYDMSN1,2045,0.0
REGION1,ZAHYDMSN1,2045,0.0
REGION1,TGHYDMSN1,2045,0.0
REGION1,TZHYDMSN1,2045,0.0
REGION1,ZWHYDMSN1,2045,0.0
REGION1,MAHYDSPN1,2045,0.0
REGION1,ZAHYDSPN1,2045,0.0
REGION1,KEBATTN1,2045,0.0
REGION1,ETBMCHPN1,2045,0.0
REGION1,KEBMCHPN1,2045,0.0
REGION1,ZABMCHPN1,2045,0.0
REGION1,BWCOSCPN1,2045,0.0
REGION1,ZACOSCPN1,2045,0.0
REGION1,ETGOCVPN1,2045,0.0
REGION1,KEGOCVPN1,2045,0.0
REGION1,RWNGGCPN1,2045,0.0
REGION1,DZNGCCPN1,2045,0.0
REGION1,MANGCCPN1,2045,0.0
REGION1,TNNGCCPN1,2045,0.0
REGION1,UGNGCCPN1,2045,0.0
REGION1,MZNGGCPN1,2045,0.0
REGION1,NGNGGCPN1,2045,0.0
REGION1,AOSOU1PN1,2045,0.0
REGION1,GASOU1PN1,2045,0.0
REGION1,DZSOU1PN1,2045,0.0
REGION1,MASOU1PN1,2045,0.0
REGION1,TNSOU1PN1,2045,0.0
REGION1,ETSOU1PN1,2045,0.0
REGION1,KESOU1PN1,2045,0.0
REGION1,TZSOU1PN1,2045,0.0
REGION1,BWSOU1PN1,2045,0.0
REGION1,ZASOU1PN1,2045,0.0
REGION1,MAWINDPN1,2045,0.0
REGION1,TNWINDPN1,2045,0.0
REGION1,ETWINDPN1,2045,0.0
REGION1,KEWINDPN1,2045,0.0
REGION1,ZAWINDPN1,2045,0.0
REGION1,CICOSCPN1,2045,0.0
REGION1,EGNULWPN1,2045,0.0
REGION1,SSHYDMSN1,2045,0.0
REGION1,MABATTN1,2045,0.0
REGION1,CGSOU1PN1,2045,0.0
REGION1,DJSOU1PN1,2045,0.0
REGION1,DZWINDPN1,2045,0.0
REGION1,ERSOU1PN1,2045,0.0
REGION1,ERWINDPN1,2045,0.0
REGION1,GHWINDPN1,2045,0.0
REGION1,GQSOU1PN1,2045,0.0
REGION1,GWSOU1PN1,2045,0.0
REGION1,LRSOU1PN1,2045,0.0
REGION1,RWSOU1PN1,2045,0.0
REGION1,SLSOU1PN1,2045,0.0
REGION1,SSSOU1PN1,2045,0.0
REGION1,SZNGCCPN1,2045,0.0
REGION1,SZWINDPN1,2045,0.0
REGION1,TDWINDPN1,2045,0.0
REGION1,TGWINDPN1,2045,0.0
REGION1,TZWINDPN1,2045,0.0
REGION1,ZMSOU1PN1,2045,0.0
REGION1,DZNGCCPH1,2045,0.0
REGION1,DZNGGCPH1,2045,0.0
REGION1,DZSOU1PH1,2045,0.0
REGION1,EGBMCHPH1,2045,0.0
REGION1,EGSOU1PH1,2045,0.0
REGION1,EGWINDPH1,2045,0.0
REGION1,LYNGCCPH1,2045,0.0
REGION1,LYNGGCPH1,2045,0.0
REGION1,LYLFRCPH1,2045,0.0
REGION1,LYHFGCPH1,2045,0.0
REGION1,LYSOU1PH1,2045,0.0
REGION1,MASOU1PH1,2045,0.0
REGION1,MAWINDPH1,2045,0.0
REGION1,SDSOU1PH1,2045,0.0
REGION1,TNNGCCPH1,2045,0.0
REGION1,TNNGGCPH1,2045,0.0
REGION1,TNSOU1PH1,2045,0.0
REGION1,AOSOU1PH1,2045,0.0
REGION1,BJSOU1PH1,2045,0.0
REGION1,BFLFRCPH1,2045,0.0
REGION1,BFHFGCPH1,2045,0.0
REGION1,BFHYDMSH1,2045,0.0
REGION1,BFSOU1PH1,2045,0.0
REGION1,BIHYDMSH1,2045,0.0
REGION1,CMHYDMSH1,2045,0.0
REGION1,CMSOU1PH1,2045,0.0
REGION1,CFSOU1PH1,2045,0.0
REGION1,CINGCCPH1,2045,0.0
REGION1,CINGGCPH1,2045,0.0
REGION1,CISOU1PH1,2045,0.0
REGION1,CDLFRCPH1,2045,0.0
REGION1,CDHFGCPH1,2045,0.0
REGION1,CDHYDMSH1,2045,0.0
REGION1,CDSOU1PH1,2045,0.0
REGION1,DJWINDPH1,2045,0.0
REGION1,ETBMCHPH1,2045,0.0
REGION1,ETHYDMSH1,2045,0.0
REGION1,ETWINDPH1,2045,0.0
REGION1,GHNGCCPH1,2045,0.0
REGION1,GHNGGCPH1,2045,0.0
REGION1,GHSOU1PH1,2045,0.0
REGION1,KEGOCVPH1,2045,0.0
REGION1,KEHYDMSH1,2045,0.0
REGION1,KESOU1PH1,2045,0.0
REGION1,LSSOU1PH1,2045,0.0
REGION1,MWSOU1PH1,2045,0.0
REGION1,MLHYDMSH1,2045,0.0
REGION1,MLSOU1PH1,2045,0.0
REGION1,MRSOU1PH1,2045,0.0
REGION1,MRWINDPH1,2045,0.0
REGION1,MZLFRCPH1,2045,0.0
REGION1,MZHFGCPH1,2045,0.0
REGION1,MZSOU1PH1,2045,0.0
REGION1,NASOU1PH1,2045,0.0
REGION1,NELFRCPH1,2045,0.0
REGION1,NEHFGCPH1,2045,0.0
REGION1,NESOU1PH1,2045,0.0
REGION1,NGNGCCPH1,2045,0.0
REGION1,NGNGGCPH1,2045,0.0
REGION1,NGLFRCPH1,2045,0.0
REGION1,NGHFGCPH1,2045,0.0
REGION1,NGHYDMSH1,2045,0.0
REGION1,NGSOU1PH1,2045,0.0
REGION1,RWCOSCPH1,2045,0.0
REGION1,SNNGCCPH1,2045,0.0
REGION1,SNLFRCPH1,2045,0.0
REGION1,SNHFGCPH1,2045,0.0
REGION1,SNSOU1PH1,2045,0.0
REGION1,ZANULWPH1,2045,0.0
REGION1,ZASOU1PH1,2045,0.0
REGION1,SSWINDPH1,2045,0.0
REGION1,TGSOU1PH1,2045,0.0
REGION1,UGHYDMSH1,2045,0.0
REGION1,TZSOU1PH1,2045,0.0
REGION1,ZMHYDMSH1,2045,0.0
REGION1,ZWSOU1PH1,2045,0.0
REGION1,ZWCOSCPH1,2045,0.0
REGION1,DZLFRCPH1,2045,0.0
REGION1,DZHFGCPH1,2045,0.0
REGION1,DZHYDMSH1,2045,0.0
REGION1,DZSOC1PH1,2045,0.0
REGION1,EGNGCCPH1,2045,0.0
REGION1,EGNGGCPH1,2045,0.0
REGION1,EGLFRCPH1,2045,0.0
REGION1,EGHFGCPH1,2045,0.0
REGION1,EGHYDMSH1,2045,0.0
REGION1,EGSOC1PH1,2045,0.0
REGION1,MACOSCPH1,2045,0.0
REGION1,MALFRCPH1,2045,0.0
REGION1,MAHFGCPH1,2045,0.0
REGION1,MANGCCPH1,2045,0.0
REGION1,MANGGCPH1,2045,0.0
REGION1,MABMCHPH1,2045,0.0
REGION1,MAHYDMSH1,2045,0.0
REGION1,MASOC1PH1,2045,0.0
REGION1,SDLFRCPH1,2045,0.0
REGION1,SDHFGCPH1,2045,0.0
REGION1,SDBMCHPH1,2045,0.0
REGION1,SDHYDMSH1,2045,0.0
REGION1,TNLFRCPH1,2045,0.0
REGION1,TNHFGCPH1,2045,0.0
REGION1,TNHYDMSH1,2045,0.0
REGION1,TNWINDPH1,2045,0.0
REGION1,AONGGCPH1,2045,0.0
REGION1,AOLFRCPH1,2045,0.0
REGION1,AOHFGCPH1,2045,0.0
REGION1,AOBMCHPH1,2045,0.0
REGION1,AOHYDMSH1,2045,0.0
REGION1,BJNGGCPH1,2045,0.0
REGION1,BJLFRCPH1,2045,0.0
REGION1,BJHFGCPH1,2045,0.0
REGION1,BJHYDMSH1,2045,0.0
REGION1,BWCOSCPH1,2045,0.0
REGION1,BWLFRCPH1,2045,0.0
REGION1,BWSOU1PH1,2045,0.0
REGION1,BFBMCHPH1,2045,0.0
REGION1,BILFRCPH1,2045,0.0
REGION1,BISOU1PH1,2045,0.0
REGION1,CMNGGCPH1,2045,0.0
REGION1,CMLFRCPH1,2045,0.0
REGION1,CMHFGCPH1,2045,0.0
REGION1,CFLFRCPH1,2045,0.0
REGION1,CFHYDMSH1,2045,0.0
REGION1,TDNGCCPH1,2045,0.0
REGION1,TDLFRCPH1,2045,0.0
REGION1,TDHFGCPH1,2045,0.0
REGION1,TDBMCHPH1,2045,0.0
REGION1,TDSOU1PH1,2045,0.0
REGION1,CGNGGCPH1,2045,0.0
REGION1,CGLFRCPH1,2045,0.0
REGION1,CGHFGCPH1,2045,0.0
REGION1,CGBMCHPH1,2045,0.0
REGION1,CGHYDMSH1,2045,0.0
REGION1,CILFRCPH1,2045,0.0
REGION1,CIHFGCPH1,2045,0.0
REGION1,CIHYDMSH1,2045,0.0
REGION1,DJLFRCPH1,2045,0.0
REGION1,DJHFGCPH1,2045,0.0
REGION1,GWNGCCPH1,2045,0.0
REGION1,GQNGGCPH1,2045,0.0
REGION1,GQLFRCPH1,2045,0.0
REGION1,GQHFGCPH1,2045,0.0
REGION1,GQHYDMSH1,2045,0.0
REGION1,ERLFRCPH1,2045,0.0
REGION1,ERHFGCPH1,2045,0.0
REGION1,SZLFRCPH1,2045,0.0
REGION1,SZHFGCPH1,2045,0.0
REGION1,SZBMCHPH1,2045,0.0
REGION1,SZHYDMSH1,2045,0.0
REGION1,SZSOU1PH1,2045,0.0
REGION1,ETLFRCPH1,2045,0.0
REGION1,ETGOCVPH1,2045,0.0
REGION1,GANGGCPH1,2045,0.0
REGION1,GALFRCPH1,2045,0.0
REGION1,GAHFGCPH1,2045,0.0
REGION1,GAHYDMSH1,2045,0.0
REGION1,GMLFRCPH1,2045,0.0
REGION1,GMHFGCPH1,2045,0.0
REGION1,GMWINDPH1,2045,0.0
REGION1,GMSOU1PH1,2045,0.0
REGION1,GHLFRCPH1,2045,0.0
REGION1,GHHFGCPH1,2045,0.0
REGION1,GHBMCHPH1,2045,0.0
REGION1,GHHYDMSH1,2045,0.0
REGION1,GNLFRCPH1,2045,0.0
REGION1,GNHFGCPH1,2045,0.0
REGION1,GNHYDMSH1,2045,0.0
REGION1,GNSOU1PH1,2045,0.0
REGION1,GWLFRCPH1,2045,0.0
REGION1,KELFRCPH1,2045,0.0
REGION1,KEHFGCPH1,2045,0.0
REGION1,KEBMCHPH1,2045,0.0
REGION1,KEWINDPH1,2045,0.0
REGION1,LSHYDMSH1,2045,0.0
REGION1,LRLFRCPH1,2045,0.0
REGION1,LRHFGCPH1,2045,0.0
REGION1,LRHYDMSH1,2045,0.0
REGION1,MWLFRCPH1,2045,0.0
REGION1,MWBMCHPH1,2045,0.0
REGION1,MWHYDMSH1,2045,0.0
REGION1,MLLFRCPH1,2045,0.0
REGION1,MLHFGCPH1,2045,0.0
REGION1,MLBMCHPH1,2045,0.0
REGION1,MRNGCCPH1,2045,0.0
REGION1,MRLFRCPH1,2045,0.0
REGION1,MRHFGCPH1,2045,0.0
REGION1,MZNGGCPH1,2045,0.0
REGION1,MZBMCHPH1,2045,0.0
REGION1,MZHYDMSH1,2045,0.0
REGION1,NACOSCPH1,2045,0.0
REGION1,NALFRCPH1,2045,0.0
REGION1,NAHFGCPH1,2045,0.0
REGION1,NABMCHPH1,2045,0.0
REGION1,NAHYDMSH1,2045,0.0
REGION1,NAWINDPH1,2045,0.0
REGION1,NECOSCPH1,2045,0.0
REGION1,NENGCCPH1,2045,0.0
REGION1,NGBMCHPH1,2045,0.0
REGION1,RWWINDPH1,2045,0.0
REGION1,RWNGGCPH1,2045,0.0
REGION1,RWLFRCPH1,2045,0.0
REGION1,RWHFGCPH1,2045,0.0
REGION1,RWBMCHPH1,2045,0.0
REGION1,RWHYDMSH1,2045,0.0
REGION1,SNHYDMSH1,2045,0.0
REGION1,SNCOSCPH1,2045,0.0
REGION1,SNBMCHPH1,2045,0.0
REGION1,SLWINDPH1,2045,0.0
REGION1,SLLFRCPH1,2045,0.0
REGION1,SLHFGCPH1,2045,0.0
REGION1,SLBMCHPH1,2045,0.0
REGION1,SLHYDMSH1,2045,0.0
REGION1,ZACOSCPH1,2045,0.0
REGION1,ZALFRCPH1,2045,0.0
REGION1,ZAHFGCPH1,2045,0.0
REGION1,ZABMCHPH1,2045,0.0
REGION1,ZAHYDMSH1,2045,0.0
REGION1,ZASOC1PH1,2045,0.0
REGION1,SSLFRCPH1,2045,0.0
REGION1,SSHFGCPH1,2045,0.0
REGION1,TGNGCCPH1,2045,0.0
REGION1,TGLFRCPH1,2045,0.0
REGION1,TGHFGCPH1,2045,0.0
REGION1,TGHYDMSH1,2045,0.0
REGION1,UGSOU1PH1,2045,0.0
REGION1,UGLFRCPH1,2045,0.0
REGION1,UGHFGCPH1,2045,0.0
REGION1,UGBMCHPH1,2045,0.0
REGION1,TZNGGCPH1,2045,0.0
REGION1,TZLFRCPH1,2045,0.0
REGION1,TZHFGCPH1,2045,0.0
REGION1,TZBMCHPH1,2045,0.0
REGION1,TZHYDMSH1,2045,0.0
REGION1,ZMWINDPH1,2045,0.0
REGION1,ZMCOSCPH1,2045,0.0
REGION1,ZMLFRCPH1,2045,0.0
REGION1,ZMHFGCPH1,2045,0.0
REGION1,ZMBMCHPH1,2045,0.0
REGION1,ZWLFRCPH1,2045,0.0
REGION1,SNWINDPH1,2045,0.0
REGION1,ZWHYDMSH1,2045,0.0
REGION1,ZWBMCHPH1,2045,0.0
REGION1,SOLFRCPH1,2045,0.0
REGION1,SOSOU1PH1,2045,0.0
REGION1,SOWINDPH1,2045,0.0
REGION1,MAHYDSPH1,2045,0.0
REGION1,ZAHYDSPH1,2045,0.0
REGION1,ATELCZPH1,2045,0.0
REGION1,ATELDEPH1,2045,0.0
REGION1,ATELHUPH1,2045,0.0
REGION1,ATELITPH1,2045,0.0
REGION1,ATELSIPH1,2045,0.0
REGION1,ATELCHPH1,2045,0.0
REGION1,BEELFRPH1,2045,0.0
REGION1,BEELDEPH1,2045,0.0
REGION1,BEELLUPH1,2045,0.0
REGION1,BEELNLPH1,2045,0.0
REGION1,BEELUKPH1,2045,0.0
REGION1,BGELGRPH1,2045,0.0
REGION1,BGELROPH1,2045,0.0
REGION1,CZELDEPH1,2045,0.0
REGION1,CZELPLPH1,2045,0.0
REGION1,CZELSKPH1,2045,0.0
REGION1,HRELHUPH1,2045,0.0
REGION1,HRELSIPH1,2045,0.0
REGION1,DKELNLPH1,2045,0.0
REGION1,DKELNOPH1,2045,0.0
REGION1,DKELSEPH1,2045,0.0
REGION1,DKELUKPH1,2045,0.0
REGION1,EEELFIPH1,2045,0.0
REGION1,EEELLVPH1,2045,0.0
REGION1,FIELNOPH1,2045,0.0
REGION1,FIELSEPH1,2045,0.0
REGION1,FRELITPH1,2045,0.0
REGION1,FRELLUPH1,2045,0.0
REGION1,FRELUKPH1,2045,0.0
REGION1,DEELDKPH1,2045,0.0
REGION1,DEELFRPH1,2045,0.0
REGION1,DEELLUPH1,2045,0.0
REGION1,DEELNLPH1,2045,0.0
REGION1,DEELNOPH1,2045,0.0
REGION1,DEELPLPH1,2045,0.0
REGION1,DEELSEPH1,2045,0.0
REGION1,DEELUKPH1,2045,0.0
REGION1,HUELROPH1,2045,0.0
REGION1,HUELSKPH1,2045,0.0
REGION1,HUELSIPH1,2045,0.0
REGION1,IEELUKPH1,2045,0.0
REGION1,ITELMTPH1,2045,0.0
REGION1,ITELSIPH1,2045,0.0
REGION1,LTELLVPH1,2045,0.0
REGION1,LTELPLPH1,2045,0.0
REGION1,LTELSEPH1,2045,0.0
REGION1,NLELNOPH1,2045,0.0
REGION1,NLELUKPH1,2045,0.0
REGION1,NOELSEPH1,2045,0.0
REGION1,NOELUKPH1,2045,0.0
REGION1,PLELSKPH1,2045,0.0
REGION1,PLELSEPH1,2045,0.0
REGION1,ESELFRPH1,2045,0.0
REGION1,ESELPTPH1,2045,0.0
REGION1,CHELFRPH1,2045,0.0
REGION1,CHELDEPH1,2045,0.0
REGION1,CHELITPH1,2045,0.0
REGION1,GRELITPH1,2045,0.0
REGION1,BGELMKPH1,2045,0.0
REGION1,BGELRSPH1,2045,0.0
REGION1,BGELTRPH1,2045,0.0
REGION1,HRELBAPH1,2045,0.0
REGION1,HRELRSPH1,2045,0.0
REGION1,EEELRUPH1,2045,0.0
REGION1,GRELALPH1,2045,0.0
REGION1,GRELTRPH1,2045,0.0
REGION1,HUELRSPH1,2045,0.0
REGION1,HUELUAPH1,2045,0.0
REGION1,ITELMEPH1,2045,0.0
REGION1,LVELRUPH1,2045,0.0
REGION1,LTELBYPH1,2045,0.0
REGION1,LTELRUPH1,2045,0.0
REGION1,PLELUAPH1,2045,0.0
REGION1,ROELMDPH1,2045,0.0
REGION1,ROELRSPH1,2045,0.0
REGION1,ROELUAPH1,2045,0.0
REGION1,SKELUAPH1,2045,0.0
REGION1,GRELMKPH1,2045,0.0
REGION1,ESELMAPH1,2045,0.0
REGION1,CYELILPH1,2045,0.0
REGION1,SEELLVPH1,2045,0.0
REGION1,BEELDKPH1,2045,0.0
REGION1,ITELTNPH1,2045,0.0
REGION1,GRELEGPH1,2045,0.0
REGION1,ITELDZPH1,2045,0.0
REGION1,MTELTNPH1,2045,0.0
REGION1,ROELGEPH1,2045,0.0
REGION1,ESELITPH1,2045,0.0
REGION1,DEELLVPH1,2045,0.0
REGION1,GRELDEPH1,2045,0.0
REGION1,ITELSAPH1,2045,0.0
REGION1,UKELMAPH1,2045,0.0
REGION1,DEELMAPH1,2045,0.0
REGION1,BIELRWPH1,2045,0.0
REGION1,BWELZAPH1,2045,0.0
REGION1,CDELBIPH1,2045,0.0
REGION1,CDELCGPH1,2045,0.0
REGION1,CDELRWPH1,2045,0.0
REGION1,CDELZMPH1,2045,0.0
REGION1,CIELBFPH1,2045,0.0
REGION1,EGELJOPH1,2045,0.0
REGION1,EGELSDPH1,2045,0.0
REGION1,ETELDJPH1,2045,0.0
REGION1,ETELSDPH1,2045,0.0
REGION1,GHELCIPH1,2045,0.0
REGION1,GHELTGPH1,2045,0.0
REGION1,KEELTZPH1,2045,0.0
REGION1,LSELZAPH1,2045,0.0
REGION1,LYELEGPH1,2045,0.74
REGION1,MAELDZPH1,2045,1.68
REGION1,MZELSZPH1,2045,0.0
REGION1,MZELZAPH1,2045,0.0
REGION1,MZELZWPH1,2045,0.0
REGION1,NGELBJPH1,2045,0.0
REGION1,NGELNEPH1,2045,0.0
REGION1,NAELZAPH1,2045,0.0
REGION1,RWELBIPH1,2045,0.0
REGION1,SNELMLPH1,2045,0.0
REGION1,TGELBJPH1,2045,0.3
REGION1,TNELDZPH1,2045,1.68
REGION1,TZELUGPH1,2045,0.0
REGION1,UGELKEPH1,2045,0.5
REGION1,UGELRWPH1,2045,0.0
REGION1,UGELTZPH1,2045,0.0
REGION1,ZAELSZPH1,2045,0.0
REGION1,ZAELZWPH1,2045,0.0
REGION1,ZMELZWPH1,2045,0.0
REGION1,AOELBWPH1,2045,0.0
REGION1,AOELCDPH1,2045,0.0
REGION1,AOELNAPH1,2045,0.0
REGION1,BFELMLPH1,2045,0.0
REGION1,BWELNAPH1,2045,0.0
REGION1,CDELNAPH1,2045,0.0
REGION1,CDELZAPH1,2045,0.0
REGION1,CGELGAPH1,2045,0.0
REGION1,CMELTDPH1,2045,0.0
REGION1,ETELKEPH1,2045,0.0
REGION1,GAELGQPH1,2045,0.0
REGION1,GHELBFPH1,2045,0.0
REGION1,GMELGWPH1,2045,0.0
REGION1,GQELCMPH1,2045,0.0
REGION1,GWELGNPH1,2045,0.0
REGION1,LRELGNPH1,2045,0.0
REGION1,LRELSLPH1,2045,0.0
REGION1,MLELCIPH1,2045,0.0
REGION1,MWELMZPH1,2045,0.0
REGION1,MWELZMPH1,2045,0.0
REGION1,NAELZWPH1,2045,0.0
REGION1,NEELBFPH1,2045,0.0
REGION1,NEELBJPH1,2045,0.0
REGION1,NEELTGPH1,2045,0.0
REGION1,SLELGNPH1,2045,0.0
REGION1,SNELGMPH1,2045,0.0
REGION1,SNELGNPH1,2045,0.0
REGION1,TGELGHPH1,2045,0.0
REGION1,TZELZMPH1,2045,0.0
REGION1,CIELLRPH1,2045,0.0
REGION1,GNELMLPH1,2045,0.0
REGION1,AOELZMPH1,2045,0.0
REGION1,BFELBJPH1,2045,0.3
REGION1,BFELTGPH1,2045,0.3
REGION1,BIELTZPH1,2045,0.1
REGION1,BJELGHPH1,2045,0.655
REGION1,BWELZMPH1,2045,0.6
REGION1,CDELCFPH1,2045,0.1
REGION1,CDELSDPH1,2045,1.0
REGION1,CDELTZPH1,2045,1.0
REGION1,CDELUGPH1,2045,0.5
REGION1,CFELCGPH1,2045,0.1
REGION1,CFELCMPH1,2045,0.1
REGION1,CFELSDPH1,2045,0.1
REGION1,CFELTDPH1,2045,0.1
REGION1,CGELCMPH1,2045,0.3
REGION1,CIELGNPH1,2045,0.5
REGION1,CMELGAPH1,2045,0.5
REGION1,CMELNGPH1,2045,1.0
REGION1,DJELERPH1,2045,0.1
REGION1,DJELSOPH1,2045,0.1
REGION1,DZELLYPH1,2045,1.0
REGION1,DZELMLPH1,2045,0.5
REGION1,DZELMRPH1,2045,0.5
REGION1,DZELNEPH1,2045,0.3
REGION1,ETELERPH1,2045,0.2
REGION1,ETELSOPH1,2045,0.4
REGION1,GWELSNPH1,2045,0.1
REGION1,KEELSDPH1,2045,1.0
REGION1,KEELSOPH1,2045,0.2
REGION1,LYELNEPH1,2045,0.3
REGION1,LYELSDPH1,2045,1.0
REGION1,LYELTDPH1,2045,0.2
REGION1,LYELTNPH1,2045,1.0
REGION1,MLELMRPH1,2045,0.5
REGION1,MLELNEPH1,2045,0.5
REGION1,MRELSNPH1,2045,0.25
REGION1,MWELTZPH1,2045,0.5
REGION1,MZELTZPH1,2045,1.0
REGION1,MZELZMPH1,2045,0.6
REGION1,NEELTDPH1,2045,0.2
REGION1,NGELTDPH1,2045,0.2
REGION1,RWELTZPH1,2045,0.2
REGION1,SDELERPH1,2045,0.2
REGION1,SDELTDPH1,2045,0.2
REGION1,SDELUGPH1,2045,0.5
REGION1,CYELGRPH1,2045,0.0
REGION1,ALNGGRPI0,2045,0.0
REGION1,ALNGITPI0,2045,0.0
REGION1,ATNGDEPI0,2045,0.0
REGION1,ATNGHUPI0,2045,0.0
REGION1,ATNGITPI0,2045,0.0
REGION1,ATNGSIPI0,2045,0.0
REGION1,ATNGSKPI0,2045,0.0
REGION1,BENGDEPI0,2045,0.0
REGION1,BENGFRPI0,2045,0.0
REGION1,BENGUKPI0,2045,0.0
REGION1,BENGNLPI0,2045,0.0
REGION1,BGNGGRPI0,2045,0.0
REGION1,BGNGROPI0,2045,0.0
REGION1,BYNGLTPI0,2045,0.0
REGION1,CYNGEGPI0,2045,0.0
REGION1,CYNGGRPI0,2045,0.0
REGION1,CZNGDEPI0,2045,0.0
REGION1,CZNGPLPI0,2045,0.0
REGION1,CZNGSKPI0,2045,0.0
REGION1,DENGCHPI0,2045,0.0
REGION1,DENGFRPI0,2045,0.0
REGION1,DENGNLPI0,2045,0.0
REGION1,DENGPLPI0,2045,0.0
REGION1,DKNGDEPI0,2045,0.0
REGION1,DKNGPLPI0,2045,0.0
REGION1,DKNGSEPI0,2045,0.0
REGION1,DZNGESPI0,2045,0.0
REGION1,DZNGITPI0,2045,0.0
REGION1,EENGFIPI0,2045,0.0
REGION1,EENGLVPI0,2045,0.0
REGION1,FRNGCHPI0,2045,0.0
REGION1,FRNGESPI0,2045,0.0
REGION1,GRNGITPI0,2045,0.0
REGION1,HRNGHUPI0,2045,0.0
REGION1,HRNGSIPI0,2045,0.0
REGION1,HUNGROPI0,2045,0.0
REGION1,HUNGSKPI0,2045,0.0
REGION1,IENGUKPI0,2045,0.0
REGION1,ITNGCHPI0,2045,0.0
REGION1,ITNGMTPI0,2045,0.0
REGION1,ITNGSIPI0,2045,0.0
REGION1,LTNGPLPI0,2045,0.0
REGION1,LVNGLTPI0,2045,0.0
REGION1,LYNGITPI0,2045,0.0
REGION1,MANGESPI0,2045,0.0
REGION1,MDNGROPI0,2045,0.0
REGION1,NLNGUKPI0,2045,0.0
REGION1,NONGBEPI0,2045,0.0
REGION1,NONGDEPI0,2045,0.0
REGION1,NONGDKPI0,2045,0.0
REGION1,NONGFRPI0,2045,0.0
REGION1,NONGUKPI0,2045,0.0
REGION1,NONGNLPI0,2045,0.0
REGION1,PLNGSKPI0,2045,0.0
REGION1,PTNGESPI0,2045,0.0
REGION1,RSNGBGPI0,2045,0.0
REGION1,RSNGHUPI0,2045,0.0
REGION1,RSNGROPI0,2045,0.0
REGION1,RUNGEEPI0,2045,0.0
REGION1,RUNGFIPI0,2045,0.0
REGION1,RUNGLVPI0,2045,0.0
REGION1,TRNGBGPI0,2045,0.0
REGION1,TRNGGRPI0,2045,0.0
REGION1,UANGHUPI0,2045,0.0
REGION1,UANGPLPI0,2045,0.0
REGION1,UANGROPI0,2045,0.0
REGION1,UANGSKPI0,2045,0.0
REGION1,BENGLUPI0,2045,0.0
REGION1,NGNGDZPI0,2045,0.0
REGION1,MZNGZAPI0,2045,0.0
REGION1,NGNGLYPI0,2045,0.0
REGION1,ETNGDJPI0,2045,0.0
REGION1,NGNGGQPI0,2045,0.0
REGION1,TZNGKEPI0,2045,0.0
REGION1,NGNGMAPI0,2045,0.0
REGION1,NGNGBJPI0,2045,0.0
REGION1,NGNGGHPI0,2045,0.0
REGION1,NGNGNEPI0,2045,0.0
REGION1,NGNGTGPI0,2045,0.0
REGION1,NGNGTNPI0,2045,0.0
REGION1,DZNGMAPI0,2045,0.0
REGION1,BELG00I00,2046,0.0
REGION1,HRLG00I00,2046,0.0
REGION1,CYLG00I00,2046,0.0
REGION1,FRLG00I00,2046,0.0
REGION1,FILG00I00,2046,0.0
REGION1,DELG00I00,2046,0.0
REGION1,GRLG00I00,2046,0.0
REGION1,ITLG00I00,2046,0.0
REGION1,LVLG00I00,2046,0.0
REGION1,LTLG00I00,2046,0.0
REGION1,MTLG00I00,2046,0.0
REGION1,NLLG00I00,2046,0.0
REGION1,PLLG00I00,2046,0.0
REGION1,ESLG00I00,2046,0.0
REGION1,UKLG00I00,2046,0.0
REGION1,PTLG00I00,2046,0.0
REGION1,BENUG2PN1,2046,0.0
REGION1,BGNUG2PN1,2046,0.0
REGION1,CZNUG2PN1,2046,0.0
REGION1,DENUG2PN1,2046,0.0
REGION1,ESNUG2PN1,2046,0.0
REGION1,FINUG2PN1,2046,0.0
REGION1,FRNUG2PN1,2046,0.0
REGION1,HUNUG2PN1,2046,0.0
REGION1,NLNUG2PN1,2046,0.0
REGION1,RONUG2PN1,2046,0.0
REGION1,SENUG2PN1,2046,0.0
REGION1,SINUG2PN1,2046,0.0
REGION1,SKNUG2PN1,2046,0.0
REGION1,CHNUG2PN1,2046,0.0
REGION1,UKNUG2PN1,2046,0.0
REGION1,ATHYDSPN1,2046,0.0
REGION1,BEHYDSPN1,2046,0.0
REGION1,BGHYDSPN1,2046,0.0
REGION1,CZHYDSPN1,2046,0.0
REGION1,DEHYDSPN1,2046,0.0
REGION1,GRHYDSPN1,2046,0.0
REGION1,ESHYDSPN1,2046,0.0
REGION1,FRHYDSPN1,2046,0.0
REGION1,HRHYDSPN1,2046,0.0
REGION1,IEHYDSPN1,2046,0.0
REGION1,ITHYDSPN1,2046,0.0
REGION1,LTHYDSPN1,2046,0.0
REGION1,LUHYDSPN1,2046,0.0
REGION1,PLHYDSPN1,2046,0.0
REGION1,PTHYDSPN1,2046,0.0
REGION1,ROHYDSPN1,2046,0.0
REGION1,SEHYDSPN1,2046,0.0
REGION1,SIHYDSPN1,2046,0.0
REGION1,SKHYDSPN1,2046,0.0
REGION1,CHHYDSPN1,2046,0.0
REGION1,UKHYDSPN1,2046,0.0
REGION1,ATHYDMPN1,2046,0.0
REGION1,ATHYDRPN1,2046,0.0
REGION1,BEHYDMPN1,2046,0.0
REGION1,BEHYDRPN1,2046,0.0
REGION1,BGHYDMPN1,2046,0.0
REGION1,BGHYDRPN1,2046,0.0
REGION1,CZHYDRPN1,2046,0.0
REGION1,CZHYDMPN1,2046,0.0
REGION1,DEHYDMPN1,2046,0.0
REGION1,DEHYDRPN1,2046,0.0
REGION1,DKHYDRPN1,2046,0.0
REGION1,DKHYDMPN1,2046,0.0
REGION1,EEHYDRPN1,2046,0.0
REGION1,GRHYDMPN1,2046,0.0
REGION1,GRHYDRPN1,2046,0.0
REGION1,ESHYDMPN1,2046,0.0
REGION1,ESHYDRPN1,2046,0.0
REGION1,FIHYDMPN1,2046,0.0
REGION1,FIHYDRPN1,2046,0.0
REGION1,FRHYDMPN1,2046,0.0
REGION1,FRHYDRPN1,2046,0.0
REGION1,HRHYDMPN1,2046,0.0
REGION1,HRHYDRPN1,2046,0.0
REGION1,HUHYDMPN1,2046,0.0
REGION1,HUHYDRPN1,2046,0.0
REGION1,IEHYDMPN1,2046,0.0
REGION1,IEHYDRPN1,2046,0.0
REGION1,ITHYDMPN1,2046,0.0
REGION1,ITHYDRPN1,2046,0.0
REGION1,LTHYDRPN1,2046,0.0
REGION1,LUHYDRPN1,2046,0.0
REGION1,LVHYDMPN1,2046,0.0
REGION1,LVHYDRPN1,2046,0.0
REGION1,NLHYDRPN1,2046,0.0
REGION1,PLHYDMPN1,2046,0.0
REGION1,PLHYDRPN1,2046,0.0
REGION1,PTHYDMPN1,2046,0.0
REGION1,PTHYDRPN1,2046,0.0
REGION1,ROHYDMPN1,2046,0.0
REGION1,ROHYDRPN1,2046,0.0
REGION1,SEHYDMPN1,2046,0.0
REGION1,SEHYDRPN1,2046,0.0
REGION1,SIHYDMPN1,2046,0.0
REGION1,SIHYDRPN1,2046,0.0
REGION1,SKHYDMPN1,2046,0.0
REGION1,SKHYDRPN1,2046,0.0
REGION1,NOHYDRPN1,2046,0.0
REGION1,NOHYDMPN1,2046,0.0
REGION1,CHHYDRPN1,2046,0.0
REGION1,CHHYDMPN1,2046,0.0
REGION1,UKHYDMPN1,2046,0.0
REGION1,UKHYDRPN1,2046,0.0
REGION1,EGLG00I00,2046,0.0
REGION1,GHLG00I00,2046,0.0
REGION1,MALG00I00,2046,0.0
REGION1,MZLG00I00,2046,0.0
REGION1,SNLG00I00,2046,0.0
REGION1,ZALG00I00,2046,0.0
REGION1,DZLG00E00,2046,0.0
REGION1,NGLG00E00,2046,0.0
REGION1,EGLG00E00,2046,0.0
REGION1,AOLG00E00,2046,0.0
REGION1,GQLG00E00,2046,0.0
REGION1,MZLG00E00,2046,0.0
REGION1,CGLG00E00,2046,0.0
REGION1,GALG00E00,2046,0.0
REGION1,MRLG00E00,2046,0.0
REGION1,SNLG00E00,2046,0.0
REGION1,TZLG00E00,2046,0.0
REGION1,BFHYDMSN1,2046,0.0
REGION1,BIHYDMSN1,2046,0.0
REGION1,CMHYDMSN1,2046,0.0
REGION1,CDHYDMSN1,2046,0.0
REGION1,ETHYDMSN1,2046,0.0
REGION1,KEHYDMSN1,2046,0.0
REGION1,MLHYDMSN1,2046,0.0
REGION1,NGHYDMSN1,2046,0.0
REGION1,UGHYDMSN1,2046,0.0
REGION1,ZMHYDMSN1,2046,0.0
REGION1,DZHYDMSN1,2046,0.0
REGION1,EGHYDMSN1,2046,0.0
REGION1,MAHYDMSN1,2046,0.0
REGION1,SDHYDMSN1,2046,0.0
REGION1,TNHYDMSN1,2046,0.0
REGION1,AOHYDMSN1,2046,0.0
REGION1,BJHYDMSN1,2046,0.0
REGION1,CFHYDMSN1,2046,0.0
REGION1,CGHYDMSN1,2046,0.0
REGION1,CIHYDMSN1,2046,0.0
REGION1,GQHYDMSN1,2046,0.0
REGION1,SZHYDMSN1,2046,0.0
REGION1,GAHYDMSN1,2046,0.0
REGION1,GHHYDMSN1,2046,0.0
REGION1,GNHYDMSN1,2046,0.0
REGION1,LSHYDMSN1,2046,0.0
REGION1,LRHYDMSN1,2046,0.0
REGION1,MWHYDMSN1,2046,0.0
REGION1,MZHYDMSN1,2046,0.0
REGION1,NAHYDMSN1,2046,0.0
REGION1,RWHYDMSN1,2046,0.0
REGION1,SNHYDMSN1,2046,0.0
REGION1,SLHYDMSN1,2046,0.0
REGION1,ZAHYDMSN1,2046,0.0
REGION1,TGHYDMSN1,2046,0.0
REGION1,TZHYDMSN1,2046,0.0
REGION1,ZWHYDMSN1,2046,0.0
REGION1,MAHYDSPN1,2046,0.0
REGION1,ZAHYDSPN1,2046,0.0
REGION1,KEBATTN1,2046,0.0
REGION1,ETBMCHPN1,2046,0.0
REGION1,KEBMCHPN1,2046,0.0
REGION1,ZABMCHPN1,2046,0.0
REGION1,BWCOSCPN1,2046,0.0
REGION1,ZACOSCPN1,2046,0.0
REGION1,ETGOCVPN1,2046,0.0
REGION1,KEGOCVPN1,2046,0.0
REGION1,RWNGGCPN1,2046,0.0
REGION1,DZNGCCPN1,2046,0.0
REGION1,MANGCCPN1,2046,0.0
REGION1,TNNGCCPN1,2046,0.0
REGION1,UGNGCCPN1,2046,0.0
REGION1,MZNGGCPN1,2046,0.0
REGION1,NGNGGCPN1,2046,0.0
REGION1,AOSOU1PN1,2046,0.0
REGION1,GASOU1PN1,2046,0.0
REGION1,DZSOU1PN1,2046,0.0
REGION1,MASOU1PN1,2046,0.0
REGION1,TNSOU1PN1,2046,0.0
REGION1,ETSOU1PN1,2046,0.0
REGION1,KESOU1PN1,2046,0.0
REGION1,TZSOU1PN1,2046,0.0
REGION1,BWSOU1PN1,2046,0.0
REGION1,ZASOU1PN1,2046,0.0
REGION1,MAWINDPN1,2046,0.0
REGION1,TNWINDPN1,2046,0.0
REGION1,ETWINDPN1,2046,0.0
REGION1,KEWINDPN1,2046,0.0
REGION1,ZAWINDPN1,2046,0.0
REGION1,CICOSCPN1,2046,0.0
REGION1,EGNULWPN1,2046,0.0
REGION1,SSHYDMSN1,2046,0.0
REGION1,MABATTN1,2046,0.0
REGION1,CGSOU1PN1,2046,0.0
REGION1,DJSOU1PN1,2046,0.0
REGION1,DZWINDPN1,2046,0.0
REGION1,ERSOU1PN1,2046,0.0
REGION1,ERWINDPN1,2046,0.0
REGION1,GHWINDPN1,2046,0.0
REGION1,GQSOU1PN1,2046,0.0
REGION1,GWSOU1PN1,2046,0.0
REGION1,LRSOU1PN1,2046,0.0
REGION1,RWSOU1PN1,2046,0.0
REGION1,SLSOU1PN1,2046,0.0
REGION1,SSSOU1PN1,2046,0.0
REGION1,SZNGCCPN1,2046,0.0
REGION1,SZWINDPN1,2046,0.0
REGION1,TDWINDPN1,2046,0.0
REGION1,TGWINDPN1,2046,0.0
REGION1,TZWINDPN1,2046,0.0
REGION1,ZMSOU1PN1,2046,0.0
REGION1,DZNGCCPH1,2046,0.0
REGION1,DZNGGCPH1,2046,0.0
REGION1,DZSOU1PH1,2046,0.0
REGION1,EGBMCHPH1,2046,0.0
REGION1,EGSOU1PH1,2046,0.0
REGION1,EGWINDPH1,2046,0.0
REGION1,LYNGCCPH1,2046,0.0
REGION1,LYNGGCPH1,2046,0.0
REGION1,LYLFRCPH1,2046,0.0
REGION1,LYHFGCPH1,2046,0.0
REGION1,LYSOU1PH1,2046,0.0
REGION1,MASOU1PH1,2046,0.0
REGION1,MAWINDPH1,2046,0.0
REGION1,SDSOU1PH1,2046,0.0
REGION1,TNNGCCPH1,2046,0.0
REGION1,TNNGGCPH1,2046,0.0
REGION1,TNSOU1PH1,2046,0.0
REGION1,AOSOU1PH1,2046,0.0
REGION1,BJSOU1PH1,2046,0.0
REGION1,BFLFRCPH1,2046,0.0
REGION1,BFHFGCPH1,2046,0.0
REGION1,BFHYDMSH1,2046,0.0
REGION1,BFSOU1PH1,2046,0.0
REGION1,BIHYDMSH1,2046,0.0
REGION1,CMHYDMSH1,2046,0.0
REGION1,CMSOU1PH1,2046,0.0
REGION1,CFSOU1PH1,2046,0.0
REGION1,CINGCCPH1,2046,0.0
REGION1,CINGGCPH1,2046,0.0
REGION1,CISOU1PH1,2046,0.0
REGION1,CDLFRCPH1,2046,0.0
REGION1,CDHFGCPH1,2046,0.0
REGION1,CDHYDMSH1,2046,0.0
REGION1,CDSOU1PH1,2046,0.0
REGION1,DJWINDPH1,2046,0.0
REGION1,ETBMCHPH1,2046,0.0
REGION1,ETHYDMSH1,2046,0.0
REGION1,ETWINDPH1,2046,0.0
REGION1,GHNGCCPH1,2046,0.0
REGION1,GHNGGCPH1,2046,0.0
REGION1,GHSOU1PH1,2046,0.0
REGION1,KEGOCVPH1,2046,0.0
REGION1,KEHYDMSH1,2046,0.0
REGION1,KESOU1PH1,2046,0.0
REGION1,LSSOU1PH1,2046,0.0
REGION1,MWSOU1PH1,2046,0.0
REGION1,MLHYDMSH1,2046,0.0
REGION1,MLSOU1PH1,2046,0.0
REGION1,MRSOU1PH1,2046,0.0
REGION1,MRWINDPH1,2046,0.0
REGION1,MZLFRCPH1,2046,0.0
REGION1,MZHFGCPH1,2046,0.0
REGION1,MZSOU1PH1,2046,0.0
REGION1,NASOU1PH1,2046,0.0
REGION1,NELFRCPH1,2046,0.0
REGION1,NEHFGCPH1,2046,0.0
REGION1,NESOU1PH1,2046,0.0
REGION1,NGNGCCPH1,2046,0.0
REGION1,NGNGGCPH1,2046,0.0
REGION1,NGLFRCPH1,2046,0.0
REGION1,NGHFGCPH1,2046,0.0
REGION1,NGHYDMSH1,2046,0.0
REGION1,NGSOU1PH1,2046,0.0
REGION1,RWCOSCPH1,2046,0.0
REGION1,SNNGCCPH1,2046,0.0
REGION1,SNLFRCPH1,2046,0.0
REGION1,SNHFGCPH1,2046,0.0
REGION1,SNSOU1PH1,2046,0.0
REGION1,ZANULWPH1,2046,0.0
REGION1,ZASOU1PH1,2046,0.0
REGION1,SSWINDPH1,2046,0.0
REGION1,TGSOU1PH1,2046,0.0
REGION1,UGHYDMSH1,2046,0.0
REGION1,TZSOU1PH1,2046,0.0
REGION1,ZMHYDMSH1,2046,0.0
REGION1,ZWSOU1PH1,2046,0.0
REGION1,ZWCOSCPH1,2046,0.0
REGION1,DZLFRCPH1,2046,0.0
REGION1,DZHFGCPH1,2046,0.0
REGION1,DZHYDMSH1,2046,0.0
REGION1,DZSOC1PH1,2046,0.0
REGION1,EGNGCCPH1,2046,0.0
REGION1,EGNGGCPH1,2046,0.0
REGION1,EGLFRCPH1,2046,0.0
REGION1,EGHFGCPH1,2046,0.0
REGION1,EGHYDMSH1,2046,0.0
REGION1,EGSOC1PH1,2046,0.0
REGION1,MACOSCPH1,2046,0.0
REGION1,MALFRCPH1,2046,0.0
REGION1,MAHFGCPH1,2046,0.0
REGION1,MANGCCPH1,2046,0.0
REGION1,MANGGCPH1,2046,0.0
REGION1,MABMCHPH1,2046,0.0
REGION1,MAHYDMSH1,2046,0.0
REGION1,MASOC1PH1,2046,0.0
REGION1,SDLFRCPH1,2046,0.0
REGION1,SDHFGCPH1,2046,0.0
REGION1,SDBMCHPH1,2046,0.0
REGION1,SDHYDMSH1,2046,0.0
REGION1,TNLFRCPH1,2046,0.0
REGION1,TNHFGCPH1,2046,0.0
REGION1,TNHYDMSH1,2046,0.0
REGION1,TNWINDPH1,2046,0.0
REGION1,AONGGCPH1,2046,0.0
REGION1,AOLFRCPH1,2046,0.0
REGION1,AOHFGCPH1,2046,0.0
REGION1,AOBMCHPH1,2046,0.0
REGION1,AOHYDMSH1,2046,0.0
REGION1,BJNGGCPH1,2046,0.0
REGION1,BJLFRCPH1,2046,0.0
REGION1,BJHFGCPH1,2046,0.0
REGION1,BJHYDMSH1,2046,0.0
REGION1,BWCOSCPH1,2046,0.0
REGION1,BWLFRCPH1,2046,0.0
REGION1,BWSOU1PH1,2046,0.0
REGION1,BFBMCHPH1,2046,0.0
REGION1,BILFRCPH1,2046,0.0
REGION1,BISOU1PH1,2046,0.0
REGION1,CMNGGCPH1,2046,0.0
REGION1,CMLFRCPH1,2046,0.0
REGION1,CMHFGCPH1,2046,0.0
REGION1,CFLFRCPH1,2046,0.0
REGION1,CFHYDMSH1,2046,0.0
REGION1,TDNGCCPH1,2046,0.0
REGION1,TDLFRCPH1,2046,0.0
REGION1,TDHFGCPH1,2046,0.0
REGION1,TDBMCHPH1,2046,0.0
REGION1,TDSOU1PH1,2046,0.0
REGION1,CGNGGCPH1,2046,0.0
REGION1,CGLFRCPH1,2046,0.0
REGION1,CGHFGCPH1,2046,0.0
REGION1,CGBMCHPH1,2046,0.0
REGION1,CGHYDMSH1,2046,0.0
REGION1,CILFRCPH1,2046,0.0
REGION1,CIHFGCPH1,2046,0.0
REGION1,CIHYDMSH1,2046,0.0
REGION1,DJLFRCPH1,2046,0.0
REGION1,DJHFGCPH1,2046,0.0
REGION1,GWNGCCPH1,2046,0.0
REGION1,GQNGGCPH1,2046,0.0
REGION1,GQLFRCPH1,2046,0.0
REGION1,GQHFGCPH1,2046,0.0
REGION1,GQHYDMSH1,2046,0.0
REGION1,ERLFRCPH1,2046,0.0
REGION1,ERHFGCPH1,2046,0.0
REGION1,SZLFRCPH1,2046,0.0
REGION1,SZHFGCPH1,2046,0.0
REGION1,SZBMCHPH1,2046,0.0
REGION1,SZHYDMSH1,2046,0.0
REGION1,SZSOU1PH1,2046,0.0
REGION1,ETLFRCPH1,2046,0.0
REGION1,ETGOCVPH1,2046,0.0
REGION1,GANGGCPH1,2046,0.0
REGION1,GALFRCPH1,2046,0.0
REGION1,GAHFGCPH1,2046,0.0
REGION1,GAHYDMSH1,2046,0.0
REGION1,GMLFRCPH1,2046,0.0
REGION1,GMHFGCPH1,2046,0.0
REGION1,GMWINDPH1,2046,0.0
REGION1,GMSOU1PH1,2046,0.0
REGION1,GHLFRCPH1,2046,0.0
REGION1,GHHFGCPH1,2046,0.0
REGION1,GHBMCHPH1,2046,0.0
REGION1,GHHYDMSH1,2046,0.0
REGION1,GNLFRCPH1,2046,0.0
REGION1,GNHFGCPH1,2046,0.0
REGION1,GNHYDMSH1,2046,0.0
REGION1,GNSOU1PH1,2046,0.0
REGION1,GWLFRCPH1,2046,0.0
REGION1,KELFRCPH1,2046,0.0
REGION1,KEHFGCPH1,2046,0.0
REGION1,KEBMCHPH1,2046,0.0
REGION1,KEWINDPH1,2046,0.0
REGION1,LSHYDMSH1,2046,0.0
REGION1,LRLFRCPH1,2046,0.0
REGION1,LRHFGCPH1,2046,0.0
REGION1,LRHYDMSH1,2046,0.0
REGION1,MWLFRCPH1,2046,0.0
REGION1,MWBMCHPH1,2046,0.0
REGION1,MWHYDMSH1,2046,0.0
REGION1,MLLFRCPH1,2046,0.0
REGION1,MLHFGCPH1,2046,0.0
REGION1,MLBMCHPH1,2046,0.0
REGION1,MRNGCCPH1,2046,0.0
REGION1,MRLFRCPH1,2046,0.0
REGION1,MRHFGCPH1,2046,0.0
REGION1,MZNGGCPH1,2046,0.0
REGION1,MZBMCHPH1,2046,0.0
REGION1,MZHYDMSH1,2046,0.0
REGION1,NACOSCPH1,2046,0.0
REGION1,NALFRCPH1,2046,0.0
REGION1,NAHFGCPH1,2046,0.0
REGION1,NABMCHPH1,2046,0.0
REGION1,NAHYDMSH1,2046,0.0
REGION1,NAWINDPH1,2046,0.0
REGION1,NECOSCPH1,2046,0.0
REGION1,NENGCCPH1,2046,0.0
REGION1,NGBMCHPH1,2046,0.0
REGION1,RWWINDPH1,2046,0.0
REGION1,RWNGGCPH1,2046,0.0
REGION1,RWLFRCPH1,2046,0.0
REGION1,RWHFGCPH1,2046,0.0
REGION1,RWBMCHPH1,2046,0.0
REGION1,RWHYDMSH1,2046,0.0
REGION1,SNHYDMSH1,2046,0.0
REGION1,SNCOSCPH1,2046,0.0
REGION1,SNBMCHPH1,2046,0.0
REGION1,SLWINDPH1,2046,0.0
REGION1,SLLFRCPH1,2046,0.0
REGION1,SLHFGCPH1,2046,0.0
REGION1,SLBMCHPH1,2046,0.0
REGION1,SLHYDMSH1,2046,0.0
REGION1,ZACOSCPH1,2046,0.0
REGION1,ZALFRCPH1,2046,0.0
REGION1,ZAHFGCPH1,2046,0.0
REGION1,ZABMCHPH1,2046,0.0
REGION1,ZAHYDMSH1,2046,0.0
REGION1,ZASOC1PH1,2046,0.0
REGION1,SSLFRCPH1,2046,0.0
REGION1,SSHFGCPH1,2046,0.0
REGION1,TGNGCCPH1,2046,0.0
REGION1,TGLFRCPH1,2046,0.0
REGION1,TGHFGCPH1,2046,0.0
REGION1,TGHYDMSH1,2046,0.0
REGION1,UGSOU1PH1,2046,0.0
REGION1,UGLFRCPH1,2046,0.0
REGION1,UGHFGCPH1,2046,0.0
REGION1,UGBMCHPH1,2046,0.0
REGION1,TZNGGCPH1,2046,0.0
REGION1,TZLFRCPH1,2046,0.0
REGION1,TZHFGCPH1,2046,0.0
REGION1,TZBMCHPH1,2046,0.0
REGION1,TZHYDMSH1,2046,0.0
REGION1,ZMWINDPH1,2046,0.0
REGION1,ZMCOSCPH1,2046,0.0
REGION1,ZMLFRCPH1,2046,0.0
REGION1,ZMHFGCPH1,2046,0.0
REGION1,ZMBMCHPH1,2046,0.0
REGION1,ZWLFRCPH1,2046,0.0
REGION1,SNWINDPH1,2046,0.0
REGION1,ZWHYDMSH1,2046,0.0
REGION1,ZWBMCHPH1,2046,0.0
REGION1,SOLFRCPH1,2046,0.0
REGION1,SOSOU1PH1,2046,0.0
REGION1,SOWINDPH1,2046,0.0
REGION1,MAHYDSPH1,2046,0.0
REGION1,ZAHYDSPH1,2046,0.0
REGION1,ATELCZPH1,2046,0.0
REGION1,ATELDEPH1,2046,0.0
REGION1,ATELHUPH1,2046,0.0
REGION1,ATELITPH1,2046,0.0
REGION1,ATELSIPH1,2046,0.0
REGION1,ATELCHPH1,2046,0.0
REGION1,BEELFRPH1,2046,0.0
REGION1,BEELDEPH1,2046,0.0
REGION1,BEELLUPH1,2046,0.0
REGION1,BEELNLPH1,2046,0.0
REGION1,BEELUKPH1,2046,0.0
REGION1,BGELGRPH1,2046,0.0
REGION1,BGELROPH1,2046,0.0
REGION1,CZELDEPH1,2046,0.0
REGION1,CZELPLPH1,2046,0.0
REGION1,CZELSKPH1,2046,0.0
REGION1,HRELHUPH1,2046,0.0
REGION1,HRELSIPH1,2046,0.0
REGION1,DKELNLPH1,2046,0.0
REGION1,DKELNOPH1,2046,0.0
REGION1,DKELSEPH1,2046,0.0
REGION1,DKELUKPH1,2046,0.0
REGION1,EEELFIPH1,2046,0.0
REGION1,EEELLVPH1,2046,0.0
REGION1,FIELNOPH1,2046,0.0
REGION1,FIELSEPH1,2046,0.0
REGION1,FRELITPH1,2046,0.0
REGION1,FRELLUPH1,2046,0.0
REGION1,FRELUKPH1,2046,0.0
REGION1,DEELDKPH1,2046,0.0
REGION1,DEELFRPH1,2046,0.0
REGION1,DEELLUPH1,2046,0.0
REGION1,DEELNLPH1,2046,0.0
REGION1,DEELNOPH1,2046,0.0
REGION1,DEELPLPH1,2046,0.0
REGION1,DEELSEPH1,2046,0.0
REGION1,DEELUKPH1,2046,0.0
REGION1,HUELROPH1,2046,0.0
REGION1,HUELSKPH1,2046,0.0
REGION1,HUELSIPH1,2046,0.0
REGION1,IEELUKPH1,2046,0.0
REGION1,ITELMTPH1,2046,0.0
REGION1,ITELSIPH1,2046,0.0
REGION1,LTELLVPH1,2046,0.0
REGION1,LTELPLPH1,2046,0.0
REGION1,LTELSEPH1,2046,0.0
REGION1,NLELNOPH1,2046,0.0
REGION1,NLELUKPH1,2046,0.0
REGION1,NOELSEPH1,2046,0.0
REGION1,NOELUKPH1,2046,0.0
REGION1,PLELSKPH1,2046,0.0
REGION1,PLELSEPH1,2046,0.0
REGION1,ESELFRPH1,2046,0.0
REGION1,ESELPTPH1,2046,0.0
REGION1,CHELFRPH1,2046,0.0
REGION1,CHELDEPH1,2046,0.0
REGION1,CHELITPH1,2046,0.0
REGION1,GRELITPH1,2046,0.0
REGION1,BGELMKPH1,2046,0.0
REGION1,BGELRSPH1,2046,0.0
REGION1,BGELTRPH1,2046,0.0
REGION1,HRELBAPH1,2046,0.0
REGION1,HRELRSPH1,2046,0.0
REGION1,EEELRUPH1,2046,0.0
REGION1,GRELALPH1,2046,0.0
REGION1,GRELTRPH1,2046,0.0
REGION1,HUELRSPH1,2046,0.0
REGION1,HUELUAPH1,2046,0.0
REGION1,ITELMEPH1,2046,0.0
REGION1,LVELRUPH1,2046,0.0
REGION1,LTELBYPH1,2046,0.0
REGION1,LTELRUPH1,2046,0.0
REGION1,PLELUAPH1,2046,0.0
REGION1,ROELMDPH1,2046,0.0
REGION1,ROELRSPH1,2046,0.0
REGION1,ROELUAPH1,2046,0.0
REGION1,SKELUAPH1,2046,0.0
REGION1,GRELMKPH1,2046,0.0
REGION1,ESELMAPH1,2046,0.0
REGION1,CYELILPH1,2046,0.0
REGION1,SEELLVPH1,2046,0.0
REGION1,BEELDKPH1,2046,0.0
REGION1,ITELTNPH1,2046,0.0
REGION1,GRELEGPH1,2046,0.0
REGION1,ITELDZPH1,2046,0.0
REGION1,MTELTNPH1,2046,0.0
REGION1,ROELGEPH1,2046,0.0
REGION1,ESELITPH1,2046,0.0
REGION1,DEELLVPH1,2046,0.0
REGION1,GRELDEPH1,2046,0.0
REGION1,ITELSAPH1,2046,0.0
REGION1,UKELMAPH1,2046,0.0
REGION1,DEELMAPH1,2046,0.0
REGION1,BIELRWPH1,2046,0.0
REGION1,BWELZAPH1,2046,0.0
REGION1,CDELBIPH1,2046,0.0
REGION1,CDELCGPH1,2046,0.0
REGION1,CDELRWPH1,2046,0.0
REGION1,CDELZMPH1,2046,0.0
REGION1,CIELBFPH1,2046,0.0
REGION1,EGELJOPH1,2046,0.0
REGION1,EGELSDPH1,2046,0.0
REGION1,ETELDJPH1,2046,0.0
REGION1,ETELSDPH1,2046,0.0
REGION1,GHELCIPH1,2046,0.0
REGION1,GHELTGPH1,2046,0.0
REGION1,KEELTZPH1,2046,0.0
REGION1,LSELZAPH1,2046,0.0
REGION1,LYELEGPH1,2046,0.0
REGION1,MAELDZPH1,2046,0.0
REGION1,MZELSZPH1,2046,0.0
REGION1,MZELZAPH1,2046,0.0
REGION1,MZELZWPH1,2046,0.0
REGION1,NGELBJPH1,2046,0.0
REGION1,NGELNEPH1,2046,0.0
REGION1,NAELZAPH1,2046,0.0
REGION1,RWELBIPH1,2046,0.0
REGION1,SNELMLPH1,2046,0.0
REGION1,TGELBJPH1,2046,0.0
REGION1,TNELDZPH1,2046,0.0
REGION1,TZELUGPH1,2046,0.0
REGION1,UGELKEPH1,2046,0.0
REGION1,UGELRWPH1,2046,0.0
REGION1,UGELTZPH1,2046,0.0
REGION1,ZAELSZPH1,2046,0.0
REGION1,ZAELZWPH1,2046,0.0
REGION1,ZMELZWPH1,2046,0.0
REGION1,AOELBWPH1,2046,0.0
REGION1,AOELCDPH1,2046,0.0
REGION1,AOELNAPH1,2046,0.0
REGION1,BFELMLPH1,2046,0.0
REGION1,BWELNAPH1,2046,0.0
REGION1,CDELNAPH1,2046,0.0
REGION1,CDELZAPH1,2046,0.0
REGION1,CGELGAPH1,2046,0.0
REGION1,CMELTDPH1,2046,0.0
REGION1,ETELKEPH1,2046,0.0
REGION1,GAELGQPH1,2046,0.0
REGION1,GHELBFPH1,2046,0.0
REGION1,GMELGWPH1,2046,0.0
REGION1,GQELCMPH1,2046,0.0
REGION1,GWELGNPH1,2046,0.0
REGION1,LRELGNPH1,2046,0.0
REGION1,LRELSLPH1,2046,0.0
REGION1,MLELCIPH1,2046,0.0
REGION1,MWELMZPH1,2046,0.0
REGION1,MWELZMPH1,2046,0.0
REGION1,NAELZWPH1,2046,0.0
REGION1,NEELBFPH1,2046,0.0
REGION1,NEELBJPH1,2046,0.0
REGION1,NEELTGPH1,2046,0.0
REGION1,SLELGNPH1,2046,0.0
REGION1,SNELGMPH1,2046,0.0
REGION1,SNELGNPH1,2046,0.0
REGION1,TGELGHPH1,2046,0.0
REGION1,TZELZMPH1,2046,0.0
REGION1,CIELLRPH1,2046,0.0
REGION1,GNELMLPH1,2046,0.0
REGION1,AOELZMPH1,2046,0.0
REGION1,BFELBJPH1,2046,0.0
REGION1,BFELTGPH1,2046,0.0
REGION1,BIELTZPH1,2046,0.0
REGION1,BJELGHPH1,2046,0.0
REGION1,BWELZMPH1,2046,0.0
REGION1,CDELCFPH1,2046,0.0
REGION1,CDELSDPH1,2046,0.0
REGION1,CDELTZPH1,2046,0.0
REGION1,CDELUGPH1,2046,0.0
REGION1,CFELCGPH1,2046,0.0
REGION1,CFELCMPH1,2046,0.0
REGION1,CFELSDPH1,2046,0.0
REGION1,CFELTDPH1,2046,0.0
REGION1,CGELCMPH1,2046,0.0
REGION1,CIELGNPH1,2046,0.0
REGION1,CMELGAPH1,2046,0.0
REGION1,CMELNGPH1,2046,0.0
REGION1,DJELERPH1,2046,0.0
REGION1,DJELSOPH1,2046,0.0
REGION1,DZELLYPH1,2046,0.0
REGION1,DZELMLPH1,2046,0.0
REGION1,DZELMRPH1,2046,0.0
REGION1,DZELNEPH1,2046,0.0
REGION1,ETELERPH1,2046,0.0
REGION1,ETELSOPH1,2046,0.0
REGION1,GWELSNPH1,2046,0.0
REGION1,KEELSDPH1,2046,0.0
REGION1,KEELSOPH1,2046,0.0
REGION1,LYELNEPH1,2046,0.0
REGION1,LYELSDPH1,2046,0.0
REGION1,LYELTDPH1,2046,0.0
REGION1,LYELTNPH1,2046,0.0
REGION1,MLELMRPH1,2046,0.0
REGION1,MLELNEPH1,2046,0.0
REGION1,MRELSNPH1,2046,0.0
REGION1,MWELTZPH1,2046,0.0
REGION1,MZELTZPH1,2046,0.0
REGION1,MZELZMPH1,2046,0.0
REGION1,NEELTDPH1,2046,0.0
REGION1,NGELTDPH1,2046,0.0
REGION1,RWELTZPH1,2046,0.0
REGION1,SDELERPH1,2046,0.0
REGION1,SDELTDPH1,2046,0.0
REGION1,SDELUGPH1,2046,0.0
REGION1,CYELGRPH1,2046,0.0
REGION1,ALNGGRPI0,2046,0.0
REGION1,ALNGITPI0,2046,0.0
REGION1,ATNGDEPI0,2046,0.0
REGION1,ATNGHUPI0,2046,0.0
REGION1,ATNGITPI0,2046,0.0
REGION1,ATNGSIPI0,2046,0.0
REGION1,ATNGSKPI0,2046,0.0
REGION1,BENGDEPI0,2046,0.0
REGION1,BENGFRPI0,2046,0.0
REGION1,BENGUKPI0,2046,0.0
REGION1,BENGNLPI0,2046,0.0
REGION1,BGNGGRPI0,2046,0.0
REGION1,BGNGROPI0,2046,0.0
REGION1,BYNGLTPI0,2046,0.0
REGION1,CYNGEGPI0,2046,0.0
REGION1,CYNGGRPI0,2046,0.0
REGION1,CZNGDEPI0,2046,0.0
REGION1,CZNGPLPI0,2046,0.0
REGION1,CZNGSKPI0,2046,0.0
REGION1,DENGCHPI0,2046,0.0
REGION1,DENGFRPI0,2046,0.0
REGION1,DENGNLPI0,2046,0.0
REGION1,DENGPLPI0,2046,0.0
REGION1,DKNGDEPI0,2046,0.0
REGION1,DKNGPLPI0,2046,0.0
REGION1,DKNGSEPI0,2046,0.0
REGION1,DZNGESPI0,2046,0.0
REGION1,DZNGITPI0,2046,0.0
REGION1,EENGFIPI0,2046,0.0
REGION1,EENGLVPI0,2046,0.0
REGION1,FRNGCHPI0,2046,0.0
REGION1,FRNGESPI0,2046,0.0
REGION1,GRNGITPI0,2046,0.0
REGION1,HRNGHUPI0,2046,0.0
REGION1,HRNGSIPI0,2046,0.0
REGION1,HUNGROPI0,2046,0.0
REGION1,HUNGSKPI0,2046,0.0
REGION1,IENGUKPI0,2046,0.0
REGION1,ITNGCHPI0,2046,0.0
REGION1,ITNGMTPI0,2046,0.0
REGION1,ITNGSIPI0,2046,0.0
REGION1,LTNGPLPI0,2046,0.0
REGION1,LVNGLTPI0,2046,0.0
REGION1,LYNGITPI0,2046,0.0
REGION1,MANGESPI0,2046,0.0
REGION1,MDNGROPI0,2046,0.0
REGION1,NLNGUKPI0,2046,0.0
REGION1,NONGBEPI0,2046,0.0
REGION1,NONGDEPI0,2046,0.0
REGION1,NONGDKPI0,2046,0.0
REGION1,NONGFRPI0,2046,0.0
REGION1,NONGUKPI0,2046,0.0
REGION1,NONGNLPI0,2046,0.0
REGION1,PLNGSKPI0,2046,0.0
REGION1,PTNGESPI0,2046,0.0
REGION1,RSNGBGPI0,2046,0.0
REGION1,RSNGHUPI0,2046,0.0
REGION1,RSNGROPI0,2046,0.0
REGION1,RUNGEEPI0,2046,0.0
REGION1,RUNGFIPI0,2046,0.0
REGION1,RUNGLVPI0,2046,0.0
REGION1,TRNGBGPI0,2046,0.0
REGION1,TRNGGRPI0,2046,0.0
REGION1,UANGHUPI0,2046,0.0
REGION1,UANGPLPI0,2046,0.0
REGION1,UANGROPI0,2046,0.0
REGION1,UANGSKPI0,2046,0.0
REGION1,BENGLUPI0,2046,0.0
REGION1,NGNGDZPI0,2046,0.0
REGION1,MZNGZAPI0,2046,0.0
REGION1,NGNGLYPI0,2046,0.0
REGION1,ETNGDJPI0,2046,0.0
REGION1,NGNGGQPI0,2046,0.0
REGION1,TZNGKEPI0,2046,0.0
REGION1,NGNGMAPI0,2046,1140.0
REGION1,NGNGBJPI0,2046,0.0
REGION1,NGNGGHPI0,2046,0.0
REGION1,NGNGNEPI0,2046,0.0
REGION1,NGNGTGPI0,2046,0.0
REGION1,NGNGTNPI0,2046,0.0
REGION1,DZNGMAPI0,2046,0.0
REGION1,BELG00I00,2047,0.0
REGION1,HRLG00I00,2047,0.0
REGION1,CYLG00I00,2047,0.0
REGION1,FRLG00I00,2047,0.0
REGION1,FILG00I00,2047,0.0
REGION1,DELG00I00,2047,0.0
REGION1,GRLG00I00,2047,0.0
REGION1,ITLG00I00,2047,0.0
REGION1,LVLG00I00,2047,0.0
REGION1,LTLG00I00,2047,0.0
REGION1,MTLG00I00,2047,0.0
REGION1,NLLG00I00,2047,0.0
REGION1,PLLG00I00,2047,0.0
REGION1,ESLG00I00,2047,0.0
REGION1,UKLG00I00,2047,0.0
REGION1,PTLG00I00,2047,0.0
REGION1,BENUG2PN1,2047,0.0
REGION1,BGNUG2PN1,2047,0.0
REGION1,CZNUG2PN1,2047,0.0
REGION1,DENUG2PN1,2047,0.0
REGION1,ESNUG2PN1,2047,0.0
REGION1,FINUG2PN1,2047,0.0
REGION1,FRNUG2PN1,2047,0.0
REGION1,HUNUG2PN1,2047,0.0
REGION1,NLNUG2PN1,2047,0.0
REGION1,RONUG2PN1,2047,0.0
REGION1,SENUG2PN1,2047,0.0
REGION1,SINUG2PN1,2047,0.0
REGION1,SKNUG2PN1,2047,0.0
REGION1,CHNUG2PN1,2047,0.0
REGION1,UKNUG2PN1,2047,0.0
REGION1,ATHYDSPN1,2047,0.0
REGION1,BEHYDSPN1,2047,0.0
REGION1,BGHYDSPN1,2047,0.0
REGION1,CZHYDSPN1,2047,0.0
REGION1,DEHYDSPN1,2047,0.0
REGION1,GRHYDSPN1,2047,0.0
REGION1,ESHYDSPN1,2047,0.0
REGION1,FRHYDSPN1,2047,0.0
REGION1,HRHYDSPN1,2047,0.0
REGION1,IEHYDSPN1,2047,0.0
REGION1,ITHYDSPN1,2047,0.0
REGION1,LTHYDSPN1,2047,0.0
REGION1,LUHYDSPN1,2047,0.0
REGION1,PLHYDSPN1,2047,0.0
REGION1,PTHYDSPN1,2047,0.0
REGION1,ROHYDSPN1,2047,0.0
REGION1,SEHYDSPN1,2047,0.0
REGION1,SIHYDSPN1,2047,0.0
REGION1,SKHYDSPN1,2047,0.0
REGION1,CHHYDSPN1,2047,0.0
REGION1,UKHYDSPN1,2047,0.0
REGION1,ATHYDMPN1,2047,0.0
REGION1,ATHYDRPN1,2047,0.0
REGION1,BEHYDMPN1,2047,0.0
REGION1,BEHYDRPN1,2047,0.0
REGION1,BGHYDMPN1,2047,0.0
REGION1,BGHYDRPN1,2047,0.0
REGION1,CZHYDRPN1,2047,0.0
REGION1,CZHYDMPN1,2047,0.0
REGION1,DEHYDMPN1,2047,0.0
REGION1,DEHYDRPN1,2047,0.0
REGION1,DKHYDRPN1,2047,0.0
REGION1,DKHYDMPN1,2047,0.0
REGION1,EEHYDRPN1,2047,0.0
REGION1,GRHYDMPN1,2047,0.0
REGION1,GRHYDRPN1,2047,0.0
REGION1,ESHYDMPN1,2047,0.0
REGION1,ESHYDRPN1,2047,0.0
REGION1,FIHYDMPN1,2047,0.0
REGION1,FIHYDRPN1,2047,0.0
REGION1,FRHYDMPN1,2047,0.0
REGION1,FRHYDRPN1,2047,0.0
REGION1,HRHYDMPN1,2047,0.0
REGION1,HRHYDRPN1,2047,0.0
REGION1,HUHYDMPN1,2047,0.0
REGION1,HUHYDRPN1,2047,0.0
REGION1,IEHYDMPN1,2047,0.0
REGION1,IEHYDRPN1,2047,0.0
REGION1,ITHYDMPN1,2047,0.0
REGION1,ITHYDRPN1,2047,0.0
REGION1,LTHYDRPN1,2047,0.0
REGION1,LUHYDRPN1,2047,0.0
REGION1,LVHYDMPN1,2047,0.0
REGION1,LVHYDRPN1,2047,0.0
REGION1,NLHYDRPN1,2047,0.0
REGION1,PLHYDMPN1,2047,0.0
REGION1,PLHYDRPN1,2047,0.0
REGION1,PTHYDMPN1,2047,0.0
REGION1,PTHYDRPN1,2047,0.0
REGION1,ROHYDMPN1,2047,0.0
REGION1,ROHYDRPN1,2047,0.0
REGION1,SEHYDMPN1,2047,0.0
REGION1,SEHYDRPN1,2047,0.0
REGION1,SIHYDMPN1,2047,0.0
REGION1,SIHYDRPN1,2047,0.0
REGION1,SKHYDMPN1,2047,0.0
REGION1,SKHYDRPN1,2047,0.0
REGION1,NOHYDRPN1,2047,0.0
REGION1,NOHYDMPN1,2047,0.0
REGION1,CHHYDRPN1,2047,0.0
REGION1,CHHYDMPN1,2047,0.0
REGION1,UKHYDMPN1,2047,0.0
REGION1,UKHYDRPN1,2047,0.0
REGION1,EGLG00I00,2047,0.0
REGION1,GHLG00I00,2047,0.0
REGION1,MALG00I00,2047,0.0
REGION1,MZLG00I00,2047,0.0
REGION1,SNLG00I00,2047,0.0
REGION1,ZALG00I00,2047,0.0
REGION1,DZLG00E00,2047,0.0
REGION1,NGLG00E00,2047,0.0
REGION1,EGLG00E00,2047,0.0
REGION1,AOLG00E00,2047,0.0
REGION1,GQLG00E00,2047,0.0
REGION1,MZLG00E00,2047,0.0
REGION1,CGLG00E00,2047,0.0
REGION1,GALG00E00,2047,0.0
REGION1,MRLG00E00,2047,0.0
REGION1,SNLG00E00,2047,0.0
REGION1,TZLG00E00,2047,0.0
REGION1,BFHYDMSN1,2047,0.0
REGION1,BIHYDMSN1,2047,0.0
REGION1,CMHYDMSN1,2047,0.0
REGION1,CDHYDMSN1,2047,0.0
REGION1,ETHYDMSN1,2047,0.0
REGION1,KEHYDMSN1,2047,0.0
REGION1,MLHYDMSN1,2047,0.0
REGION1,NGHYDMSN1,2047,0.0
REGION1,UGHYDMSN1,2047,0.0
REGION1,ZMHYDMSN1,2047,0.0
REGION1,DZHYDMSN1,2047,0.0
REGION1,EGHYDMSN1,2047,0.0
REGION1,MAHYDMSN1,2047,0.0
REGION1,SDHYDMSN1,2047,0.0
REGION1,TNHYDMSN1,2047,0.0
REGION1,AOHYDMSN1,2047,0.0
REGION1,BJHYDMSN1,2047,0.0
REGION1,CFHYDMSN1,2047,0.0
REGION1,CGHYDMSN1,2047,0.0
REGION1,CIHYDMSN1,2047,0.0
REGION1,GQHYDMSN1,2047,0.0
REGION1,SZHYDMSN1,2047,0.0
REGION1,GAHYDMSN1,2047,0.0
REGION1,GHHYDMSN1,2047,0.0
REGION1,GNHYDMSN1,2047,0.0
REGION1,LSHYDMSN1,2047,0.0
REGION1,LRHYDMSN1,2047,0.0
REGION1,MWHYDMSN1,2047,0.0
REGION1,MZHYDMSN1,2047,0.0
REGION1,NAHYDMSN1,2047,0.0
REGION1,RWHYDMSN1,2047,0.0
REGION1,SNHYDMSN1,2047,0.0
REGION1,SLHYDMSN1,2047,0.0
REGION1,ZAHYDMSN1,2047,0.0
REGION1,TGHYDMSN1,2047,0.0
REGION1,TZHYDMSN1,2047,0.0
REGION1,ZWHYDMSN1,2047,0.0
REGION1,MAHYDSPN1,2047,0.0
REGION1,ZAHYDSPN1,2047,0.0
REGION1,KEBATTN1,2047,0.0
REGION1,ETBMCHPN1,2047,0.0
REGION1,KEBMCHPN1,2047,0.0
REGION1,ZABMCHPN1,2047,0.0
REGION1,BWCOSCPN1,2047,0.0
REGION1,ZACOSCPN1,2047,0.0
REGION1,ETGOCVPN1,2047,0.0
REGION1,KEGOCVPN1,2047,0.0
REGION1,RWNGGCPN1,2047,0.0
REGION1,DZNGCCPN1,2047,0.0
REGION1,MANGCCPN1,2047,0.0
REGION1,TNNGCCPN1,2047,0.0
REGION1,UGNGCCPN1,2047,0.0
REGION1,MZNGGCPN1,2047,0.0
REGION1,NGNGGCPN1,2047,0.0
REGION1,AOSOU1PN1,2047,0.0
REGION1,GASOU1PN1,2047,0.0
REGION1,DZSOU1PN1,2047,0.0
REGION1,MASOU1PN1,2047,0.0
REGION1,TNSOU1PN1,2047,0.0
REGION1,ETSOU1PN1,2047,0.0
REGION1,KESOU1PN1,2047,0.0
REGION1,TZSOU1PN1,2047,0.0
REGION1,BWSOU1PN1,2047,0.0
REGION1,ZASOU1PN1,2047,0.0
REGION1,MAWINDPN1,2047,0.0
REGION1,TNWINDPN1,2047,0.0
REGION1,ETWINDPN1,2047,0.0
REGION1,KEWINDPN1,2047,0.0
REGION1,ZAWINDPN1,2047,0.0
REGION1,CICOSCPN1,2047,0.0
REGION1,EGNULWPN1,2047,0.0
REGION1,SSHYDMSN1,2047,0.0
REGION1,MABATTN1,2047,0.0
REGION1,CGSOU1PN1,2047,0.0
REGION1,DJSOU1PN1,2047,0.0
REGION1,DZWINDPN1,2047,0.0
REGION1,ERSOU1PN1,2047,0.0
REGION1,ERWINDPN1,2047,0.0
REGION1,GHWINDPN1,2047,0.0
REGION1,GQSOU1PN1,2047,0.0
REGION1,GWSOU1PN1,2047,0.0
REGION1,LRSOU1PN1,2047,0.0
REGION1,RWSOU1PN1,2047,0.0
REGION1,SLSOU1PN1,2047,0.0
REGION1,SSSOU1PN1,2047,0.0
REGION1,SZNGCCPN1,2047,0.0
REGION1,SZWINDPN1,2047,0.0
REGION1,TDWINDPN1,2047,0.0
REGION1,TGWINDPN1,2047,0.0
REGION1,TZWINDPN1,2047,0.0
REGION1,ZMSOU1PN1,2047,0.0
REGION1,DZNGCCPH1,2047,0.0
REGION1,DZNGGCPH1,2047,0.0
REGION1,DZSOU1PH1,2047,0.0
REGION1,EGBMCHPH1,2047,0.0
REGION1,EGSOU1PH1,2047,0.0
REGION1,EGWINDPH1,2047,0.0
REGION1,LYNGCCPH1,2047,0.0
REGION1,LYNGGCPH1,2047,0.0
REGION1,LYLFRCPH1,2047,0.0
REGION1,LYHFGCPH1,2047,0.0
REGION1,LYSOU1PH1,2047,0.0
REGION1,MASOU1PH1,2047,0.0
REGION1,MAWINDPH1,2047,0.0
REGION1,SDSOU1PH1,2047,0.0
REGION1,TNNGCCPH1,2047,0.0
REGION1,TNNGGCPH1,2047,0.0
REGION1,TNSOU1PH1,2047,0.0
REGION1,AOSOU1PH1,2047,0.0
REGION1,BJSOU1PH1,2047,0.0
REGION1,BFLFRCPH1,2047,0.0
REGION1,BFHFGCPH1,2047,0.0
REGION1,BFHYDMSH1,2047,0.0
REGION1,BFSOU1PH1,2047,0.0
REGION1,BIHYDMSH1,2047,0.0
REGION1,CMHYDMSH1,2047,0.0
REGION1,CMSOU1PH1,2047,0.0
REGION1,CFSOU1PH1,2047,0.0
REGION1,CINGCCPH1,2047,0.0
REGION1,CINGGCPH1,2047,0.0
REGION1,CISOU1PH1,2047,0.0
REGION1,CDLFRCPH1,2047,0.0
REGION1,CDHFGCPH1,2047,0.0
REGION1,CDHYDMSH1,2047,0.0
REGION1,CDSOU1PH1,2047,0.0
REGION1,DJWINDPH1,2047,0.0
REGION1,ETBMCHPH1,2047,0.0
REGION1,ETHYDMSH1,2047,0.0
REGION1,ETWINDPH1,2047,0.0
REGION1,GHNGCCPH1,2047,0.0
REGION1,GHNGGCPH1,2047,0.0
REGION1,GHSOU1PH1,2047,0.0
REGION1,KEGOCVPH1,2047,0.0
REGION1,KEHYDMSH1,2047,0.0
REGION1,KESOU1PH1,2047,0.0
REGION1,LSSOU1PH1,2047,0.0
REGION1,MWSOU1PH1,2047,0.0
REGION1,MLHYDMSH1,2047,0.0
REGION1,MLSOU1PH1,2047,0.0
REGION1,MRSOU1PH1,2047,0.0
REGION1,MRWINDPH1,2047,0.0
REGION1,MZLFRCPH1,2047,0.0
REGION1,MZHFGCPH1,2047,0.0
REGION1,MZSOU1PH1,2047,0.0
REGION1,NASOU1PH1,2047,0.0
REGION1,NELFRCPH1,2047,0.0
REGION1,NEHFGCPH1,2047,0.0
REGION1,NESOU1PH1,2047,0.0
REGION1,NGNGCCPH1,2047,0.0
REGION1,NGNGGCPH1,2047,0.0
REGION1,NGLFRCPH1,2047,0.0
REGION1,NGHFGCPH1,2047,0.0
REGION1,NGHYDMSH1,2047,0.0
REGION1,NGSOU1PH1,2047,0.0
REGION1,RWCOSCPH1,2047,0.0
REGION1,SNNGCCPH1,2047,0.0
REGION1,SNLFRCPH1,2047,0.0
REGION1,SNHFGCPH1,2047,0.0
REGION1,SNSOU1PH1,2047,0.0
REGION1,ZANULWPH1,2047,0.0
REGION1,ZASOU1PH1,2047,0.0
REGION1,SSWINDPH1,2047,0.0
REGION1,TGSOU1PH1,2047,0.0
REGION1,UGHYDMSH1,2047,0.0
REGION1,TZSOU1PH1,2047,0.0
REGION1,ZMHYDMSH1,2047,0.0
REGION1,ZWSOU1PH1,2047,0.0
REGION1,ZWCOSCPH1,2047,0.0
REGION1,DZLFRCPH1,2047,0.0
REGION1,DZHFGCPH1,2047,0.0
REGION1,DZHYDMSH1,2047,0.0
REGION1,DZSOC1PH1,2047,0.0
REGION1,EGNGCCPH1,2047,0.0
REGION1,EGNGGCPH1,2047,0.0
REGION1,EGLFRCPH1,2047,0.0
REGION1,EGHFGCPH1,2047,0.0
REGION1,EGHYDMSH1,2047,0.0
REGION1,EGSOC1PH1,2047,0.0
REGION1,MACOSCPH1,2047,0.0
REGION1,MALFRCPH1,2047,0.0
REGION1,MAHFGCPH1,2047,0.0
REGION1,MANGCCPH1,2047,0.0
REGION1,MANGGCPH1,2047,0.0
REGION1,MABMCHPH1,2047,0.0
REGION1,MAHYDMSH1,2047,0.0
REGION1,MASOC1PH1,2047,0.0
REGION1,SDLFRCPH1,2047,0.0
REGION1,SDHFGCPH1,2047,0.0
REGION1,SDBMCHPH1,2047,0.0
REGION1,SDHYDMSH1,2047,0.0
REGION1,TNLFRCPH1,2047,0.0
REGION1,TNHFGCPH1,2047,0.0
REGION1,TNHYDMSH1,2047,0.0
REGION1,TNWINDPH1,2047,0.0
REGION1,AONGGCPH1,2047,0.0
REGION1,AOLFRCPH1,2047,0.0
REGION1,AOHFGCPH1,2047,0.0
REGION1,AOBMCHPH1,2047,0.0
REGION1,AOHYDMSH1,2047,0.0
REGION1,BJNGGCPH1,2047,0.0
REGION1,BJLFRCPH1,2047,0.0
REGION1,BJHFGCPH1,2047,0.0
REGION1,BJHYDMSH1,2047,0.0
REGION1,BWCOSCPH1,2047,0.0
REGION1,BWLFRCPH1,2047,0.0
REGION1,BWSOU1PH1,2047,0.0
REGION1,BFBMCHPH1,2047,0.0
REGION1,BILFRCPH1,2047,0.0
REGION1,BISOU1PH1,2047,0.0
REGION1,CMNGGCPH1,2047,0.0
REGION1,CMLFRCPH1,2047,0.0
REGION1,CMHFGCPH1,2047,0.0
REGION1,CFLFRCPH1,2047,0.0
REGION1,CFHYDMSH1,2047,0.0
REGION1,TDNGCCPH1,2047,0.0
REGION1,TDLFRCPH1,2047,0.0
REGION1,TDHFGCPH1,2047,0.0
REGION1,TDBMCHPH1,2047,0.0
REGION1,TDSOU1PH1,2047,0.0
REGION1,CGNGGCPH1,2047,0.0
REGION1,CGLFRCPH1,2047,0.0
REGION1,CGHFGCPH1,2047,0.0
REGION1,CGBMCHPH1,2047,0.0
REGION1,CGHYDMSH1,2047,0.0
REGION1,CILFRCPH1,2047,0.0
REGION1,CIHFGCPH1,2047,0.0
REGION1,CIHYDMSH1,2047,0.0
REGION1,DJLFRCPH1,2047,0.0
REGION1,DJHFGCPH1,2047,0.0
REGION1,GWNGCCPH1,2047,0.0
REGION1,GQNGGCPH1,2047,0.0
REGION1,GQLFRCPH1,2047,0.0
REGION1,GQHFGCPH1,2047,0.0
REGION1,GQHYDMSH1,2047,0.0
REGION1,ERLFRCPH1,2047,0.0
REGION1,ERHFGCPH1,2047,0.0
REGION1,SZLFRCPH1,2047,0.0
REGION1,SZHFGCPH1,2047,0.0
REGION1,SZBMCHPH1,2047,0.0
REGION1,SZHYDMSH1,2047,0.0
REGION1,SZSOU1PH1,2047,0.0
REGION1,ETLFRCPH1,2047,0.0
REGION1,ETGOCVPH1,2047,0.0
REGION1,GANGGCPH1,2047,0.0
REGION1,GALFRCPH1,2047,0.0
REGION1,GAHFGCPH1,2047,0.0
REGION1,GAHYDMSH1,2047,0.0
REGION1,GMLFRCPH1,2047,0.0
REGION1,GMHFGCPH1,2047,0.0
REGION1,GMWINDPH1,2047,0.0
REGION1,GMSOU1PH1,2047,0.0
REGION1,GHLFRCPH1,2047,0.0
REGION1,GHHFGCPH1,2047,0.0
REGION1,GHBMCHPH1,2047,0.0
REGION1,GHHYDMSH1,2047,0.0
REGION1,GNLFRCPH1,2047,0.0
REGION1,GNHFGCPH1,2047,0.0
REGION1,GNHYDMSH1,2047,0.0
REGION1,GNSOU1PH1,2047,0.0
REGION1,GWLFRCPH1,2047,0.0
REGION1,KELFRCPH1,2047,0.0
REGION1,KEHFGCPH1,2047,0.0
REGION1,KEBMCHPH1,2047,0.0
REGION1,KEWINDPH1,2047,0.0
REGION1,LSHYDMSH1,2047,0.0
REGION1,LRLFRCPH1,2047,0.0
REGION1,LRHFGCPH1,2047,0.0
REGION1,LRHYDMSH1,2047,0.0
REGION1,MWLFRCPH1,2047,0.0
REGION1,MWBMCHPH1,2047,0.0
REGION1,MWHYDMSH1,2047,0.0
REGION1,MLLFRCPH1,2047,0.0
REGION1,MLHFGCPH1,2047,0.0
REGION1,MLBMCHPH1,2047,0.0
REGION1,MRNGCCPH1,2047,0.0
REGION1,MRLFRCPH1,2047,0.0
REGION1,MRHFGCPH1,2047,0.0
REGION1,MZNGGCPH1,2047,0.0
REGION1,MZBMCHPH1,2047,0.0
REGION1,MZHYDMSH1,2047,0.0
REGION1,NACOSCPH1,2047,0.0
REGION1,NALFRCPH1,2047,0.0
REGION1,NAHFGCPH1,2047,0.0
REGION1,NABMCHPH1,2047,0.0
REGION1,NAHYDMSH1,2047,0.0
REGION1,NAWINDPH1,2047,0.0
REGION1,NECOSCPH1,2047,0.0
REGION1,NENGCCPH1,2047,0.0
REGION1,NGBMCHPH1,2047,0.0
REGION1,RWWINDPH1,2047,0.0
REGION1,RWNGGCPH1,2047,0.0
REGION1,RWLFRCPH1,2047,0.0
REGION1,RWHFGCPH1,2047,0.0
REGION1,RWBMCHPH1,2047,0.0
REGION1,RWHYDMSH1,2047,0.0
REGION1,SNHYDMSH1,2047,0.0
REGION1,SNCOSCPH1,2047,0.0
REGION1,SNBMCHPH1,2047,0.0
REGION1,SLWINDPH1,2047,0.0
REGION1,SLLFRCPH1,2047,0.0
REGION1,SLHFGCPH1,2047,0.0
REGION1,SLBMCHPH1,2047,0.0
REGION1,SLHYDMSH1,2047,0.0
REGION1,ZACOSCPH1,2047,0.0
REGION1,ZALFRCPH1,2047,0.0
REGION1,ZAHFGCPH1,2047,0.0
REGION1,ZABMCHPH1,2047,0.0
REGION1,ZAHYDMSH1,2047,0.0
REGION1,ZASOC1PH1,2047,0.0
REGION1,SSLFRCPH1,2047,0.0
REGION1,SSHFGCPH1,2047,0.0
REGION1,TGNGCCPH1,2047,0.0
REGION1,TGLFRCPH1,2047,0.0
REGION1,TGHFGCPH1,2047,0.0
REGION1,TGHYDMSH1,2047,0.0
REGION1,UGSOU1PH1,2047,0.0
REGION1,UGLFRCPH1,2047,0.0
REGION1,UGHFGCPH1,2047,0.0
REGION1,UGBMCHPH1,2047,0.0
REGION1,TZNGGCPH1,2047,0.0
REGION1,TZLFRCPH1,2047,0.0
REGION1,TZHFGCPH1,2047,0.0
REGION1,TZBMCHPH1,2047,0.0
REGION1,TZHYDMSH1,2047,0.0
REGION1,ZMWINDPH1,2047,0.0
REGION1,ZMCOSCPH1,2047,0.0
REGION1,ZMLFRCPH1,2047,0.0
REGION1,ZMHFGCPH1,2047,0.0
REGION1,ZMBMCHPH1,2047,0.0
REGION1,ZWLFRCPH1,2047,0.0
REGION1,SNWINDPH1,2047,0.0
REGION1,ZWHYDMSH1,2047,0.0
REGION1,ZWBMCHPH1,2047,0.0
REGION1,SOLFRCPH1,2047,0.0
REGION1,SOSOU1PH1,2047,0.0
REGION1,SOWINDPH1,2047,0.0
REGION1,MAHYDSPH1,2047,0.0
REGION1,ZAHYDSPH1,2047,0.0
REGION1,ATELCZPH1,2047,0.0
REGION1,ATELDEPH1,2047,0.0
REGION1,ATELHUPH1,2047,0.0
REGION1,ATELITPH1,2047,0.0
REGION1,ATELSIPH1,2047,0.0
REGION1,ATELCHPH1,2047,0.0
REGION1,BEELFRPH1,2047,0.0
REGION1,BEELDEPH1,2047,0.0
REGION1,BEELLUPH1,2047,0.0
REGION1,BEELNLPH1,2047,0.0
REGION1,BEELUKPH1,2047,0.0
REGION1,BGELGRPH1,2047,0.0
REGION1,BGELROPH1,2047,0.0
REGION1,CZELDEPH1,2047,0.0
REGION1,CZELPLPH1,2047,0.0
REGION1,CZELSKPH1,2047,0.0
REGION1,HRELHUPH1,2047,0.0
REGION1,HRELSIPH1,2047,0.0
REGION1,DKELNLPH1,2047,0.0
REGION1,DKELNOPH1,2047,0.0
REGION1,DKELSEPH1,2047,0.0
REGION1,DKELUKPH1,2047,0.0
REGION1,EEELFIPH1,2047,0.0
REGION1,EEELLVPH1,2047,0.0
REGION1,FIELNOPH1,2047,0.0
REGION1,FIELSEPH1,2047,0.0
REGION1,FRELITPH1,2047,0.0
REGION1,FRELLUPH1,2047,0.0
REGION1,FRELUKPH1,2047,0.0
REGION1,DEELDKPH1,2047,0.0
REGION1,DEELFRPH1,2047,0.0
REGION1,DEELLUPH1,2047,0.0
REGION1,DEELNLPH1,2047,0.0
REGION1,DEELNOPH1,2047,0.0
REGION1,DEELPLPH1,2047,0.0
REGION1,DEELSEPH1,2047,0.0
REGION1,DEELUKPH1,2047,0.0
REGION1,HUELROPH1,2047,0.0
REGION1,HUELSKPH1,2047,0.0
REGION1,HUELSIPH1,2047,0.0
REGION1,IEELUKPH1,2047,0.0
REGION1,ITELMTPH1,2047,0.0
REGION1,ITELSIPH1,2047,0.0
REGION1,LTELLVPH1,2047,0.0
REGION1,LTELPLPH1,2047,0.0
REGION1,LTELSEPH1,2047,0.0
REGION1,NLELNOPH1,2047,0.0
REGION1,NLELUKPH1,2047,0.0
REGION1,NOELSEPH1,2047,0.0
REGION1,NOELUKPH1,2047,0.0
REGION1,PLELSKPH1,2047,0.0
REGION1,PLELSEPH1,2047,0.0
REGION1,ESELFRPH1,2047,0.0
REGION1,ESELPTPH1,2047,0.0
REGION1,CHELFRPH1,2047,0.0
REGION1,CHELDEPH1,2047,0.0
REGION1,CHELITPH1,2047,0.0
REGION1,GRELITPH1,2047,0.0
REGION1,BGELMKPH1,2047,0.0
REGION1,BGELRSPH1,2047,0.0
REGION1,BGELTRPH1,2047,0.0
REGION1,HRELBAPH1,2047,0.0
REGION1,HRELRSPH1,2047,0.0
REGION1,EEELRUPH1,2047,0.0
REGION1,GRELALPH1,2047,0.0
REGION1,GRELTRPH1,2047,0.0
REGION1,HUELRSPH1,2047,0.0
REGION1,HUELUAPH1,2047,0.0
REGION1,ITELMEPH1,2047,0.0
REGION1,LVELRUPH1,2047,0.0
REGION1,LTELBYPH1,2047,0.0
REGION1,LTELRUPH1,2047,0.0
REGION1,PLELUAPH1,2047,0.0
REGION1,ROELMDPH1,2047,0.0
REGION1,ROELRSPH1,2047,0.0
REGION1,ROELUAPH1,2047,0.0
REGION1,SKELUAPH1,2047,0.0
REGION1,GRELMKPH1,2047,0.0
REGION1,ESELMAPH1,2047,0.0
REGION1,CYELILPH1,2047,0.0
REGION1,SEELLVPH1,2047,0.0
REGION1,BEELDKPH1,2047,0.0
REGION1,ITELTNPH1,2047,0.0
REGION1,GRELEGPH1,2047,0.0
REGION1,ITELDZPH1,2047,0.0
REGION1,MTELTNPH1,2047,0.0
REGION1,ROELGEPH1,2047,0.0
REGION1,ESELITPH1,2047,0.0
REGION1,DEELLVPH1,2047,0.0
REGION1,GRELDEPH1,2047,0.0
REGION1,ITELSAPH1,2047,0.0
REGION1,UKELMAPH1,2047,0.0
REGION1,DEELMAPH1,2047,0.0
REGION1,BIELRWPH1,2047,0.0
REGION1,BWELZAPH1,2047,0.0
REGION1,CDELBIPH1,2047,0.0
REGION1,CDELCGPH1,2047,0.0
REGION1,CDELRWPH1,2047,0.0
REGION1,CDELZMPH1,2047,0.0
REGION1,CIELBFPH1,2047,0.0
REGION1,EGELJOPH1,2047,0.0
REGION1,EGELSDPH1,2047,0.0
REGION1,ETELDJPH1,2047,0.0
REGION1,ETELSDPH1,2047,0.0
REGION1,GHELCIPH1,2047,0.0
REGION1,GHELTGPH1,2047,0.0
REGION1,KEELTZPH1,2047,0.0
REGION1,LSELZAPH1,2047,0.0
REGION1,LYELEGPH1,2047,0.0
REGION1,MAELDZPH1,2047,0.0
REGION1,MZELSZPH1,2047,0.0
REGION1,MZELZAPH1,2047,0.0
REGION1,MZELZWPH1,2047,0.0
REGION1,NGELBJPH1,2047,0.0
REGION1,NGELNEPH1,2047,0.0
REGION1,NAELZAPH1,2047,0.0
REGION1,RWELBIPH1,2047,0.0
REGION1,SNELMLPH1,2047,0.0
REGION1,TGELBJPH1,2047,0.0
REGION1,TNELDZPH1,2047,0.0
REGION1,TZELUGPH1,2047,0.0
REGION1,UGELKEPH1,2047,0.0
REGION1,UGELRWPH1,2047,0.0
REGION1,UGELTZPH1,2047,0.0
REGION1,ZAELSZPH1,2047,0.0
REGION1,ZAELZWPH1,2047,0.0
REGION1,ZMELZWPH1,2047,0.0
REGION1,AOELBWPH1,2047,0.0
REGION1,AOELCDPH1,2047,0.0
REGION1,AOELNAPH1,2047,0.0
REGION1,BFELMLPH1,2047,0.0
REGION1,BWELNAPH1,2047,0.0
REGION1,CDELNAPH1,2047,0.0
REGION1,CDELZAPH1,2047,0.0
REGION1,CGELGAPH1,2047,0.0
REGION1,CMELTDPH1,2047,0.0
REGION1,ETELKEPH1,2047,0.0
REGION1,GAELGQPH1,2047,0.0
REGION1,GHELBFPH1,2047,0.0
REGION1,GMELGWPH1,2047,0.0
REGION1,GQELCMPH1,2047,0.0
REGION1,GWELGNPH1,2047,0.0
REGION1,LRELGNPH1,2047,0.0
REGION1,LRELSLPH1,2047,0.0
REGION1,MLELCIPH1,2047,0.0
REGION1,MWELMZPH1,2047,0.0
REGION1,MWELZMPH1,2047,0.0
REGION1,NAELZWPH1,2047,0.0
REGION1,NEELBFPH1,2047,0.0
REGION1,NEELBJPH1,2047,0.0
REGION1,NEELTGPH1,2047,0.0
REGION1,SLELGNPH1,2047,0.0
REGION1,SNELGMPH1,2047,0.0
REGION1,SNELGNPH1,2047,0.0
REGION1,TGELGHPH1,2047,0.0
REGION1,TZELZMPH1,2047,0.0
REGION1,CIELLRPH1,2047,0.0
REGION1,GNELMLPH1,2047,0.0
REGION1,AOELZMPH1,2047,0.0
REGION1,BFELBJPH1,2047,0.0
REGION1,BFELTGPH1,2047,0.0
REGION1,BIELTZPH1,2047,0.0
REGION1,BJELGHPH1,2047,0.0
REGION1,BWELZMPH1,2047,0.0
REGION1,CDELCFPH1,2047,0.0
REGION1,CDELSDPH1,2047,0.0
REGION1,CDELTZPH1,2047,0.0
REGION1,CDELUGPH1,2047,0.0
REGION1,CFELCGPH1,2047,0.0
REGION1,CFELCMPH1,2047,0.0
REGION1,CFELSDPH1,2047,0.0
REGION1,CFELTDPH1,2047,0.0
REGION1,CGELCMPH1,2047,0.0
REGION1,CIELGNPH1,2047,0.0
REGION1,CMELGAPH1,2047,0.0
REGION1,CMELNGPH1,2047,0.0
REGION1,DJELERPH1,2047,0.0
REGION1,DJELSOPH1,2047,0.0
REGION1,DZELLYPH1,2047,0.0
REGION1,DZELMLPH1,2047,0.0
REGION1,DZELMRPH1,2047,0.0
REGION1,DZELNEPH1,2047,0.0
REGION1,ETELERPH1,2047,0.0
REGION1,ETELSOPH1,2047,0.0
REGION1,GWELSNPH1,2047,0.0
REGION1,KEELSDPH1,2047,0.0
REGION1,KEELSOPH1,2047,0.0
REGION1,LYELNEPH1,2047,0.0
REGION1,LYELSDPH1,2047,0.0
REGION1,LYELTDPH1,2047,0.0
REGION1,LYELTNPH1,2047,0.0
REGION1,MLELMRPH1,2047,0.0
REGION1,MLELNEPH1,2047,0.0
REGION1,MRELSNPH1,2047,0.0
REGION1,MWELTZPH1,2047,0.0
REGION1,MZELTZPH1,2047,0.0
REGION1,MZELZMPH1,2047,0.0
REGION1,NEELTDPH1,2047,0.0
REGION1,NGELTDPH1,2047,0.0
REGION1,RWELTZPH1,2047,0.0
REGION1,SDELERPH1,2047,0.0
REGION1,SDELTDPH1,2047,0.0
REGION1,SDELUGPH1,2047,0.0
REGION1,CYELGRPH1,2047,0.0
REGION1,ALNGGRPI0,2047,0.0
REGION1,ALNGITPI0,2047,0.0
REGION1,ATNGDEPI0,2047,0.0
REGION1,ATNGHUPI0,2047,0.0
REGION1,ATNGITPI0,2047,0.0
REGION1,ATNGSIPI0,2047,0.0
REGION1,ATNGSKPI0,2047,0.0
REGION1,BENGDEPI0,2047,0.0
REGION1,BENGFRPI0,2047,0.0
REGION1,BENGUKPI0,2047,0.0
REGION1,BENGNLPI0,2047,0.0
REGION1,BGNGGRPI0,2047,0.0
REGION1,BGNGROPI0,2047,0.0
REGION1,BYNGLTPI0,2047,0.0
REGION1,CYNGEGPI0,2047,0.0
REGION1,CYNGGRPI0,2047,0.0
REGION1,CZNGDEPI0,2047,0.0
REGION1,CZNGPLPI0,2047,0.0
REGION1,CZNGSKPI0,2047,0.0
REGION1,DENGCHPI0,2047,0.0
REGION1,DENGFRPI0,2047,0.0
REGION1,DENGNLPI0,2047,0.0
REGION1,DENGPLPI0,2047,0.0
REGION1,DKNGDEPI0,2047,0.0
REGION1,DKNGPLPI0,2047,0.0
REGION1,DKNGSEPI0,2047,0.0
REGION1,DZNGESPI0,2047,0.0
REGION1,DZNGITPI0,2047,0.0
REGION1,EENGFIPI0,2047,0.0
REGION1,EENGLVPI0,2047,0.0
REGION1,FRNGCHPI0,2047,0.0
REGION1,FRNGESPI0,2047,0.0
REGION1,GRNGITPI0,2047,0.0
REGION1,HRNGHUPI0,2047,0.0
REGION1,HRNGSIPI0,2047,0.0
REGION1,HUNGROPI0,2047,0.0
REGION1,HUNGSKPI0,2047,0.0
REGION1,IENGUKPI0,2047,0.0
REGION1,ITNGCHPI0,2047,0.0
REGION1,ITNGMTPI0,2047,0.0
REGION1,ITNGSIPI0,2047,0.0
REGION1,LTNGPLPI0,2047,0.0
REGION1,LVNGLTPI0,2047,0.0
REGION1,LYNGITPI0,2047,0.0
REGION1,MANGESPI0,2047,0.0
REGION1,MDNGROPI0,2047,0.0
REGION1,NLNGUKPI0,2047,0.0
REGION1,NONGBEPI0,2047,0.0
REGION1,NONGDEPI0,2047,0.0
REGION1,NONGDKPI0,2047,0.0
REGION1,NONGFRPI0,2047,0.0
REGION1,NONGUKPI0,2047,0.0
REGION1,NONGNLPI0,2047,0.0
REGION1,PLNGSKPI0,2047,0.0
REGION1,PTNGESPI0,2047,0.0
REGION1,RSNGBGPI0,2047,0.0
REGION1,RSNGHUPI0,2047,0.0
REGION1,RSNGROPI0,2047,0.0
REGION1,RUNGEEPI0,2047,0.0
REGION1,RUNGFIPI0,2047,0.0
REGION1,RUNGLVPI0,2047,0.0
REGION1,TRNGBGPI0,2047,0.0
REGION1,TRNGGRPI0,2047,0.0
REGION1,UANGHUPI0,2047,0.0
REGION1,UANGPLPI0,2047,0.0
REGION1,UANGROPI0,2047,0.0
REGION1,UANGSKPI0,2047,0.0
REGION1,BENGLUPI0,2047,0.0
REGION1,NGNGDZPI0,2047,0.0
REGION1,MZNGZAPI0,2047,0.0
REGION1,NGNGLYPI0,2047,0.0
REGION1,ETNGDJPI0,2047,0.0
REGION1,NGNGGQPI0,2047,0.0
REGION1,TZNGKEPI0,2047,0.0
REGION1,NGNGMAPI0,2047,0.0
REGION1,NGNGBJPI0,2047,0.0
REGION1,NGNGGHPI0,2047,0.0
REGION1,NGNGNEPI0,2047,0.0
REGION1,NGNGTGPI0,2047,0.0
REGION1,NGNGTNPI0,2047,0.0
REGION1,DZNGMAPI0,2047,0.0
REGION1,BELG00I00,2048,0.0
REGION1,HRLG00I00,2048,0.0
REGION1,CYLG00I00,2048,0.0
REGION1,FRLG00I00,2048,0.0
REGION1,FILG00I00,2048,0.0
REGION1,DELG00I00,2048,0.0
REGION1,GRLG00I00,2048,0.0
REGION1,ITLG00I00,2048,0.0
REGION1,LVLG00I00,2048,0.0
REGION1,LTLG00I00,2048,0.0
REGION1,MTLG00I00,2048,0.0
REGION1,NLLG00I00,2048,0.0
REGION1,PLLG00I00,2048,0.0
REGION1,ESLG00I00,2048,0.0
REGION1,UKLG00I00,2048,0.0
REGION1,PTLG00I00,2048,0.0
REGION1,BENUG2PN1,2048,0.0
REGION1,BGNUG2PN1,2048,0.0
REGION1,CZNUG2PN1,2048,0.0
REGION1,DENUG2PN1,2048,0.0
REGION1,ESNUG2PN1,2048,0.0
REGION1,FINUG2PN1,2048,0.0
REGION1,FRNUG2PN1,2048,0.0
REGION1,HUNUG2PN1,2048,0.0
REGION1,NLNUG2PN1,2048,0.0
REGION1,RONUG2PN1,2048,0.0
REGION1,SENUG2PN1,2048,0.0
REGION1,SINUG2PN1,2048,0.0
REGION1,SKNUG2PN1,2048,0.0
REGION1,CHNUG2PN1,2048,0.0
REGION1,UKNUG2PN1,2048,0.0
REGION1,ATHYDSPN1,2048,0.0
REGION1,BEHYDSPN1,2048,0.0
REGION1,BGHYDSPN1,2048,0.0
REGION1,CZHYDSPN1,2048,0.0
REGION1,DEHYDSPN1,2048,0.0
REGION1,GRHYDSPN1,2048,0.0
REGION1,ESHYDSPN1,2048,0.0
REGION1,FRHYDSPN1,2048,0.0
REGION1,HRHYDSPN1,2048,0.0
REGION1,IEHYDSPN1,2048,0.0
REGION1,ITHYDSPN1,2048,0.0
REGION1,LTHYDSPN1,2048,0.0
REGION1,LUHYDSPN1,2048,0.0
REGION1,PLHYDSPN1,2048,0.0
REGION1,PTHYDSPN1,2048,0.0
REGION1,ROHYDSPN1,2048,0.0
REGION1,SEHYDSPN1,2048,0.0
REGION1,SIHYDSPN1,2048,0.0
REGION1,SKHYDSPN1,2048,0.0
REGION1,CHHYDSPN1,2048,0.0
REGION1,UKHYDSPN1,2048,0.0
REGION1,ATHYDMPN1,2048,0.0
REGION1,ATHYDRPN1,2048,0.0
REGION1,BEHYDMPN1,2048,0.0
REGION1,BEHYDRPN1,2048,0.0
REGION1,BGHYDMPN1,2048,0.0
REGION1,BGHYDRPN1,2048,0.0
REGION1,CZHYDRPN1,2048,0.0
REGION1,CZHYDMPN1,2048,0.0
REGION1,DEHYDMPN1,2048,0.0
REGION1,DEHYDRPN1,2048,0.0
REGION1,DKHYDRPN1,2048,0.0
REGION1,DKHYDMPN1,2048,0.0
REGION1,EEHYDRPN1,2048,0.0
REGION1,GRHYDMPN1,2048,0.0
REGION1,GRHYDRPN1,2048,0.0
REGION1,ESHYDMPN1,2048,0.0
REGION1,ESHYDRPN1,2048,0.0
REGION1,FIHYDMPN1,2048,0.0
REGION1,FIHYDRPN1,2048,0.0
REGION1,FRHYDMPN1,2048,0.0
REGION1,FRHYDRPN1,2048,0.0
REGION1,HRHYDMPN1,2048,0.0
REGION1,HRHYDRPN1,2048,0.0
REGION1,HUHYDMPN1,2048,0.0
REGION1,HUHYDRPN1,2048,0.0
REGION1,IEHYDMPN1,2048,0.0
REGION1,IEHYDRPN1,2048,0.0
REGION1,ITHYDMPN1,2048,0.0
REGION1,ITHYDRPN1,2048,0.0
REGION1,LTHYDRPN1,2048,0.0
REGION1,LUHYDRPN1,2048,0.0
REGION1,LVHYDMPN1,2048,0.0
REGION1,LVHYDRPN1,2048,0.0
REGION1,NLHYDRPN1,2048,0.0
REGION1,PLHYDMPN1,2048,0.0
REGION1,PLHYDRPN1,2048,0.0
REGION1,PTHYDMPN1,2048,0.0
REGION1,PTHYDRPN1,2048,0.0
REGION1,ROHYDMPN1,2048,0.0
REGION1,ROHYDRPN1,2048,0.0
REGION1,SEHYDMPN1,2048,0.0
REGION1,SEHYDRPN1,2048,0.0
REGION1,SIHYDMPN1,2048,0.0
REGION1,SIHYDRPN1,2048,0.0
REGION1,SKHYDMPN1,2048,0.0
REGION1,SKHYDRPN1,2048,0.0
REGION1,NOHYDRPN1,2048,0.0
REGION1,NOHYDMPN1,2048,0.0
REGION1,CHHYDRPN1,2048,0.0
REGION1,CHHYDMPN1,2048,0.0
REGION1,UKHYDMPN1,2048,0.0
REGION1,UKHYDRPN1,2048,0.0
REGION1,EGLG00I00,2048,0.0
REGION1,GHLG00I00,2048,0.0
REGION1,MALG00I00,2048,0.0
REGION1,MZLG00I00,2048,0.0
REGION1,SNLG00I00,2048,0.0
REGION1,ZALG00I00,2048,0.0
REGION1,DZLG00E00,2048,0.0
REGION1,NGLG00E00,2048,0.0
REGION1,EGLG00E00,2048,0.0
REGION1,AOLG00E00,2048,0.0
REGION1,GQLG00E00,2048,0.0
REGION1,MZLG00E00,2048,0.0
REGION1,CGLG00E00,2048,0.0
REGION1,GALG00E00,2048,0.0
REGION1,MRLG00E00,2048,0.0
REGION1,SNLG00E00,2048,0.0
REGION1,TZLG00E00,2048,0.0
REGION1,BFHYDMSN1,2048,0.0
REGION1,BIHYDMSN1,2048,0.0
REGION1,CMHYDMSN1,2048,0.0
REGION1,CDHYDMSN1,2048,0.0
REGION1,ETHYDMSN1,2048,0.0
REGION1,KEHYDMSN1,2048,0.0
REGION1,MLHYDMSN1,2048,0.0
REGION1,NGHYDMSN1,2048,0.0
REGION1,UGHYDMSN1,2048,0.0
REGION1,ZMHYDMSN1,2048,0.0
REGION1,DZHYDMSN1,2048,0.0
REGION1,EGHYDMSN1,2048,0.0
REGION1,MAHYDMSN1,2048,0.0
REGION1,SDHYDMSN1,2048,0.0
REGION1,TNHYDMSN1,2048,0.0
REGION1,AOHYDMSN1,2048,0.0
REGION1,BJHYDMSN1,2048,0.0
REGION1,CFHYDMSN1,2048,0.0
REGION1,CGHYDMSN1,2048,0.0
REGION1,CIHYDMSN1,2048,0.0
REGION1,GQHYDMSN1,2048,0.0
REGION1,SZHYDMSN1,2048,0.0
REGION1,GAHYDMSN1,2048,0.0
REGION1,GHHYDMSN1,2048,0.0
REGION1,GNHYDMSN1,2048,0.0
REGION1,LSHYDMSN1,2048,0.0
REGION1,LRHYDMSN1,2048,0.0
REGION1,MWHYDMSN1,2048,0.0
REGION1,MZHYDMSN1,2048,0.0
REGION1,NAHYDMSN1,2048,0.0
REGION1,RWHYDMSN1,2048,0.0
REGION1,SNHYDMSN1,2048,0.0
REGION1,SLHYDMSN1,2048,0.0
REGION1,ZAHYDMSN1,2048,0.0
REGION1,TGHYDMSN1,2048,0.0
REGION1,TZHYDMSN1,2048,0.0
REGION1,ZWHYDMSN1,2048,0.0
REGION1,MAHYDSPN1,2048,0.0
REGION1,ZAHYDSPN1,2048,0.0
REGION1,KEBATTN1,2048,0.0
REGION1,ETBMCHPN1,2048,0.0
REGION1,KEBMCHPN1,2048,0.0
REGION1,ZABMCHPN1,2048,0.0
REGION1,BWCOSCPN1,2048,0.0
REGION1,ZACOSCPN1,2048,0.0
REGION1,ETGOCVPN1,2048,0.0
REGION1,KEGOCVPN1,2048,0.0
REGION1,RWNGGCPN1,2048,0.0
REGION1,DZNGCCPN1,2048,0.0
REGION1,MANGCCPN1,2048,0.0
REGION1,TNNGCCPN1,2048,0.0
REGION1,UGNGCCPN1,2048,0.0
REGION1,MZNGGCPN1,2048,0.0
REGION1,NGNGGCPN1,2048,0.0
REGION1,AOSOU1PN1,2048,0.0
REGION1,GASOU1PN1,2048,0.0
REGION1,DZSOU1PN1,2048,0.0
REGION1,MASOU1PN1,2048,0.0
REGION1,TNSOU1PN1,2048,0.0
REGION1,ETSOU1PN1,2048,0.0
REGION1,KESOU1PN1,2048,0.0
REGION1,TZSOU1PN1,2048,0.0
REGION1,BWSOU1PN1,2048,0.0
REGION1,ZASOU1PN1,2048,0.0
REGION1,MAWINDPN1,2048,0.0
REGION1,TNWINDPN1,2048,0.0
REGION1,ETWINDPN1,2048,0.0
REGION1,KEWINDPN1,2048,0.0
REGION1,ZAWINDPN1,2048,0.0
REGION1,CICOSCPN1,2048,0.0
REGION1,EGNULWPN1,2048,0.0
REGION1,SSHYDMSN1,2048,0.0
REGION1,MABATTN1,2048,0.0
REGION1,CGSOU1PN1,2048,0.0
REGION1,DJSOU1PN1,2048,0.0
REGION1,DZWINDPN1,2048,0.0
REGION1,ERSOU1PN1,2048,0.0
REGION1,ERWINDPN1,2048,0.0
REGION1,GHWINDPN1,2048,0.0
REGION1,GQSOU1PN1,2048,0.0
REGION1,GWSOU1PN1,2048,0.0
REGION1,LRSOU1PN1,2048,0.0
REGION1,RWSOU1PN1,2048,0.0
REGION1,SLSOU1PN1,2048,0.0
REGION1,SSSOU1PN1,2048,0.0
REGION1,SZNGCCPN1,2048,0.0
REGION1,SZWINDPN1,2048,0.0
REGION1,TDWINDPN1,2048,0.0
REGION1,TGWINDPN1,2048,0.0
REGION1,TZWINDPN1,2048,0.0
REGION1,ZMSOU1PN1,2048,0.0
REGION1,DZNGCCPH1,2048,0.0
REGION1,DZNGGCPH1,2048,0.0
REGION1,DZSOU1PH1,2048,0.0
REGION1,EGBMCHPH1,2048,0.0
REGION1,EGSOU1PH1,2048,0.0
REGION1,EGWINDPH1,2048,0.0
REGION1,LYNGCCPH1,2048,0.0
REGION1,LYNGGCPH1,2048,0.0
REGION1,LYLFRCPH1,2048,0.0
REGION1,LYHFGCPH1,2048,0.0
REGION1,LYSOU1PH1,2048,0.0
REGION1,MASOU1PH1,2048,0.0
REGION1,MAWINDPH1,2048,0.0
REGION1,SDSOU1PH1,2048,0.0
REGION1,TNNGCCPH1,2048,0.0
REGION1,TNNGGCPH1,2048,0.0
REGION1,TNSOU1PH1,2048,0.0
REGION1,AOSOU1PH1,2048,0.0
REGION1,BJSOU1PH1,2048,0.0
REGION1,BFLFRCPH1,2048,0.0
REGION1,BFHFGCPH1,2048,0.0
REGION1,BFHYDMSH1,2048,0.0
REGION1,BFSOU1PH1,2048,0.0
REGION1,BIHYDMSH1,2048,0.0
REGION1,CMHYDMSH1,2048,0.0
REGION1,CMSOU1PH1,2048,0.0
REGION1,CFSOU1PH1,2048,0.0
REGION1,CINGCCPH1,2048,0.0
REGION1,CINGGCPH1,2048,0.0
REGION1,CISOU1PH1,2048,0.0
REGION1,CDLFRCPH1,2048,0.0
REGION1,CDHFGCPH1,2048,0.0
REGION1,CDHYDMSH1,2048,0.0
REGION1,CDSOU1PH1,2048,0.0
REGION1,DJWINDPH1,2048,0.0
REGION1,ETBMCHPH1,2048,0.0
REGION1,ETHYDMSH1,2048,0.0
REGION1,ETWINDPH1,2048,0.0
REGION1,GHNGCCPH1,2048,0.0
REGION1,GHNGGCPH1,2048,0.0
REGION1,GHSOU1PH1,2048,0.0
REGION1,KEGOCVPH1,2048,0.0
REGION1,KEHYDMSH1,2048,0.0
REGION1,KESOU1PH1,2048,0.0
REGION1,LSSOU1PH1,2048,0.0
REGION1,MWSOU1PH1,2048,0.0
REGION1,MLHYDMSH1,2048,0.0
REGION1,MLSOU1PH1,2048,0.0
REGION1,MRSOU1PH1,2048,0.0
REGION1,MRWINDPH1,2048,0.0
REGION1,MZLFRCPH1,2048,0.0
REGION1,MZHFGCPH1,2048,0.0
REGION1,MZSOU1PH1,2048,0.0
REGION1,NASOU1PH1,2048,0.0
REGION1,NELFRCPH1,2048,0.0
REGION1,NEHFGCPH1,2048,0.0
REGION1,NESOU1PH1,2048,0.0
REGION1,NGNGCCPH1,2048,0.0
REGION1,NGNGGCPH1,2048,0.0
REGION1,NGLFRCPH1,2048,0.0
REGION1,NGHFGCPH1,2048,0.0
REGION1,NGHYDMSH1,2048,0.0
REGION1,NGSOU1PH1,2048,0.0
REGION1,RWCOSCPH1,2048,0.0
REGION1,SNNGCCPH1,2048,0.0
REGION1,SNLFRCPH1,2048,0.0
REGION1,SNHFGCPH1,2048,0.0
REGION1,SNSOU1PH1,2048,0.0
REGION1,ZANULWPH1,2048,0.0
REGION1,ZASOU1PH1,2048,0.0
REGION1,SSWINDPH1,2048,0.0
REGION1,TGSOU1PH1,2048,0.0
REGION1,UGHYDMSH1,2048,0.0
REGION1,TZSOU1PH1,2048,0.0
REGION1,ZMHYDMSH1,2048,0.0
REGION1,ZWSOU1PH1,2048,0.0
REGION1,ZWCOSCPH1,2048,0.0
REGION1,DZLFRCPH1,2048,0.0
REGION1,DZHFGCPH1,2048,0.0
REGION1,DZHYDMSH1,2048,0.0
REGION1,DZSOC1PH1,2048,0.0
REGION1,EGNGCCPH1,2048,0.0
REGION1,EGNGGCPH1,2048,0.0
REGION1,EGLFRCPH1,2048,0.0
REGION1,EGHFGCPH1,2048,0.0
REGION1,EGHYDMSH1,2048,0.0
REGION1,EGSOC1PH1,2048,0.0
REGION1,MACOSCPH1,2048,0.0
REGION1,MALFRCPH1,2048,0.0
REGION1,MAHFGCPH1,2048,0.0
REGION1,MANGCCPH1,2048,0.0
REGION1,MANGGCPH1,2048,0.0
REGION1,MABMCHPH1,2048,0.0
REGION1,MAHYDMSH1,2048,0.0
REGION1,MASOC1PH1,2048,0.0
REGION1,SDLFRCPH1,2048,0.0
REGION1,SDHFGCPH1,2048,0.0
REGION1,SDBMCHPH1,2048,0.0
REGION1,SDHYDMSH1,2048,0.0
REGION1,TNLFRCPH1,2048,0.0
REGION1,TNHFGCPH1,2048,0.0
REGION1,TNHYDMSH1,2048,0.0
REGION1,TNWINDPH1,2048,0.0
REGION1,AONGGCPH1,2048,0.0
REGION1,AOLFRCPH1,2048,0.0
REGION1,AOHFGCPH1,2048,0.0
REGION1,AOBMCHPH1,2048,0.0
REGION1,AOHYDMSH1,2048,0.0
REGION1,BJNGGCPH1,2048,0.0
REGION1,BJLFRCPH1,2048,0.0
REGION1,BJHFGCPH1,2048,0.0
REGION1,BJHYDMSH1,2048,0.0
REGION1,BWCOSCPH1,2048,0.0
REGION1,BWLFRCPH1,2048,0.0
REGION1,BWSOU1PH1,2048,0.0
REGION1,BFBMCHPH1,2048,0.0
REGION1,BILFRCPH1,2048,0.0
REGION1,BISOU1PH1,2048,0.0
REGION1,CMNGGCPH1,2048,0.0
REGION1,CMLFRCPH1,2048,0.0
REGION1,CMHFGCPH1,2048,0.0
REGION1,CFLFRCPH1,2048,0.0
REGION1,CFHYDMSH1,2048,0.0
REGION1,TDNGCCPH1,2048,0.0
REGION1,TDLFRCPH1,2048,0.0
REGION1,TDHFGCPH1,2048,0.0
REGION1,TDBMCHPH1,2048,0.0
REGION1,TDSOU1PH1,2048,0.0
REGION1,CGNGGCPH1,2048,0.0
REGION1,CGLFRCPH1,2048,0.0
REGION1,CGHFGCPH1,2048,0.0
REGION1,CGBMCHPH1,2048,0.0
REGION1,CGHYDMSH1,2048,0.0
REGION1,CILFRCPH1,2048,0.0
REGION1,CIHFGCPH1,2048,0.0
REGION1,CIHYDMSH1,2048,0.0
REGION1,DJLFRCPH1,2048,0.0
REGION1,DJHFGCPH1,2048,0.0
REGION1,GWNGCCPH1,2048,0.0
REGION1,GQNGGCPH1,2048,0.0
REGION1,GQLFRCPH1,2048,0.0
REGION1,GQHFGCPH1,2048,0.0
REGION1,GQHYDMSH1,2048,0.0
REGION1,ERLFRCPH1,2048,0.0
REGION1,ERHFGCPH1,2048,0.0
REGION1,SZLFRCPH1,2048,0.0
REGION1,SZHFGCPH1,2048,0.0
REGION1,SZBMCHPH1,2048,0.0
REGION1,SZHYDMSH1,2048,0.0
REGION1,SZSOU1PH1,2048,0.0
REGION1,ETLFRCPH1,2048,0.0
REGION1,ETGOCVPH1,2048,0.0
REGION1,GANGGCPH1,2048,0.0
REGION1,GALFRCPH1,2048,0.0
REGION1,GAHFGCPH1,2048,0.0
REGION1,GAHYDMSH1,2048,0.0
REGION1,GMLFRCPH1,2048,0.0
REGION1,GMHFGCPH1,2048,0.0
REGION1,GMWINDPH1,2048,0.0
REGION1,GMSOU1PH1,2048,0.0
REGION1,GHLFRCPH1,2048,0.0
REGION1,GHHFGCPH1,2048,0.0
REGION1,GHBMCHPH1,2048,0.0
REGION1,GHHYDMSH1,2048,0.0
REGION1,GNLFRCPH1,2048,0.0
REGION1,GNHFGCPH1,2048,0.0
REGION1,GNHYDMSH1,2048,0.0
REGION1,GNSOU1PH1,2048,0.0
REGION1,GWLFRCPH1,2048,0.0
REGION1,KELFRCPH1,2048,0.0
REGION1,KEHFGCPH1,2048,0.0
REGION1,KEBMCHPH1,2048,0.0
REGION1,KEWINDPH1,2048,0.0
REGION1,LSHYDMSH1,2048,0.0
REGION1,LRLFRCPH1,2048,0.0
REGION1,LRHFGCPH1,2048,0.0
REGION1,LRHYDMSH1,2048,0.0
REGION1,MWLFRCPH1,2048,0.0
REGION1,MWBMCHPH1,2048,0.0
REGION1,MWHYDMSH1,2048,0.0
REGION1,MLLFRCPH1,2048,0.0
REGION1,MLHFGCPH1,2048,0.0
REGION1,MLBMCHPH1,2048,0.0
REGION1,MRNGCCPH1,2048,0.0
REGION1,MRLFRCPH1,2048,0.0
REGION1,MRHFGCPH1,2048,0.0
REGION1,MZNGGCPH1,2048,0.0
REGION1,MZBMCHPH1,2048,0.0
REGION1,MZHYDMSH1,2048,0.0
REGION1,NACOSCPH1,2048,0.0
REGION1,NALFRCPH1,2048,0.0
REGION1,NAHFGCPH1,2048,0.0
REGION1,NABMCHPH1,2048,0.0
REGION1,NAHYDMSH1,2048,0.0
REGION1,NAWINDPH1,2048,0.0
REGION1,NECOSCPH1,2048,0.0
REGION1,NENGCCPH1,2048,0.0
REGION1,NGBMCHPH1,2048,0.0
REGION1,RWWINDPH1,2048,0.0
REGION1,RWNGGCPH1,2048,0.0
REGION1,RWLFRCPH1,2048,0.0
REGION1,RWHFGCPH1,2048,0.0
REGION1,RWBMCHPH1,2048,0.0
REGION1,RWHYDMSH1,2048,0.0
REGION1,SNHYDMSH1,2048,0.0
REGION1,SNCOSCPH1,2048,0.0
REGION1,SNBMCHPH1,2048,0.0
REGION1,SLWINDPH1,2048,0.0
REGION1,SLLFRCPH1,2048,0.0
REGION1,SLHFGCPH1,2048,0.0
REGION1,SLBMCHPH1,2048,0.0
REGION1,SLHYDMSH1,2048,0.0
REGION1,ZACOSCPH1,2048,0.0
REGION1,ZALFRCPH1,2048,0.0
REGION1,ZAHFGCPH1,2048,0.0
REGION1,ZABMCHPH1,2048,0.0
REGION1,ZAHYDMSH1,2048,0.0
REGION1,ZASOC1PH1,2048,0.0
REGION1,SSLFRCPH1,2048,0.0
REGION1,SSHFGCPH1,2048,0.0
REGION1,TGNGCCPH1,2048,0.0
REGION1,TGLFRCPH1,2048,0.0
REGION1,TGHFGCPH1,2048,0.0
REGION1,TGHYDMSH1,2048,0.0
REGION1,UGSOU1PH1,2048,0.0
REGION1,UGLFRCPH1,2048,0.0
REGION1,UGHFGCPH1,2048,0.0
REGION1,UGBMCHPH1,2048,0.0
REGION1,TZNGGCPH1,2048,0.0
REGION1,TZLFRCPH1,2048,0.0
REGION1,TZHFGCPH1,2048,0.0
REGION1,TZBMCHPH1,2048,0.0
REGION1,TZHYDMSH1,2048,0.0
REGION1,ZMWINDPH1,2048,0.0
REGION1,ZMCOSCPH1,2048,0.0
REGION1,ZMLFRCPH1,2048,0.0
REGION1,ZMHFGCPH1,2048,0.0
REGION1,ZMBMCHPH1,2048,0.0
REGION1,ZWLFRCPH1,2048,0.0
REGION1,SNWINDPH1,2048,0.0
REGION1,ZWHYDMSH1,2048,0.0
REGION1,ZWBMCHPH1,2048,0.0
REGION1,SOLFRCPH1,2048,0.0
REGION1,SOSOU1PH1,2048,0.0
REGION1,SOWINDPH1,2048,0.0
REGION1,MAHYDSPH1,2048,0.0
REGION1,ZAHYDSPH1,2048,0.0
REGION1,ATELCZPH1,2048,0.0
REGION1,ATELDEPH1,2048,0.0
REGION1,ATELHUPH1,2048,0.0
REGION1,ATELITPH1,2048,0.0
REGION1,ATELSIPH1,2048,0.0
REGION1,ATELCHPH1,2048,0.0
REGION1,BEELFRPH1,2048,0.0
REGION1,BEELDEPH1,2048,0.0
REGION1,BEELLUPH1,2048,0.0
REGION1,BEELNLPH1,2048,0.0
REGION1,BEELUKPH1,2048,0.0
REGION1,BGELGRPH1,2048,0.0
REGION1,BGELROPH1,2048,0.0
REGION1,CZELDEPH1,2048,0.0
REGION1,CZELPLPH1,2048,0.0
REGION1,CZELSKPH1,2048,0.0
REGION1,HRELHUPH1,2048,0.0
REGION1,HRELSIPH1,2048,0.0
REGION1,DKELNLPH1,2048,0.0
REGION1,DKELNOPH1,2048,0.0
REGION1,DKELSEPH1,2048,0.0
REGION1,DKELUKPH1,2048,0.0
REGION1,EEELFIPH1,2048,0.0
REGION1,EEELLVPH1,2048,0.0
REGION1,FIELNOPH1,2048,0.0
REGION1,FIELSEPH1,2048,0.0
REGION1,FRELITPH1,2048,0.0
REGION1,FRELLUPH1,2048,0.0
REGION1,FRELUKPH1,2048,0.0
REGION1,DEELDKPH1,2048,0.0
REGION1,DEELFRPH1,2048,0.0
REGION1,DEELLUPH1,2048,0.0
REGION1,DEELNLPH1,2048,0.0
REGION1,DEELNOPH1,2048,0.0
REGION1,DEELPLPH1,2048,0.0
REGION1,DEELSEPH1,2048,0.0
REGION1,DEELUKPH1,2048,0.0
REGION1,HUELROPH1,2048,0.0
REGION1,HUELSKPH1,2048,0.0
REGION1,HUELSIPH1,2048,0.0
REGION1,IEELUKPH1,2048,0.0
REGION1,ITELMTPH1,2048,0.0
REGION1,ITELSIPH1,2048,0.0
REGION1,LTELLVPH1,2048,0.0
REGION1,LTELPLPH1,2048,0.0
REGION1,LTELSEPH1,2048,0.0
REGION1,NLELNOPH1,2048,0.0
REGION1,NLELUKPH1,2048,0.0
REGION1,NOELSEPH1,2048,0.0
REGION1,NOELUKPH1,2048,0.0
REGION1,PLELSKPH1,2048,0.0
REGION1,PLELSEPH1,2048,0.0
REGION1,ESELFRPH1,2048,0.0
REGION1,ESELPTPH1,2048,0.0
REGION1,CHELFRPH1,2048,0.0
REGION1,CHELDEPH1,2048,0.0
REGION1,CHELITPH1,2048,0.0
REGION1,GRELITPH1,2048,0.0
REGION1,BGELMKPH1,2048,0.0
REGION1,BGELRSPH1,2048,0.0
REGION1,BGELTRPH1,2048,0.0
REGION1,HRELBAPH1,2048,0.0
REGION1,HRELRSPH1,2048,0.0
REGION1,EEELRUPH1,2048,0.0
REGION1,GRELALPH1,2048,0.0
REGION1,GRELTRPH1,2048,0.0
REGION1,HUELRSPH1,2048,0.0
REGION1,HUELUAPH1,2048,0.0
REGION1,ITELMEPH1,2048,0.0
REGION1,LVELRUPH1,2048,0.0
REGION1,LTELBYPH1,2048,0.0
REGION1,LTELRUPH1,2048,0.0
REGION1,PLELUAPH1,2048,0.0
REGION1,ROELMDPH1,2048,0.0
REGION1,ROELRSPH1,2048,0.0
REGION1,ROELUAPH1,2048,0.0
REGION1,SKELUAPH1,2048,0.0
REGION1,GRELMKPH1,2048,0.0
REGION1,ESELMAPH1,2048,0.0
REGION1,CYELILPH1,2048,0.0
REGION1,SEELLVPH1,2048,0.0
REGION1,BEELDKPH1,2048,0.0
REGION1,ITELTNPH1,2048,0.0
REGION1,GRELEGPH1,2048,0.0
REGION1,ITELDZPH1,2048,0.0
REGION1,MTELTNPH1,2048,0.0
REGION1,ROELGEPH1,2048,0.0
REGION1,ESELITPH1,2048,0.0
REGION1,DEELLVPH1,2048,0.0
REGION1,GRELDEPH1,2048,0.0
REGION1,ITELSAPH1,2048,0.0
REGION1,UKELMAPH1,2048,0.0
REGION1,DEELMAPH1,2048,0.0
REGION1,BIELRWPH1,2048,0.0
REGION1,BWELZAPH1,2048,0.0
REGION1,CDELBIPH1,2048,0.0
REGION1,CDELCGPH1,2048,0.0
REGION1,CDELRWPH1,2048,0.0
REGION1,CDELZMPH1,2048,0.0
REGION1,CIELBFPH1,2048,0.0
REGION1,EGELJOPH1,2048,0.0
REGION1,EGELSDPH1,2048,0.0
REGION1,ETELDJPH1,2048,0.0
REGION1,ETELSDPH1,2048,0.0
REGION1,GHELCIPH1,2048,0.0
REGION1,GHELTGPH1,2048,0.0
REGION1,KEELTZPH1,2048,0.0
REGION1,LSELZAPH1,2048,0.0
REGION1,LYELEGPH1,2048,0.0
REGION1,MAELDZPH1,2048,0.0
REGION1,MZELSZPH1,2048,0.0
REGION1,MZELZAPH1,2048,0.0
REGION1,MZELZWPH1,2048,0.0
REGION1,NGELBJPH1,2048,0.0
REGION1,NGELNEPH1,2048,0.0
REGION1,NAELZAPH1,2048,0.0
REGION1,RWELBIPH1,2048,0.0
REGION1,SNELMLPH1,2048,0.0
REGION1,TGELBJPH1,2048,0.0
REGION1,TNELDZPH1,2048,0.0
REGION1,TZELUGPH1,2048,0.0
REGION1,UGELKEPH1,2048,0.0
REGION1,UGELRWPH1,2048,0.0
REGION1,UGELTZPH1,2048,0.0
REGION1,ZAELSZPH1,2048,0.0
REGION1,ZAELZWPH1,2048,0.0
REGION1,ZMELZWPH1,2048,0.0
REGION1,AOELBWPH1,2048,0.0
REGION1,AOELCDPH1,2048,0.0
REGION1,AOELNAPH1,2048,0.0
REGION1,BFELMLPH1,2048,0.0
REGION1,BWELNAPH1,2048,0.0
REGION1,CDELNAPH1,2048,0.0
REGION1,CDELZAPH1,2048,0.0
REGION1,CGELGAPH1,2048,0.0
REGION1,CMELTDPH1,2048,0.0
REGION1,ETELKEPH1,2048,0.0
REGION1,GAELGQPH1,2048,0.0
REGION1,GHELBFPH1,2048,0.0
REGION1,GMELGWPH1,2048,0.0
REGION1,GQELCMPH1,2048,0.0
REGION1,GWELGNPH1,2048,0.0
REGION1,LRELGNPH1,2048,0.0
REGION1,LRELSLPH1,2048,0.0
REGION1,MLELCIPH1,2048,0.0
REGION1,MWELMZPH1,2048,0.0
REGION1,MWELZMPH1,2048,0.0
REGION1,NAELZWPH1,2048,0.0
REGION1,NEELBFPH1,2048,0.0
REGION1,NEELBJPH1,2048,0.0
REGION1,NEELTGPH1,2048,0.0
REGION1,SLELGNPH1,2048,0.0
REGION1,SNELGMPH1,2048,0.0
REGION1,SNELGNPH1,2048,0.0
REGION1,TGELGHPH1,2048,0.0
REGION1,TZELZMPH1,2048,0.0
REGION1,CIELLRPH1,2048,0.0
REGION1,GNELMLPH1,2048,0.0
REGION1,AOELZMPH1,2048,0.0
REGION1,BFELBJPH1,2048,0.0
REGION1,BFELTGPH1,2048,0.0
REGION1,BIELTZPH1,2048,0.0
REGION1,BJELGHPH1,2048,0.0
REGION1,BWELZMPH1,2048,0.0
REGION1,CDELCFPH1,2048,0.0
REGION1,CDELSDPH1,2048,0.0
REGION1,CDELTZPH1,2048,0.0
REGION1,CDELUGPH1,2048,0.0
REGION1,CFELCGPH1,2048,0.0
REGION1,CFELCMPH1,2048,0.0
REGION1,CFELSDPH1,2048,0.0
REGION1,CFELTDPH1,2048,0.0
REGION1,CGELCMPH1,2048,0.0
REGION1,CIELGNPH1,2048,0.0
REGION1,CMELGAPH1,2048,0.0
REGION1,CMELNGPH1,2048,0.0
REGION1,DJELERPH1,2048,0.0
REGION1,DJELSOPH1,2048,0.0
REGION1,DZELLYPH1,2048,0.0
REGION1,DZELMLPH1,2048,0.0
REGION1,DZELMRPH1,2048,0.0
REGION1,DZELNEPH1,2048,0.0
REGION1,ETELERPH1,2048,0.0
REGION1,ETELSOPH1,2048,0.0
REGION1,GWELSNPH1,2048,0.0
REGION1,KEELSDPH1,2048,0.0
REGION1,KEELSOPH1,2048,0.0
REGION1,LYELNEPH1,2048,0.0
REGION1,LYELSDPH1,2048,0.0
REGION1,LYELTDPH1,2048,0.0
REGION1,LYELTNPH1,2048,0.0
REGION1,MLELMRPH1,2048,0.0
REGION1,MLELNEPH1,2048,0.0
REGION1,MRELSNPH1,2048,0.0
REGION1,MWELTZPH1,2048,0.0
REGION1,MZELTZPH1,2048,0.0
REGION1,MZELZMPH1,2048,0.0
REGION1,NEELTDPH1,2048,0.0
REGION1,NGELTDPH1,2048,0.0
REGION1,RWELTZPH1,2048,0.0
REGION1,SDELERPH1,2048,0.0
REGION1,SDELTDPH1,2048,0.0
REGION1,SDELUGPH1,2048,0.0
REGION1,CYELGRPH1,2048,0.0
REGION1,ALNGGRPI0,2048,0.0
REGION1,ALNGITPI0,2048,0.0
REGION1,ATNGDEPI0,2048,0.0
REGION1,ATNGHUPI0,2048,0.0
REGION1,ATNGITPI0,2048,0.0
REGION1,ATNGSIPI0,2048,0.0
REGION1,ATNGSKPI0,2048,0.0
REGION1,BENGDEPI0,2048,0.0
REGION1,BENGFRPI0,2048,0.0
REGION1,BENGUKPI0,2048,0.0
REGION1,BENGNLPI0,2048,0.0
REGION1,BGNGGRPI0,2048,0.0
REGION1,BGNGROPI0,2048,0.0
REGION1,BYNGLTPI0,2048,0.0
REGION1,CYNGEGPI0,2048,0.0
REGION1,CYNGGRPI0,2048,0.0
REGION1,CZNGDEPI0,2048,0.0
REGION1,CZNGPLPI0,2048,0.0
REGION1,CZNGSKPI0,2048,0.0
REGION1,DENGCHPI0,2048,0.0
REGION1,DENGFRPI0,2048,0.0
REGION1,DENGNLPI0,2048,0.0
REGION1,DENGPLPI0,2048,0.0
REGION1,DKNGDEPI0,2048,0.0
REGION1,DKNGPLPI0,2048,0.0
REGION1,DKNGSEPI0,2048,0.0
REGION1,DZNGESPI0,2048,0.0
REGION1,DZNGITPI0,2048,0.0
REGION1,EENGFIPI0,2048,0.0
REGION1,EENGLVPI0,2048,0.0
REGION1,FRNGCHPI0,2048,0.0
REGION1,FRNGESPI0,2048,0.0
REGION1,GRNGITPI0,2048,0.0
REGION1,HRNGHUPI0,2048,0.0
REGION1,HRNGSIPI0,2048,0.0
REGION1,HUNGROPI0,2048,0.0
REGION1,HUNGSKPI0,2048,0.0
REGION1,IENGUKPI0,2048,0.0
REGION1,ITNGCHPI0,2048,0.0
REGION1,ITNGMTPI0,2048,0.0
REGION1,ITNGSIPI0,2048,0.0
REGION1,LTNGPLPI0,2048,0.0
REGION1,LVNGLTPI0,2048,0.0
REGION1,LYNGITPI0,2048,0.0
REGION1,MANGESPI0,2048,0.0
REGION1,MDNGROPI0,2048,0.0
REGION1,NLNGUKPI0,2048,0.0
REGION1,NONGBEPI0,2048,0.0
REGION1,NONGDEPI0,2048,0.0
REGION1,NONGDKPI0,2048,0.0
REGION1,NONGFRPI0,2048,0.0
REGION1,NONGUKPI0,2048,0.0
REGION1,NONGNLPI0,2048,0.0
REGION1,PLNGSKPI0,2048,0.0
REGION1,PTNGESPI0,2048,0.0
REGION1,RSNGBGPI0,2048,0.0
REGION1,RSNGHUPI0,2048,0.0
REGION1,RSNGROPI0,2048,0.0
REGION1,RUNGEEPI0,2048,0.0
REGION1,RUNGFIPI0,2048,0.0
REGION1,RUNGLVPI0,2048,0.0
REGION1,TRNGBGPI0,2048,0.0
REGION1,TRNGGRPI0,2048,0.0
REGION1,UANGHUPI0,2048,0.0
REGION1,UANGPLPI0,2048,0.0
REGION1,UANGROPI0,2048,0.0
REGION1,UANGSKPI0,2048,0.0
REGION1,BENGLUPI0,2048,0.0
REGION1,NGNGDZPI0,2048,0.0
REGION1,MZNGZAPI0,2048,0.0
REGION1,NGNGLYPI0,2048,0.0
REGION1,ETNGDJPI0,2048,0.0
REGION1,NGNGGQPI0,2048,0.0
REGION1,TZNGKEPI0,2048,0.0
REGION1,NGNGMAPI0,2048,0.0
REGION1,NGNGBJPI0,2048,0.0
REGION1,NGNGGHPI0,2048,0.0
REGION1,NGNGNEPI0,2048,0.0
REGION1,NGNGTGPI0,2048,0.0
REGION1,NGNGTNPI0,2048,0.0
REGION1,DZNGMAPI0,2048,0.0
REGION1,BELG00I00,2049,0.0
REGION1,HRLG00I00,2049,0.0
REGION1,CYLG00I00,2049,0.0
REGION1,FRLG00I00,2049,0.0
REGION1,FILG00I00,2049,0.0
REGION1,DELG00I00,2049,0.0
REGION1,GRLG00I00,2049,0.0
REGION1,ITLG00I00,2049,0.0
REGION1,LVLG00I00,2049,0.0
REGION1,LTLG00I00,2049,0.0
REGION1,MTLG00I00,2049,0.0
REGION1,NLLG00I00,2049,0.0
REGION1,PLLG00I00,2049,0.0
REGION1,ESLG00I00,2049,0.0
REGION1,UKLG00I00,2049,0.0
REGION1,PTLG00I00,2049,0.0
REGION1,BENUG2PN1,2049,0.0
REGION1,BGNUG2PN1,2049,0.0
REGION1,CZNUG2PN1,2049,0.0
REGION1,DENUG2PN1,2049,0.0
REGION1,ESNUG2PN1,2049,0.0
REGION1,FINUG2PN1,2049,0.0
REGION1,FRNUG2PN1,2049,0.0
REGION1,HUNUG2PN1,2049,0.0
REGION1,NLNUG2PN1,2049,0.0
REGION1,RONUG2PN1,2049,0.0
REGION1,SENUG2PN1,2049,0.0
REGION1,SINUG2PN1,2049,0.0
REGION1,SKNUG2PN1,2049,0.0
REGION1,CHNUG2PN1,2049,0.0
REGION1,UKNUG2PN1,2049,0.0
REGION1,ATHYDSPN1,2049,0.0
REGION1,BEHYDSPN1,2049,0.0
REGION1,BGHYDSPN1,2049,0.0
REGION1,CZHYDSPN1,2049,0.0
REGION1,DEHYDSPN1,2049,0.0
REGION1,GRHYDSPN1,2049,0.0
REGION1,ESHYDSPN1,2049,0.0
REGION1,FRHYDSPN1,2049,0.0
REGION1,HRHYDSPN1,2049,0.0
REGION1,IEHYDSPN1,2049,0.0
REGION1,ITHYDSPN1,2049,0.0
REGION1,LTHYDSPN1,2049,0.0
REGION1,LUHYDSPN1,2049,0.0
REGION1,PLHYDSPN1,2049,0.0
REGION1,PTHYDSPN1,2049,0.0
REGION1,ROHYDSPN1,2049,0.0
REGION1,SEHYDSPN1,2049,0.0
REGION1,SIHYDSPN1,2049,0.0
REGION1,SKHYDSPN1,2049,0.0
REGION1,CHHYDSPN1,2049,0.0
REGION1,UKHYDSPN1,2049,0.0
REGION1,ATHYDMPN1,2049,0.0
REGION1,ATHYDRPN1,2049,0.0
REGION1,BEHYDMPN1,2049,0.0
REGION1,BEHYDRPN1,2049,0.0
REGION1,BGHYDMPN1,2049,0.0
REGION1,BGHYDRPN1,2049,0.0
REGION1,CZHYDRPN1,2049,0.0
REGION1,CZHYDMPN1,2049,0.0
REGION1,DEHYDMPN1,2049,0.0
REGION1,DEHYDRPN1,2049,0.0
REGION1,DKHYDRPN1,2049,0.0
REGION1,DKHYDMPN1,2049,0.0
REGION1,EEHYDRPN1,2049,0.0
REGION1,GRHYDMPN1,2049,0.0
REGION1,GRHYDRPN1,2049,0.0
REGION1,ESHYDMPN1,2049,0.0
REGION1,ESHYDRPN1,2049,0.0
REGION1,FIHYDMPN1,2049,0.0
REGION1,FIHYDRPN1,2049,0.0
REGION1,FRHYDMPN1,2049,0.0
REGION1,FRHYDRPN1,2049,0.0
REGION1,HRHYDMPN1,2049,0.0
REGION1,HRHYDRPN1,2049,0.0
REGION1,HUHYDMPN1,2049,0.0
REGION1,HUHYDRPN1,2049,0.0
REGION1,IEHYDMPN1,2049,0.0
REGION1,IEHYDRPN1,2049,0.0
REGION1,ITHYDMPN1,2049,0.0
REGION1,ITHYDRPN1,2049,0.0
REGION1,LTHYDRPN1,2049,0.0
REGION1,LUHYDRPN1,2049,0.0
REGION1,LVHYDMPN1,2049,0.0
REGION1,LVHYDRPN1,2049,0.0
REGION1,NLHYDRPN1,2049,0.0
REGION1,PLHYDMPN1,2049,0.0
REGION1,PLHYDRPN1,2049,0.0
REGION1,PTHYDMPN1,2049,0.0
REGION1,PTHYDRPN1,2049,0.0
REGION1,ROHYDMPN1,2049,0.0
REGION1,ROHYDRPN1,2049,0.0
REGION1,SEHYDMPN1,2049,0.0
REGION1,SEHYDRPN1,2049,0.0
REGION1,SIHYDMPN1,2049,0.0
REGION1,SIHYDRPN1,2049,0.0
REGION1,SKHYDMPN1,2049,0.0
REGION1,SKHYDRPN1,2049,0.0
REGION1,NOHYDRPN1,2049,0.0
REGION1,NOHYDMPN1,2049,0.0
REGION1,CHHYDRPN1,2049,0.0
REGION1,CHHYDMPN1,2049,0.0
REGION1,UKHYDMPN1,2049,0.0
REGION1,UKHYDRPN1,2049,0.0
REGION1,EGLG00I00,2049,0.0
REGION1,GHLG00I00,2049,0.0
REGION1,MALG00I00,2049,0.0
REGION1,MZLG00I00,2049,0.0
REGION1,SNLG00I00,2049,0.0
REGION1,ZALG00I00,2049,0.0
REGION1,DZLG00E00,2049,0.0
REGION1,NGLG00E00,2049,0.0
REGION1,EGLG00E00,2049,0.0
REGION1,AOLG00E00,2049,0.0
REGION1,GQLG00E00,2049,0.0
REGION1,MZLG00E00,2049,0.0
REGION1,CGLG00E00,2049,0.0
REGION1,GALG00E00,2049,0.0
REGION1,MRLG00E00,2049,0.0
REGION1,SNLG00E00,2049,0.0
REGION1,TZLG00E00,2049,0.0
REGION1,BFHYDMSN1,2049,0.0
REGION1,BIHYDMSN1,2049,0.0
REGION1,CMHYDMSN1,2049,0.0
REGION1,CDHYDMSN1,2049,0.0
REGION1,ETHYDMSN1,2049,0.0
REGION1,KEHYDMSN1,2049,0.0
REGION1,MLHYDMSN1,2049,0.0
REGION1,NGHYDMSN1,2049,0.0
REGION1,UGHYDMSN1,2049,0.0
REGION1,ZMHYDMSN1,2049,0.0
REGION1,DZHYDMSN1,2049,0.0
REGION1,EGHYDMSN1,2049,0.0
REGION1,MAHYDMSN1,2049,0.0
REGION1,SDHYDMSN1,2049,0.0
REGION1,TNHYDMSN1,2049,0.0
REGION1,AOHYDMSN1,2049,0.0
REGION1,BJHYDMSN1,2049,0.0
REGION1,CFHYDMSN1,2049,0.0
REGION1,CGHYDMSN1,2049,0.0
REGION1,CIHYDMSN1,2049,0.0
REGION1,GQHYDMSN1,2049,0.0
REGION1,SZHYDMSN1,2049,0.0
REGION1,GAHYDMSN1,2049,0.0
REGION1,GHHYDMSN1,2049,0.0
REGION1,GNHYDMSN1,2049,0.0
REGION1,LSHYDMSN1,2049,0.0
REGION1,LRHYDMSN1,2049,0.0
REGION1,MWHYDMSN1,2049,0.0
REGION1,MZHYDMSN1,2049,0.0
REGION1,NAHYDMSN1,2049,0.0
REGION1,RWHYDMSN1,2049,0.0
REGION1,SNHYDMSN1,2049,0.0
REGION1,SLHYDMSN1,2049,0.0
REGION1,ZAHYDMSN1,2049,0.0
REGION1,TGHYDMSN1,2049,0.0
REGION1,TZHYDMSN1,2049,0.0
REGION1,ZWHYDMSN1,2049,0.0
REGION1,MAHYDSPN1,2049,0.0
REGION1,ZAHYDSPN1,2049,0.0
REGION1,KEBATTN1,2049,0.0
REGION1,ETBMCHPN1,2049,0.0
REGION1,KEBMCHPN1,2049,0.0
REGION1,ZABMCHPN1,2049,0.0
REGION1,BWCOSCPN1,2049,0.0
REGION1,ZACOSCPN1,2049,0.0
REGION1,ETGOCVPN1,2049,0.0
REGION1,KEGOCVPN1,2049,0.0
REGION1,RWNGGCPN1,2049,0.0
REGION1,DZNGCCPN1,2049,0.0
REGION1,MANGCCPN1,2049,0.0
REGION1,TNNGCCPN1,2049,0.0
REGION1,UGNGCCPN1,2049,0.0
REGION1,MZNGGCPN1,2049,0.0
REGION1,NGNGGCPN1,2049,0.0
REGION1,AOSOU1PN1,2049,0.0
REGION1,GASOU1PN1,2049,0.0
REGION1,DZSOU1PN1,2049,0.0
REGION1,MASOU1PN1,2049,0.0
REGION1,TNSOU1PN1,2049,0.0
REGION1,ETSOU1PN1,2049,0.0
REGION1,KESOU1PN1,2049,0.0
REGION1,TZSOU1PN1,2049,0.0
REGION1,BWSOU1PN1,2049,0.0
REGION1,ZASOU1PN1,2049,0.0
REGION1,MAWINDPN1,2049,0.0
REGION1,TNWINDPN1,2049,0.0
REGION1,ETWINDPN1,2049,0.0
REGION1,KEWINDPN1,2049,0.0
REGION1,ZAWINDPN1,2049,0.0
REGION1,CICOSCPN1,2049,0.0
REGION1,EGNULWPN1,2049,0.0
REGION1,SSHYDMSN1,2049,0.0
REGION1,MABATTN1,2049,0.0
REGION1,CGSOU1PN1,2049,0.0
REGION1,DJSOU1PN1,2049,0.0
REGION1,DZWINDPN1,2049,0.0
REGION1,ERSOU1PN1,2049,0.0
REGION1,ERWINDPN1,2049,0.0
REGION1,GHWINDPN1,2049,0.0
REGION1,GQSOU1PN1,2049,0.0
REGION1,GWSOU1PN1,2049,0.0
REGION1,LRSOU1PN1,2049,0.0
REGION1,RWSOU1PN1,2049,0.0
REGION1,SLSOU1PN1,2049,0.0
REGION1,SSSOU1PN1,2049,0.0
REGION1,SZNGCCPN1,2049,0.0
REGION1,SZWINDPN1,2049,0.0
REGION1,TDWINDPN1,2049,0.0
REGION1,TGWINDPN1,2049,0.0
REGION1,TZWINDPN1,2049,0.0
REGION1,ZMSOU1PN1,2049,0.0
REGION1,DZNGCCPH1,2049,0.0
REGION1,DZNGGCPH1,2049,0.0
REGION1,DZSOU1PH1,2049,0.0
REGION1,EGBMCHPH1,2049,0.0
REGION1,EGSOU1PH1,2049,0.0
REGION1,EGWINDPH1,2049,0.0
REGION1,LYNGCCPH1,2049,0.0
REGION1,LYNGGCPH1,2049,0.0
REGION1,LYLFRCPH1,2049,0.0
REGION1,LYHFGCPH1,2049,0.0
REGION1,LYSOU1PH1,2049,0.0
REGION1,MASOU1PH1,2049,0.0
REGION1,MAWINDPH1,2049,0.0
REGION1,SDSOU1PH1,2049,0.0
REGION1,TNNGCCPH1,2049,0.0
REGION1,TNNGGCPH1,2049,0.0
REGION1,TNSOU1PH1,2049,0.0
REGION1,AOSOU1PH1,2049,0.0
REGION1,BJSOU1PH1,2049,0.0
REGION1,BFLFRCPH1,2049,0.0
REGION1,BFHFGCPH1,2049,0.0
REGION1,BFHYDMSH1,2049,0.0
REGION1,BFSOU1PH1,2049,0.0
REGION1,BIHYDMSH1,2049,0.0
REGION1,CMHYDMSH1,2049,0.0
REGION1,CMSOU1PH1,2049,0.0
REGION1,CFSOU1PH1,2049,0.0
REGION1,CINGCCPH1,2049,0.0
REGION1,CINGGCPH1,2049,0.0
REGION1,CISOU1PH1,2049,0.0
REGION1,CDLFRCPH1,2049,0.0
REGION1,CDHFGCPH1,2049,0.0
REGION1,CDHYDMSH1,2049,0.0
REGION1,CDSOU1PH1,2049,0.0
REGION1,DJWINDPH1,2049,0.0
REGION1,ETBMCHPH1,2049,0.0
REGION1,ETHYDMSH1,2049,0.0
REGION1,ETWINDPH1,2049,0.0
REGION1,GHNGCCPH1,2049,0.0
REGION1,GHNGGCPH1,2049,0.0
REGION1,GHSOU1PH1,2049,0.0
REGION1,KEGOCVPH1,2049,0.0
REGION1,KEHYDMSH1,2049,0.0
REGION1,KESOU1PH1,2049,0.0
REGION1,LSSOU1PH1,2049,0.0
REGION1,MWSOU1PH1,2049,0.0
REGION1,MLHYDMSH1,2049,0.0
REGION1,MLSOU1PH1,2049,0.0
REGION1,MRSOU1PH1,2049,0.0
REGION1,MRWINDPH1,2049,0.0
REGION1,MZLFRCPH1,2049,0.0
REGION1,MZHFGCPH1,2049,0.0
REGION1,MZSOU1PH1,2049,0.0
REGION1,NASOU1PH1,2049,0.0
REGION1,NELFRCPH1,2049,0.0
REGION1,NEHFGCPH1,2049,0.0
REGION1,NESOU1PH1,2049,0.0
REGION1,NGNGCCPH1,2049,0.0
REGION1,NGNGGCPH1,2049,0.0
REGION1,NGLFRCPH1,2049,0.0
REGION1,NGHFGCPH1,2049,0.0
REGION1,NGHYDMSH1,2049,0.0
REGION1,NGSOU1PH1,2049,0.0
REGION1,RWCOSCPH1,2049,0.0
REGION1,SNNGCCPH1,2049,0.0
REGION1,SNLFRCPH1,2049,0.0
REGION1,SNHFGCPH1,2049,0.0
REGION1,SNSOU1PH1,2049,0.0
REGION1,ZANULWPH1,2049,0.0
REGION1,ZASOU1PH1,2049,0.0
REGION1,SSWINDPH1,2049,0.0
REGION1,TGSOU1PH1,2049,0.0
REGION1,UGHYDMSH1,2049,0.0
REGION1,TZSOU1PH1,2049,0.0
REGION1,ZMHYDMSH1,2049,0.0
REGION1,ZWSOU1PH1,2049,0.0
REGION1,ZWCOSCPH1,2049,0.0
REGION1,DZLFRCPH1,2049,0.0
REGION1,DZHFGCPH1,2049,0.0
REGION1,DZHYDMSH1,2049,0.0
REGION1,DZSOC1PH1,2049,0.0
REGION1,EGNGCCPH1,2049,0.0
REGION1,EGNGGCPH1,2049,0.0
REGION1,EGLFRCPH1,2049,0.0
REGION1,EGHFGCPH1,2049,0.0
REGION1,EGHYDMSH1,2049,0.0
REGION1,EGSOC1PH1,2049,0.0
REGION1,MACOSCPH1,2049,0.0
REGION1,MALFRCPH1,2049,0.0
REGION1,MAHFGCPH1,2049,0.0
REGION1,MANGCCPH1,2049,0.0
REGION1,MANGGCPH1,2049,0.0
REGION1,MABMCHPH1,2049,0.0
REGION1,MAHYDMSH1,2049,0.0
REGION1,MASOC1PH1,2049,0.0
REGION1,SDLFRCPH1,2049,0.0
REGION1,SDHFGCPH1,2049,0.0
REGION1,SDBMCHPH1,2049,0.0
REGION1,SDHYDMSH1,2049,0.0
REGION1,TNLFRCPH1,2049,0.0
REGION1,TNHFGCPH1,2049,0.0
REGION1,TNHYDMSH1,2049,0.0
REGION1,TNWINDPH1,2049,0.0
REGION1,AONGGCPH1,2049,0.0
REGION1,AOLFRCPH1,2049,0.0
REGION1,AOHFGCPH1,2049,0.0
REGION1,AOBMCHPH1,2049,0.0
REGION1,AOHYDMSH1,2049,0.0
REGION1,BJNGGCPH1,2049,0.0
REGION1,BJLFRCPH1,2049,0.0
REGION1,BJHFGCPH1,2049,0.0
REGION1,BJHYDMSH1,2049,0.0
REGION1,BWCOSCPH1,2049,0.0
REGION1,BWLFRCPH1,2049,0.0
REGION1,BWSOU1PH1,2049,0.0
REGION1,BFBMCHPH1,2049,0.0
REGION1,BILFRCPH1,2049,0.0
REGION1,BISOU1PH1,2049,0.0
REGION1,CMNGGCPH1,2049,0.0
REGION1,CMLFRCPH1,2049,0.0
REGION1,CMHFGCPH1,2049,0.0
REGION1,CFLFRCPH1,2049,0.0
REGION1,CFHYDMSH1,2049,0.0
REGION1,TDNGCCPH1,2049,0.0
REGION1,TDLFRCPH1,2049,0.0
REGION1,TDHFGCPH1,2049,0.0
REGION1,TDBMCHPH1,2049,0.0
REGION1,TDSOU1PH1,2049,0.0
REGION1,CGNGGCPH1,2049,0.0
REGION1,CGLFRCPH1,2049,0.0
REGION1,CGHFGCPH1,2049,0.0
REGION1,CGBMCHPH1,2049,0.0
REGION1,CGHYDMSH1,2049,0.0
REGION1,CILFRCPH1,2049,0.0
REGION1,CIHFGCPH1,2049,0.0
REGION1,CIHYDMSH1,2049,0.0
REGION1,DJLFRCPH1,2049,0.0
REGION1,DJHFGCPH1,2049,0.0
REGION1,GWNGCCPH1,2049,0.0
REGION1,GQNGGCPH1,2049,0.0
REGION1,GQLFRCPH1,2049,0.0
REGION1,GQHFGCPH1,2049,0.0
REGION1,GQHYDMSH1,2049,0.0
REGION1,ERLFRCPH1,2049,0.0
REGION1,ERHFGCPH1,2049,0.0
REGION1,SZLFRCPH1,2049,0.0
REGION1,SZHFGCPH1,2049,0.0
REGION1,SZBMCHPH1,2049,0.0
REGION1,SZHYDMSH1,2049,0.0
REGION1,SZSOU1PH1,2049,0.0
REGION1,ETLFRCPH1,2049,0.0
REGION1,ETGOCVPH1,2049,0.0
REGION1,GANGGCPH1,2049,0.0
REGION1,GALFRCPH1,2049,0.0
REGION1,GAHFGCPH1,2049,0.0
REGION1,GAHYDMSH1,2049,0.0
REGION1,GMLFRCPH1,2049,0.0
REGION1,GMHFGCPH1,2049,0.0
REGION1,GMWINDPH1,2049,0.0
REGION1,GMSOU1PH1,2049,0.0
REGION1,GHLFRCPH1,2049,0.0
REGION1,GHHFGCPH1,2049,0.0
REGION1,GHBMCHPH1,2049,0.0
REGION1,GHHYDMSH1,2049,0.0
REGION1,GNLFRCPH1,2049,0.0
REGION1,GNHFGCPH1,2049,0.0
REGION1,GNHYDMSH1,2049,0.0
REGION1,GNSOU1PH1,2049,0.0
REGION1,GWLFRCPH1,2049,0.0
REGION1,KELFRCPH1,2049,0.0
REGION1,KEHFGCPH1,2049,0.0
REGION1,KEBMCHPH1,2049,0.0
REGION1,KEWINDPH1,2049,0.0
REGION1,LSHYDMSH1,2049,0.0
REGION1,LRLFRCPH1,2049,0.0
REGION1,LRHFGCPH1,2049,0.0
REGION1,LRHYDMSH1,2049,0.0
REGION1,MWLFRCPH1,2049,0.0
REGION1,MWBMCHPH1,2049,0.0
REGION1,MWHYDMSH1,2049,0.0
REGION1,MLLFRCPH1,2049,0.0
REGION1,MLHFGCPH1,2049,0.0
REGION1,MLBMCHPH1,2049,0.0
REGION1,MRNGCCPH1,2049,0.0
REGION1,MRLFRCPH1,2049,0.0
REGION1,MRHFGCPH1,2049,0.0
REGION1,MZNGGCPH1,2049,0.0
REGION1,MZBMCHPH1,2049,0.0
REGION1,MZHYDMSH1,2049,0.0
REGION1,NACOSCPH1,2049,0.0
REGION1,NALFRCPH1,2049,0.0
REGION1,NAHFGCPH1,2049,0.0
REGION1,NABMCHPH1,2049,0.0
REGION1,NAHYDMSH1,2049,0.0
REGION1,NAWINDPH1,2049,0.0
REGION1,NECOSCPH1,2049,0.0
REGION1,NENGCCPH1,2049,0.0
REGION1,NGBMCHPH1,2049,0.0
REGION1,RWWINDPH1,2049,0.0
REGION1,RWNGGCPH1,2049,0.0
REGION1,RWLFRCPH1,2049,0.0
REGION1,RWHFGCPH1,2049,0.0
REGION1,RWBMCHPH1,2049,0.0
REGION1,RWHYDMSH1,2049,0.0
REGION1,SNHYDMSH1,2049,0.0
REGION1,SNCOSCPH1,2049,0.0
REGION1,SNBMCHPH1,2049,0.0
REGION1,SLWINDPH1,2049,0.0
REGION1,SLLFRCPH1,2049,0.0
REGION1,SLHFGCPH1,2049,0.0
REGION1,SLBMCHPH1,2049,0.0
REGION1,SLHYDMSH1,2049,0.0
REGION1,ZACOSCPH1,2049,0.0
REGION1,ZALFRCPH1,2049,0.0
REGION1,ZAHFGCPH1,2049,0.0
REGION1,ZABMCHPH1,2049,0.0
REGION1,ZAHYDMSH1,2049,0.0
REGION1,ZASOC1PH1,2049,0.0
REGION1,SSLFRCPH1,2049,0.0
REGION1,SSHFGCPH1,2049,0.0
REGION1,TGNGCCPH1,2049,0.0
REGION1,TGLFRCPH1,2049,0.0
REGION1,TGHFGCPH1,2049,0.0
REGION1,TGHYDMSH1,2049,0.0
REGION1,UGSOU1PH1,2049,0.0
REGION1,UGLFRCPH1,2049,0.0
REGION1,UGHFGCPH1,2049,0.0
REGION1,UGBMCHPH1,2049,0.0
REGION1,TZNGGCPH1,2049,0.0
REGION1,TZLFRCPH1,2049,0.0
REGION1,TZHFGCPH1,2049,0.0
REGION1,TZBMCHPH1,2049,0.0
REGION1,TZHYDMSH1,2049,0.0
REGION1,ZMWINDPH1,2049,0.0
REGION1,ZMCOSCPH1,2049,0.0
REGION1,ZMLFRCPH1,2049,0.0
REGION1,ZMHFGCPH1,2049,0.0
REGION1,ZMBMCHPH1,2049,0.0
REGION1,ZWLFRCPH1,2049,0.0
REGION1,SNWINDPH1,2049,0.0
REGION1,ZWHYDMSH1,2049,0.0
REGION1,ZWBMCHPH1,2049,0.0
REGION1,SOLFRCPH1,2049,0.0
REGION1,SOSOU1PH1,2049,0.0
REGION1,SOWINDPH1,2049,0.0
REGION1,MAHYDSPH1,2049,0.0
REGION1,ZAHYDSPH1,2049,0.0
REGION1,ATELCZPH1,2049,0.0
REGION1,ATELDEPH1,2049,0.0
REGION1,ATELHUPH1,2049,0.0
REGION1,ATELITPH1,2049,0.0
REGION1,ATELSIPH1,2049,0.0
REGION1,ATELCHPH1,2049,0.0
REGION1,BEELFRPH1,2049,0.0
REGION1,BEELDEPH1,2049,0.0
REGION1,BEELLUPH1,2049,0.0
REGION1,BEELNLPH1,2049,0.0
REGION1,BEELUKPH1,2049,0.0
REGION1,BGELGRPH1,2049,0.0
REGION1,BGELROPH1,2049,0.0
REGION1,CZELDEPH1,2049,0.0
REGION1,CZELPLPH1,2049,0.0
REGION1,CZELSKPH1,2049,0.0
REGION1,HRELHUPH1,2049,0.0
REGION1,HRELSIPH1,2049,0.0
REGION1,DKELNLPH1,2049,0.0
REGION1,DKELNOPH1,2049,0.0
REGION1,DKELSEPH1,2049,0.0
REGION1,DKELUKPH1,2049,0.0
REGION1,EEELFIPH1,2049,0.0
REGION1,EEELLVPH1,2049,0.0
REGION1,FIELNOPH1,2049,0.0
REGION1,FIELSEPH1,2049,0.0
REGION1,FRELITPH1,2049,0.0
REGION1,FRELLUPH1,2049,0.0
REGION1,FRELUKPH1,2049,0.0
REGION1,DEELDKPH1,2049,0.0
REGION1,DEELFRPH1,2049,0.0
REGION1,DEELLUPH1,2049,0.0
REGION1,DEELNLPH1,2049,0.0
REGION1,DEELNOPH1,2049,0.0
REGION1,DEELPLPH1,2049,0.0
REGION1,DEELSEPH1,2049,0.0
REGION1,DEELUKPH1,2049,0.0
REGION1,HUELROPH1,2049,0.0
REGION1,HUELSKPH1,2049,0.0
REGION1,HUELSIPH1,2049,0.0
REGION1,IEELUKPH1,2049,0.0
REGION1,ITELMTPH1,2049,0.0
REGION1,ITELSIPH1,2049,0.0
REGION1,LTELLVPH1,2049,0.0
REGION1,LTELPLPH1,2049,0.0
REGION1,LTELSEPH1,2049,0.0
REGION1,NLELNOPH1,2049,0.0
REGION1,NLELUKPH1,2049,0.0
REGION1,NOELSEPH1,2049,0.0
REGION1,NOELUKPH1,2049,0.0
REGION1,PLELSKPH1,2049,0.0
REGION1,PLELSEPH1,2049,0.0
REGION1,ESELFRPH1,2049,0.0
REGION1,ESELPTPH1,2049,0.0
REGION1,CHELFRPH1,2049,0.0
REGION1,CHELDEPH1,2049,0.0
REGION1,CHELITPH1,2049,0.0
REGION1,GRELITPH1,2049,0.0
REGION1,BGELMKPH1,2049,0.0
REGION1,BGELRSPH1,2049,0.0
REGION1,BGELTRPH1,2049,0.0
REGION1,HRELBAPH1,2049,0.0
REGION1,HRELRSPH1,2049,0.0
REGION1,EEELRUPH1,2049,0.0
REGION1,GRELALPH1,2049,0.0
REGION1,GRELTRPH1,2049,0.0
REGION1,HUELRSPH1,2049,0.0
REGION1,HUELUAPH1,2049,0.0
REGION1,ITELMEPH1,2049,0.0
REGION1,LVELRUPH1,2049,0.0
REGION1,LTELBYPH1,2049,0.0
REGION1,LTELRUPH1,2049,0.0
REGION1,PLELUAPH1,2049,0.0
REGION1,ROELMDPH1,2049,0.0
REGION1,ROELRSPH1,2049,0.0
REGION1,ROELUAPH1,2049,0.0
REGION1,SKELUAPH1,2049,0.0
REGION1,GRELMKPH1,2049,0.0
REGION1,ESELMAPH1,2049,0.0
REGION1,CYELILPH1,2049,0.0
REGION1,SEELLVPH1,2049,0.0
REGION1,BEELDKPH1,2049,0.0
REGION1,ITELTNPH1,2049,0.0
REGION1,GRELEGPH1,2049,0.0
REGION1,ITELDZPH1,2049,0.0
REGION1,MTELTNPH1,2049,0.0
REGION1,ROELGEPH1,2049,0.0
REGION1,ESELITPH1,2049,0.0
REGION1,DEELLVPH1,2049,0.0
REGION1,GRELDEPH1,2049,0.0
REGION1,ITELSAPH1,2049,0.0
REGION1,UKELMAPH1,2049,0.0
REGION1,DEELMAPH1,2049,0.0
REGION1,BIELRWPH1,2049,0.0
REGION1,BWELZAPH1,2049,0.0
REGION1,CDELBIPH1,2049,0.0
REGION1,CDELCGPH1,2049,0.0
REGION1,CDELRWPH1,2049,0.0
REGION1,CDELZMPH1,2049,0.0
REGION1,CIELBFPH1,2049,0.0
REGION1,EGELJOPH1,2049,0.0
REGION1,EGELSDPH1,2049,0.0
REGION1,ETELDJPH1,2049,0.0
REGION1,ETELSDPH1,2049,0.0
REGION1,GHELCIPH1,2049,0.0
REGION1,GHELTGPH1,2049,0.0
REGION1,KEELTZPH1,2049,0.0
REGION1,LSELZAPH1,2049,0.0
REGION1,LYELEGPH1,2049,0.0
REGION1,MAELDZPH1,2049,0.0
REGION1,MZELSZPH1,2049,0.0
REGION1,MZELZAPH1,2049,0.0
REGION1,MZELZWPH1,2049,0.0
REGION1,NGELBJPH1,2049,0.0
REGION1,NGELNEPH1,2049,0.0
REGION1,NAELZAPH1,2049,0.0
REGION1,RWELBIPH1,2049,0.0
REGION1,SNELMLPH1,2049,0.0
REGION1,TGELBJPH1,2049,0.0
REGION1,TNELDZPH1,2049,0.0
REGION1,TZELUGPH1,2049,0.0
REGION1,UGELKEPH1,2049,0.0
REGION1,UGELRWPH1,2049,0.0
REGION1,UGELTZPH1,2049,0.0
REGION1,ZAELSZPH1,2049,0.0
REGION1,ZAELZWPH1,2049,0.0
REGION1,ZMELZWPH1,2049,0.0
REGION1,AOELBWPH1,2049,0.0
REGION1,AOELCDPH1,2049,0.0
REGION1,AOELNAPH1,2049,0.0
REGION1,BFELMLPH1,2049,0.0
REGION1,BWELNAPH1,2049,0.0
REGION1,CDELNAPH1,2049,0.0
REGION1,CDELZAPH1,2049,0.0
REGION1,CGELGAPH1,2049,0.0
REGION1,CMELTDPH1,2049,0.0
REGION1,ETELKEPH1,2049,0.0
REGION1,GAELGQPH1,2049,0.0
REGION1,GHELBFPH1,2049,0.0
REGION1,GMELGWPH1,2049,0.0
REGION1,GQELCMPH1,2049,0.0
REGION1,GWELGNPH1,2049,0.0
REGION1,LRELGNPH1,2049,0.0
REGION1,LRELSLPH1,2049,0.0
REGION1,MLELCIPH1,2049,0.0
REGION1,MWELMZPH1,2049,0.0
REGION1,MWELZMPH1,2049,0.0
REGION1,NAELZWPH1,2049,0.0
REGION1,NEELBFPH1,2049,0.0
REGION1,NEELBJPH1,2049,0.0
REGION1,NEELTGPH1,2049,0.0
REGION1,SLELGNPH1,2049,0.0
REGION1,SNELGMPH1,2049,0.0
REGION1,SNELGNPH1,2049,0.0
REGION1,TGELGHPH1,2049,0.0
REGION1,TZELZMPH1,2049,0.0
REGION1,CIELLRPH1,2049,0.0
REGION1,GNELMLPH1,2049,0.0
REGION1,AOELZMPH1,2049,0.0
REGION1,BFELBJPH1,2049,0.0
REGION1,BFELTGPH1,2049,0.0
REGION1,BIELTZPH1,2049,0.0
REGION1,BJELGHPH1,2049,0.0
REGION1,BWELZMPH1,2049,0.0
REGION1,CDELCFPH1,2049,0.0
REGION1,CDELSDPH1,2049,0.0
REGION1,CDELTZPH1,2049,0.0
REGION1,CDELUGPH1,2049,0.0
REGION1,CFELCGPH1,2049,0.0
REGION1,CFELCMPH1,2049,0.0
REGION1,CFELSDPH1,2049,0.0
REGION1,CFELTDPH1,2049,0.0
REGION1,CGELCMPH1,2049,0.0
REGION1,CIELGNPH1,2049,0.0
REGION1,CMELGAPH1,2049,0.0
REGION1,CMELNGPH1,2049,0.0
REGION1,DJELERPH1,2049,0.0
REGION1,DJELSOPH1,2049,0.0
REGION1,DZELLYPH1,2049,0.0
REGION1,DZELMLPH1,2049,0.0
REGION1,DZELMRPH1,2049,0.0
REGION1,DZELNEPH1,2049,0.0
REGION1,ETELERPH1,2049,0.0
REGION1,ETELSOPH1,2049,0.0
REGION1,GWELSNPH1,2049,0.0
REGION1,KEELSDPH1,2049,0.0
REGION1,KEELSOPH1,2049,0.0
REGION1,LYELNEPH1,2049,0.0
REGION1,LYELSDPH1,2049,0.0
REGION1,LYELTDPH1,2049,0.0
REGION1,LYELTNPH1,2049,0.0
REGION1,MLELMRPH1,2049,0.0
REGION1,MLELNEPH1,2049,0.0
REGION1,MRELSNPH1,2049,0.0
REGION1,MWELTZPH1,2049,0.0
REGION1,MZELTZPH1,2049,0.0
REGION1,MZELZMPH1,2049,0.0
REGION1,NEELTDPH1,2049,0.0
REGION1,NGELTDPH1,2049,0.0
REGION1,RWELTZPH1,2049,0.0
REGION1,SDELERPH1,2049,0.0
REGION1,SDELTDPH1,2049,0.0
REGION1,SDELUGPH1,2049,0.0
REGION1,CYELGRPH1,2049,0.0
REGION1,ALNGGRPI0,2049,0.0
REGION1,ALNGITPI0,2049,0.0
REGION1,ATNGDEPI0,2049,0.0
REGION1,ATNGHUPI0,2049,0.0
REGION1,ATNGITPI0,2049,0.0
REGION1,ATNGSIPI0,2049,0.0
REGION1,ATNGSKPI0,2049,0.0
REGION1,BENGDEPI0,2049,0.0
REGION1,BENGFRPI0,2049,0.0
REGION1,BENGUKPI0,2049,0.0
REGION1,BENGNLPI0,2049,0.0
REGION1,BGNGGRPI0,2049,0.0
REGION1,BGNGROPI0,2049,0.0
REGION1,BYNGLTPI0,2049,0.0
REGION1,CYNGEGPI0,2049,0.0
REGION1,CYNGGRPI0,2049,0.0
REGION1,CZNGDEPI0,2049,0.0
REGION1,CZNGPLPI0,2049,0.0
REGION1,CZNGSKPI0,2049,0.0
REGION1,DENGCHPI0,2049,0.0
REGION1,DENGFRPI0,2049,0.0
REGION1,DENGNLPI0,2049,0.0
REGION1,DENGPLPI0,2049,0.0
REGION1,DKNGDEPI0,2049,0.0
REGION1,DKNGPLPI0,2049,0.0
REGION1,DKNGSEPI0,2049,0.0
REGION1,DZNGESPI0,2049,0.0
REGION1,DZNGITPI0,2049,0.0
REGION1,EENGFIPI0,2049,0.0
REGION1,EENGLVPI0,2049,0.0
REGION1,FRNGCHPI0,2049,0.0
REGION1,FRNGESPI0,2049,0.0
REGION1,GRNGITPI0,2049,0.0
REGION1,HRNGHUPI0,2049,0.0
REGION1,HRNGSIPI0,2049,0.0
REGION1,HUNGROPI0,2049,0.0
REGION1,HUNGSKPI0,2049,0.0
REGION1,IENGUKPI0,2049,0.0
REGION1,ITNGCHPI0,2049,0.0
REGION1,ITNGMTPI0,2049,0.0
REGION1,ITNGSIPI0,2049,0.0
REGION1,LTNGPLPI0,2049,0.0
REGION1,LVNGLTPI0,2049,0.0
REGION1,LYNGITPI0,2049,0.0
REGION1,MANGESPI0,2049,0.0
REGION1,MDNGROPI0,2049,0.0
REGION1,NLNGUKPI0,2049,0.0
REGION1,NONGBEPI0,2049,0.0
REGION1,NONGDEPI0,2049,0.0
REGION1,NONGDKPI0,2049,0.0
REGION1,NONGFRPI0,2049,0.0
REGION1,NONGUKPI0,2049,0.0
REGION1,NONGNLPI0,2049,0.0
REGION1,PLNGSKPI0,2049,0.0
REGION1,PTNGESPI0,2049,0.0
REGION1,RSNGBGPI0,2049,0.0
REGION1,RSNGHUPI0,2049,0.0
REGION1,RSNGROPI0,2049,0.0
REGION1,RUNGEEPI0,2049,0.0
REGION1,RUNGFIPI0,2049,0.0
REGION1,RUNGLVPI0,2049,0.0
REGION1,TRNGBGPI0,2049,0.0
REGION1,TRNGGRPI0,2049,0.0
REGION1,UANGHUPI0,2049,0.0
REGION1,UANGPLPI0,2049,0.0
REGION1,UANGROPI0,2049,0.0
REGION1,UANGSKPI0,2049,0.0
REGION1,BENGLUPI0,2049,0.0
REGION1,NGNGDZPI0,2049,0.0
REGION1,MZNGZAPI0,2049,0.0
REGION1,NGNGLYPI0,2049,0.0
REGION1,ETNGDJPI0,2049,0.0
REGION1,NGNGGQPI0,2049,0.0
REGION1,TZNGKEPI0,2049,0.0
REGION1,NGNGMAPI0,2049,0.0
REGION1,NGNGBJPI0,2049,0.0
REGION1,NGNGGHPI0,2049,0.0
REGION1,NGNGNEPI0,2049,0.0
REGION1,NGNGTGPI0,2049,0.0
REGION1,NGNGTNPI0,2049,0.0
REGION1,DZNGMAPI0,2049,0.0
REGION1,BELG00I00,2050,0.0
REGION1,HRLG00I00,2050,0.0
REGION1,CYLG00I00,2050,0.0
REGION1,FRLG00I00,2050,0.0
REGION1,FILG00I00,2050,0.0
REGION1,DELG00I00,2050,0.0
REGION1,GRLG00I00,2050,0.0
REGION1,ITLG00I00,2050,0.0
REGION1,LVLG00I00,2050,0.0
REGION1,LTLG00I00,2050,0.0
REGION1,MTLG00I00,2050,0.0
REGION1,NLLG00I00,2050,0.0
REGION1,PLLG00I00,2050,0.0
REGION1,ESLG00I00,2050,0.0
REGION1,UKLG00I00,2050,0.0
REGION1,PTLG00I00,2050,0.0
REGION1,BENUG2PN1,2050,0.0
REGION1,BGNUG2PN1,2050,0.0
REGION1,CZNUG2PN1,2050,0.0
REGION1,DENUG2PN1,2050,0.0
REGION1,ESNUG2PN1,2050,0.0
REGION1,FINUG2PN1,2050,0.0
REGION1,FRNUG2PN1,2050,0.0
REGION1,HUNUG2PN1,2050,0.0
REGION1,NLNUG2PN1,2050,0.0
REGION1,RONUG2PN1,2050,0.0
REGION1,SENUG2PN1,2050,0.0
REGION1,SINUG2PN1,2050,0.0
REGION1,SKNUG2PN1,2050,0.0
REGION1,CHNUG2PN1,2050,0.0
REGION1,UKNUG2PN1,2050,0.0
REGION1,ATHYDSPN1,2050,0.0
REGION1,BEHYDSPN1,2050,0.0
REGION1,BGHYDSPN1,2050,0.0
REGION1,CZHYDSPN1,2050,0.0
REGION1,DEHYDSPN1,2050,0.0
REGION1,GRHYDSPN1,2050,0.0
REGION1,ESHYDSPN1,2050,0.0
REGION1,FRHYDSPN1,2050,0.0
REGION1,HRHYDSPN1,2050,0.0
REGION1,IEHYDSPN1,2050,0.0
REGION1,ITHYDSPN1,2050,0.0
REGION1,LTHYDSPN1,2050,0.0
REGION1,LUHYDSPN1,2050,0.0
REGION1,PLHYDSPN1,2050,0.0
REGION1,PTHYDSPN1,2050,0.0
REGION1,ROHYDSPN1,2050,0.0
REGION1,SEHYDSPN1,2050,0.0
REGION1,SIHYDSPN1,2050,0.0
REGION1,SKHYDSPN1,2050,0.0
REGION1,CHHYDSPN1,2050,0.0
REGION1,UKHYDSPN1,2050,0.0
REGION1,ATHYDMPN1,2050,0.0
REGION1,ATHYDRPN1,2050,0.0
REGION1,BEHYDMPN1,2050,0.0
REGION1,BEHYDRPN1,2050,0.0
REGION1,BGHYDMPN1,2050,0.0
REGION1,BGHYDRPN1,2050,0.0
REGION1,CZHYDRPN1,2050,0.0
REGION1,CZHYDMPN1,2050,0.0
REGION1,DEHYDMPN1,2050,0.0
REGION1,DEHYDRPN1,2050,0.0
REGION1,DKHYDRPN1,2050,0.0
REGION1,DKHYDMPN1,2050,0.0
REGION1,EEHYDRPN1,2050,0.0
REGION1,GRHYDMPN1,2050,0.0
REGION1,GRHYDRPN1,2050,0.0
REGION1,ESHYDMPN1,2050,0.0
REGION1,ESHYDRPN1,2050,0.0
REGION1,FIHYDMPN1,2050,0.0
REGION1,FIHYDRPN1,2050,0.0
REGION1,FRHYDMPN1,2050,0.0
REGION1,FRHYDRPN1,2050,0.0
REGION1,HRHYDMPN1,2050,0.0
REGION1,HRHYDRPN1,2050,0.0
REGION1,HUHYDMPN1,2050,0.0
REGION1,HUHYDRPN1,2050,0.0
REGION1,IEHYDMPN1,2050,0.0
REGION1,IEHYDRPN1,2050,0.0
REGION1,ITHYDMPN1,2050,0.0
REGION1,ITHYDRPN1,2050,0.0
REGION1,LTHYDRPN1,2050,0.0
REGION1,LUHYDRPN1,2050,0.0
REGION1,LVHYDMPN1,2050,0.0
REGION1,LVHYDRPN1,2050,0.0
REGION1,NLHYDRPN1,2050,0.0
REGION1,PLHYDMPN1,2050,0.0
REGION1,PLHYDRPN1,2050,0.0
REGION1,PTHYDMPN1,2050,0.0
REGION1,PTHYDRPN1,2050,0.0
REGION1,ROHYDMPN1,2050,0.0
REGION1,ROHYDRPN1,2050,0.0
REGION1,SEHYDMPN1,2050,0.0
REGION1,SEHYDRPN1,2050,0.0
REGION1,SIHYDMPN1,2050,0.0
REGION1,SIHYDRPN1,2050,0.0
REGION1,SKHYDMPN1,2050,0.0
REGION1,SKHYDRPN1,2050,0.0
REGION1,NOHYDRPN1,2050,0.0
REGION1,NOHYDMPN1,2050,0.0
REGION1,CHHYDRPN1,2050,0.0
REGION1,CHHYDMPN1,2050,0.0
REGION1,UKHYDMPN1,2050,0.0
REGION1,UKHYDRPN1,2050,0.0
REGION1,EGLG00I00,2050,0.0
REGION1,GHLG00I00,2050,0.0
REGION1,MALG00I00,2050,0.0
REGION1,MZLG00I00,2050,0.0
REGION1,SNLG00I00,2050,0.0
REGION1,ZALG00I00,2050,0.0
REGION1,DZLG00E00,2050,0.0
REGION1,NGLG00E00,2050,0.0
REGION1,EGLG00E00,2050,0.0
REGION1,AOLG00E00,2050,0.0
REGION1,GQLG00E00,2050,0.0
REGION1,MZLG00E00,2050,0.0
REGION1,CGLG00E00,2050,0.0
REGION1,GALG00E00,2050,0.0
REGION1,MRLG00E00,2050,0.0
REGION1,SNLG00E00,2050,0.0
REGION1,TZLG00E00,2050,0.0
REGION1,BFHYDMSN1,2050,0.0
REGION1,BIHYDMSN1,2050,0.0
REGION1,CMHYDMSN1,2050,0.0
REGION1,CDHYDMSN1,2050,0.0
REGION1,ETHYDMSN1,2050,0.0
REGION1,KEHYDMSN1,2050,0.0
REGION1,MLHYDMSN1,2050,0.0
REGION1,NGHYDMSN1,2050,0.0
REGION1,UGHYDMSN1,2050,0.0
REGION1,ZMHYDMSN1,2050,0.0
REGION1,DZHYDMSN1,2050,0.0
REGION1,EGHYDMSN1,2050,0.0
REGION1,MAHYDMSN1,2050,0.0
REGION1,SDHYDMSN1,2050,0.0
REGION1,TNHYDMSN1,2050,0.0
REGION1,AOHYDMSN1,2050,0.0
REGION1,BJHYDMSN1,2050,0.0
REGION1,CFHYDMSN1,2050,0.0
REGION1,CGHYDMSN1,2050,0.0
REGION1,CIHYDMSN1,2050,0.0
REGION1,GQHYDMSN1,2050,0.0
REGION1,SZHYDMSN1,2050,0.0
REGION1,GAHYDMSN1,2050,0.0
REGION1,GHHYDMSN1,2050,0.0
REGION1,GNHYDMSN1,2050,0.0
REGION1,LSHYDMSN1,2050,0.0
REGION1,LRHYDMSN1,2050,0.0
REGION1,MWHYDMSN1,2050,0.0
REGION1,MZHYDMSN1,2050,0.0
REGION1,NAHYDMSN1,2050,0.0
REGION1,RWHYDMSN1,2050,0.0
REGION1,SNHYDMSN1,2050,0.0
REGION1,SLHYDMSN1,2050,0.0
REGION1,ZAHYDMSN1,2050,0.0
REGION1,TGHYDMSN1,2050,0.0
REGION1,TZHYDMSN1,2050,0.0
REGION1,ZWHYDMSN1,2050,0.0
REGION1,MAHYDSPN1,2050,0.0
REGION1,ZAHYDSPN1,2050,0.0
REGION1,KEBATTN1,2050,0.0
REGION1,ETBMCHPN1,2050,0.0
REGION1,KEBMCHPN1,2050,0.0
REGION1,ZABMCHPN1,2050,0.0
REGION1,BWCOSCPN1,2050,0.0
REGION1,ZACOSCPN1,2050,0.0
REGION1,ETGOCVPN1,2050,0.0
REGION1,KEGOCVPN1,2050,0.0
REGION1,RWNGGCPN1,2050,0.0
REGION1,DZNGCCPN1,2050,0.0
REGION1,MANGCCPN1,2050,0.0
REGION1,TNNGCCPN1,2050,0.0
REGION1,UGNGCCPN1,2050,0.0
REGION1,MZNGGCPN1,2050,0.0
REGION1,NGNGGCPN1,2050,0.0
REGION1,AOSOU1PN1,2050,0.0
REGION1,GASOU1PN1,2050,0.0
REGION1,DZSOU1PN1,2050,0.0
REGION1,MASOU1PN1,2050,0.0
REGION1,TNSOU1PN1,2050,0.0
REGION1,ETSOU1PN1,2050,0.0
REGION1,KESOU1PN1,2050,0.0
REGION1,TZSOU1PN1,2050,0.0
REGION1,BWSOU1PN1,2050,0.0
REGION1,ZASOU1PN1,2050,0.0
REGION1,MAWINDPN1,2050,0.0
REGION1,TNWINDPN1,2050,0.0
REGION1,ETWINDPN1,2050,0.0
REGION1,KEWINDPN1,2050,0.0
REGION1,ZAWINDPN1,2050,0.0
REGION1,CICOSCPN1,2050,0.0
REGION1,EGNULWPN1,2050,0.0
REGION1,SSHYDMSN1,2050,0.0
REGION1,MABATTN1,2050,0.0
REGION1,CGSOU1PN1,2050,0.0
REGION1,DJSOU1PN1,2050,0.0
REGION1,DZWINDPN1,2050,0.0
REGION1,ERSOU1PN1,2050,0.0
REGION1,ERWINDPN1,2050,0.0
REGION1,GHWINDPN1,2050,0.0
REGION1,GQSOU1PN1,2050,0.0
REGION1,GWSOU1PN1,2050,0.0
REGION1,LRSOU1PN1,2050,0.0
REGION1,RWSOU1PN1,2050,0.0
REGION1,SLSOU1PN1,2050,0.0
REGION1,SSSOU1PN1,2050,0.0
REGION1,SZNGCCPN1,2050,0.0
REGION1,SZWINDPN1,2050,0.0
REGION1,TDWINDPN1,2050,0.0
REGION1,TGWINDPN1,2050,0.0
REGION1,TZWINDPN1,2050,0.0
REGION1,ZMSOU1PN1,2050,0.0
REGION1,DZNGCCPH1,2050,0.0
REGION1,DZNGGCPH1,2050,0.0
REGION1,DZSOU1PH1,2050,0.0
REGION1,EGBMCHPH1,2050,0.0
REGION1,EGSOU1PH1,2050,0.0
REGION1,EGWINDPH1,2050,0.0
REGION1,LYNGCCPH1,2050,0.0
REGION1,LYNGGCPH1,2050,0.0
REGION1,LYLFRCPH1,2050,0.0
REGION1,LYHFGCPH1,2050,0.0
REGION1,LYSOU1PH1,2050,0.0
REGION1,MASOU1PH1,2050,0.0
REGION1,MAWINDPH1,2050,0.0
REGION1,SDSOU1PH1,2050,0.0
REGION1,TNNGCCPH1,2050,0.0
REGION1,TNNGGCPH1,2050,0.0
REGION1,TNSOU1PH1,2050,0.0
REGION1,AOSOU1PH1,2050,0.0
REGION1,BJSOU1PH1,2050,0.0
REGION1,BFLFRCPH1,2050,0.0
REGION1,BFHFGCPH1,2050,0.0
REGION1,BFHYDMSH1,2050,0.0
REGION1,BFSOU1PH1,2050,0.0
REGION1,BIHYDMSH1,2050,0.0
REGION1,CMHYDMSH1,2050,0.0
REGION1,CMSOU1PH1,2050,0.0
REGION1,CFSOU1PH1,2050,0.0
REGION1,CINGCCPH1,2050,0.0
REGION1,CINGGCPH1,2050,0.0
REGION1,CISOU1PH1,2050,0.0
REGION1,CDLFRCPH1,2050,0.0
REGION1,CDHFGCPH1,2050,0.0
REGION1,CDHYDMSH1,2050,0.0
REGION1,CDSOU1PH1,2050,0.0
REGION1,DJWINDPH1,2050,0.0
REGION1,ETBMCHPH1,2050,0.0
REGION1,ETHYDMSH1,2050,0.0
REGION1,ETWINDPH1,2050,0.0
REGION1,GHNGCCPH1,2050,0.0
REGION1,GHNGGCPH1,2050,0.0
REGION1,GHSOU1PH1,2050,0.0
REGION1,KEGOCVPH1,2050,0.0
REGION1,KEHYDMSH1,2050,0.0
REGION1,KESOU1PH1,2050,0.0
REGION1,LSSOU1PH1,2050,0.0
REGION1,MWSOU1PH1,2050,0.0
REGION1,MLHYDMSH1,2050,0.0
REGION1,MLSOU1PH1,2050,0.0
REGION1,MRSOU1PH1,2050,0.0
REGION1,MRWINDPH1,2050,0.0
REGION1,MZLFRCPH1,2050,0.0
REGION1,MZHFGCPH1,2050,0.0
REGION1,MZSOU1PH1,2050,0.0
REGION1,NASOU1PH1,2050,0.0
REGION1,NELFRCPH1,2050,0.0
REGION1,NEHFGCPH1,2050,0.0
REGION1,NESOU1PH1,2050,0.0
REGION1,NGNGCCPH1,2050,0.0
REGION1,NGNGGCPH1,2050,0.0
REGION1,NGLFRCPH1,2050,0.0
REGION1,NGHFGCPH1,2050,0.0
REGION1,NGHYDMSH1,2050,0.0
REGION1,NGSOU1PH1,2050,0.0
REGION1,RWCOSCPH1,2050,0.0
REGION1,SNNGCCPH1,2050,0.0
REGION1,SNLFRCPH1,2050,0.0
REGION1,SNHFGCPH1,2050,0.0
REGION1,SNSOU1PH1,2050,0.0
REGION1,ZANULWPH1,2050,0.0
REGION1,ZASOU1PH1,2050,0.0
REGION1,SSWINDPH1,2050,0.0
REGION1,TGSOU1PH1,2050,0.0
REGION1,UGHYDMSH1,2050,0.0
REGION1,TZSOU1PH1,2050,0.0
REGION1,ZMHYDMSH1,2050,0.0
REGION1,ZWSOU1PH1,2050,0.0
REGION1,ZWCOSCPH1,2050,0.0
REGION1,DZLFRCPH1,2050,0.0
REGION1,DZHFGCPH1,2050,0.0
REGION1,DZHYDMSH1,2050,0.0
REGION1,DZSOC1PH1,2050,0.0
REGION1,EGNGCCPH1,2050,0.0
REGION1,EGNGGCPH1,2050,0.0
REGION1,EGLFRCPH1,2050,0.0
REGION1,EGHFGCPH1,2050,0.0
REGION1,EGHYDMSH1,2050,0.0
REGION1,EGSOC1PH1,2050,0.0
REGION1,MACOSCPH1,2050,0.0
REGION1,MALFRCPH1,2050,0.0
REGION1,MAHFGCPH1,2050,0.0
REGION1,MANGCCPH1,2050,0.0
REGION1,MANGGCPH1,2050,0.0
REGION1,MABMCHPH1,2050,0.0
REGION1,MAHYDMSH1,2050,0.0
REGION1,MASOC1PH1,2050,0.0
REGION1,SDLFRCPH1,2050,0.0
REGION1,SDHFGCPH1,2050,0.0
REGION1,SDBMCHPH1,2050,0.0
REGION1,SDHYDMSH1,2050,0.0
REGION1,TNLFRCPH1,2050,0.0
REGION1,TNHFGCPH1,2050,0.0
REGION1,TNHYDMSH1,2050,0.0
REGION1,TNWINDPH1,2050,0.0
REGION1,AONGGCPH1,2050,0.0
REGION1,AOLFRCPH1,2050,0.0
REGION1,AOHFGCPH1,2050,0.0
REGION1,AOBMCHPH1,2050,0.0
REGION1,AOHYDMSH1,2050,0.0
REGION1,BJNGGCPH1,2050,0.0
REGION1,BJLFRCPH1,2050,0.0
REGION1,BJHFGCPH1,2050,0.0
REGION1,BJHYDMSH1,2050,0.0
REGION1,BWCOSCPH1,2050,0.0
REGION1,BWLFRCPH1,2050,0.0
REGION1,BWSOU1PH1,2050,0.0
REGION1,BFBMCHPH1,2050,0.0
REGION1,BILFRCPH1,2050,0.0
REGION1,BISOU1PH1,2050,0.0
REGION1,CMNGGCPH1,2050,0.0
REGION1,CMLFRCPH1,2050,0.0
REGION1,CMHFGCPH1,2050,0.0
REGION1,CFLFRCPH1,2050,0.0
REGION1,CFHYDMSH1,2050,0.0
REGION1,TDNGCCPH1,2050,0.0
REGION1,TDLFRCPH1,2050,0.0
REGION1,TDHFGCPH1,2050,0.0
REGION1,TDBMCHPH1,2050,0.0
REGION1,TDSOU1PH1,2050,0.0
REGION1,CGNGGCPH1,2050,0.0
REGION1,CGLFRCPH1,2050,0.0
REGION1,CGHFGCPH1,2050,0.0
REGION1,CGBMCHPH1,2050,0.0
REGION1,CGHYDMSH1,2050,0.0
REGION1,CILFRCPH1,2050,0.0
REGION1,CIHFGCPH1,2050,0.0
REGION1,CIHYDMSH1,2050,0.0
REGION1,DJLFRCPH1,2050,0.0
REGION1,DJHFGCPH1,2050,0.0
REGION1,GWNGCCPH1,2050,0.0
REGION1,GQNGGCPH1,2050,0.0
REGION1,GQLFRCPH1,2050,0.0
REGION1,GQHFGCPH1,2050,0.0
REGION1,GQHYDMSH1,2050,0.0
REGION1,ERLFRCPH1,2050,0.0
REGION1,ERHFGCPH1,2050,0.0
REGION1,SZLFRCPH1,2050,0.0
REGION1,SZHFGCPH1,2050,0.0
REGION1,SZBMCHPH1,2050,0.0
REGION1,SZHYDMSH1,2050,0.0
REGION1,SZSOU1PH1,2050,0.0
REGION1,ETLFRCPH1,2050,0.0
REGION1,ETGOCVPH1,2050,0.0
REGION1,GANGGCPH1,2050,0.0
REGION1,GALFRCPH1,2050,0.0
REGION1,GAHFGCPH1,2050,0.0
REGION1,GAHYDMSH1,2050,0.0
REGION1,GMLFRCPH1,2050,0.0
REGION1,GMHFGCPH1,2050,0.0
REGION1,GMWINDPH1,2050,0.0
REGION1,GMSOU1PH1,2050,0.0
REGION1,GHLFRCPH1,2050,0.0
REGION1,GHHFGCPH1,2050,0.0
REGION1,GHBMCHPH1,2050,0.0
REGION1,GHHYDMSH1,2050,0.0
REGION1,GNLFRCPH1,2050,0.0
REGION1,GNHFGCPH1,2050,0.0
REGION1,GNHYDMSH1,2050,0.0
REGION1,GNSOU1PH1,2050,0.0
REGION1,GWLFRCPH1,2050,0.0
REGION1,KELFRCPH1,2050,0.0
REGION1,KEHFGCPH1,2050,0.0
REGION1,KEBMCHPH1,2050,0.0
REGION1,KEWINDPH1,2050,0.0
REGION1,LSHYDMSH1,2050,0.0
REGION1,LRLFRCPH1,2050,0.0
REGION1,LRHFGCPH1,2050,0.0
REGION1,LRHYDMSH1,2050,0.0
REGION1,MWLFRCPH1,2050,0.0
REGION1,MWBMCHPH1,2050,0.0
REGION1,MWHYDMSH1,2050,0.0
REGION1,MLLFRCPH1,2050,0.0
REGION1,MLHFGCPH1,2050,0.0
REGION1,MLBMCHPH1,2050,0.0
REGION1,MRNGCCPH1,2050,0.0
REGION1,MRLFRCPH1,2050,0.0
REGION1,MRHFGCPH1,2050,0.0
REGION1,MZNGGCPH1,2050,0.0
REGION1,MZBMCHPH1,2050,0.0
REGION1,MZHYDMSH1,2050,0.0
REGION1,NACOSCPH1,2050,0.0
REGION1,NALFRCPH1,2050,0.0
REGION1,NAHFGCPH1,2050,0.0
REGION1,NABMCHPH1,2050,0.0
REGION1,NAHYDMSH1,2050,0.0
REGION1,NAWINDPH1,2050,0.0
REGION1,NECOSCPH1,2050,0.0
REGION1,NENGCCPH1,2050,0.0
REGION1,NGBMCHPH1,2050,0.0
REGION1,RWWINDPH1,2050,0.0
REGION1,RWNGGCPH1,2050,0.0
REGION1,RWLFRCPH1,2050,0.0
REGION1,RWHFGCPH1,2050,0.0
REGION1,RWBMCHPH1,2050,0.0
REGION1,RWHYDMSH1,2050,0.0
REGION1,SNHYDMSH1,2050,0.0
REGION1,SNCOSCPH1,2050,0.0
REGION1,SNBMCHPH1,2050,0.0
REGION1,SLWINDPH1,2050,0.0
REGION1,SLLFRCPH1,2050,0.0
REGION1,SLHFGCPH1,2050,0.0
REGION1,SLBMCHPH1,2050,0.0
REGION1,SLHYDMSH1,2050,0.0
REGION1,ZACOSCPH1,2050,0.0
REGION1,ZALFRCPH1,2050,0.0
REGION1,ZAHFGCPH1,2050,0.0
REGION1,ZABMCHPH1,2050,0.0
REGION1,ZAHYDMSH1,2050,0.0
REGION1,ZASOC1PH1,2050,0.0
REGION1,SSLFRCPH1,2050,0.0
REGION1,SSHFGCPH1,2050,0.0
REGION1,TGNGCCPH1,2050,0.0
REGION1,TGLFRCPH1,2050,0.0
REGION1,TGHFGCPH1,2050,0.0
REGION1,TGHYDMSH1,2050,0.0
REGION1,UGSOU1PH1,2050,0.0
REGION1,UGLFRCPH1,2050,0.0
REGION1,UGHFGCPH1,2050,0.0
REGION1,UGBMCHPH1,2050,0.0
REGION1,TZNGGCPH1,2050,0.0
REGION1,TZLFRCPH1,2050,0.0
REGION1,TZHFGCPH1,2050,0.0
REGION1,TZBMCHPH1,2050,0.0
REGION1,TZHYDMSH1,2050,0.0
REGION1,ZMWINDPH1,2050,0.0
REGION1,ZMCOSCPH1,2050,0.0
REGION1,ZMLFRCPH1,2050,0.0
REGION1,ZMHFGCPH1,2050,0.0
REGION1,ZMBMCHPH1,2050,0.0
REGION1,ZWLFRCPH1,2050,0.0
REGION1,SNWINDPH1,2050,0.0
REGION1,ZWHYDMSH1,2050,0.0
REGION1,ZWBMCHPH1,2050,0.0
REGION1,SOLFRCPH1,2050,0.0
REGION1,SOSOU1PH1,2050,0.0
REGION1,SOWINDPH1,2050,0.0
REGION1,MAHYDSPH1,2050,0.0
REGION1,ZAHYDSPH1,2050,0.0
REGION1,ATELCZPH1,2050,0.0
REGION1,ATELDEPH1,2050,0.0
REGION1,ATELHUPH1,2050,0.0
REGION1,ATELITPH1,2050,0.0
REGION1,ATELSIPH1,2050,0.0
REGION1,ATELCHPH1,2050,0.0
REGION1,BEELFRPH1,2050,0.0
REGION1,BEELDEPH1,2050,0.0
REGION1,BEELLUPH1,2050,0.0
REGION1,BEELNLPH1,2050,0.0
REGION1,BEELUKPH1,2050,0.0
REGION1,BGELGRPH1,2050,0.0
REGION1,BGELROPH1,2050,0.0
REGION1,CZELDEPH1,2050,0.0
REGION1,CZELPLPH1,2050,0.0
REGION1,CZELSKPH1,2050,0.0
REGION1,HRELHUPH1,2050,0.0
REGION1,HRELSIPH1,2050,0.0
REGION1,DKELNLPH1,2050,0.0
REGION1,DKELNOPH1,2050,0.0
REGION1,DKELSEPH1,2050,0.0
REGION1,DKELUKPH1,2050,0.0
REGION1,EEELFIPH1,2050,0.0
REGION1,EEELLVPH1,2050,0.0
REGION1,FIELNOPH1,2050,0.0
REGION1,FIELSEPH1,2050,0.0
REGION1,FRELITPH1,2050,0.0
REGION1,FRELLUPH1,2050,0.0
REGION1,FRELUKPH1,2050,0.0
REGION1,DEELDKPH1,2050,0.0
REGION1,DEELFRPH1,2050,0.0
REGION1,DEELLUPH1,2050,0.0
REGION1,DEELNLPH1,2050,0.0
REGION1,DEELNOPH1,2050,0.0
REGION1,DEELPLPH1,2050,0.0
REGION1,DEELSEPH1,2050,0.0
REGION1,DEELUKPH1,2050,0.0
REGION1,HUELROPH1,2050,0.0
REGION1,HUELSKPH1,2050,0.0
REGION1,HUELSIPH1,2050,0.0
REGION1,IEELUKPH1,2050,0.0
REGION1,ITELMTPH1,2050,0.0
REGION1,ITELSIPH1,2050,0.0
REGION1,LTELLVPH1,2050,0.0
REGION1,LTELPLPH1,2050,0.0
REGION1,LTELSEPH1,2050,0.0
REGION1,NLELNOPH1,2050,0.0
REGION1,NLELUKPH1,2050,0.0
REGION1,NOELSEPH1,2050,0.0
REGION1,NOELUKPH1,2050,0.0
REGION1,PLELSKPH1,2050,0.0
REGION1,PLELSEPH1,2050,0.0
REGION1,ESELFRPH1,2050,0.0
REGION1,ESELPTPH1,2050,0.0
REGION1,CHELFRPH1,2050,0.0
REGION1,CHELDEPH1,2050,0.0
REGION1,CHELITPH1,2050,0.0
REGION1,GRELITPH1,2050,0.0
REGION1,BGELMKPH1,2050,0.0
REGION1,BGELRSPH1,2050,0.0
REGION1,BGELTRPH1,2050,0.0
REGION1,HRELBAPH1,2050,0.0
REGION1,HRELRSPH1,2050,0.0
REGION1,EEELRUPH1,2050,0.0
REGION1,GRELALPH1,2050,0.0
REGION1,GRELTRPH1,2050,0.0
REGION1,HUELRSPH1,2050,0.0
REGION1,HUELUAPH1,2050,0.0
REGION1,ITELMEPH1,2050,0.0
REGION1,LVELRUPH1,2050,0.0
REGION1,LTELBYPH1,2050,0.0
REGION1,LTELRUPH1,2050,0.0
REGION1,PLELUAPH1,2050,0.0
REGION1,ROELMDPH1,2050,0.0
REGION1,ROELRSPH1,2050,0.0
REGION1,ROELUAPH1,2050,0.0
REGION1,SKELUAPH1,2050,0.0
REGION1,GRELMKPH1,2050,0.0
REGION1,ESELMAPH1,2050,0.0
REGION1,CYELILPH1,2050,0.0
REGION1,SEELLVPH1,2050,0.0
REGION1,BEELDKPH1,2050,0.0
REGION1,ITELTNPH1,2050,0.0
REGION1,GRELEGPH1,2050,0.0
REGION1,ITELDZPH1,2050,0.0
REGION1,MTELTNPH1,2050,0.0
REGION1,ROELGEPH1,2050,0.0
REGION1,ESELITPH1,2050,0.0
REGION1,DEELLVPH1,2050,0.0
REGION1,GRELDEPH1,2050,0.0
REGION1,ITELSAPH1,2050,0.0
REGION1,UKELMAPH1,2050,0.0
REGION1,DEELMAPH1,2050,0.0
REGION1,BIELRWPH1,2050,0.0
REGION1,BWELZAPH1,2050,0.0
REGION1,CDELBIPH1,2050,0.0
REGION1,CDELCGPH1,2050,0.0
REGION1,CDELRWPH1,2050,0.0
REGION1,CDELZMPH1,2050,0.0
REGION1,CIELBFPH1,2050,0.0
REGION1,EGELJOPH1,2050,0.0
REGION1,EGELSDPH1,2050,0.0
REGION1,ETELDJPH1,2050,0.0
REGION1,ETELSDPH1,2050,0.0
REGION1,GHELCIPH1,2050,0.0
REGION1,GHELTGPH1,2050,0.0
REGION1,KEELTZPH1,2050,0.0
REGION1,LSELZAPH1,2050,0.0
REGION1,LYELEGPH1,2050,0.0
REGION1,MAELDZPH1,2050,0.0
REGION1,MZELSZPH1,2050,0.0
REGION1,MZELZAPH1,2050,0.0
REGION1,MZELZWPH1,2050,0.0
REGION1,NGELBJPH1,2050,0.0
REGION1,NGELNEPH1,2050,0.0
REGION1,NAELZAPH1,2050,0.0
REGION1,RWELBIPH1,2050,0.0
REGION1,SNELMLPH1,2050,0.0
REGION1,TGELBJPH1,2050,0.0
REGION1,TNELDZPH1,2050,0.0
REGION1,TZELUGPH1,2050,0.0
REGION1,UGELKEPH1,2050,0.0
REGION1,UGELRWPH1,2050,0.0
REGION1,UGELTZPH1,2050,0.0
REGION1,ZAELSZPH1,2050,0.0
REGION1,ZAELZWPH1,2050,0.0
REGION1,ZMELZWPH1,2050,0.0
REGION1,AOELBWPH1,2050,0.0
REGION1,AOELCDPH1,2050,0.0
REGION1,AOELNAPH1,2050,0.0
REGION1,BFELMLPH1,2050,0.0
REGION1,BWELNAPH1,2050,0.0
REGION1,CDELNAPH1,2050,0.0
REGION1,CDELZAPH1,2050,0.0
REGION1,CGELGAPH1,2050,0.0
REGION1,CMELTDPH1,2050,0.0
REGION1,ETELKEPH1,2050,0.0
REGION1,GAELGQPH1,2050,0.0
REGION1,GHELBFPH1,2050,0.0
REGION1,GMELGWPH1,2050,0.0
REGION1,GQELCMPH1,2050,0.0
REGION1,GWELGNPH1,2050,0.0
REGION1,LRELGNPH1,2050,0.0
REGION1,LRELSLPH1,2050,0.0
REGION1,MLELCIPH1,2050,0.0
REGION1,MWELMZPH1,2050,0.0
REGION1,MWELZMPH1,2050,0.0
REGION1,NAELZWPH1,2050,0.0
REGION1,NEELBFPH1,2050,0.0
REGION1,NEELBJPH1,2050,0.0
REGION1,NEELTGPH1,2050,0.0
REGION1,SLELGNPH1,2050,0.0
REGION1,SNELGMPH1,2050,0.0
REGION1,SNELGNPH1,2050,0.0
REGION1,TGELGHPH1,2050,0.0
REGION1,TZELZMPH1,2050,0.0
REGION1,CIELLRPH1,2050,0.0
REGION1,GNELMLPH1,2050,0.0
REGION1,AOELZMPH1,2050,1.0
REGION1,BFELBJPH1,2050,0.0
REGION1,BFELTGPH1,2050,0.0
REGION1,BIELTZPH1,2050,0.0
REGION1,BJELGHPH1,2050,0.0
REGION1,BWELZMPH1,2050,0.0
REGION1,CDELCFPH1,2050,0.0
REGION1,CDELSDPH1,2050,0.0
REGION1,CDELTZPH1,2050,0.0
REGION1,CDELUGPH1,2050,0.0
REGION1,CFELCGPH1,2050,0.0
REGION1,CFELCMPH1,2050,0.0
REGION1,CFELSDPH1,2050,0.0
REGION1,CFELTDPH1,2050,0.0
REGION1,CGELCMPH1,2050,0.0
REGION1,CIELGNPH1,2050,0.0
REGION1,CMELGAPH1,2050,0.0
REGION1,CMELNGPH1,2050,0.0
REGION1,DJELERPH1,2050,0.0
REGION1,DJELSOPH1,2050,0.0
REGION1,DZELLYPH1,2050,0.0
REGION1,DZELMLPH1,2050,0.0
REGION1,DZELMRPH1,2050,0.0
REGION1,DZELNEPH1,2050,0.0
REGION1,ETELERPH1,2050,0.0
REGION1,ETELSOPH1,2050,0.0
REGION1,GWELSNPH1,2050,0.0
REGION1,KEELSDPH1,2050,0.0
REGION1,KEELSOPH1,2050,0.0
REGION1,LYELNEPH1,2050,0.0
REGION1,LYELSDPH1,2050,0.0
REGION1,LYELTDPH1,2050,0.0
REGION1,LYELTNPH1,2050,0.0
REGION1,MLELMRPH1,2050,0.0
REGION1,MLELNEPH1,2050,0.0
REGION1,MRELSNPH1,2050,0.0
REGION1,MWELTZPH1,2050,0.0
REGION1,MZELTZPH1,2050,0.0
REGION1,MZELZMPH1,2050,0.0
REGION1,NEELTDPH1,2050,0.0
REGION1,NGELTDPH1,2050,0.0
REGION1,RWELTZPH1,2050,0.0
REGION1,SDELERPH1,2050,0.0
REGION1,SDELTDPH1,2050,0.0
REGION1,SDELUGPH1,2050,0.0
REGION1,CYELGRPH1,2050,0.0
REGION1,ALNGGRPI0,2050,0.0
REGION1,ALNGITPI0,2050,735.84
REGION1,ATNGDEPI0,2050,1152.204552
REGION1,ATNGHUPI0,2050,201.14712
REGION1,ATNGITPI0,2050,1545.40854
REGION1,ATNGSIPI0,2050,218.781
REGION1,ATNGSKPI0,2050,2245.2318
REGION1,BENGDEPI0,2050,756.380448
REGION1,BENGFRPI0,2050,696.42
REGION1,BENGUKPI0,2050,1055.6676
REGION1,BENGNLPI0,2050,854.6564212
REGION1,BGNGGRPI0,2050,545.65164
REGION1,BGNGROPI0,2050,403.179876
REGION1,BYNGLTPI0,2050,427.5756
REGION1,CYNGEGPI0,2050,0.0
REGION1,CYNGGRPI0,2050,433.62
REGION1,CZNGDEPI0,2050,1618.75602
REGION1,CZNGPLPI0,2050,77.56542
REGION1,CZNGSKPI0,2050,1963.87812
REGION1,DENGCHPI0,2050,522.4831394
REGION1,DENGFRPI0,2050,407.34
REGION1,DENGNLPI0,2050,2357.072928
REGION1,DENGPLPI0,2050,404.62002
REGION1,DKNGDEPI0,2050,162.505008
REGION1,DKNGPLPI0,2050,422.5824
REGION1,DKNGSEPI0,2050,0.0
REGION1,DZNGESPI0,2050,442.97568
REGION1,DZNGITPI0,2050,1516.97358
REGION1,EENGFIPI0,2050,102.492
REGION1,EENGLVPI0,2050,137.97
REGION1,FRNGCHPI0,2050,340.35228
REGION1,FRNGESPI0,2050,294.8616
REGION1,GRNGITPI0,2050,420.48
REGION1,HRNGHUPI0,2050,135.2106
REGION1,HRNGSIPI0,2050,235.62648
REGION1,HUNGROPI0,2050,101.78244
REGION1,HUNGSKPI0,2050,169.46658
REGION1,IENGUKPI0,2050,536.0463
REGION1,ITNGCHPI0,2050,841.59072
REGION1,ITNGMTPI0,2050,43.0992
REGION1,ITNGSIPI0,2050,62.83548
REGION1,LTNGPLPI0,2050,96.34248
REGION1,LVNGLTPI0,2050,118.26
REGION1,LYNGITPI0,2050,648.77436
REGION1,MANGESPI0,2050,581.9049
REGION1,MDNGROPI0,2050,28.3824
REGION1,NLNGUKPI0,2050,649.6416
REGION1,NONGBEPI0,2050,641.232
REGION1,NONGDEPI0,2050,1617.433926
REGION1,NONGDKPI0,2050,422.5824
REGION1,NONGFRPI0,2050,755.55
REGION1,NONGUKPI0,2050,1969.8174
REGION1,NONGNLPI0,2050,1266.1704
REGION1,PLNGSKPI0,2050,228.55716
REGION1,PTNGESPI0,2050,189.216
REGION1,RSNGBGPI0,2050,513.921168
REGION1,RSNGHUPI0,2050,322.92864
REGION1,RSNGROPI0,2050,60.79878
REGION1,RUNGEEPI0,2050,35.2152
REGION1,RUNGFIPI0,2050,0.0
REGION1,RUNGLVPI0,2050,137.97
REGION1,TRNGBGPI0,2050,767.515284
REGION1,TRNGGRPI0,2050,768.69
REGION1,UANGHUPI0,2050,679.95558
REGION1,UANGPLPI0,2050,178.1784
REGION1,UANGROPI0,2050,265.27032
REGION1,UANGSKPI0,2050,2432.68704
REGION1,BENGLUPI0,2050,0.0
REGION1,NGNGDZPI0,2050,0.0
REGION1,MZNGZAPI0,2050,0.0
REGION1,NGNGLYPI0,2050,0.0
REGION1,ETNGDJPI0,2050,0.0
REGION1,NGNGGQPI0,2050,0.0
REGION1,TZNGKEPI0,2050,0.0
REGION1,NGNGMAPI0,2050,0.0
REGION1,NGNGBJPI0,2050,0.0
REGION1,NGNGGHPI0,2050,0.0
REGION1,NGNGNEPI0,2050,0.0
REGION1,NGNGTGPI0,2050,0.0
REGION1,NGNGTNPI0,2050,0.0
REGION1,DZNGMAPI0,2050,0.0
REGION1,BELG00I00,2051,0.0
REGION1,HRLG00I00,2051,0.0
REGION1,CYLG00I00,2051,0.0
REGION1,FRLG00I00,2051,0.0
REGION1,FILG00I00,2051,0.0
REGION1,DELG00I00,2051,0.0
REGION1,GRLG00I00,2051,0.0
REGION1,ITLG00I00,2051,0.0
REGION1,LVLG00I00,2051,0.0
REGION1,LTLG00I00,2051,0.0
REGION1,MTLG00I00,2051,0.0
REGION1,NLLG00I00,2051,0.0
REGION1,PLLG00I00,2051,0.0
REGION1,ESLG00I00,2051,0.0
REGION1,UKLG00I00,2051,0.0
REGION1,PTLG00I00,2051,0.0
REGION1,BENUG2PN1,2051,0.0
REGION1,BGNUG2PN1,2051,0.0
REGION1,CZNUG2PN1,2051,0.0
REGION1,DENUG2PN1,2051,0.0
REGION1,ESNUG2PN1,2051,0.0
REGION1,FINUG2PN1,2051,0.0
REGION1,FRNUG2PN1,2051,0.0
REGION1,HUNUG2PN1,2051,0.0
REGION1,NLNUG2PN1,2051,0.0
REGION1,RONUG2PN1,2051,0.0
REGION1,SENUG2PN1,2051,0.0
REGION1,SINUG2PN1,2051,0.0
REGION1,SKNUG2PN1,2051,0.0
REGION1,CHNUG2PN1,2051,0.0
REGION1,UKNUG2PN1,2051,0.0
REGION1,ATHYDSPN1,2051,0.0
REGION1,BEHYDSPN1,2051,0.0
REGION1,BGHYDSPN1,2051,0.0
REGION1,CZHYDSPN1,2051,0.0
REGION1,DEHYDSPN1,2051,0.0
REGION1,GRHYDSPN1,2051,0.0
REGION1,ESHYDSPN1,2051,0.0
REGION1,FRHYDSPN1,2051,0.0
REGION1,HRHYDSPN1,2051,0.0
REGION1,IEHYDSPN1,2051,0.0
REGION1,ITHYDSPN1,2051,0.0
REGION1,LTHYDSPN1,2051,0.0
REGION1,LUHYDSPN1,2051,0.0
REGION1,PLHYDSPN1,2051,0.0
REGION1,PTHYDSPN1,2051,0.0
REGION1,ROHYDSPN1,2051,0.0
REGION1,SEHYDSPN1,2051,0.0
REGION1,SIHYDSPN1,2051,0.0
REGION1,SKHYDSPN1,2051,0.0
REGION1,CHHYDSPN1,2051,0.0
REGION1,UKHYDSPN1,2051,0.0
REGION1,ATHYDMPN1,2051,0.0
REGION1,ATHYDRPN1,2051,0.0
REGION1,BEHYDMPN1,2051,0.0
REGION1,BEHYDRPN1,2051,0.0
REGION1,BGHYDMPN1,2051,0.0
REGION1,BGHYDRPN1,2051,0.0
REGION1,CZHYDRPN1,2051,0.0
REGION1,CZHYDMPN1,2051,0.0
REGION1,DEHYDMPN1,2051,0.0
REGION1,DEHYDRPN1,2051,0.0
REGION1,DKHYDRPN1,2051,0.0
REGION1,DKHYDMPN1,2051,0.0
REGION1,EEHYDRPN1,2051,0.0
REGION1,GRHYDMPN1,2051,0.0
REGION1,GRHYDRPN1,2051,0.0
REGION1,ESHYDMPN1,2051,0.0
REGION1,ESHYDRPN1,2051,0.0
REGION1,FIHYDMPN1,2051,0.0
REGION1,FIHYDRPN1,2051,0.0
REGION1,FRHYDMPN1,2051,0.0
REGION1,FRHYDRPN1,2051,0.0
REGION1,HRHYDMPN1,2051,0.0
REGION1,HRHYDRPN1,2051,0.0
REGION1,HUHYDMPN1,2051,0.0
REGION1,HUHYDRPN1,2051,0.0
REGION1,IEHYDMPN1,2051,0.0
REGION1,IEHYDRPN1,2051,0.0
REGION1,ITHYDMPN1,2051,0.0
REGION1,ITHYDRPN1,2051,0.0
REGION1,LTHYDRPN1,2051,0.0
REGION1,LUHYDRPN1,2051,0.0
REGION1,LVHYDMPN1,2051,0.0
REGION1,LVHYDRPN1,2051,0.0
REGION1,NLHYDRPN1,2051,0.0
REGION1,PLHYDMPN1,2051,0.0
REGION1,PLHYDRPN1,2051,0.0
REGION1,PTHYDMPN1,2051,0.0
REGION1,PTHYDRPN1,2051,0.0
REGION1,ROHYDMPN1,2051,0.0
REGION1,ROHYDRPN1,2051,0.0
REGION1,SEHYDMPN1,2051,0.0
REGION1,SEHYDRPN1,2051,0.0
REGION1,SIHYDMPN1,2051,0.0
REGION1,SIHYDRPN1,2051,0.0
REGION1,SKHYDMPN1,2051,0.0
REGION1,SKHYDRPN1,2051,0.0
REGION1,NOHYDRPN1,2051,0.0
REGION1,NOHYDMPN1,2051,0.0
REGION1,CHHYDRPN1,2051,0.0
REGION1,CHHYDMPN1,2051,0.0
REGION1,UKHYDMPN1,2051,0.0
REGION1,UKHYDRPN1,2051,0.0
REGION1,EGLG00I00,2051,0.0
REGION1,GHLG00I00,2051,0.0
REGION1,MALG00I00,2051,0.0
REGION1,MZLG00I00,2051,0.0
REGION1,SNLG00I00,2051,0.0
REGION1,ZALG00I00,2051,0.0
REGION1,DZLG00E00,2051,0.0
REGION1,NGLG00E00,2051,0.0
REGION1,EGLG00E00,2051,0.0
REGION1,AOLG00E00,2051,0.0
REGION1,GQLG00E00,2051,0.0
REGION1,MZLG00E00,2051,0.0
REGION1,CGLG00E00,2051,0.0
REGION1,GALG00E00,2051,0.0
REGION1,MRLG00E00,2051,0.0
REGION1,SNLG00E00,2051,0.0
REGION1,TZLG00E00,2051,0.0
REGION1,BFHYDMSN1,2051,0.0
REGION1,BIHYDMSN1,2051,0.0
REGION1,CMHYDMSN1,2051,0.0
REGION1,CDHYDMSN1,2051,0.0
REGION1,ETHYDMSN1,2051,0.0
REGION1,KEHYDMSN1,2051,0.0
REGION1,MLHYDMSN1,2051,0.0
REGION1,NGHYDMSN1,2051,0.0
REGION1,UGHYDMSN1,2051,0.0
REGION1,ZMHYDMSN1,2051,0.0
REGION1,DZHYDMSN1,2051,0.0
REGION1,EGHYDMSN1,2051,0.0
REGION1,MAHYDMSN1,2051,0.0
REGION1,SDHYDMSN1,2051,0.0
REGION1,TNHYDMSN1,2051,0.0
REGION1,AOHYDMSN1,2051,0.0
REGION1,BJHYDMSN1,2051,0.0
REGION1,CFHYDMSN1,2051,0.0
REGION1,CGHYDMSN1,2051,0.0
REGION1,CIHYDMSN1,2051,0.0
REGION1,GQHYDMSN1,2051,0.0
REGION1,SZHYDMSN1,2051,0.0
REGION1,GAHYDMSN1,2051,0.0
REGION1,GHHYDMSN1,2051,0.0
REGION1,GNHYDMSN1,2051,0.0
REGION1,LSHYDMSN1,2051,0.0
REGION1,LRHYDMSN1,2051,0.0
REGION1,MWHYDMSN1,2051,0.0
REGION1,MZHYDMSN1,2051,0.0
REGION1,NAHYDMSN1,2051,0.0
REGION1,RWHYDMSN1,2051,0.0
REGION1,SNHYDMSN1,2051,0.0
REGION1,SLHYDMSN1,2051,0.0
REGION1,ZAHYDMSN1,2051,0.0
REGION1,TGHYDMSN1,2051,0.0
REGION1,TZHYDMSN1,2051,0.0
REGION1,ZWHYDMSN1,2051,0.0
REGION1,MAHYDSPN1,2051,0.0
REGION1,ZAHYDSPN1,2051,0.0
REGION1,KEBATTN1,2051,0.0
REGION1,ETBMCHPN1,2051,0.0
REGION1,KEBMCHPN1,2051,0.0
REGION1,ZABMCHPN1,2051,0.0
REGION1,BWCOSCPN1,2051,0.0
REGION1,ZACOSCPN1,2051,0.0
REGION1,ETGOCVPN1,2051,0.0
REGION1,KEGOCVPN1,2051,0.0
REGION1,RWNGGCPN1,2051,0.0
REGION1,DZNGCCPN1,2051,0.0
REGION1,MANGCCPN1,2051,0.0
REGION1,TNNGCCPN1,2051,0.0
REGION1,UGNGCCPN1,2051,0.0
REGION1,MZNGGCPN1,2051,0.0
REGION1,NGNGGCPN1,2051,0.0
REGION1,AOSOU1PN1,2051,0.0
REGION1,GASOU1PN1,2051,0.0
REGION1,DZSOU1PN1,2051,0.0
REGION1,MASOU1PN1,2051,0.0
REGION1,TNSOU1PN1,2051,0.0
REGION1,ETSOU1PN1,2051,0.0
REGION1,KESOU1PN1,2051,0.0
REGION1,TZSOU1PN1,2051,0.0
REGION1,BWSOU1PN1,2051,0.0
REGION1,ZASOU1PN1,2051,0.0
REGION1,MAWINDPN1,2051,0.0
REGION1,TNWINDPN1,2051,0.0
REGION1,ETWINDPN1,2051,0.0
REGION1,KEWINDPN1,2051,0.0
REGION1,ZAWINDPN1,2051,0.0
REGION1,CICOSCPN1,2051,0.0
REGION1,EGNULWPN1,2051,0.0
REGION1,SSHYDMSN1,2051,0.0
REGION1,MABATTN1,2051,0.0
REGION1,CGSOU1PN1,2051,0.0
REGION1,DJSOU1PN1,2051,0.0
REGION1,DZWINDPN1,2051,0.0
REGION1,ERSOU1PN1,2051,0.0
REGION1,ERWINDPN1,2051,0.0
REGION1,GHWINDPN1,2051,0.0
REGION1,GQSOU1PN1,2051,0.0
REGION1,GWSOU1PN1,2051,0.0
REGION1,LRSOU1PN1,2051,0.0
REGION1,RWSOU1PN1,2051,0.0
REGION1,SLSOU1PN1,2051,0.0
REGION1,SSSOU1PN1,2051,0.0
REGION1,SZNGCCPN1,2051,0.0
REGION1,SZWINDPN1,2051,0.0
REGION1,TDWINDPN1,2051,0.0
REGION1,TGWINDPN1,2051,0.0
REGION1,TZWINDPN1,2051,0.0
REGION1,ZMSOU1PN1,2051,0.0
REGION1,DZNGCCPH1,2051,0.0
REGION1,DZNGGCPH1,2051,0.0
REGION1,DZSOU1PH1,2051,0.0
REGION1,EGBMCHPH1,2051,0.0
REGION1,EGSOU1PH1,2051,0.0
REGION1,EGWINDPH1,2051,0.0
REGION1,LYNGCCPH1,2051,0.0
REGION1,LYNGGCPH1,2051,0.0
REGION1,LYLFRCPH1,2051,0.0
REGION1,LYHFGCPH1,2051,0.0
REGION1,LYSOU1PH1,2051,0.0
REGION1,MASOU1PH1,2051,0.0
REGION1,MAWINDPH1,2051,0.0
REGION1,SDSOU1PH1,2051,0.0
REGION1,TNNGCCPH1,2051,0.0
REGION1,TNNGGCPH1,2051,0.0
REGION1,TNSOU1PH1,2051,0.0
REGION1,AOSOU1PH1,2051,0.0
REGION1,BJSOU1PH1,2051,0.0
REGION1,BFLFRCPH1,2051,0.0
REGION1,BFHFGCPH1,2051,0.0
REGION1,BFHYDMSH1,2051,0.0
REGION1,BFSOU1PH1,2051,0.0
REGION1,BIHYDMSH1,2051,0.0
REGION1,CMHYDMSH1,2051,0.0
REGION1,CMSOU1PH1,2051,0.0
REGION1,CFSOU1PH1,2051,0.0
REGION1,CINGCCPH1,2051,0.0
REGION1,CINGGCPH1,2051,0.0
REGION1,CISOU1PH1,2051,0.0
REGION1,CDLFRCPH1,2051,0.0
REGION1,CDHFGCPH1,2051,0.0
REGION1,CDHYDMSH1,2051,0.0
REGION1,CDSOU1PH1,2051,0.0
REGION1,DJWINDPH1,2051,0.0
REGION1,ETBMCHPH1,2051,0.0
REGION1,ETHYDMSH1,2051,0.0
REGION1,ETWINDPH1,2051,0.0
REGION1,GHNGCCPH1,2051,0.0
REGION1,GHNGGCPH1,2051,0.0
REGION1,GHSOU1PH1,2051,0.0
REGION1,KEGOCVPH1,2051,0.0
REGION1,KEHYDMSH1,2051,0.0
REGION1,KESOU1PH1,2051,0.0
REGION1,LSSOU1PH1,2051,0.0
REGION1,MWSOU1PH1,2051,0.0
REGION1,MLHYDMSH1,2051,0.0
REGION1,MLSOU1PH1,2051,0.0
REGION1,MRSOU1PH1,2051,0.0
REGION1,MRWINDPH1,2051,0.0
REGION1,MZLFRCPH1,2051,0.0
REGION1,MZHFGCPH1,2051,0.0
REGION1,MZSOU1PH1,2051,0.0
REGION1,NASOU1PH1,2051,0.0
REGION1,NELFRCPH1,2051,0.0
REGION1,NEHFGCPH1,2051,0.0
REGION1,NESOU1PH1,2051,0.0
REGION1,NGNGCCPH1,2051,0.0
REGION1,NGNGGCPH1,2051,0.0
REGION1,NGLFRCPH1,2051,0.0
REGION1,NGHFGCPH1,2051,0.0
REGION1,NGHYDMSH1,2051,0.0
REGION1,NGSOU1PH1,2051,0.0
REGION1,RWCOSCPH1,2051,0.0
REGION1,SNNGCCPH1,2051,0.0
REGION1,SNLFRCPH1,2051,0.0
REGION1,SNHFGCPH1,2051,0.0
REGION1,SNSOU1PH1,2051,0.0
REGION1,ZANULWPH1,2051,0.0
REGION1,ZASOU1PH1,2051,0.0
REGION1,SSWINDPH1,2051,0.0
REGION1,TGSOU1PH1,2051,0.0
REGION1,UGHYDMSH1,2051,0.0
REGION1,TZSOU1PH1,2051,0.0
REGION1,ZMHYDMSH1,2051,0.0
REGION1,ZWSOU1PH1,2051,0.0
REGION1,ZWCOSCPH1,2051,0.0
REGION1,DZLFRCPH1,2051,0.0
REGION1,DZHFGCPH1,2051,0.0
REGION1,DZHYDMSH1,2051,0.0
REGION1,DZSOC1PH1,2051,0.0
REGION1,EGNGCCPH1,2051,0.0
REGION1,EGNGGCPH1,2051,0.0
REGION1,EGLFRCPH1,2051,0.0
REGION1,EGHFGCPH1,2051,0.0
REGION1,EGHYDMSH1,2051,0.0
REGION1,EGSOC1PH1,2051,0.0
REGION1,MACOSCPH1,2051,0.0
REGION1,MALFRCPH1,2051,0.0
REGION1,MAHFGCPH1,2051,0.0
REGION1,MANGCCPH1,2051,0.0
REGION1,MANGGCPH1,2051,0.0
REGION1,MABMCHPH1,2051,0.0
REGION1,MAHYDMSH1,2051,0.0
REGION1,MASOC1PH1,2051,0.0
REGION1,SDLFRCPH1,2051,0.0
REGION1,SDHFGCPH1,2051,0.0
REGION1,SDBMCHPH1,2051,0.0
REGION1,SDHYDMSH1,2051,0.0
REGION1,TNLFRCPH1,2051,0.0
REGION1,TNHFGCPH1,2051,0.0
REGION1,TNHYDMSH1,2051,0.0
REGION1,TNWINDPH1,2051,0.0
REGION1,AONGGCPH1,2051,0.0
REGION1,AOLFRCPH1,2051,0.0
REGION1,AOHFGCPH1,2051,0.0
REGION1,AOBMCHPH1,2051,0.0
REGION1,AOHYDMSH1,2051,0.0
REGION1,BJNGGCPH1,2051,0.0
REGION1,BJLFRCPH1,2051,0.0
REGION1,BJHFGCPH1,2051,0.0
REGION1,BJHYDMSH1,2051,0.0
REGION1,BWCOSCPH1,2051,0.0
REGION1,BWLFRCPH1,2051,0.0
REGION1,BWSOU1PH1,2051,0.0
REGION1,BFBMCHPH1,2051,0.0
REGION1,BILFRCPH1,2051,0.0
REGION1,BISOU1PH1,2051,0.0
REGION1,CMNGGCPH1,2051,0.0
REGION1,CMLFRCPH1,2051,0.0
REGION1,CMHFGCPH1,2051,0.0
REGION1,CFLFRCPH1,2051,0.0
REGION1,CFHYDMSH1,2051,0.0
REGION1,TDNGCCPH1,2051,0.0
REGION1,TDLFRCPH1,2051,0.0
REGION1,TDHFGCPH1,2051,0.0
REGION1,TDBMCHPH1,2051,0.0
REGION1,TDSOU1PH1,2051,0.0
REGION1,CGNGGCPH1,2051,0.0
REGION1,CGLFRCPH1,2051,0.0
REGION1,CGHFGCPH1,2051,0.0
REGION1,CGBMCHPH1,2051,0.0
REGION1,CGHYDMSH1,2051,0.0
REGION1,CILFRCPH1,2051,0.0
REGION1,CIHFGCPH1,2051,0.0
REGION1,CIHYDMSH1,2051,0.0
REGION1,DJLFRCPH1,2051,0.0
REGION1,DJHFGCPH1,2051,0.0
REGION1,GWNGCCPH1,2051,0.0
REGION1,GQNGGCPH1,2051,0.0
REGION1,GQLFRCPH1,2051,0.0
REGION1,GQHFGCPH1,2051,0.0
REGION1,GQHYDMSH1,2051,0.0
REGION1,ERLFRCPH1,2051,0.0
REGION1,ERHFGCPH1,2051,0.0
REGION1,SZLFRCPH1,2051,0.0
REGION1,SZHFGCPH1,2051,0.0
REGION1,SZBMCHPH1,2051,0.0
REGION1,SZHYDMSH1,2051,0.0
REGION1,SZSOU1PH1,2051,0.0
REGION1,ETLFRCPH1,2051,0.0
REGION1,ETGOCVPH1,2051,0.0
REGION1,GANGGCPH1,2051,0.0
REGION1,GALFRCPH1,2051,0.0
REGION1,GAHFGCPH1,2051,0.0
REGION1,GAHYDMSH1,2051,0.0
REGION1,GMLFRCPH1,2051,0.0
REGION1,GMHFGCPH1,2051,0.0
REGION1,GMWINDPH1,2051,0.0
REGION1,GMSOU1PH1,2051,0.0
REGION1,GHLFRCPH1,2051,0.0
REGION1,GHHFGCPH1,2051,0.0
REGION1,GHBMCHPH1,2051,0.0
REGION1,GHHYDMSH1,2051,0.0
REGION1,GNLFRCPH1,2051,0.0
REGION1,GNHFGCPH1,2051,0.0
REGION1,GNHYDMSH1,2051,0.0
REGION1,GNSOU1PH1,2051,0.0
REGION1,GWLFRCPH1,2051,0.0
REGION1,KELFRCPH1,2051,0.0
REGION1,KEHFGCPH1,2051,0.0
REGION1,KEBMCHPH1,2051,0.0
REGION1,KEWINDPH1,2051,0.0
REGION1,LSHYDMSH1,2051,0.0
REGION1,LRLFRCPH1,2051,0.0
REGION1,LRHFGCPH1,2051,0.0
REGION1,LRHYDMSH1,2051,0.0
REGION1,MWLFRCPH1,2051,0.0
REGION1,MWBMCHPH1,2051,0.0
REGION1,MWHYDMSH1,2051,0.0
REGION1,MLLFRCPH1,2051,0.0
REGION1,MLHFGCPH1,2051,0.0
REGION1,MLBMCHPH1,2051,0.0
REGION1,MRNGCCPH1,2051,0.0
REGION1,MRLFRCPH1,2051,0.0
REGION1,MRHFGCPH1,2051,0.0
REGION1,MZNGGCPH1,2051,0.0
REGION1,MZBMCHPH1,2051,0.0
REGION1,MZHYDMSH1,2051,0.0
REGION1,NACOSCPH1,2051,0.0
REGION1,NALFRCPH1,2051,0.0
REGION1,NAHFGCPH1,2051,0.0
REGION1,NABMCHPH1,2051,0.0
REGION1,NAHYDMSH1,2051,0.0
REGION1,NAWINDPH1,2051,0.0
REGION1,NECOSCPH1,2051,0.0
REGION1,NENGCCPH1,2051,0.0
REGION1,NGBMCHPH1,2051,0.0
REGION1,RWWINDPH1,2051,0.0
REGION1,RWNGGCPH1,2051,0.0
REGION1,RWLFRCPH1,2051,0.0
REGION1,RWHFGCPH1,2051,0.0
REGION1,RWBMCHPH1,2051,0.0
REGION1,RWHYDMSH1,2051,0.0
REGION1,SNHYDMSH1,2051,0.0
REGION1,SNCOSCPH1,2051,0.0
REGION1,SNBMCHPH1,2051,0.0
REGION1,SLWINDPH1,2051,0.0
REGION1,SLLFRCPH1,2051,0.0
REGION1,SLHFGCPH1,2051,0.0
REGION1,SLBMCHPH1,2051,0.0
REGION1,SLHYDMSH1,2051,0.0
REGION1,ZACOSCPH1,2051,0.0
REGION1,ZALFRCPH1,2051,0.0
REGION1,ZAHFGCPH1,2051,0.0
REGION1,ZABMCHPH1,2051,0.0
REGION1,ZAHYDMSH1,2051,0.0
REGION1,ZASOC1PH1,2051,0.0
REGION1,SSLFRCPH1,2051,0.0
REGION1,SSHFGCPH1,2051,0.0
REGION1,TGNGCCPH1,2051,0.0
REGION1,TGLFRCPH1,2051,0.0
REGION1,TGHFGCPH1,2051,0.0
REGION1,TGHYDMSH1,2051,0.0
REGION1,UGSOU1PH1,2051,0.0
REGION1,UGLFRCPH1,2051,0.0
REGION1,UGHFGCPH1,2051,0.0
REGION1,UGBMCHPH1,2051,0.0
REGION1,TZNGGCPH1,2051,0.0
REGION1,TZLFRCPH1,2051,0.0
REGION1,TZHFGCPH1,2051,0.0
REGION1,TZBMCHPH1,2051,0.0
REGION1,TZHYDMSH1,2051,0.0
REGION1,ZMWINDPH1,2051,0.0
REGION1,ZMCOSCPH1,2051,0.0
REGION1,ZMLFRCPH1,2051,0.0
REGION1,ZMHFGCPH1,2051,0.0
REGION1,ZMBMCHPH1,2051,0.0
REGION1,ZWLFRCPH1,2051,0.0
REGION1,SNWINDPH1,2051,0.0
REGION1,ZWHYDMSH1,2051,0.0
REGION1,ZWBMCHPH1,2051,0.0
REGION1,SOLFRCPH1,2051,0.0
REGION1,SOSOU1PH1,2051,0.0
REGION1,SOWINDPH1,2051,0.0
REGION1,MAHYDSPH1,2051,0.0
REGION1,ZAHYDSPH1,2051,0.0
REGION1,ATELCZPH1,2051,0.0
REGION1,ATELDEPH1,2051,0.0
REGION1,ATELHUPH1,2051,0.0
REGION1,ATELITPH1,2051,0.0
REGION1,ATELSIPH1,2051,0.0
REGION1,ATELCHPH1,2051,0.0
REGION1,BEELFRPH1,2051,0.0
REGION1,BEELDEPH1,2051,0.0
REGION1,BEELLUPH1,2051,0.0
REGION1,BEELNLPH1,2051,0.0
REGION1,BEELUKPH1,2051,0.0
REGION1,BGELGRPH1,2051,0.0
REGION1,BGELROPH1,2051,0.0
REGION1,CZELDEPH1,2051,0.0
REGION1,CZELPLPH1,2051,0.0
REGION1,CZELSKPH1,2051,0.0
REGION1,HRELHUPH1,2051,0.0
REGION1,HRELSIPH1,2051,0.0
REGION1,DKELNLPH1,2051,0.0
REGION1,DKELNOPH1,2051,0.0
REGION1,DKELSEPH1,2051,0.0
REGION1,DKELUKPH1,2051,0.0
REGION1,EEELFIPH1,2051,0.0
REGION1,EEELLVPH1,2051,0.0
REGION1,FIELNOPH1,2051,0.0
REGION1,FIELSEPH1,2051,0.0
REGION1,FRELITPH1,2051,0.0
REGION1,FRELLUPH1,2051,0.0
REGION1,FRELUKPH1,2051,0.0
REGION1,DEELDKPH1,2051,0.0
REGION1,DEELFRPH1,2051,0.0
REGION1,DEELLUPH1,2051,0.0
REGION1,DEELNLPH1,2051,0.0
REGION1,DEELNOPH1,2051,0.0
REGION1,DEELPLPH1,2051,0.0
REGION1,DEELSEPH1,2051,0.0
REGION1,DEELUKPH1,2051,0.0
REGION1,HUELROPH1,2051,0.0
REGION1,HUELSKPH1,2051,0.0
REGION1,HUELSIPH1,2051,0.0
REGION1,IEELUKPH1,2051,0.0
REGION1,ITELMTPH1,2051,0.0
REGION1,ITELSIPH1,2051,0.0
REGION1,LTELLVPH1,2051,0.0
REGION1,LTELPLPH1,2051,0.0
REGION1,LTELSEPH1,2051,0.0
REGION1,NLELNOPH1,2051,0.0
REGION1,NLELUKPH1,2051,0.0
REGION1,NOELSEPH1,2051,0.0
REGION1,NOELUKPH1,2051,0.0
REGION1,PLELSKPH1,2051,0.0
REGION1,PLELSEPH1,2051,0.0
REGION1,ESELFRPH1,2051,0.0
REGION1,ESELPTPH1,2051,0.0
REGION1,CHELFRPH1,2051,0.0
REGION1,CHELDEPH1,2051,0.0
REGION1,CHELITPH1,2051,0.0
REGION1,GRELITPH1,2051,0.0
REGION1,BGELMKPH1,2051,0.0
REGION1,BGELRSPH1,2051,0.0
REGION1,BGELTRPH1,2051,0.0
REGION1,HRELBAPH1,2051,0.0
REGION1,HRELRSPH1,2051,0.0
REGION1,EEELRUPH1,2051,0.0
REGION1,GRELALPH1,2051,0.0
REGION1,GRELTRPH1,2051,0.0
REGION1,HUELRSPH1,2051,0.0
REGION1,HUELUAPH1,2051,0.0
REGION1,ITELMEPH1,2051,0.0
REGION1,LVELRUPH1,2051,0.0
REGION1,LTELBYPH1,2051,0.0
REGION1,LTELRUPH1,2051,0.0
REGION1,PLELUAPH1,2051,0.0
REGION1,ROELMDPH1,2051,0.0
REGION1,ROELRSPH1,2051,0.0
REGION1,ROELUAPH1,2051,0.0
REGION1,SKELUAPH1,2051,0.0
REGION1,GRELMKPH1,2051,0.0
REGION1,ESELMAPH1,2051,0.0
REGION1,CYELILPH1,2051,0.0
REGION1,SEELLVPH1,2051,0.0
REGION1,BEELDKPH1,2051,0.0
REGION1,ITELTNPH1,2051,0.0
REGION1,GRELEGPH1,2051,0.0
REGION1,ITELDZPH1,2051,0.0
REGION1,MTELTNPH1,2051,0.0
REGION1,ROELGEPH1,2051,0.0
REGION1,ESELITPH1,2051,0.0
REGION1,DEELLVPH1,2051,0.0
REGION1,GRELDEPH1,2051,0.0
REGION1,ITELSAPH1,2051,0.0
REGION1,UKELMAPH1,2051,0.0
REGION1,DEELMAPH1,2051,0.0
REGION1,BIELRWPH1,2051,0.0
REGION1,BWELZAPH1,2051,0.0
REGION1,CDELBIPH1,2051,0.0
REGION1,CDELCGPH1,2051,0.0
REGION1,CDELRWPH1,2051,0.0
REGION1,CDELZMPH1,2051,0.0
REGION1,CIELBFPH1,2051,0.0
REGION1,EGELJOPH1,2051,0.0
REGION1,EGELSDPH1,2051,0.0
REGION1,ETELDJPH1,2051,0.0
REGION1,ETELSDPH1,2051,0.0
REGION1,GHELCIPH1,2051,0.0
REGION1,GHELTGPH1,2051,0.0
REGION1,KEELTZPH1,2051,0.0
REGION1,LSELZAPH1,2051,0.0
REGION1,LYELEGPH1,2051,0.0
REGION1,MAELDZPH1,2051,0.0
REGION1,MZELSZPH1,2051,0.0
REGION1,MZELZAPH1,2051,0.0
REGION1,MZELZWPH1,2051,0.0
REGION1,NGELBJPH1,2051,0.0
REGION1,NGELNEPH1,2051,0.0
REGION1,NAELZAPH1,2051,0.0
REGION1,RWELBIPH1,2051,0.0
REGION1,SNELMLPH1,2051,0.0
REGION1,TGELBJPH1,2051,0.0
REGION1,TNELDZPH1,2051,0.0
REGION1,TZELUGPH1,2051,0.0
REGION1,UGELKEPH1,2051,0.0
REGION1,UGELRWPH1,2051,0.0
REGION1,UGELTZPH1,2051,0.0
REGION1,ZAELSZPH1,2051,0.0
REGION1,ZAELZWPH1,2051,0.0
REGION1,ZMELZWPH1,2051,0.0
REGION1,AOELBWPH1,2051,0.0
REGION1,AOELCDPH1,2051,0.0
REGION1,AOELNAPH1,2051,0.0
REGION1,BFELMLPH1,2051,0.0
REGION1,BWELNAPH1,2051,0.0
REGION1,CDELNAPH1,2051,0.0
REGION1,CDELZAPH1,2051,0.0
REGION1,CGELGAPH1,2051,0.0
REGION1,CMELTDPH1,2051,0.0
REGION1,ETELKEPH1,2051,0.0
REGION1,GAELGQPH1,2051,0.0
REGION1,GHELBFPH1,2051,0.0
REGION1,GMELGWPH1,2051,0.0
REGION1,GQELCMPH1,2051,0.0
REGION1,GWELGNPH1,2051,0.0
REGION1,LRELGNPH1,2051,0.0
REGION1,LRELSLPH1,2051,0.0
REGION1,MLELCIPH1,2051,0.0
REGION1,MWELMZPH1,2051,0.0
REGION1,MWELZMPH1,2051,0.0
REGION1,NAELZWPH1,2051,0.0
REGION1,NEELBFPH1,2051,0.0
REGION1,NEELBJPH1,2051,0.0
REGION1,NEELTGPH1,2051,0.0
REGION1,SLELGNPH1,2051,0.0
REGION1,SNELGMPH1,2051,0.0
REGION1,SNELGNPH1,2051,0.0
REGION1,TGELGHPH1,2051,0.0
REGION1,TZELZMPH1,2051,0.0
REGION1,CIELLRPH1,2051,0.0
REGION1,GNELMLPH1,2051,0.0
REGION1,AOELZMPH1,2051,0.0
REGION1,BFELBJPH1,2051,0.0
REGION1,BFELTGPH1,2051,0.0
REGION1,BIELTZPH1,2051,0.0
REGION1,BJELGHPH1,2051,0.0
REGION1,BWELZMPH1,2051,0.0
REGION1,CDELCFPH1,2051,0.0
REGION1,CDELSDPH1,2051,0.0
REGION1,CDELTZPH1,2051,0.0
REGION1,CDELUGPH1,2051,0.0
REGION1,CFELCGPH1,2051,0.0
REGION1,CFELCMPH1,2051,0.0
REGION1,CFELSDPH1,2051,0.0
REGION1,CFELTDPH1,2051,0.0
REGION1,CGELCMPH1,2051,0.0
REGION1,CIELGNPH1,2051,0.0
REGION1,CMELGAPH1,2051,0.0
REGION1,CMELNGPH1,2051,0.0
REGION1,DJELERPH1,2051,0.0
REGION1,DJELSOPH1,2051,0.0
REGION1,DZELLYPH1,2051,0.0
REGION1,DZELMLPH1,2051,0.0
REGION1,DZELMRPH1,2051,0.0
REGION1,DZELNEPH1,2051,0.0
REGION1,ETELERPH1,2051,0.0
REGION1,ETELSOPH1,2051,0.0
REGION1,GWELSNPH1,2051,0.0
REGION1,KEELSDPH1,2051,0.0
REGION1,KEELSOPH1,2051,0.0
REGION1,LYELNEPH1,2051,0.0
REGION1,LYELSDPH1,2051,0.0
REGION1,LYELTDPH1,2051,0.0
REGION1,LYELTNPH1,2051,0.0
REGION1,MLELMRPH1,2051,0.0
REGION1,MLELNEPH1,2051,0.0
REGION1,MRELSNPH1,2051,0.0
REGION1,MWELTZPH1,2051,0.0
REGION1,MZELTZPH1,2051,0.0
REGION1,MZELZMPH1,2051,0.0
REGION1,NEELTDPH1,2051,0.0
REGION1,NGELTDPH1,2051,0.0
REGION1,RWELTZPH1,2051,0.0
REGION1,SDELERPH1,2051,0.0
REGION1,SDELTDPH1,2051,0.0
REGION1,SDELUGPH1,2051,0.0
REGION1,CYELGRPH1,2051,0.0
REGION1,ALNGGRPI0,2051,0.0
REGION1,ALNGITPI0,2051,0.0
REGION1,ATNGDEPI0,2051,0.0
REGION1,ATNGHUPI0,2051,0.0
REGION1,ATNGITPI0,2051,0.0
REGION1,ATNGSIPI0,2051,0.0
REGION1,ATNGSKPI0,2051,0.0
REGION1,BENGDEPI0,2051,0.0
REGION1,BENGFRPI0,2051,0.0
REGION1,BENGUKPI0,2051,0.0
REGION1,BENGNLPI0,2051,0.0
REGION1,BGNGGRPI0,2051,0.0
REGION1,BGNGROPI0,2051,0.0
REGION1,BYNGLTPI0,2051,0.0
REGION1,CYNGEGPI0,2051,0.0
REGION1,CYNGGRPI0,2051,0.0
REGION1,CZNGDEPI0,2051,0.0
REGION1,CZNGPLPI0,2051,0.0
REGION1,CZNGSKPI0,2051,0.0
REGION1,DENGCHPI0,2051,0.0
REGION1,DENGFRPI0,2051,0.0
REGION1,DENGNLPI0,2051,0.0
REGION1,DENGPLPI0,2051,0.0
REGION1,DKNGDEPI0,2051,0.0
REGION1,DKNGPLPI0,2051,0.0
REGION1,DKNGSEPI0,2051,0.0
REGION1,DZNGESPI0,2051,0.0
REGION1,DZNGITPI0,2051,0.0
REGION1,EENGFIPI0,2051,0.0
REGION1,EENGLVPI0,2051,0.0
REGION1,FRNGCHPI0,2051,0.0
REGION1,FRNGESPI0,2051,0.0
REGION1,GRNGITPI0,2051,0.0
REGION1,HRNGHUPI0,2051,0.0
REGION1,HRNGSIPI0,2051,0.0
REGION1,HUNGROPI0,2051,0.0
REGION1,HUNGSKPI0,2051,0.0
REGION1,IENGUKPI0,2051,0.0
REGION1,ITNGCHPI0,2051,0.0
REGION1,ITNGMTPI0,2051,0.0
REGION1,ITNGSIPI0,2051,0.0
REGION1,LTNGPLPI0,2051,0.0
REGION1,LVNGLTPI0,2051,0.0
REGION1,LYNGITPI0,2051,0.0
REGION1,MANGESPI0,2051,0.0
REGION1,MDNGROPI0,2051,0.0
REGION1,NLNGUKPI0,2051,0.0
REGION1,NONGBEPI0,2051,0.0
REGION1,NONGDEPI0,2051,0.0
REGION1,NONGDKPI0,2051,0.0
REGION1,NONGFRPI0,2051,0.0
REGION1,NONGUKPI0,2051,0.0
REGION1,NONGNLPI0,2051,0.0
REGION1,PLNGSKPI0,2051,0.0
REGION1,PTNGESPI0,2051,0.0
REGION1,RSNGBGPI0,2051,0.0
REGION1,RSNGHUPI0,2051,0.0
REGION1,RSNGROPI0,2051,0.0
REGION1,RUNGEEPI0,2051,0.0
REGION1,RUNGFIPI0,2051,0.0
REGION1,RUNGLVPI0,2051,0.0
REGION1,TRNGBGPI0,2051,0.0
REGION1,TRNGGRPI0,2051,0.0
REGION1,UANGHUPI0,2051,0.0
REGION1,UANGPLPI0,2051,0.0
REGION1,UANGROPI0,2051,0.0
REGION1,UANGSKPI0,2051,0.0
REGION1,BENGLUPI0,2051,0.0
REGION1,NGNGDZPI0,2051,0.0
REGION1,MZNGZAPI0,2051,0.0
REGION1,NGNGLYPI0,2051,0.0
REGION1,ETNGDJPI0,2051,0.0
REGION1,NGNGGQPI0,2051,0.0
REGION1,TZNGKEPI0,2051,0.0
REGION1,NGNGMAPI0,2051,0.0
REGION1,NGNGBJPI0,2051,0.0
REGION1,NGNGGHPI0,2051,0.0
REGION1,NGNGNEPI0,2051,0.0
REGION1,NGNGTGPI0,2051,0.0
REGION1,NGNGTNPI0,2051,0.0
REGION1,DZNGMAPI0,2051,0.0
REGION1,BELG00I00,2052,0.0
REGION1,HRLG00I00,2052,0.0
REGION1,CYLG00I00,2052,0.0
REGION1,FRLG00I00,2052,0.0
REGION1,FILG00I00,2052,0.0
REGION1,DELG00I00,2052,0.0
REGION1,GRLG00I00,2052,0.0
REGION1,ITLG00I00,2052,0.0
REGION1,LVLG00I00,2052,0.0
REGION1,LTLG00I00,2052,0.0
REGION1,MTLG00I00,2052,0.0
REGION1,NLLG00I00,2052,0.0
REGION1,PLLG00I00,2052,0.0
REGION1,ESLG00I00,2052,0.0
REGION1,UKLG00I00,2052,0.0
REGION1,PTLG00I00,2052,0.0
REGION1,BENUG2PN1,2052,0.0
REGION1,BGNUG2PN1,2052,0.0
REGION1,CZNUG2PN1,2052,0.0
REGION1,DENUG2PN1,2052,0.0
REGION1,ESNUG2PN1,2052,0.0
REGION1,FINUG2PN1,2052,0.0
REGION1,FRNUG2PN1,2052,0.0
REGION1,HUNUG2PN1,2052,0.0
REGION1,NLNUG2PN1,2052,0.0
REGION1,RONUG2PN1,2052,0.0
REGION1,SENUG2PN1,2052,0.0
REGION1,SINUG2PN1,2052,0.0
REGION1,SKNUG2PN1,2052,0.0
REGION1,CHNUG2PN1,2052,0.0
REGION1,UKNUG2PN1,2052,0.0
REGION1,ATHYDSPN1,2052,0.0
REGION1,BEHYDSPN1,2052,0.0
REGION1,BGHYDSPN1,2052,0.0
REGION1,CZHYDSPN1,2052,0.0
REGION1,DEHYDSPN1,2052,0.0
REGION1,GRHYDSPN1,2052,0.0
REGION1,ESHYDSPN1,2052,0.0
REGION1,FRHYDSPN1,2052,0.0
REGION1,HRHYDSPN1,2052,0.0
REGION1,IEHYDSPN1,2052,0.0
REGION1,ITHYDSPN1,2052,0.0
REGION1,LTHYDSPN1,2052,0.0
REGION1,LUHYDSPN1,2052,0.0
REGION1,PLHYDSPN1,2052,0.0
REGION1,PTHYDSPN1,2052,0.0
REGION1,ROHYDSPN1,2052,0.0
REGION1,SEHYDSPN1,2052,0.0
REGION1,SIHYDSPN1,2052,0.0
REGION1,SKHYDSPN1,2052,0.0
REGION1,CHHYDSPN1,2052,0.0
REGION1,UKHYDSPN1,2052,0.0
REGION1,ATHYDMPN1,2052,0.0
REGION1,ATHYDRPN1,2052,0.0
REGION1,BEHYDMPN1,2052,0.0
REGION1,BEHYDRPN1,2052,0.0
REGION1,BGHYDMPN1,2052,0.0
REGION1,BGHYDRPN1,2052,0.0
REGION1,CZHYDRPN1,2052,0.0
REGION1,CZHYDMPN1,2052,0.0
REGION1,DEHYDMPN1,2052,0.0
REGION1,DEHYDRPN1,2052,0.0
REGION1,DKHYDRPN1,2052,0.0
REGION1,DKHYDMPN1,2052,0.0
REGION1,EEHYDRPN1,2052,0.0
REGION1,GRHYDMPN1,2052,0.0
REGION1,GRHYDRPN1,2052,0.0
REGION1,ESHYDMPN1,2052,0.0
REGION1,ESHYDRPN1,2052,0.0
REGION1,FIHYDMPN1,2052,0.0
REGION1,FIHYDRPN1,2052,0.0
REGION1,FRHYDMPN1,2052,0.0
REGION1,FRHYDRPN1,2052,0.0
REGION1,HRHYDMPN1,2052,0.0
REGION1,HRHYDRPN1,2052,0.0
REGION1,HUHYDMPN1,2052,0.0
REGION1,HUHYDRPN1,2052,0.0
REGION1,IEHYDMPN1,2052,0.0
REGION1,IEHYDRPN1,2052,0.0
REGION1,ITHYDMPN1,2052,0.0
REGION1,ITHYDRPN1,2052,0.0
REGION1,LTHYDRPN1,2052,0.0
REGION1,LUHYDRPN1,2052,0.0
REGION1,LVHYDMPN1,2052,0.0
REGION1,LVHYDRPN1,2052,0.0
REGION1,NLHYDRPN1,2052,0.0
REGION1,PLHYDMPN1,2052,0.0
REGION1,PLHYDRPN1,2052,0.0
REGION1,PTHYDMPN1,2052,0.0
REGION1,PTHYDRPN1,2052,0.0
REGION1,ROHYDMPN1,2052,0.0
REGION1,ROHYDRPN1,2052,0.0
REGION1,SEHYDMPN1,2052,0.0
REGION1,SEHYDRPN1,2052,0.0
REGION1,SIHYDMPN1,2052,0.0
REGION1,SIHYDRPN1,2052,0.0
REGION1,SKHYDMPN1,2052,0.0
REGION1,SKHYDRPN1,2052,0.0
REGION1,NOHYDRPN1,2052,0.0
REGION1,NOHYDMPN1,2052,0.0
REGION1,CHHYDRPN1,2052,0.0
REGION1,CHHYDMPN1,2052,0.0
REGION1,UKHYDMPN1,2052,0.0
REGION1,UKHYDRPN1,2052,0.0
REGION1,EGLG00I00,2052,0.0
REGION1,GHLG00I00,2052,0.0
REGION1,MALG00I00,2052,0.0
REGION1,MZLG00I00,2052,0.0
REGION1,SNLG00I00,2052,0.0
REGION1,ZALG00I00,2052,0.0
REGION1,DZLG00E00,2052,0.0
REGION1,NGLG00E00,2052,0.0
REGION1,EGLG00E00,2052,0.0
REGION1,AOLG00E00,2052,0.0
REGION1,GQLG00E00,2052,0.0
REGION1,MZLG00E00,2052,0.0
REGION1,CGLG00E00,2052,0.0
REGION1,GALG00E00,2052,0.0
REGION1,MRLG00E00,2052,0.0
REGION1,SNLG00E00,2052,0.0
REGION1,TZLG00E00,2052,0.0
REGION1,BFHYDMSN1,2052,0.0
REGION1,BIHYDMSN1,2052,0.0
REGION1,CMHYDMSN1,2052,0.0
REGION1,CDHYDMSN1,2052,0.0
REGION1,ETHYDMSN1,2052,0.0
REGION1,KEHYDMSN1,2052,0.0
REGION1,MLHYDMSN1,2052,0.0
REGION1,NGHYDMSN1,2052,0.0
REGION1,UGHYDMSN1,2052,0.0
REGION1,ZMHYDMSN1,2052,0.0
REGION1,DZHYDMSN1,2052,0.0
REGION1,EGHYDMSN1,2052,0.0
REGION1,MAHYDMSN1,2052,0.0
REGION1,SDHYDMSN1,2052,0.0
REGION1,TNHYDMSN1,2052,0.0
REGION1,AOHYDMSN1,2052,0.0
REGION1,BJHYDMSN1,2052,0.0
REGION1,CFHYDMSN1,2052,0.0
REGION1,CGHYDMSN1,2052,0.0
REGION1,CIHYDMSN1,2052,0.0
REGION1,GQHYDMSN1,2052,0.0
REGION1,SZHYDMSN1,2052,0.0
REGION1,GAHYDMSN1,2052,0.0
REGION1,GHHYDMSN1,2052,0.0
REGION1,GNHYDMSN1,2052,0.0
REGION1,LSHYDMSN1,2052,0.0
REGION1,LRHYDMSN1,2052,0.0
REGION1,MWHYDMSN1,2052,0.0
REGION1,MZHYDMSN1,2052,0.0
REGION1,NAHYDMSN1,2052,0.0
REGION1,RWHYDMSN1,2052,0.0
REGION1,SNHYDMSN1,2052,0.0
REGION1,SLHYDMSN1,2052,0.0
REGION1,ZAHYDMSN1,2052,0.0
REGION1,TGHYDMSN1,2052,0.0
REGION1,TZHYDMSN1,2052,0.0
REGION1,ZWHYDMSN1,2052,0.0
REGION1,MAHYDSPN1,2052,0.0
REGION1,ZAHYDSPN1,2052,0.0
REGION1,KEBATTN1,2052,0.0
REGION1,ETBMCHPN1,2052,0.0
REGION1,KEBMCHPN1,2052,0.0
REGION1,ZABMCHPN1,2052,0.0
REGION1,BWCOSCPN1,2052,0.0
REGION1,ZACOSCPN1,2052,0.0
REGION1,ETGOCVPN1,2052,0.0
REGION1,KEGOCVPN1,2052,0.0
REGION1,RWNGGCPN1,2052,0.0
REGION1,DZNGCCPN1,2052,0.0
REGION1,MANGCCPN1,2052,0.0
REGION1,TNNGCCPN1,2052,0.0
REGION1,UGNGCCPN1,2052,0.0
REGION1,MZNGGCPN1,2052,0.0
REGION1,NGNGGCPN1,2052,0.0
REGION1,AOSOU1PN1,2052,0.0
REGION1,GASOU1PN1,2052,0.0
REGION1,DZSOU1PN1,2052,0.0
REGION1,MASOU1PN1,2052,0.0
REGION1,TNSOU1PN1,2052,0.0
REGION1,ETSOU1PN1,2052,0.0
REGION1,KESOU1PN1,2052,0.0
REGION1,TZSOU1PN1,2052,0.0
REGION1,BWSOU1PN1,2052,0.0
REGION1,ZASOU1PN1,2052,0.0
REGION1,MAWINDPN1,2052,0.0
REGION1,TNWINDPN1,2052,0.0
REGION1,ETWINDPN1,2052,0.0
REGION1,KEWINDPN1,2052,0.0
REGION1,ZAWINDPN1,2052,0.0
REGION1,CICOSCPN1,2052,0.0
REGION1,EGNULWPN1,2052,0.0
REGION1,SSHYDMSN1,2052,0.0
REGION1,MABATTN1,2052,0.0
REGION1,CGSOU1PN1,2052,0.0
REGION1,DJSOU1PN1,2052,0.0
REGION1,DZWINDPN1,2052,0.0
REGION1,ERSOU1PN1,2052,0.0
REGION1,ERWINDPN1,2052,0.0
REGION1,GHWINDPN1,2052,0.0
REGION1,GQSOU1PN1,2052,0.0
REGION1,GWSOU1PN1,2052,0.0
REGION1,LRSOU1PN1,2052,0.0
REGION1,RWSOU1PN1,2052,0.0
REGION1,SLSOU1PN1,2052,0.0
REGION1,SSSOU1PN1,2052,0.0
REGION1,SZNGCCPN1,2052,0.0
REGION1,SZWINDPN1,2052,0.0
REGION1,TDWINDPN1,2052,0.0
REGION1,TGWINDPN1,2052,0.0
REGION1,TZWINDPN1,2052,0.0
REGION1,ZMSOU1PN1,2052,0.0
REGION1,DZNGCCPH1,2052,0.0
REGION1,DZNGGCPH1,2052,0.0
REGION1,DZSOU1PH1,2052,0.0
REGION1,EGBMCHPH1,2052,0.0
REGION1,EGSOU1PH1,2052,0.0
REGION1,EGWINDPH1,2052,0.0
REGION1,LYNGCCPH1,2052,0.0
REGION1,LYNGGCPH1,2052,0.0
REGION1,LYLFRCPH1,2052,0.0
REGION1,LYHFGCPH1,2052,0.0
REGION1,LYSOU1PH1,2052,0.0
REGION1,MASOU1PH1,2052,0.0
REGION1,MAWINDPH1,2052,0.0
REGION1,SDSOU1PH1,2052,0.0
REGION1,TNNGCCPH1,2052,0.0
REGION1,TNNGGCPH1,2052,0.0
REGION1,TNSOU1PH1,2052,0.0
REGION1,AOSOU1PH1,2052,0.0
REGION1,BJSOU1PH1,2052,0.0
REGION1,BFLFRCPH1,2052,0.0
REGION1,BFHFGCPH1,2052,0.0
REGION1,BFHYDMSH1,2052,0.0
REGION1,BFSOU1PH1,2052,0.0
REGION1,BIHYDMSH1,2052,0.0
REGION1,CMHYDMSH1,2052,0.0
REGION1,CMSOU1PH1,2052,0.0
REGION1,CFSOU1PH1,2052,0.0
REGION1,CINGCCPH1,2052,0.0
REGION1,CINGGCPH1,2052,0.0
REGION1,CISOU1PH1,2052,0.0
REGION1,CDLFRCPH1,2052,0.0
REGION1,CDHFGCPH1,2052,0.0
REGION1,CDHYDMSH1,2052,0.0
REGION1,CDSOU1PH1,2052,0.0
REGION1,DJWINDPH1,2052,0.0
REGION1,ETBMCHPH1,2052,0.0
REGION1,ETHYDMSH1,2052,0.0
REGION1,ETWINDPH1,2052,0.0
REGION1,GHNGCCPH1,2052,0.0
REGION1,GHNGGCPH1,2052,0.0
REGION1,GHSOU1PH1,2052,0.0
REGION1,KEGOCVPH1,2052,0.0
REGION1,KEHYDMSH1,2052,0.0
REGION1,KESOU1PH1,2052,0.0
REGION1,LSSOU1PH1,2052,0.0
REGION1,MWSOU1PH1,2052,0.0
REGION1,MLHYDMSH1,2052,0.0
REGION1,MLSOU1PH1,2052,0.0
REGION1,MRSOU1PH1,2052,0.0
REGION1,MRWINDPH1,2052,0.0
REGION1,MZLFRCPH1,2052,0.0
REGION1,MZHFGCPH1,2052,0.0
REGION1,MZSOU1PH1,2052,0.0
REGION1,NASOU1PH1,2052,0.0
REGION1,NELFRCPH1,2052,0.0
REGION1,NEHFGCPH1,2052,0.0
REGION1,NESOU1PH1,2052,0.0
REGION1,NGNGCCPH1,2052,0.0
REGION1,NGNGGCPH1,2052,0.0
REGION1,NGLFRCPH1,2052,0.0
REGION1,NGHFGCPH1,2052,0.0
REGION1,NGHYDMSH1,2052,0.0
REGION1,NGSOU1PH1,2052,0.0
REGION1,RWCOSCPH1,2052,0.0
REGION1,SNNGCCPH1,2052,0.0
REGION1,SNLFRCPH1,2052,0.0
REGION1,SNHFGCPH1,2052,0.0
REGION1,SNSOU1PH1,2052,0.0
REGION1,ZANULWPH1,2052,0.0
REGION1,ZASOU1PH1,2052,0.0
REGION1,SSWINDPH1,2052,0.0
REGION1,TGSOU1PH1,2052,0.0
REGION1,UGHYDMSH1,2052,0.0
REGION1,TZSOU1PH1,2052,0.0
REGION1,ZMHYDMSH1,2052,0.0
REGION1,ZWSOU1PH1,2052,0.0
REGION1,ZWCOSCPH1,2052,0.0
REGION1,DZLFRCPH1,2052,0.0
REGION1,DZHFGCPH1,2052,0.0
REGION1,DZHYDMSH1,2052,0.0
REGION1,DZSOC1PH1,2052,0.0
REGION1,EGNGCCPH1,2052,0.0
REGION1,EGNGGCPH1,2052,0.0
REGION1,EGLFRCPH1,2052,0.0
REGION1,EGHFGCPH1,2052,0.0
REGION1,EGHYDMSH1,2052,0.0
REGION1,EGSOC1PH1,2052,0.0
REGION1,MACOSCPH1,2052,0.0
REGION1,MALFRCPH1,2052,0.0
REGION1,MAHFGCPH1,2052,0.0
REGION1,MANGCCPH1,2052,0.0
REGION1,MANGGCPH1,2052,0.0
REGION1,MABMCHPH1,2052,0.0
REGION1,MAHYDMSH1,2052,0.0
REGION1,MASOC1PH1,2052,0.0
REGION1,SDLFRCPH1,2052,0.0
REGION1,SDHFGCPH1,2052,0.0
REGION1,SDBMCHPH1,2052,0.0
REGION1,SDHYDMSH1,2052,0.0
REGION1,TNLFRCPH1,2052,0.0
REGION1,TNHFGCPH1,2052,0.0
REGION1,TNHYDMSH1,2052,0.0
REGION1,TNWINDPH1,2052,0.0
REGION1,AONGGCPH1,2052,0.0
REGION1,AOLFRCPH1,2052,0.0
REGION1,AOHFGCPH1,2052,0.0
REGION1,AOBMCHPH1,2052,0.0
REGION1,AOHYDMSH1,2052,0.0
REGION1,BJNGGCPH1,2052,0.0
REGION1,BJLFRCPH1,2052,0.0
REGION1,BJHFGCPH1,2052,0.0
REGION1,BJHYDMSH1,2052,0.0
REGION1,BWCOSCPH1,2052,0.0
REGION1,BWLFRCPH1,2052,0.0
REGION1,BWSOU1PH1,2052,0.0
REGION1,BFBMCHPH1,2052,0.0
REGION1,BILFRCPH1,2052,0.0
REGION1,BISOU1PH1,2052,0.0
REGION1,CMNGGCPH1,2052,0.0
REGION1,CMLFRCPH1,2052,0.0
REGION1,CMHFGCPH1,2052,0.0
REGION1,CFLFRCPH1,2052,0.0
REGION1,CFHYDMSH1,2052,0.0
REGION1,TDNGCCPH1,2052,0.0
REGION1,TDLFRCPH1,2052,0.0
REGION1,TDHFGCPH1,2052,0.0
REGION1,TDBMCHPH1,2052,0.0
REGION1,TDSOU1PH1,2052,0.0
REGION1,CGNGGCPH1,2052,0.0
REGION1,CGLFRCPH1,2052,0.0
REGION1,CGHFGCPH1,2052,0.0
REGION1,CGBMCHPH1,2052,0.0
REGION1,CGHYDMSH1,2052,0.0
REGION1,CILFRCPH1,2052,0.0
REGION1,CIHFGCPH1,2052,0.0
REGION1,CIHYDMSH1,2052,0.0
REGION1,DJLFRCPH1,2052,0.0
REGION1,DJHFGCPH1,2052,0.0
REGION1,GWNGCCPH1,2052,0.0
REGION1,GQNGGCPH1,2052,0.0
REGION1,GQLFRCPH1,2052,0.0
REGION1,GQHFGCPH1,2052,0.0
REGION1,GQHYDMSH1,2052,0.0
REGION1,ERLFRCPH1,2052,0.0
REGION1,ERHFGCPH1,2052,0.0
REGION1,SZLFRCPH1,2052,0.0
REGION1,SZHFGCPH1,2052,0.0
REGION1,SZBMCHPH1,2052,0.0
REGION1,SZHYDMSH1,2052,0.0
REGION1,SZSOU1PH1,2052,0.0
REGION1,ETLFRCPH1,2052,0.0
REGION1,ETGOCVPH1,2052,0.0
REGION1,GANGGCPH1,2052,0.0
REGION1,GALFRCPH1,2052,0.0
REGION1,GAHFGCPH1,2052,0.0
REGION1,GAHYDMSH1,2052,0.0
REGION1,GMLFRCPH1,2052,0.0
REGION1,GMHFGCPH1,2052,0.0
REGION1,GMWINDPH1,2052,0.0
REGION1,GMSOU1PH1,2052,0.0
REGION1,GHLFRCPH1,2052,0.0
REGION1,GHHFGCPH1,2052,0.0
REGION1,GHBMCHPH1,2052,0.0
REGION1,GHHYDMSH1,2052,0.0
REGION1,GNLFRCPH1,2052,0.0
REGION1,GNHFGCPH1,2052,0.0
REGION1,GNHYDMSH1,2052,0.0
REGION1,GNSOU1PH1,2052,0.0
REGION1,GWLFRCPH1,2052,0.0
REGION1,KELFRCPH1,2052,0.0
REGION1,KEHFGCPH1,2052,0.0
REGION1,KEBMCHPH1,2052,0.0
REGION1,KEWINDPH1,2052,0.0
REGION1,LSHYDMSH1,2052,0.0
REGION1,LRLFRCPH1,2052,0.0
REGION1,LRHFGCPH1,2052,0.0
REGION1,LRHYDMSH1,2052,0.0
REGION1,MWLFRCPH1,2052,0.0
REGION1,MWBMCHPH1,2052,0.0
REGION1,MWHYDMSH1,2052,0.0
REGION1,MLLFRCPH1,2052,0.0
REGION1,MLHFGCPH1,2052,0.0
REGION1,MLBMCHPH1,2052,0.0
REGION1,MRNGCCPH1,2052,0.0
REGION1,MRLFRCPH1,2052,0.0
REGION1,MRHFGCPH1,2052,0.0
REGION1,MZNGGCPH1,2052,0.0
REGION1,MZBMCHPH1,2052,0.0
REGION1,MZHYDMSH1,2052,0.0
REGION1,NACOSCPH1,2052,0.0
REGION1,NALFRCPH1,2052,0.0
REGION1,NAHFGCPH1,2052,0.0
REGION1,NABMCHPH1,2052,0.0
REGION1,NAHYDMSH1,2052,0.0
REGION1,NAWINDPH1,2052,0.0
REGION1,NECOSCPH1,2052,0.0
REGION1,NENGCCPH1,2052,0.0
REGION1,NGBMCHPH1,2052,0.0
REGION1,RWWINDPH1,2052,0.0
REGION1,RWNGGCPH1,2052,0.0
REGION1,RWLFRCPH1,2052,0.0
REGION1,RWHFGCPH1,2052,0.0
REGION1,RWBMCHPH1,2052,0.0
REGION1,RWHYDMSH1,2052,0.0
REGION1,SNHYDMSH1,2052,0.0
REGION1,SNCOSCPH1,2052,0.0
REGION1,SNBMCHPH1,2052,0.0
REGION1,SLWINDPH1,2052,0.0
REGION1,SLLFRCPH1,2052,0.0
REGION1,SLHFGCPH1,2052,0.0
REGION1,SLBMCHPH1,2052,0.0
REGION1,SLHYDMSH1,2052,0.0
REGION1,ZACOSCPH1,2052,0.0
REGION1,ZALFRCPH1,2052,0.0
REGION1,ZAHFGCPH1,2052,0.0
REGION1,ZABMCHPH1,2052,0.0
REGION1,ZAHYDMSH1,2052,0.0
REGION1,ZASOC1PH1,2052,0.0
REGION1,SSLFRCPH1,2052,0.0
REGION1,SSHFGCPH1,2052,0.0
REGION1,TGNGCCPH1,2052,0.0
REGION1,TGLFRCPH1,2052,0.0
REGION1,TGHFGCPH1,2052,0.0
REGION1,TGHYDMSH1,2052,0.0
REGION1,UGSOU1PH1,2052,0.0
REGION1,UGLFRCPH1,2052,0.0
REGION1,UGHFGCPH1,2052,0.0
REGION1,UGBMCHPH1,2052,0.0
REGION1,TZNGGCPH1,2052,0.0
REGION1,TZLFRCPH1,2052,0.0
REGION1,TZHFGCPH1,2052,0.0
REGION1,TZBMCHPH1,2052,0.0
REGION1,TZHYDMSH1,2052,0.0
REGION1,ZMWINDPH1,2052,0.0
REGION1,ZMCOSCPH1,2052,0.0
REGION1,ZMLFRCPH1,2052,0.0
REGION1,ZMHFGCPH1,2052,0.0
REGION1,ZMBMCHPH1,2052,0.0
REGION1,ZWLFRCPH1,2052,0.0
REGION1,SNWINDPH1,2052,0.0
REGION1,ZWHYDMSH1,2052,0.0
REGION1,ZWBMCHPH1,2052,0.0
REGION1,SOLFRCPH1,2052,0.0
REGION1,SOSOU1PH1,2052,0.0
REGION1,SOWINDPH1,2052,0.0
REGION1,MAHYDSPH1,2052,0.0
REGION1,ZAHYDSPH1,2052,0.0
REGION1,ATELCZPH1,2052,0.0
REGION1,ATELDEPH1,2052,0.0
REGION1,ATELHUPH1,2052,0.0
REGION1,ATELITPH1,2052,0.0
REGION1,ATELSIPH1,2052,0.0
REGION1,ATELCHPH1,2052,0.0
REGION1,BEELFRPH1,2052,0.0
REGION1,BEELDEPH1,2052,0.0
REGION1,BEELLUPH1,2052,0.0
REGION1,BEELNLPH1,2052,0.0
REGION1,BEELUKPH1,2052,0.0
REGION1,BGELGRPH1,2052,0.0
REGION1,BGELROPH1,2052,0.0
REGION1,CZELDEPH1,2052,0.0
REGION1,CZELPLPH1,2052,0.0
REGION1,CZELSKPH1,2052,0.0
REGION1,HRELHUPH1,2052,0.0
REGION1,HRELSIPH1,2052,0.0
REGION1,DKELNLPH1,2052,0.0
REGION1,DKELNOPH1,2052,0.0
REGION1,DKELSEPH1,2052,0.0
REGION1,DKELUKPH1,2052,0.0
REGION1,EEELFIPH1,2052,0.0
REGION1,EEELLVPH1,2052,0.0
REGION1,FIELNOPH1,2052,0.0
REGION1,FIELSEPH1,2052,0.0
REGION1,FRELITPH1,2052,0.0
REGION1,FRELLUPH1,2052,0.0
REGION1,FRELUKPH1,2052,0.0
REGION1,DEELDKPH1,2052,0.0
REGION1,DEELFRPH1,2052,0.0
REGION1,DEELLUPH1,2052,0.0
REGION1,DEELNLPH1,2052,0.0
REGION1,DEELNOPH1,2052,0.0
REGION1,DEELPLPH1,2052,0.0
REGION1,DEELSEPH1,2052,0.0
REGION1,DEELUKPH1,2052,0.0
REGION1,HUELROPH1,2052,0.0
REGION1,HUELSKPH1,2052,0.0
REGION1,HUELSIPH1,2052,0.0
REGION1,IEELUKPH1,2052,0.0
REGION1,ITELMTPH1,2052,0.0
REGION1,ITELSIPH1,2052,0.0
REGION1,LTELLVPH1,2052,0.0
REGION1,LTELPLPH1,2052,0.0
REGION1,LTELSEPH1,2052,0.0
REGION1,NLELNOPH1,2052,0.0
REGION1,NLELUKPH1,2052,0.0
REGION1,NOELSEPH1,2052,0.0
REGION1,NOELUKPH1,2052,0.0
REGION1,PLELSKPH1,2052,0.0
REGION1,PLELSEPH1,2052,0.0
REGION1,ESELFRPH1,2052,0.0
REGION1,ESELPTPH1,2052,0.0
REGION1,CHELFRPH1,2052,0.0
REGION1,CHELDEPH1,2052,0.0
REGION1,CHELITPH1,2052,0.0
REGION1,GRELITPH1,2052,0.0
REGION1,BGELMKPH1,2052,0.0
REGION1,BGELRSPH1,2052,0.0
REGION1,BGELTRPH1,2052,0.0
REGION1,HRELBAPH1,2052,0.0
REGION1,HRELRSPH1,2052,0.0
REGION1,EEELRUPH1,2052,0.0
REGION1,GRELALPH1,2052,0.0
REGION1,GRELTRPH1,2052,0.0
REGION1,HUELRSPH1,2052,0.0
REGION1,HUELUAPH1,2052,0.0
REGION1,ITELMEPH1,2052,0.0
REGION1,LVELRUPH1,2052,0.0
REGION1,LTELBYPH1,2052,0.0
REGION1,LTELRUPH1,2052,0.0
REGION1,PLELUAPH1,2052,0.0
REGION1,ROELMDPH1,2052,0.0
REGION1,ROELRSPH1,2052,0.0
REGION1,ROELUAPH1,2052,0.0
REGION1,SKELUAPH1,2052,0.0
REGION1,GRELMKPH1,2052,0.0
REGION1,ESELMAPH1,2052,0.0
REGION1,CYELILPH1,2052,0.0
REGION1,SEELLVPH1,2052,0.0
REGION1,BEELDKPH1,2052,0.0
REGION1,ITELTNPH1,2052,0.0
REGION1,GRELEGPH1,2052,0.0
REGION1,ITELDZPH1,2052,0.0
REGION1,MTELTNPH1,2052,0.0
REGION1,ROELGEPH1,2052,0.0
REGION1,ESELITPH1,2052,0.0
REGION1,DEELLVPH1,2052,0.0
REGION1,GRELDEPH1,2052,0.0
REGION1,ITELSAPH1,2052,0.0
REGION1,UKELMAPH1,2052,0.0
REGION1,DEELMAPH1,2052,0.0
REGION1,BIELRWPH1,2052,0.0
REGION1,BWELZAPH1,2052,0.0
REGION1,CDELBIPH1,2052,0.0
REGION1,CDELCGPH1,2052,0.0
REGION1,CDELRWPH1,2052,0.0
REGION1,CDELZMPH1,2052,0.0
REGION1,CIELBFPH1,2052,0.0
REGION1,EGELJOPH1,2052,0.0
REGION1,EGELSDPH1,2052,0.0
REGION1,ETELDJPH1,2052,0.0
REGION1,ETELSDPH1,2052,0.0
REGION1,GHELCIPH1,2052,0.0
REGION1,GHELTGPH1,2052,0.0
REGION1,KEELTZPH1,2052,0.0
REGION1,LSELZAPH1,2052,0.0
REGION1,LYELEGPH1,2052,0.0
REGION1,MAELDZPH1,2052,0.0
REGION1,MZELSZPH1,2052,0.0
REGION1,MZELZAPH1,2052,0.0
REGION1,MZELZWPH1,2052,0.0
REGION1,NGELBJPH1,2052,0.0
REGION1,NGELNEPH1,2052,0.0
REGION1,NAELZAPH1,2052,0.0
REGION1,RWELBIPH1,2052,0.0
REGION1,SNELMLPH1,2052,0.0
REGION1,TGELBJPH1,2052,0.0
REGION1,TNELDZPH1,2052,0.0
REGION1,TZELUGPH1,2052,0.0
REGION1,UGELKEPH1,2052,0.0
REGION1,UGELRWPH1,2052,0.0
REGION1,UGELTZPH1,2052,0.0
REGION1,ZAELSZPH1,2052,0.0
REGION1,ZAELZWPH1,2052,0.0
REGION1,ZMELZWPH1,2052,0.0
REGION1,AOELBWPH1,2052,0.0
REGION1,AOELCDPH1,2052,0.0
REGION1,AOELNAPH1,2052,0.0
REGION1,BFELMLPH1,2052,0.0
REGION1,BWELNAPH1,2052,0.0
REGION1,CDELNAPH1,2052,0.0
REGION1,CDELZAPH1,2052,0.0
REGION1,CGELGAPH1,2052,0.0
REGION1,CMELTDPH1,2052,0.0
REGION1,ETELKEPH1,2052,0.0
REGION1,GAELGQPH1,2052,0.0
REGION1,GHELBFPH1,2052,0.0
REGION1,GMELGWPH1,2052,0.0
REGION1,GQELCMPH1,2052,0.0
REGION1,GWELGNPH1,2052,0.0
REGION1,LRELGNPH1,2052,0.0
REGION1,LRELSLPH1,2052,0.0
REGION1,MLELCIPH1,2052,0.0
REGION1,MWELMZPH1,2052,0.0
REGION1,MWELZMPH1,2052,0.0
REGION1,NAELZWPH1,2052,0.0
REGION1,NEELBFPH1,2052,0.0
REGION1,NEELBJPH1,2052,0.0
REGION1,NEELTGPH1,2052,0.0
REGION1,SLELGNPH1,2052,0.0
REGION1,SNELGMPH1,2052,0.0
REGION1,SNELGNPH1,2052,0.0
REGION1,TGELGHPH1,2052,0.0
REGION1,TZELZMPH1,2052,0.0
REGION1,CIELLRPH1,2052,0.0
REGION1,GNELMLPH1,2052,0.0
REGION1,AOELZMPH1,2052,0.0
REGION1,BFELBJPH1,2052,0.0
REGION1,BFELTGPH1,2052,0.0
REGION1,BIELTZPH1,2052,0.0
REGION1,BJELGHPH1,2052,0.0
REGION1,BWELZMPH1,2052,0.0
REGION1,CDELCFPH1,2052,0.0
REGION1,CDELSDPH1,2052,0.0
REGION1,CDELTZPH1,2052,0.0
REGION1,CDELUGPH1,2052,0.0
REGION1,CFELCGPH1,2052,0.0
REGION1,CFELCMPH1,2052,0.0
REGION1,CFELSDPH1,2052,0.0
REGION1,CFELTDPH1,2052,0.0
REGION1,CGELCMPH1,2052,0.0
REGION1,CIELGNPH1,2052,0.0
REGION1,CMELGAPH1,2052,0.0
REGION1,CMELNGPH1,2052,0.0
REGION1,DJELERPH1,2052,0.0
REGION1,DJELSOPH1,2052,0.0
REGION1,DZELLYPH1,2052,0.0
REGION1,DZELMLPH1,2052,0.0
REGION1,DZELMRPH1,2052,0.0
REGION1,DZELNEPH1,2052,0.0
REGION1,ETELERPH1,2052,0.0
REGION1,ETELSOPH1,2052,0.0
REGION1,GWELSNPH1,2052,0.0
REGION1,KEELSDPH1,2052,0.0
REGION1,KEELSOPH1,2052,0.0
REGION1,LYELNEPH1,2052,0.0
REGION1,LYELSDPH1,2052,0.0
REGION1,LYELTDPH1,2052,0.0
REGION1,LYELTNPH1,2052,0.0
REGION1,MLELMRPH1,2052,0.0
REGION1,MLELNEPH1,2052,0.0
REGION1,MRELSNPH1,2052,0.0
REGION1,MWELTZPH1,2052,0.0
REGION1,MZELTZPH1,2052,0.0
REGION1,MZELZMPH1,2052,0.0
REGION1,NEELTDPH1,2052,0.0
REGION1,NGELTDPH1,2052,0.0
REGION1,RWELTZPH1,2052,0.0
REGION1,SDELERPH1,2052,0.0
REGION1,SDELTDPH1,2052,0.0
REGION1,SDELUGPH1,2052,0.0
REGION1,CYELGRPH1,2052,0.0
REGION1,ALNGGRPI0,2052,0.0
REGION1,ALNGITPI0,2052,0.0
REGION1,ATNGDEPI0,2052,0.0
REGION1,ATNGHUPI0,2052,0.0
REGION1,ATNGITPI0,2052,0.0
REGION1,ATNGSIPI0,2052,0.0
REGION1,ATNGSKPI0,2052,0.0
REGION1,BENGDEPI0,2052,0.0
REGION1,BENGFRPI0,2052,0.0
REGION1,BENGUKPI0,2052,0.0
REGION1,BENGNLPI0,2052,0.0
REGION1,BGNGGRPI0,2052,0.0
REGION1,BGNGROPI0,2052,0.0
REGION1,BYNGLTPI0,2052,0.0
REGION1,CYNGEGPI0,2052,0.0
REGION1,CYNGGRPI0,2052,0.0
REGION1,CZNGDEPI0,2052,0.0
REGION1,CZNGPLPI0,2052,0.0
REGION1,CZNGSKPI0,2052,0.0
REGION1,DENGCHPI0,2052,0.0
REGION1,DENGFRPI0,2052,0.0
REGION1,DENGNLPI0,2052,0.0
REGION1,DENGPLPI0,2052,0.0
REGION1,DKNGDEPI0,2052,0.0
REGION1,DKNGPLPI0,2052,0.0
REGION1,DKNGSEPI0,2052,0.0
REGION1,DZNGESPI0,2052,0.0
REGION1,DZNGITPI0,2052,0.0
REGION1,EENGFIPI0,2052,0.0
REGION1,EENGLVPI0,2052,0.0
REGION1,FRNGCHPI0,2052,0.0
REGION1,FRNGESPI0,2052,0.0
REGION1,GRNGITPI0,2052,0.0
REGION1,HRNGHUPI0,2052,0.0
REGION1,HRNGSIPI0,2052,0.0
REGION1,HUNGROPI0,2052,0.0
REGION1,HUNGSKPI0,2052,0.0
REGION1,IENGUKPI0,2052,0.0
REGION1,ITNGCHPI0,2052,0.0
REGION1,ITNGMTPI0,2052,0.0
REGION1,ITNGSIPI0,2052,0.0
REGION1,LTNGPLPI0,2052,0.0
REGION1,LVNGLTPI0,2052,0.0
REGION1,LYNGITPI0,2052,0.0
REGION1,MANGESPI0,2052,0.0
REGION1,MDNGROPI0,2052,0.0
REGION1,NLNGUKPI0,2052,0.0
REGION1,NONGBEPI0,2052,0.0
REGION1,NONGDEPI0,2052,0.0
REGION1,NONGDKPI0,2052,0.0
REGION1,NONGFRPI0,2052,0.0
REGION1,NONGUKPI0,2052,0.0
REGION1,NONGNLPI0,2052,0.0
REGION1,PLNGSKPI0,2052,0.0
REGION1,PTNGESPI0,2052,0.0
REGION1,RSNGBGPI0,2052,0.0
REGION1,RSNGHUPI0,2052,0.0
REGION1,RSNGROPI0,2052,0.0
REGION1,RUNGEEPI0,2052,0.0
REGION1,RUNGFIPI0,2052,0.0
REGION1,RUNGLVPI0,2052,0.0
REGION1,TRNGBGPI0,2052,0.0
REGION1,TRNGGRPI0,2052,0.0
REGION1,UANGHUPI0,2052,0.0
REGION1,UANGPLPI0,2052,0.0
REGION1,UANGROPI0,2052,0.0
REGION1,UANGSKPI0,2052,0.0
REGION1,BENGLUPI0,2052,0.0
REGION1,NGNGDZPI0,2052,0.0
REGION1,MZNGZAPI0,2052,0.0
REGION1,NGNGLYPI0,2052,0.0
REGION1,ETNGDJPI0,2052,0.0
REGION1,NGNGGQPI0,2052,0.0
REGION1,TZNGKEPI0,2052,0.0
REGION1,NGNGMAPI0,2052,0.0
REGION1,NGNGBJPI0,2052,0.0
REGION1,NGNGGHPI0,2052,0.0
REGION1,NGNGNEPI0,2052,0.0
REGION1,NGNGTGPI0,2052,0.0
REGION1,NGNGTNPI0,2052,0.0
REGION1,DZNGMAPI0,2052,0.0
REGION1,BELG00I00,2053,0.0
REGION1,HRLG00I00,2053,0.0
REGION1,CYLG00I00,2053,0.0
REGION1,FRLG00I00,2053,0.0
REGION1,FILG00I00,2053,0.0
REGION1,DELG00I00,2053,0.0
REGION1,GRLG00I00,2053,0.0
REGION1,ITLG00I00,2053,0.0
REGION1,LVLG00I00,2053,0.0
REGION1,LTLG00I00,2053,0.0
REGION1,MTLG00I00,2053,0.0
REGION1,NLLG00I00,2053,0.0
REGION1,PLLG00I00,2053,0.0
REGION1,ESLG00I00,2053,0.0
REGION1,UKLG00I00,2053,0.0
REGION1,PTLG00I00,2053,0.0
REGION1,BENUG2PN1,2053,0.0
REGION1,BGNUG2PN1,2053,0.0
REGION1,CZNUG2PN1,2053,0.0
REGION1,DENUG2PN1,2053,0.0
REGION1,ESNUG2PN1,2053,0.0
REGION1,FINUG2PN1,2053,0.0
REGION1,FRNUG2PN1,2053,0.0
REGION1,HUNUG2PN1,2053,0.0
REGION1,NLNUG2PN1,2053,0.0
REGION1,RONUG2PN1,2053,0.0
REGION1,SENUG2PN1,2053,0.0
REGION1,SINUG2PN1,2053,0.0
REGION1,SKNUG2PN1,2053,0.0
REGION1,CHNUG2PN1,2053,0.0
REGION1,UKNUG2PN1,2053,0.0
REGION1,ATHYDSPN1,2053,0.0
REGION1,BEHYDSPN1,2053,0.0
REGION1,BGHYDSPN1,2053,0.0
REGION1,CZHYDSPN1,2053,0.0
REGION1,DEHYDSPN1,2053,0.0
REGION1,GRHYDSPN1,2053,0.0
REGION1,ESHYDSPN1,2053,0.0
REGION1,FRHYDSPN1,2053,0.0
REGION1,HRHYDSPN1,2053,0.0
REGION1,IEHYDSPN1,2053,0.0
REGION1,ITHYDSPN1,2053,0.0
REGION1,LTHYDSPN1,2053,0.0
REGION1,LUHYDSPN1,2053,0.0
REGION1,PLHYDSPN1,2053,0.0
REGION1,PTHYDSPN1,2053,0.0
REGION1,ROHYDSPN1,2053,0.0
REGION1,SEHYDSPN1,2053,0.0
REGION1,SIHYDSPN1,2053,0.0
REGION1,SKHYDSPN1,2053,0.0
REGION1,CHHYDSPN1,2053,0.0
REGION1,UKHYDSPN1,2053,0.0
REGION1,ATHYDMPN1,2053,0.0
REGION1,ATHYDRPN1,2053,0.0
REGION1,BEHYDMPN1,2053,0.0
REGION1,BEHYDRPN1,2053,0.0
REGION1,BGHYDMPN1,2053,0.0
REGION1,BGHYDRPN1,2053,0.0
REGION1,CZHYDRPN1,2053,0.0
REGION1,CZHYDMPN1,2053,0.0
REGION1,DEHYDMPN1,2053,0.0
REGION1,DEHYDRPN1,2053,0.0
REGION1,DKHYDRPN1,2053,0.0
REGION1,DKHYDMPN1,2053,0.0
REGION1,EEHYDRPN1,2053,0.0
REGION1,GRHYDMPN1,2053,0.0
REGION1,GRHYDRPN1,2053,0.0
REGION1,ESHYDMPN1,2053,0.0
REGION1,ESHYDRPN1,2053,0.0
REGION1,FIHYDMPN1,2053,0.0
REGION1,FIHYDRPN1,2053,0.0
REGION1,FRHYDMPN1,2053,0.0
REGION1,FRHYDRPN1,2053,0.0
REGION1,HRHYDMPN1,2053,0.0
REGION1,HRHYDRPN1,2053,0.0
REGION1,HUHYDMPN1,2053,0.0
REGION1,HUHYDRPN1,2053,0.0
REGION1,IEHYDMPN1,2053,0.0
REGION1,IEHYDRPN1,2053,0.0
REGION1,ITHYDMPN1,2053,0.0
REGION1,ITHYDRPN1,2053,0.0
REGION1,LTHYDRPN1,2053,0.0
REGION1,LUHYDRPN1,2053,0.0
REGION1,LVHYDMPN1,2053,0.0
REGION1,LVHYDRPN1,2053,0.0
REGION1,NLHYDRPN1,2053,0.0
REGION1,PLHYDMPN1,2053,0.0
REGION1,PLHYDRPN1,2053,0.0
REGION1,PTHYDMPN1,2053,0.0
REGION1,PTHYDRPN1,2053,0.0
REGION1,ROHYDMPN1,2053,0.0
REGION1,ROHYDRPN1,2053,0.0
REGION1,SEHYDMPN1,2053,0.0
REGION1,SEHYDRPN1,2053,0.0
REGION1,SIHYDMPN1,2053,0.0
REGION1,SIHYDRPN1,2053,0.0
REGION1,SKHYDMPN1,2053,0.0
REGION1,SKHYDRPN1,2053,0.0
REGION1,NOHYDRPN1,2053,0.0
REGION1,NOHYDMPN1,2053,0.0
REGION1,CHHYDRPN1,2053,0.0
REGION1,CHHYDMPN1,2053,0.0
REGION1,UKHYDMPN1,2053,0.0
REGION1,UKHYDRPN1,2053,0.0
REGION1,EGLG00I00,2053,0.0
REGION1,GHLG00I00,2053,0.0
REGION1,MALG00I00,2053,0.0
REGION1,MZLG00I00,2053,0.0
REGION1,SNLG00I00,2053,0.0
REGION1,ZALG00I00,2053,0.0
REGION1,DZLG00E00,2053,0.0
REGION1,NGLG00E00,2053,0.0
REGION1,EGLG00E00,2053,0.0
REGION1,AOLG00E00,2053,0.0
REGION1,GQLG00E00,2053,0.0
REGION1,MZLG00E00,2053,0.0
REGION1,CGLG00E00,2053,0.0
REGION1,GALG00E00,2053,0.0
REGION1,MRLG00E00,2053,0.0
REGION1,SNLG00E00,2053,0.0
REGION1,TZLG00E00,2053,0.0
REGION1,BFHYDMSN1,2053,0.0
REGION1,BIHYDMSN1,2053,0.0
REGION1,CMHYDMSN1,2053,0.0
REGION1,CDHYDMSN1,2053,0.0
REGION1,ETHYDMSN1,2053,0.0
REGION1,KEHYDMSN1,2053,0.0
REGION1,MLHYDMSN1,2053,0.0
REGION1,NGHYDMSN1,2053,0.0
REGION1,UGHYDMSN1,2053,0.0
REGION1,ZMHYDMSN1,2053,0.0
REGION1,DZHYDMSN1,2053,0.0
REGION1,EGHYDMSN1,2053,0.0
REGION1,MAHYDMSN1,2053,0.0
REGION1,SDHYDMSN1,2053,0.0
REGION1,TNHYDMSN1,2053,0.0
REGION1,AOHYDMSN1,2053,0.0
REGION1,BJHYDMSN1,2053,0.0
REGION1,CFHYDMSN1,2053,0.0
REGION1,CGHYDMSN1,2053,0.0
REGION1,CIHYDMSN1,2053,0.0
REGION1,GQHYDMSN1,2053,0.0
REGION1,SZHYDMSN1,2053,0.0
REGION1,GAHYDMSN1,2053,0.0
REGION1,GHHYDMSN1,2053,0.0
REGION1,GNHYDMSN1,2053,0.0
REGION1,LSHYDMSN1,2053,0.0
REGION1,LRHYDMSN1,2053,0.0
REGION1,MWHYDMSN1,2053,0.0
REGION1,MZHYDMSN1,2053,0.0
REGION1,NAHYDMSN1,2053,0.0
REGION1,RWHYDMSN1,2053,0.0
REGION1,SNHYDMSN1,2053,0.0
REGION1,SLHYDMSN1,2053,0.0
REGION1,ZAHYDMSN1,2053,0.0
REGION1,TGHYDMSN1,2053,0.0
REGION1,TZHYDMSN1,2053,0.0
REGION1,ZWHYDMSN1,2053,0.0
REGION1,MAHYDSPN1,2053,0.0
REGION1,ZAHYDSPN1,2053,0.0
REGION1,KEBATTN1,2053,0.0
REGION1,ETBMCHPN1,2053,0.0
REGION1,KEBMCHPN1,2053,0.0
REGION1,ZABMCHPN1,2053,0.0
REGION1,BWCOSCPN1,2053,0.0
REGION1,ZACOSCPN1,2053,0.0
REGION1,ETGOCVPN1,2053,0.0
REGION1,KEGOCVPN1,2053,0.0
REGION1,RWNGGCPN1,2053,0.0
REGION1,DZNGCCPN1,2053,0.0
REGION1,MANGCCPN1,2053,0.0
REGION1,TNNGCCPN1,2053,0.0
REGION1,UGNGCCPN1,2053,0.0
REGION1,MZNGGCPN1,2053,0.0
REGION1,NGNGGCPN1,2053,0.0
REGION1,AOSOU1PN1,2053,0.0
REGION1,GASOU1PN1,2053,0.0
REGION1,DZSOU1PN1,2053,0.0
REGION1,MASOU1PN1,2053,0.0
REGION1,TNSOU1PN1,2053,0.0
REGION1,ETSOU1PN1,2053,0.0
REGION1,KESOU1PN1,2053,0.0
REGION1,TZSOU1PN1,2053,0.0
REGION1,BWSOU1PN1,2053,0.0
REGION1,ZASOU1PN1,2053,0.0
REGION1,MAWINDPN1,2053,0.0
REGION1,TNWINDPN1,2053,0.0
REGION1,ETWINDPN1,2053,0.0
REGION1,KEWINDPN1,2053,0.0
REGION1,ZAWINDPN1,2053,0.0
REGION1,CICOSCPN1,2053,0.0
REGION1,EGNULWPN1,2053,0.0
REGION1,SSHYDMSN1,2053,0.0
REGION1,MABATTN1,2053,0.0
REGION1,CGSOU1PN1,2053,0.0
REGION1,DJSOU1PN1,2053,0.0
REGION1,DZWINDPN1,2053,0.0
REGION1,ERSOU1PN1,2053,0.0
REGION1,ERWINDPN1,2053,0.0
REGION1,GHWINDPN1,2053,0.0
REGION1,GQSOU1PN1,2053,0.0
REGION1,GWSOU1PN1,2053,0.0
REGION1,LRSOU1PN1,2053,0.0
REGION1,RWSOU1PN1,2053,0.0
REGION1,SLSOU1PN1,2053,0.0
REGION1,SSSOU1PN1,2053,0.0
REGION1,SZNGCCPN1,2053,0.0
REGION1,SZWINDPN1,2053,0.0
REGION1,TDWINDPN1,2053,0.0
REGION1,TGWINDPN1,2053,0.0
REGION1,TZWINDPN1,2053,0.0
REGION1,ZMSOU1PN1,2053,0.0
REGION1,DZNGCCPH1,2053,0.0
REGION1,DZNGGCPH1,2053,0.0
REGION1,DZSOU1PH1,2053,0.0
REGION1,EGBMCHPH1,2053,0.0
REGION1,EGSOU1PH1,2053,0.0
REGION1,EGWINDPH1,2053,0.0
REGION1,LYNGCCPH1,2053,0.0
REGION1,LYNGGCPH1,2053,0.0
REGION1,LYLFRCPH1,2053,0.0
REGION1,LYHFGCPH1,2053,0.0
REGION1,LYSOU1PH1,2053,0.0
REGION1,MASOU1PH1,2053,0.0
REGION1,MAWINDPH1,2053,0.0
REGION1,SDSOU1PH1,2053,0.0
REGION1,TNNGCCPH1,2053,0.0
REGION1,TNNGGCPH1,2053,0.0
REGION1,TNSOU1PH1,2053,0.0
REGION1,AOSOU1PH1,2053,0.0
REGION1,BJSOU1PH1,2053,0.0
REGION1,BFLFRCPH1,2053,0.0
REGION1,BFHFGCPH1,2053,0.0
REGION1,BFHYDMSH1,2053,0.0
REGION1,BFSOU1PH1,2053,0.0
REGION1,BIHYDMSH1,2053,0.0
REGION1,CMHYDMSH1,2053,0.0
REGION1,CMSOU1PH1,2053,0.0
REGION1,CFSOU1PH1,2053,0.0
REGION1,CINGCCPH1,2053,0.0
REGION1,CINGGCPH1,2053,0.0
REGION1,CISOU1PH1,2053,0.0
REGION1,CDLFRCPH1,2053,0.0
REGION1,CDHFGCPH1,2053,0.0
REGION1,CDHYDMSH1,2053,0.0
REGION1,CDSOU1PH1,2053,0.0
REGION1,DJWINDPH1,2053,0.0
REGION1,ETBMCHPH1,2053,0.0
REGION1,ETHYDMSH1,2053,0.0
REGION1,ETWINDPH1,2053,0.0
REGION1,GHNGCCPH1,2053,0.0
REGION1,GHNGGCPH1,2053,0.0
REGION1,GHSOU1PH1,2053,0.0
REGION1,KEGOCVPH1,2053,0.0
REGION1,KEHYDMSH1,2053,0.0
REGION1,KESOU1PH1,2053,0.0
REGION1,LSSOU1PH1,2053,0.0
REGION1,MWSOU1PH1,2053,0.0
REGION1,MLHYDMSH1,2053,0.0
REGION1,MLSOU1PH1,2053,0.0
REGION1,MRSOU1PH1,2053,0.0
REGION1,MRWINDPH1,2053,0.0
REGION1,MZLFRCPH1,2053,0.0
REGION1,MZHFGCPH1,2053,0.0
REGION1,MZSOU1PH1,2053,0.0
REGION1,NASOU1PH1,2053,0.0
REGION1,NELFRCPH1,2053,0.0
REGION1,NEHFGCPH1,2053,0.0
REGION1,NESOU1PH1,2053,0.0
REGION1,NGNGCCPH1,2053,0.0
REGION1,NGNGGCPH1,2053,0.0
REGION1,NGLFRCPH1,2053,0.0
REGION1,NGHFGCPH1,2053,0.0
REGION1,NGHYDMSH1,2053,0.0
REGION1,NGSOU1PH1,2053,0.0
REGION1,RWCOSCPH1,2053,0.0
REGION1,SNNGCCPH1,2053,0.0
REGION1,SNLFRCPH1,2053,0.0
REGION1,SNHFGCPH1,2053,0.0
REGION1,SNSOU1PH1,2053,0.0
REGION1,ZANULWPH1,2053,0.0
REGION1,ZASOU1PH1,2053,0.0
REGION1,SSWINDPH1,2053,0.0
REGION1,TGSOU1PH1,2053,0.0
REGION1,UGHYDMSH1,2053,0.0
REGION1,TZSOU1PH1,2053,0.0
REGION1,ZMHYDMSH1,2053,0.0
REGION1,ZWSOU1PH1,2053,0.0
REGION1,ZWCOSCPH1,2053,0.0
REGION1,DZLFRCPH1,2053,0.0
REGION1,DZHFGCPH1,2053,0.0
REGION1,DZHYDMSH1,2053,0.0
REGION1,DZSOC1PH1,2053,0.0
REGION1,EGNGCCPH1,2053,0.0
REGION1,EGNGGCPH1,2053,0.0
REGION1,EGLFRCPH1,2053,0.0
REGION1,EGHFGCPH1,2053,0.0
REGION1,EGHYDMSH1,2053,0.0
REGION1,EGSOC1PH1,2053,0.0
REGION1,MACOSCPH1,2053,0.0
REGION1,MALFRCPH1,2053,0.0
REGION1,MAHFGCPH1,2053,0.0
REGION1,MANGCCPH1,2053,0.0
REGION1,MANGGCPH1,2053,0.0
REGION1,MABMCHPH1,2053,0.0
REGION1,MAHYDMSH1,2053,0.0
REGION1,MASOC1PH1,2053,0.0
REGION1,SDLFRCPH1,2053,0.0
REGION1,SDHFGCPH1,2053,0.0
REGION1,SDBMCHPH1,2053,0.0
REGION1,SDHYDMSH1,2053,0.0
REGION1,TNLFRCPH1,2053,0.0
REGION1,TNHFGCPH1,2053,0.0
REGION1,TNHYDMSH1,2053,0.0
REGION1,TNWINDPH1,2053,0.0
REGION1,AONGGCPH1,2053,0.0
REGION1,AOLFRCPH1,2053,0.0
REGION1,AOHFGCPH1,2053,0.0
REGION1,AOBMCHPH1,2053,0.0
REGION1,AOHYDMSH1,2053,0.0
REGION1,BJNGGCPH1,2053,0.0
REGION1,BJLFRCPH1,2053,0.0
REGION1,BJHFGCPH1,2053,0.0
REGION1,BJHYDMSH1,2053,0.0
REGION1,BWCOSCPH1,2053,0.0
REGION1,BWLFRCPH1,2053,0.0
REGION1,BWSOU1PH1,2053,0.0
REGION1,BFBMCHPH1,2053,0.0
REGION1,BILFRCPH1,2053,0.0
REGION1,BISOU1PH1,2053,0.0
REGION1,CMNGGCPH1,2053,0.0
REGION1,CMLFRCPH1,2053,0.0
REGION1,CMHFGCPH1,2053,0.0
REGION1,CFLFRCPH1,2053,0.0
REGION1,CFHYDMSH1,2053,0.0
REGION1,TDNGCCPH1,2053,0.0
REGION1,TDLFRCPH1,2053,0.0
REGION1,TDHFGCPH1,2053,0.0
REGION1,TDBMCHPH1,2053,0.0
REGION1,TDSOU1PH1,2053,0.0
REGION1,CGNGGCPH1,2053,0.0
REGION1,CGLFRCPH1,2053,0.0
REGION1,CGHFGCPH1,2053,0.0
REGION1,CGBMCHPH1,2053,0.0
REGION1,CGHYDMSH1,2053,0.0
REGION1,CILFRCPH1,2053,0.0
REGION1,CIHFGCPH1,2053,0.0
REGION1,CIHYDMSH1,2053,0.0
REGION1,DJLFRCPH1,2053,0.0
REGION1,DJHFGCPH1,2053,0.0
REGION1,GWNGCCPH1,2053,0.0
REGION1,GQNGGCPH1,2053,0.0
REGION1,GQLFRCPH1,2053,0.0
REGION1,GQHFGCPH1,2053,0.0
REGION1,GQHYDMSH1,2053,0.0
REGION1,ERLFRCPH1,2053,0.0
REGION1,ERHFGCPH1,2053,0.0
REGION1,SZLFRCPH1,2053,0.0
REGION1,SZHFGCPH1,2053,0.0
REGION1,SZBMCHPH1,2053,0.0
REGION1,SZHYDMSH1,2053,0.0
REGION1,SZSOU1PH1,2053,0.0
REGION1,ETLFRCPH1,2053,0.0
REGION1,ETGOCVPH1,2053,0.0
REGION1,GANGGCPH1,2053,0.0
REGION1,GALFRCPH1,2053,0.0
REGION1,GAHFGCPH1,2053,0.0
REGION1,GAHYDMSH1,2053,0.0
REGION1,GMLFRCPH1,2053,0.0
REGION1,GMHFGCPH1,2053,0.0
REGION1,GMWINDPH1,2053,0.0
REGION1,GMSOU1PH1,2053,0.0
REGION1,GHLFRCPH1,2053,0.0
REGION1,GHHFGCPH1,2053,0.0
REGION1,GHBMCHPH1,2053,0.0
REGION1,GHHYDMSH1,2053,0.0
REGION1,GNLFRCPH1,2053,0.0
REGION1,GNHFGCPH1,2053,0.0
REGION1,GNHYDMSH1,2053,0.0
REGION1,GNSOU1PH1,2053,0.0
REGION1,GWLFRCPH1,2053,0.0
REGION1,KELFRCPH1,2053,0.0
REGION1,KEHFGCPH1,2053,0.0
REGION1,KEBMCHPH1,2053,0.0
REGION1,KEWINDPH1,2053,0.0
REGION1,LSHYDMSH1,2053,0.0
REGION1,LRLFRCPH1,2053,0.0
REGION1,LRHFGCPH1,2053,0.0
REGION1,LRHYDMSH1,2053,0.0
REGION1,MWLFRCPH1,2053,0.0
REGION1,MWBMCHPH1,2053,0.0
REGION1,MWHYDMSH1,2053,0.0
REGION1,MLLFRCPH1,2053,0.0
REGION1,MLHFGCPH1,2053,0.0
REGION1,MLBMCHPH1,2053,0.0
REGION1,MRNGCCPH1,2053,0.0
REGION1,MRLFRCPH1,2053,0.0
REGION1,MRHFGCPH1,2053,0.0
REGION1,MZNGGCPH1,2053,0.0
REGION1,MZBMCHPH1,2053,0.0
REGION1,MZHYDMSH1,2053,0.0
REGION1,NACOSCPH1,2053,0.0
REGION1,NALFRCPH1,2053,0.0
REGION1,NAHFGCPH1,2053,0.0
REGION1,NABMCHPH1,2053,0.0
REGION1,NAHYDMSH1,2053,0.0
REGION1,NAWINDPH1,2053,0.0
REGION1,NECOSCPH1,2053,0.0
REGION1,NENGCCPH1,2053,0.0
REGION1,NGBMCHPH1,2053,0.0
REGION1,RWWINDPH1,2053,0.0
REGION1,RWNGGCPH1,2053,0.0
REGION1,RWLFRCPH1,2053,0.0
REGION1,RWHFGCPH1,2053,0.0
REGION1,RWBMCHPH1,2053,0.0
REGION1,RWHYDMSH1,2053,0.0
REGION1,SNHYDMSH1,2053,0.0
REGION1,SNCOSCPH1,2053,0.0
REGION1,SNBMCHPH1,2053,0.0
REGION1,SLWINDPH1,2053,0.0
REGION1,SLLFRCPH1,2053,0.0
REGION1,SLHFGCPH1,2053,0.0
REGION1,SLBMCHPH1,2053,0.0
REGION1,SLHYDMSH1,2053,0.0
REGION1,ZACOSCPH1,2053,0.0
REGION1,ZALFRCPH1,2053,0.0
REGION1,ZAHFGCPH1,2053,0.0
REGION1,ZABMCHPH1,2053,0.0
REGION1,ZAHYDMSH1,2053,0.0
REGION1,ZASOC1PH1,2053,0.0
REGION1,SSLFRCPH1,2053,0.0
REGION1,SSHFGCPH1,2053,0.0
REGION1,TGNGCCPH1,2053,0.0
REGION1,TGLFRCPH1,2053,0.0
REGION1,TGHFGCPH1,2053,0.0
REGION1,TGHYDMSH1,2053,0.0
REGION1,UGSOU1PH1,2053,0.0
REGION1,UGLFRCPH1,2053,0.0
REGION1,UGHFGCPH1,2053,0.0
REGION1,UGBMCHPH1,2053,0.0
REGION1,TZNGGCPH1,2053,0.0
REGION1,TZLFRCPH1,2053,0.0
REGION1,TZHFGCPH1,2053,0.0
REGION1,TZBMCHPH1,2053,0.0
REGION1,TZHYDMSH1,2053,0.0
REGION1,ZMWINDPH1,2053,0.0
REGION1,ZMCOSCPH1,2053,0.0
REGION1,ZMLFRCPH1,2053,0.0
REGION1,ZMHFGCPH1,2053,0.0
REGION1,ZMBMCHPH1,2053,0.0
REGION1,ZWLFRCPH1,2053,0.0
REGION1,SNWINDPH1,2053,0.0
REGION1,ZWHYDMSH1,2053,0.0
REGION1,ZWBMCHPH1,2053,0.0
REGION1,SOLFRCPH1,2053,0.0
REGION1,SOSOU1PH1,2053,0.0
REGION1,SOWINDPH1,2053,0.0
REGION1,MAHYDSPH1,2053,0.0
REGION1,ZAHYDSPH1,2053,0.0
REGION1,ATELCZPH1,2053,0.0
REGION1,ATELDEPH1,2053,0.0
REGION1,ATELHUPH1,2053,0.0
REGION1,ATELITPH1,2053,0.0
REGION1,ATELSIPH1,2053,0.0
REGION1,ATELCHPH1,2053,0.0
REGION1,BEELFRPH1,2053,0.0
REGION1,BEELDEPH1,2053,0.0
REGION1,BEELLUPH1,2053,0.0
REGION1,BEELNLPH1,2053,0.0
REGION1,BEELUKPH1,2053,0.0
REGION1,BGELGRPH1,2053,0.0
REGION1,BGELROPH1,2053,0.0
REGION1,CZELDEPH1,2053,0.0
REGION1,CZELPLPH1,2053,0.0
REGION1,CZELSKPH1,2053,0.0
REGION1,HRELHUPH1,2053,0.0
REGION1,HRELSIPH1,2053,0.0
REGION1,DKELNLPH1,2053,0.0
REGION1,DKELNOPH1,2053,0.0
REGION1,DKELSEPH1,2053,0.0
REGION1,DKELUKPH1,2053,0.0
REGION1,EEELFIPH1,2053,0.0
REGION1,EEELLVPH1,2053,0.0
REGION1,FIELNOPH1,2053,0.0
REGION1,FIELSEPH1,2053,0.0
REGION1,FRELITPH1,2053,0.0
REGION1,FRELLUPH1,2053,0.0
REGION1,FRELUKPH1,2053,0.0
REGION1,DEELDKPH1,2053,0.0
REGION1,DEELFRPH1,2053,0.0
REGION1,DEELLUPH1,2053,0.0
REGION1,DEELNLPH1,2053,0.0
REGION1,DEELNOPH1,2053,0.0
REGION1,DEELPLPH1,2053,0.0
REGION1,DEELSEPH1,2053,0.0
REGION1,DEELUKPH1,2053,0.0
REGION1,HUELROPH1,2053,0.0
REGION1,HUELSKPH1,2053,0.0
REGION1,HUELSIPH1,2053,0.0
REGION1,IEELUKPH1,2053,0.0
REGION1,ITELMTPH1,2053,0.0
REGION1,ITELSIPH1,2053,0.0
REGION1,LTELLVPH1,2053,0.0
REGION1,LTELPLPH1,2053,0.0
REGION1,LTELSEPH1,2053,0.0
REGION1,NLELNOPH1,2053,0.0
REGION1,NLELUKPH1,2053,0.0
REGION1,NOELSEPH1,2053,0.0
REGION1,NOELUKPH1,2053,0.0
REGION1,PLELSKPH1,2053,0.0
REGION1,PLELSEPH1,2053,0.0
REGION1,ESELFRPH1,2053,0.0
REGION1,ESELPTPH1,2053,0.0
REGION1,CHELFRPH1,2053,0.0
REGION1,CHELDEPH1,2053,0.0
REGION1,CHELITPH1,2053,0.0
REGION1,GRELITPH1,2053,0.0
REGION1,BGELMKPH1,2053,0.0
REGION1,BGELRSPH1,2053,0.0
REGION1,BGELTRPH1,2053,0.0
REGION1,HRELBAPH1,2053,0.0
REGION1,HRELRSPH1,2053,0.0
REGION1,EEELRUPH1,2053,0.0
REGION1,GRELALPH1,2053,0.0
REGION1,GRELTRPH1,2053,0.0
REGION1,HUELRSPH1,2053,0.0
REGION1,HUELUAPH1,2053,0.0
REGION1,ITELMEPH1,2053,0.0
REGION1,LVELRUPH1,2053,0.0
REGION1,LTELBYPH1,2053,0.0
REGION1,LTELRUPH1,2053,0.0
REGION1,PLELUAPH1,2053,0.0
REGION1,ROELMDPH1,2053,0.0
REGION1,ROELRSPH1,2053,0.0
REGION1,ROELUAPH1,2053,0.0
REGION1,SKELUAPH1,2053,0.0
REGION1,GRELMKPH1,2053,0.0
REGION1,ESELMAPH1,2053,0.0
REGION1,CYELILPH1,2053,0.0
REGION1,SEELLVPH1,2053,0.0
REGION1,BEELDKPH1,2053,0.0
REGION1,ITELTNPH1,2053,0.0
REGION1,GRELEGPH1,2053,0.0
REGION1,ITELDZPH1,2053,0.0
REGION1,MTELTNPH1,2053,0.0
REGION1,ROELGEPH1,2053,0.0
REGION1,ESELITPH1,2053,0.0
REGION1,DEELLVPH1,2053,0.0
REGION1,GRELDEPH1,2053,0.0
REGION1,ITELSAPH1,2053,0.0
REGION1,UKELMAPH1,2053,0.0
REGION1,DEELMAPH1,2053,0.0
REGION1,BIELRWPH1,2053,0.0
REGION1,BWELZAPH1,2053,0.0
REGION1,CDELBIPH1,2053,0.0
REGION1,CDELCGPH1,2053,0.0
REGION1,CDELRWPH1,2053,0.0
REGION1,CDELZMPH1,2053,0.0
REGION1,CIELBFPH1,2053,0.0
REGION1,EGELJOPH1,2053,0.0
REGION1,EGELSDPH1,2053,0.0
REGION1,ETELDJPH1,2053,0.0
REGION1,ETELSDPH1,2053,0.0
REGION1,GHELCIPH1,2053,0.0
REGION1,GHELTGPH1,2053,0.0
REGION1,KEELTZPH1,2053,0.0
REGION1,LSELZAPH1,2053,0.0
REGION1,LYELEGPH1,2053,0.0
REGION1,MAELDZPH1,2053,0.0
REGION1,MZELSZPH1,2053,0.0
REGION1,MZELZAPH1,2053,0.0
REGION1,MZELZWPH1,2053,0.0
REGION1,NGELBJPH1,2053,0.0
REGION1,NGELNEPH1,2053,0.0
REGION1,NAELZAPH1,2053,0.0
REGION1,RWELBIPH1,2053,0.0
REGION1,SNELMLPH1,2053,0.0
REGION1,TGELBJPH1,2053,0.0
REGION1,TNELDZPH1,2053,0.0
REGION1,TZELUGPH1,2053,0.0
REGION1,UGELKEPH1,2053,0.0
REGION1,UGELRWPH1,2053,0.0
REGION1,UGELTZPH1,2053,0.0
REGION1,ZAELSZPH1,2053,0.0
REGION1,ZAELZWPH1,2053,0.0
REGION1,ZMELZWPH1,2053,0.0
REGION1,AOELBWPH1,2053,0.0
REGION1,AOELCDPH1,2053,0.0
REGION1,AOELNAPH1,2053,0.0
REGION1,BFELMLPH1,2053,0.0
REGION1,BWELNAPH1,2053,0.0
REGION1,CDELNAPH1,2053,0.0
REGION1,CDELZAPH1,2053,0.0
REGION1,CGELGAPH1,2053,0.0
REGION1,CMELTDPH1,2053,0.0
REGION1,ETELKEPH1,2053,0.0
REGION1,GAELGQPH1,2053,0.0
REGION1,GHELBFPH1,2053,0.0
REGION1,GMELGWPH1,2053,0.0
REGION1,GQELCMPH1,2053,0.0
REGION1,GWELGNPH1,2053,0.0
REGION1,LRELGNPH1,2053,0.0
REGION1,LRELSLPH1,2053,0.0
REGION1,MLELCIPH1,2053,0.0
REGION1,MWELMZPH1,2053,0.0
REGION1,MWELZMPH1,2053,0.0
REGION1,NAELZWPH1,2053,0.0
REGION1,NEELBFPH1,2053,0.0
REGION1,NEELBJPH1,2053,0.0
REGION1,NEELTGPH1,2053,0.0
REGION1,SLELGNPH1,2053,0.0
REGION1,SNELGMPH1,2053,0.0
REGION1,SNELGNPH1,2053,0.0
REGION1,TGELGHPH1,2053,0.0
REGION1,TZELZMPH1,2053,0.0
REGION1,CIELLRPH1,2053,0.0
REGION1,GNELMLPH1,2053,0.0
REGION1,AOELZMPH1,2053,0.0
REGION1,BFELBJPH1,2053,0.0
REGION1,BFELTGPH1,2053,0.0
REGION1,BIELTZPH1,2053,0.0
REGION1,BJELGHPH1,2053,0.0
REGION1,BWELZMPH1,2053,0.0
REGION1,CDELCFPH1,2053,0.0
REGION1,CDELSDPH1,2053,0.0
REGION1,CDELTZPH1,2053,0.0
REGION1,CDELUGPH1,2053,0.0
REGION1,CFELCGPH1,2053,0.0
REGION1,CFELCMPH1,2053,0.0
REGION1,CFELSDPH1,2053,0.0
REGION1,CFELTDPH1,2053,0.0
REGION1,CGELCMPH1,2053,0.0
REGION1,CIELGNPH1,2053,0.0
REGION1,CMELGAPH1,2053,0.0
REGION1,CMELNGPH1,2053,0.0
REGION1,DJELERPH1,2053,0.0
REGION1,DJELSOPH1,2053,0.0
REGION1,DZELLYPH1,2053,0.0
REGION1,DZELMLPH1,2053,0.0
REGION1,DZELMRPH1,2053,0.0
REGION1,DZELNEPH1,2053,0.0
REGION1,ETELERPH1,2053,0.0
REGION1,ETELSOPH1,2053,0.0
REGION1,GWELSNPH1,2053,0.0
REGION1,KEELSDPH1,2053,0.0
REGION1,KEELSOPH1,2053,0.0
REGION1,LYELNEPH1,2053,0.0
REGION1,LYELSDPH1,2053,0.0
REGION1,LYELTDPH1,2053,0.0
REGION1,LYELTNPH1,2053,0.0
REGION1,MLELMRPH1,2053,0.0
REGION1,MLELNEPH1,2053,0.0
REGION1,MRELSNPH1,2053,0.0
REGION1,MWELTZPH1,2053,0.0
REGION1,MZELTZPH1,2053,0.0
REGION1,MZELZMPH1,2053,0.0
REGION1,NEELTDPH1,2053,0.0
REGION1,NGELTDPH1,2053,0.0
REGION1,RWELTZPH1,2053,0.0
REGION1,SDELERPH1,2053,0.0
REGION1,SDELTDPH1,2053,0.0
REGION1,SDELUGPH1,2053,0.0
REGION1,CYELGRPH1,2053,0.0
REGION1,ALNGGRPI0,2053,0.0
REGION1,ALNGITPI0,2053,0.0
REGION1,ATNGDEPI0,2053,0.0
REGION1,ATNGHUPI0,2053,0.0
REGION1,ATNGITPI0,2053,0.0
REGION1,ATNGSIPI0,2053,0.0
REGION1,ATNGSKPI0,2053,0.0
REGION1,BENGDEPI0,2053,0.0
REGION1,BENGFRPI0,2053,0.0
REGION1,BENGUKPI0,2053,0.0
REGION1,BENGNLPI0,2053,0.0
REGION1,BGNGGRPI0,2053,0.0
REGION1,BGNGROPI0,2053,0.0
REGION1,BYNGLTPI0,2053,0.0
REGION1,CYNGEGPI0,2053,0.0
REGION1,CYNGGRPI0,2053,0.0
REGION1,CZNGDEPI0,2053,0.0
REGION1,CZNGPLPI0,2053,0.0
REGION1,CZNGSKPI0,2053,0.0
REGION1,DENGCHPI0,2053,0.0
REGION1,DENGFRPI0,2053,0.0
REGION1,DENGNLPI0,2053,0.0
REGION1,DENGPLPI0,2053,0.0
REGION1,DKNGDEPI0,2053,0.0
REGION1,DKNGPLPI0,2053,0.0
REGION1,DKNGSEPI0,2053,0.0
REGION1,DZNGESPI0,2053,0.0
REGION1,DZNGITPI0,2053,0.0
REGION1,EENGFIPI0,2053,0.0
REGION1,EENGLVPI0,2053,0.0
REGION1,FRNGCHPI0,2053,0.0
REGION1,FRNGESPI0,2053,0.0
REGION1,GRNGITPI0,2053,0.0
REGION1,HRNGHUPI0,2053,0.0
REGION1,HRNGSIPI0,2053,0.0
REGION1,HUNGROPI0,2053,0.0
REGION1,HUNGSKPI0,2053,0.0
REGION1,IENGUKPI0,2053,0.0
REGION1,ITNGCHPI0,2053,0.0
REGION1,ITNGMTPI0,2053,0.0
REGION1,ITNGSIPI0,2053,0.0
REGION1,LTNGPLPI0,2053,0.0
REGION1,LVNGLTPI0,2053,0.0
REGION1,LYNGITPI0,2053,0.0
REGION1,MANGESPI0,2053,0.0
REGION1,MDNGROPI0,2053,0.0
REGION1,NLNGUKPI0,2053,0.0
REGION1,NONGBEPI0,2053,0.0
REGION1,NONGDEPI0,2053,0.0
REGION1,NONGDKPI0,2053,0.0
REGION1,NONGFRPI0,2053,0.0
REGION1,NONGUKPI0,2053,0.0
REGION1,NONGNLPI0,2053,0.0
REGION1,PLNGSKPI0,2053,0.0
REGION1,PTNGESPI0,2053,0.0
REGION1,RSNGBGPI0,2053,0.0
REGION1,RSNGHUPI0,2053,0.0
REGION1,RSNGROPI0,2053,0.0
REGION1,RUNGEEPI0,2053,0.0
REGION1,RUNGFIPI0,2053,0.0
REGION1,RUNGLVPI0,2053,0.0
REGION1,TRNGBGPI0,2053,0.0
REGION1,TRNGGRPI0,2053,0.0
REGION1,UANGHUPI0,2053,0.0
REGION1,UANGPLPI0,2053,0.0
REGION1,UANGROPI0,2053,0.0
REGION1,UANGSKPI0,2053,0.0
REGION1,BENGLUPI0,2053,0.0
REGION1,NGNGDZPI0,2053,0.0
REGION1,MZNGZAPI0,2053,0.0
REGION1,NGNGLYPI0,2053,0.0
REGION1,ETNGDJPI0,2053,0.0
REGION1,NGNGGQPI0,2053,0.0
REGION1,TZNGKEPI0,2053,0.0
REGION1,NGNGMAPI0,2053,0.0
REGION1,NGNGBJPI0,2053,0.0
REGION1,NGNGGHPI0,2053,0.0
REGION1,NGNGNEPI0,2053,0.0
REGION1,NGNGTGPI0,2053,0.0
REGION1,NGNGTNPI0,2053,0.0
REGION1,DZNGMAPI0,2053,0.0
REGION1,BELG00I00,2054,0.0
REGION1,HRLG00I00,2054,0.0
REGION1,CYLG00I00,2054,0.0
REGION1,FRLG00I00,2054,0.0
REGION1,FILG00I00,2054,0.0
REGION1,DELG00I00,2054,0.0
REGION1,GRLG00I00,2054,0.0
REGION1,ITLG00I00,2054,0.0
REGION1,LVLG00I00,2054,0.0
REGION1,LTLG00I00,2054,0.0
REGION1,MTLG00I00,2054,0.0
REGION1,NLLG00I00,2054,0.0
REGION1,PLLG00I00,2054,0.0
REGION1,ESLG00I00,2054,0.0
REGION1,UKLG00I00,2054,0.0
REGION1,PTLG00I00,2054,0.0
REGION1,BENUG2PN1,2054,0.0
REGION1,BGNUG2PN1,2054,0.0
REGION1,CZNUG2PN1,2054,0.0
REGION1,DENUG2PN1,2054,0.0
REGION1,ESNUG2PN1,2054,0.0
REGION1,FINUG2PN1,2054,0.0
REGION1,FRNUG2PN1,2054,0.0
REGION1,HUNUG2PN1,2054,0.0
REGION1,NLNUG2PN1,2054,0.0
REGION1,RONUG2PN1,2054,0.0
REGION1,SENUG2PN1,2054,0.0
REGION1,SINUG2PN1,2054,0.0
REGION1,SKNUG2PN1,2054,0.0
REGION1,CHNUG2PN1,2054,0.0
REGION1,UKNUG2PN1,2054,0.0
REGION1,ATHYDSPN1,2054,0.0
REGION1,BEHYDSPN1,2054,0.0
REGION1,BGHYDSPN1,2054,0.0
REGION1,CZHYDSPN1,2054,0.0
REGION1,DEHYDSPN1,2054,0.0
REGION1,GRHYDSPN1,2054,0.0
REGION1,ESHYDSPN1,2054,0.0
REGION1,FRHYDSPN1,2054,0.0
REGION1,HRHYDSPN1,2054,0.0
REGION1,IEHYDSPN1,2054,0.0
REGION1,ITHYDSPN1,2054,0.0
REGION1,LTHYDSPN1,2054,0.0
REGION1,LUHYDSPN1,2054,0.0
REGION1,PLHYDSPN1,2054,0.0
REGION1,PTHYDSPN1,2054,0.0
REGION1,ROHYDSPN1,2054,0.0
REGION1,SEHYDSPN1,2054,0.0
REGION1,SIHYDSPN1,2054,0.0
REGION1,SKHYDSPN1,2054,0.0
REGION1,CHHYDSPN1,2054,0.0
REGION1,UKHYDSPN1,2054,0.0
REGION1,ATHYDMPN1,2054,0.0
REGION1,ATHYDRPN1,2054,0.0
REGION1,BEHYDMPN1,2054,0.0
REGION1,BEHYDRPN1,2054,0.0
REGION1,BGHYDMPN1,2054,0.0
REGION1,BGHYDRPN1,2054,0.0
REGION1,CZHYDRPN1,2054,0.0
REGION1,CZHYDMPN1,2054,0.0
REGION1,DEHYDMPN1,2054,0.0
REGION1,DEHYDRPN1,2054,0.0
REGION1,DKHYDRPN1,2054,0.0
REGION1,DKHYDMPN1,2054,0.0
REGION1,EEHYDRPN1,2054,0.0
REGION1,GRHYDMPN1,2054,0.0
REGION1,GRHYDRPN1,2054,0.0
REGION1,ESHYDMPN1,2054,0.0
REGION1,ESHYDRPN1,2054,0.0
REGION1,FIHYDMPN1,2054,0.0
REGION1,FIHYDRPN1,2054,0.0
REGION1,FRHYDMPN1,2054,0.0
REGION1,FRHYDRPN1,2054,0.0
REGION1,HRHYDMPN1,2054,0.0
REGION1,HRHYDRPN1,2054,0.0
REGION1,HUHYDMPN1,2054,0.0
REGION1,HUHYDRPN1,2054,0.0
REGION1,IEHYDMPN1,2054,0.0
REGION1,IEHYDRPN1,2054,0.0
REGION1,ITHYDMPN1,2054,0.0
REGION1,ITHYDRPN1,2054,0.0
REGION1,LTHYDRPN1,2054,0.0
REGION1,LUHYDRPN1,2054,0.0
REGION1,LVHYDMPN1,2054,0.0
REGION1,LVHYDRPN1,2054,0.0
REGION1,NLHYDRPN1,2054,0.0
REGION1,PLHYDMPN1,2054,0.0
REGION1,PLHYDRPN1,2054,0.0
REGION1,PTHYDMPN1,2054,0.0
REGION1,PTHYDRPN1,2054,0.0
REGION1,ROHYDMPN1,2054,0.0
REGION1,ROHYDRPN1,2054,0.0
REGION1,SEHYDMPN1,2054,0.0
REGION1,SEHYDRPN1,2054,0.0
REGION1,SIHYDMPN1,2054,0.0
REGION1,SIHYDRPN1,2054,0.0
REGION1,SKHYDMPN1,2054,0.0
REGION1,SKHYDRPN1,2054,0.0
REGION1,NOHYDRPN1,2054,0.0
REGION1,NOHYDMPN1,2054,0.0
REGION1,CHHYDRPN1,2054,0.0
REGION1,CHHYDMPN1,2054,0.0
REGION1,UKHYDMPN1,2054,0.0
REGION1,UKHYDRPN1,2054,0.0
REGION1,EGLG00I00,2054,0.0
REGION1,GHLG00I00,2054,0.0
REGION1,MALG00I00,2054,0.0
REGION1,MZLG00I00,2054,0.0
REGION1,SNLG00I00,2054,0.0
REGION1,ZALG00I00,2054,0.0
REGION1,DZLG00E00,2054,0.0
REGION1,NGLG00E00,2054,0.0
REGION1,EGLG00E00,2054,0.0
REGION1,AOLG00E00,2054,0.0
REGION1,GQLG00E00,2054,0.0
REGION1,MZLG00E00,2054,0.0
REGION1,CGLG00E00,2054,0.0
REGION1,GALG00E00,2054,0.0
REGION1,MRLG00E00,2054,0.0
REGION1,SNLG00E00,2054,0.0
REGION1,TZLG00E00,2054,0.0
REGION1,BFHYDMSN1,2054,0.0
REGION1,BIHYDMSN1,2054,0.0
REGION1,CMHYDMSN1,2054,0.0
REGION1,CDHYDMSN1,2054,0.0
REGION1,ETHYDMSN1,2054,0.0
REGION1,KEHYDMSN1,2054,0.0
REGION1,MLHYDMSN1,2054,0.0
REGION1,NGHYDMSN1,2054,0.0
REGION1,UGHYDMSN1,2054,0.0
REGION1,ZMHYDMSN1,2054,0.0
REGION1,DZHYDMSN1,2054,0.0
REGION1,EGHYDMSN1,2054,0.0
REGION1,MAHYDMSN1,2054,0.0
REGION1,SDHYDMSN1,2054,0.0
REGION1,TNHYDMSN1,2054,0.0
REGION1,AOHYDMSN1,2054,0.0
REGION1,BJHYDMSN1,2054,0.0
REGION1,CFHYDMSN1,2054,0.0
REGION1,CGHYDMSN1,2054,0.0
REGION1,CIHYDMSN1,2054,0.0
REGION1,GQHYDMSN1,2054,0.0
REGION1,SZHYDMSN1,2054,0.0
REGION1,GAHYDMSN1,2054,0.0
REGION1,GHHYDMSN1,2054,0.0
REGION1,GNHYDMSN1,2054,0.0
REGION1,LSHYDMSN1,2054,0.0
REGION1,LRHYDMSN1,2054,0.0
REGION1,MWHYDMSN1,2054,0.0
REGION1,MZHYDMSN1,2054,0.0
REGION1,NAHYDMSN1,2054,0.0
REGION1,RWHYDMSN1,2054,0.0
REGION1,SNHYDMSN1,2054,0.0
REGION1,SLHYDMSN1,2054,0.0
REGION1,ZAHYDMSN1,2054,0.0
REGION1,TGHYDMSN1,2054,0.0
REGION1,TZHYDMSN1,2054,0.0
REGION1,ZWHYDMSN1,2054,0.0
REGION1,MAHYDSPN1,2054,0.0
REGION1,ZAHYDSPN1,2054,0.0
REGION1,KEBATTN1,2054,0.0
REGION1,ETBMCHPN1,2054,0.0
REGION1,KEBMCHPN1,2054,0.0
REGION1,ZABMCHPN1,2054,0.0
REGION1,BWCOSCPN1,2054,0.0
REGION1,ZACOSCPN1,2054,0.0
REGION1,ETGOCVPN1,2054,0.0
REGION1,KEGOCVPN1,2054,0.0
REGION1,RWNGGCPN1,2054,0.0
REGION1,DZNGCCPN1,2054,0.0
REGION1,MANGCCPN1,2054,0.0
REGION1,TNNGCCPN1,2054,0.0
REGION1,UGNGCCPN1,2054,0.0
REGION1,MZNGGCPN1,2054,0.0
REGION1,NGNGGCPN1,2054,0.0
REGION1,AOSOU1PN1,2054,0.0
REGION1,GASOU1PN1,2054,0.0
REGION1,DZSOU1PN1,2054,0.0
REGION1,MASOU1PN1,2054,0.0
REGION1,TNSOU1PN1,2054,0.0
REGION1,ETSOU1PN1,2054,0.0
REGION1,KESOU1PN1,2054,0.0
REGION1,TZSOU1PN1,2054,0.0
REGION1,BWSOU1PN1,2054,0.0
REGION1,ZASOU1PN1,2054,0.0
REGION1,MAWINDPN1,2054,0.0
REGION1,TNWINDPN1,2054,0.0
REGION1,ETWINDPN1,2054,0.0
REGION1,KEWINDPN1,2054,0.0
REGION1,ZAWINDPN1,2054,0.0
REGION1,CICOSCPN1,2054,0.0
REGION1,EGNULWPN1,2054,0.0
REGION1,SSHYDMSN1,2054,0.0
REGION1,MABATTN1,2054,0.0
REGION1,CGSOU1PN1,2054,0.0
REGION1,DJSOU1PN1,2054,0.0
REGION1,DZWINDPN1,2054,0.0
REGION1,ERSOU1PN1,2054,0.0
REGION1,ERWINDPN1,2054,0.0
REGION1,GHWINDPN1,2054,0.0
REGION1,GQSOU1PN1,2054,0.0
REGION1,GWSOU1PN1,2054,0.0
REGION1,LRSOU1PN1,2054,0.0
REGION1,RWSOU1PN1,2054,0.0
REGION1,SLSOU1PN1,2054,0.0
REGION1,SSSOU1PN1,2054,0.0
REGION1,SZNGCCPN1,2054,0.0
REGION1,SZWINDPN1,2054,0.0
REGION1,TDWINDPN1,2054,0.0
REGION1,TGWINDPN1,2054,0.0
REGION1,TZWINDPN1,2054,0.0
REGION1,ZMSOU1PN1,2054,0.0
REGION1,DZNGCCPH1,2054,0.0
REGION1,DZNGGCPH1,2054,0.0
REGION1,DZSOU1PH1,2054,0.0
REGION1,EGBMCHPH1,2054,0.0
REGION1,EGSOU1PH1,2054,0.0
REGION1,EGWINDPH1,2054,0.0
REGION1,LYNGCCPH1,2054,0.0
REGION1,LYNGGCPH1,2054,0.0
REGION1,LYLFRCPH1,2054,0.0
REGION1,LYHFGCPH1,2054,0.0
REGION1,LYSOU1PH1,2054,0.0
REGION1,MASOU1PH1,2054,0.0
REGION1,MAWINDPH1,2054,0.0
REGION1,SDSOU1PH1,2054,0.0
REGION1,TNNGCCPH1,2054,0.0
REGION1,TNNGGCPH1,2054,0.0
REGION1,TNSOU1PH1,2054,0.0
REGION1,AOSOU1PH1,2054,0.0
REGION1,BJSOU1PH1,2054,0.0
REGION1,BFLFRCPH1,2054,0.0
REGION1,BFHFGCPH1,2054,0.0
REGION1,BFHYDMSH1,2054,0.0
REGION1,BFSOU1PH1,2054,0.0
REGION1,BIHYDMSH1,2054,0.0
REGION1,CMHYDMSH1,2054,0.0
REGION1,CMSOU1PH1,2054,0.0
REGION1,CFSOU1PH1,2054,0.0
REGION1,CINGCCPH1,2054,0.0
REGION1,CINGGCPH1,2054,0.0
REGION1,CISOU1PH1,2054,0.0
REGION1,CDLFRCPH1,2054,0.0
REGION1,CDHFGCPH1,2054,0.0
REGION1,CDHYDMSH1,2054,0.0
REGION1,CDSOU1PH1,2054,0.0
REGION1,DJWINDPH1,2054,0.0
REGION1,ETBMCHPH1,2054,0.0
REGION1,ETHYDMSH1,2054,0.0
REGION1,ETWINDPH1,2054,0.0
REGION1,GHNGCCPH1,2054,0.0
REGION1,GHNGGCPH1,2054,0.0
REGION1,GHSOU1PH1,2054,0.0
REGION1,KEGOCVPH1,2054,0.0
REGION1,KEHYDMSH1,2054,0.0
REGION1,KESOU1PH1,2054,0.0
REGION1,LSSOU1PH1,2054,0.0
REGION1,MWSOU1PH1,2054,0.0
REGION1,MLHYDMSH1,2054,0.0
REGION1,MLSOU1PH1,2054,0.0
REGION1,MRSOU1PH1,2054,0.0
REGION1,MRWINDPH1,2054,0.0
REGION1,MZLFRCPH1,2054,0.0
REGION1,MZHFGCPH1,2054,0.0
REGION1,MZSOU1PH1,2054,0.0
REGION1,NASOU1PH1,2054,0.0
REGION1,NELFRCPH1,2054,0.0
REGION1,NEHFGCPH1,2054,0.0
REGION1,NESOU1PH1,2054,0.0
REGION1,NGNGCCPH1,2054,0.0
REGION1,NGNGGCPH1,2054,0.0
REGION1,NGLFRCPH1,2054,0.0
REGION1,NGHFGCPH1,2054,0.0
REGION1,NGHYDMSH1,2054,0.0
REGION1,NGSOU1PH1,2054,0.0
REGION1,RWCOSCPH1,2054,0.0
REGION1,SNNGCCPH1,2054,0.0
REGION1,SNLFRCPH1,2054,0.0
REGION1,SNHFGCPH1,2054,0.0
REGION1,SNSOU1PH1,2054,0.0
REGION1,ZANULWPH1,2054,0.0
REGION1,ZASOU1PH1,2054,0.0
REGION1,SSWINDPH1,2054,0.0
REGION1,TGSOU1PH1,2054,0.0
REGION1,UGHYDMSH1,2054,0.0
REGION1,TZSOU1PH1,2054,0.0
REGION1,ZMHYDMSH1,2054,0.0
REGION1,ZWSOU1PH1,2054,0.0
REGION1,ZWCOSCPH1,2054,0.0
REGION1,DZLFRCPH1,2054,0.0
REGION1,DZHFGCPH1,2054,0.0
REGION1,DZHYDMSH1,2054,0.0
REGION1,DZSOC1PH1,2054,0.0
REGION1,EGNGCCPH1,2054,0.0
REGION1,EGNGGCPH1,2054,0.0
REGION1,EGLFRCPH1,2054,0.0
REGION1,EGHFGCPH1,2054,0.0
REGION1,EGHYDMSH1,2054,0.0
REGION1,EGSOC1PH1,2054,0.0
REGION1,MACOSCPH1,2054,0.0
REGION1,MALFRCPH1,2054,0.0
REGION1,MAHFGCPH1,2054,0.0
REGION1,MANGCCPH1,2054,0.0
REGION1,MANGGCPH1,2054,0.0
REGION1,MABMCHPH1,2054,0.0
REGION1,MAHYDMSH1,2054,0.0
REGION1,MASOC1PH1,2054,0.0
REGION1,SDLFRCPH1,2054,0.0
REGION1,SDHFGCPH1,2054,0.0
REGION1,SDBMCHPH1,2054,0.0
REGION1,SDHYDMSH1,2054,0.0
REGION1,TNLFRCPH1,2054,0.0
REGION1,TNHFGCPH1,2054,0.0
REGION1,TNHYDMSH1,2054,0.0
REGION1,TNWINDPH1,2054,0.0
REGION1,AONGGCPH1,2054,0.0
REGION1,AOLFRCPH1,2054,0.0
REGION1,AOHFGCPH1,2054,0.0
REGION1,AOBMCHPH1,2054,0.0
REGION1,AOHYDMSH1,2054,0.0
REGION1,BJNGGCPH1,2054,0.0
REGION1,BJLFRCPH1,2054,0.0
REGION1,BJHFGCPH1,2054,0.0
REGION1,BJHYDMSH1,2054,0.0
REGION1,BWCOSCPH1,2054,0.0
REGION1,BWLFRCPH1,2054,0.0
REGION1,BWSOU1PH1,2054,0.0
REGION1,BFBMCHPH1,2054,0.0
REGION1,BILFRCPH1,2054,0.0
REGION1,BISOU1PH1,2054,0.0
REGION1,CMNGGCPH1,2054,0.0
REGION1,CMLFRCPH1,2054,0.0
REGION1,CMHFGCPH1,2054,0.0
REGION1,CFLFRCPH1,2054,0.0
REGION1,CFHYDMSH1,2054,0.0
REGION1,TDNGCCPH1,2054,0.0
REGION1,TDLFRCPH1,2054,0.0
REGION1,TDHFGCPH1,2054,0.0
REGION1,TDBMCHPH1,2054,0.0
REGION1,TDSOU1PH1,2054,0.0
REGION1,CGNGGCPH1,2054,0.0
REGION1,CGLFRCPH1,2054,0.0
REGION1,CGHFGCPH1,2054,0.0
REGION1,CGBMCHPH1,2054,0.0
REGION1,CGHYDMSH1,2054,0.0
REGION1,CILFRCPH1,2054,0.0
REGION1,CIHFGCPH1,2054,0.0
REGION1,CIHYDMSH1,2054,0.0
REGION1,DJLFRCPH1,2054,0.0
REGION1,DJHFGCPH1,2054,0.0
REGION1,GWNGCCPH1,2054,0.0
REGION1,GQNGGCPH1,2054,0.0
REGION1,GQLFRCPH1,2054,0.0
REGION1,GQHFGCPH1,2054,0.0
REGION1,GQHYDMSH1,2054,0.0
REGION1,ERLFRCPH1,2054,0.0
REGION1,ERHFGCPH1,2054,0.0
REGION1,SZLFRCPH1,2054,0.0
REGION1,SZHFGCPH1,2054,0.0
REGION1,SZBMCHPH1,2054,0.0
REGION1,SZHYDMSH1,2054,0.0
REGION1,SZSOU1PH1,2054,0.0
REGION1,ETLFRCPH1,2054,0.0
REGION1,ETGOCVPH1,2054,0.0
REGION1,GANGGCPH1,2054,0.0
REGION1,GALFRCPH1,2054,0.0
REGION1,GAHFGCPH1,2054,0.0
REGION1,GAHYDMSH1,2054,0.0
REGION1,GMLFRCPH1,2054,0.0
REGION1,GMHFGCPH1,2054,0.0
REGION1,GMWINDPH1,2054,0.0
REGION1,GMSOU1PH1,2054,0.0
REGION1,GHLFRCPH1,2054,0.0
REGION1,GHHFGCPH1,2054,0.0
REGION1,GHBMCHPH1,2054,0.0
REGION1,GHHYDMSH1,2054,0.0
REGION1,GNLFRCPH1,2054,0.0
REGION1,GNHFGCPH1,2054,0.0
REGION1,GNHYDMSH1,2054,0.0
REGION1,GNSOU1PH1,2054,0.0
REGION1,GWLFRCPH1,2054,0.0
REGION1,KELFRCPH1,2054,0.0
REGION1,KEHFGCPH1,2054,0.0
REGION1,KEBMCHPH1,2054,0.0
REGION1,KEWINDPH1,2054,0.0
REGION1,LSHYDMSH1,2054,0.0
REGION1,LRLFRCPH1,2054,0.0
REGION1,LRHFGCPH1,2054,0.0
REGION1,LRHYDMSH1,2054,0.0
REGION1,MWLFRCPH1,2054,0.0
REGION1,MWBMCHPH1,2054,0.0
REGION1,MWHYDMSH1,2054,0.0
REGION1,MLLFRCPH1,2054,0.0
REGION1,MLHFGCPH1,2054,0.0
REGION1,MLBMCHPH1,2054,0.0
REGION1,MRNGCCPH1,2054,0.0
REGION1,MRLFRCPH1,2054,0.0
REGION1,MRHFGCPH1,2054,0.0
REGION1,MZNGGCPH1,2054,0.0
REGION1,MZBMCHPH1,2054,0.0
REGION1,MZHYDMSH1,2054,0.0
REGION1,NACOSCPH1,2054,0.0
REGION1,NALFRCPH1,2054,0.0
REGION1,NAHFGCPH1,2054,0.0
REGION1,NABMCHPH1,2054,0.0
REGION1,NAHYDMSH1,2054,0.0
REGION1,NAWINDPH1,2054,0.0
REGION1,NECOSCPH1,2054,0.0
REGION1,NENGCCPH1,2054,0.0
REGION1,NGBMCHPH1,2054,0.0
REGION1,RWWINDPH1,2054,0.0
REGION1,RWNGGCPH1,2054,0.0
REGION1,RWLFRCPH1,2054,0.0
REGION1,RWHFGCPH1,2054,0.0
REGION1,RWBMCHPH1,2054,0.0
REGION1,RWHYDMSH1,2054,0.0
REGION1,SNHYDMSH1,2054,0.0
REGION1,SNCOSCPH1,2054,0.0
REGION1,SNBMCHPH1,2054,0.0
REGION1,SLWINDPH1,2054,0.0
REGION1,SLLFRCPH1,2054,0.0
REGION1,SLHFGCPH1,2054,0.0
REGION1,SLBMCHPH1,2054,0.0
REGION1,SLHYDMSH1,2054,0.0
REGION1,ZACOSCPH1,2054,0.0
REGION1,ZALFRCPH1,2054,0.0
REGION1,ZAHFGCPH1,2054,0.0
REGION1,ZABMCHPH1,2054,0.0
REGION1,ZAHYDMSH1,2054,0.0
REGION1,ZASOC1PH1,2054,0.0
REGION1,SSLFRCPH1,2054,0.0
REGION1,SSHFGCPH1,2054,0.0
REGION1,TGNGCCPH1,2054,0.0
REGION1,TGLFRCPH1,2054,0.0
REGION1,TGHFGCPH1,2054,0.0
REGION1,TGHYDMSH1,2054,0.0
REGION1,UGSOU1PH1,2054,0.0
REGION1,UGLFRCPH1,2054,0.0
REGION1,UGHFGCPH1,2054,0.0
REGION1,UGBMCHPH1,2054,0.0
REGION1,TZNGGCPH1,2054,0.0
REGION1,TZLFRCPH1,2054,0.0
REGION1,TZHFGCPH1,2054,0.0
REGION1,TZBMCHPH1,2054,0.0
REGION1,TZHYDMSH1,2054,0.0
REGION1,ZMWINDPH1,2054,0.0
REGION1,ZMCOSCPH1,2054,0.0
REGION1,ZMLFRCPH1,2054,0.0
REGION1,ZMHFGCPH1,2054,0.0
REGION1,ZMBMCHPH1,2054,0.0
REGION1,ZWLFRCPH1,2054,0.0
REGION1,SNWINDPH1,2054,0.0
REGION1,ZWHYDMSH1,2054,0.0
REGION1,ZWBMCHPH1,2054,0.0
REGION1,SOLFRCPH1,2054,0.0
REGION1,SOSOU1PH1,2054,0.0
REGION1,SOWINDPH1,2054,0.0
REGION1,MAHYDSPH1,2054,0.0
REGION1,ZAHYDSPH1,2054,0.0
REGION1,ATELCZPH1,2054,0.0
REGION1,ATELDEPH1,2054,0.0
REGION1,ATELHUPH1,2054,0.0
REGION1,ATELITPH1,2054,0.0
REGION1,ATELSIPH1,2054,0.0
REGION1,ATELCHPH1,2054,0.0
REGION1,BEELFRPH1,2054,0.0
REGION1,BEELDEPH1,2054,0.0
REGION1,BEELLUPH1,2054,0.0
REGION1,BEELNLPH1,2054,0.0
REGION1,BEELUKPH1,2054,0.0
REGION1,BGELGRPH1,2054,0.0
REGION1,BGELROPH1,2054,0.0
REGION1,CZELDEPH1,2054,0.0
REGION1,CZELPLPH1,2054,0.0
REGION1,CZELSKPH1,2054,0.0
REGION1,HRELHUPH1,2054,0.0
REGION1,HRELSIPH1,2054,0.0
REGION1,DKELNLPH1,2054,0.0
REGION1,DKELNOPH1,2054,0.0
REGION1,DKELSEPH1,2054,0.0
REGION1,DKELUKPH1,2054,0.0
REGION1,EEELFIPH1,2054,0.0
REGION1,EEELLVPH1,2054,0.0
REGION1,FIELNOPH1,2054,0.0
REGION1,FIELSEPH1,2054,0.0
REGION1,FRELITPH1,2054,0.0
REGION1,FRELLUPH1,2054,0.0
REGION1,FRELUKPH1,2054,0.0
REGION1,DEELDKPH1,2054,0.0
REGION1,DEELFRPH1,2054,0.0
REGION1,DEELLUPH1,2054,0.0
REGION1,DEELNLPH1,2054,0.0
REGION1,DEELNOPH1,2054,0.0
REGION1,DEELPLPH1,2054,0.0
REGION1,DEELSEPH1,2054,0.0
REGION1,DEELUKPH1,2054,0.0
REGION1,HUELROPH1,2054,0.0
REGION1,HUELSKPH1,2054,0.0
REGION1,HUELSIPH1,2054,0.0
REGION1,IEELUKPH1,2054,0.0
REGION1,ITELMTPH1,2054,0.0
REGION1,ITELSIPH1,2054,0.0
REGION1,LTELLVPH1,2054,0.0
REGION1,LTELPLPH1,2054,0.0
REGION1,LTELSEPH1,2054,0.0
REGION1,NLELNOPH1,2054,0.0
REGION1,NLELUKPH1,2054,0.0
REGION1,NOELSEPH1,2054,0.0
REGION1,NOELUKPH1,2054,0.0
REGION1,PLELSKPH1,2054,0.0
REGION1,PLELSEPH1,2054,0.0
REGION1,ESELFRPH1,2054,0.0
REGION1,ESELPTPH1,2054,0.0
REGION1,CHELFRPH1,2054,0.0
REGION1,CHELDEPH1,2054,0.0
REGION1,CHELITPH1,2054,0.0
REGION1,GRELITPH1,2054,0.0
REGION1,BGELMKPH1,2054,0.0
REGION1,BGELRSPH1,2054,0.0
REGION1,BGELTRPH1,2054,0.0
REGION1,HRELBAPH1,2054,0.0
REGION1,HRELRSPH1,2054,0.0
REGION1,EEELRUPH1,2054,0.0
REGION1,GRELALPH1,2054,0.0
REGION1,GRELTRPH1,2054,0.0
REGION1,HUELRSPH1,2054,0.0
REGION1,HUELUAPH1,2054,0.0
REGION1,ITELMEPH1,2054,0.0
REGION1,LVELRUPH1,2054,0.0
REGION1,LTELBYPH1,2054,0.0
REGION1,LTELRUPH1,2054,0.0
REGION1,PLELUAPH1,2054,0.0
REGION1,ROELMDPH1,2054,0.0
REGION1,ROELRSPH1,2054,0.0
REGION1,ROELUAPH1,2054,0.0
REGION1,SKELUAPH1,2054,0.0
REGION1,GRELMKPH1,2054,0.0
REGION1,ESELMAPH1,2054,0.0
REGION1,CYELILPH1,2054,0.0
REGION1,SEELLVPH1,2054,0.0
REGION1,BEELDKPH1,2054,0.0
REGION1,ITELTNPH1,2054,0.0
REGION1,GRELEGPH1,2054,0.0
REGION1,ITELDZPH1,2054,0.0
REGION1,MTELTNPH1,2054,0.0
REGION1,ROELGEPH1,2054,0.0
REGION1,ESELITPH1,2054,0.0
REGION1,DEELLVPH1,2054,0.0
REGION1,GRELDEPH1,2054,0.0
REGION1,ITELSAPH1,2054,0.0
REGION1,UKELMAPH1,2054,0.0
REGION1,DEELMAPH1,2054,0.0
REGION1,BIELRWPH1,2054,0.0
REGION1,BWELZAPH1,2054,0.0
REGION1,CDELBIPH1,2054,0.0
REGION1,CDELCGPH1,2054,0.0
REGION1,CDELRWPH1,2054,0.0
REGION1,CDELZMPH1,2054,0.0
REGION1,CIELBFPH1,2054,0.0
REGION1,EGELJOPH1,2054,0.0
REGION1,EGELSDPH1,2054,0.0
REGION1,ETELDJPH1,2054,0.0
REGION1,ETELSDPH1,2054,0.0
REGION1,GHELCIPH1,2054,0.0
REGION1,GHELTGPH1,2054,0.0
REGION1,KEELTZPH1,2054,0.0
REGION1,LSELZAPH1,2054,0.0
REGION1,LYELEGPH1,2054,0.0
REGION1,MAELDZPH1,2054,0.0
REGION1,MZELSZPH1,2054,0.0
REGION1,MZELZAPH1,2054,0.0
REGION1,MZELZWPH1,2054,0.0
REGION1,NGELBJPH1,2054,0.0
REGION1,NGELNEPH1,2054,0.0
REGION1,NAELZAPH1,2054,0.0
REGION1,RWELBIPH1,2054,0.0
REGION1,SNELMLPH1,2054,0.0
REGION1,TGELBJPH1,2054,0.0
REGION1,TNELDZPH1,2054,0.0
REGION1,TZELUGPH1,2054,0.0
REGION1,UGELKEPH1,2054,0.0
REGION1,UGELRWPH1,2054,0.0
REGION1,UGELTZPH1,2054,0.0
REGION1,ZAELSZPH1,2054,0.0
REGION1,ZAELZWPH1,2054,0.0
REGION1,ZMELZWPH1,2054,0.0
REGION1,AOELBWPH1,2054,0.0
REGION1,AOELCDPH1,2054,0.0
REGION1,AOELNAPH1,2054,0.0
REGION1,BFELMLPH1,2054,0.0
REGION1,BWELNAPH1,2054,0.0
REGION1,CDELNAPH1,2054,0.0
REGION1,CDELZAPH1,2054,0.0
REGION1,CGELGAPH1,2054,0.0
REGION1,CMELTDPH1,2054,0.0
REGION1,ETELKEPH1,2054,0.0
REGION1,GAELGQPH1,2054,0.0
REGION1,GHELBFPH1,2054,0.0
REGION1,GMELGWPH1,2054,0.0
REGION1,GQELCMPH1,2054,0.0
REGION1,GWELGNPH1,2054,0.0
REGION1,LRELGNPH1,2054,0.0
REGION1,LRELSLPH1,2054,0.0
REGION1,MLELCIPH1,2054,0.0
REGION1,MWELMZPH1,2054,0.0
REGION1,MWELZMPH1,2054,0.0
REGION1,NAELZWPH1,2054,0.0
REGION1,NEELBFPH1,2054,0.0
REGION1,NEELBJPH1,2054,0.0
REGION1,NEELTGPH1,2054,0.0
REGION1,SLELGNPH1,2054,0.0
REGION1,SNELGMPH1,2054,0.0
REGION1,SNELGNPH1,2054,0.0
REGION1,TGELGHPH1,2054,0.0
REGION1,TZELZMPH1,2054,0.0
REGION1,CIELLRPH1,2054,0.0
REGION1,GNELMLPH1,2054,0.0
REGION1,AOELZMPH1,2054,0.0
REGION1,BFELBJPH1,2054,0.0
REGION1,BFELTGPH1,2054,0.0
REGION1,BIELTZPH1,2054,0.0
REGION1,BJELGHPH1,2054,0.0
REGION1,BWELZMPH1,2054,0.0
REGION1,CDELCFPH1,2054,0.0
REGION1,CDELSDPH1,2054,0.0
REGION1,CDELTZPH1,2054,0.0
REGION1,CDELUGPH1,2054,0.0
REGION1,CFELCGPH1,2054,0.0
REGION1,CFELCMPH1,2054,0.0
REGION1,CFELSDPH1,2054,0.0
REGION1,CFELTDPH1,2054,0.0
REGION1,CGELCMPH1,2054,0.0
REGION1,CIELGNPH1,2054,0.0
REGION1,CMELGAPH1,2054,0.0
REGION1,CMELNGPH1,2054,0.0
REGION1,DJELERPH1,2054,0.0
REGION1,DJELSOPH1,2054,0.0
REGION1,DZELLYPH1,2054,0.0
REGION1,DZELMLPH1,2054,0.0
REGION1,DZELMRPH1,2054,0.0
REGION1,DZELNEPH1,2054,0.0
REGION1,ETELERPH1,2054,0.0
REGION1,ETELSOPH1,2054,0.0
REGION1,GWELSNPH1,2054,0.0
REGION1,KEELSDPH1,2054,0.0
REGION1,KEELSOPH1,2054,0.0
REGION1,LYELNEPH1,2054,0.0
REGION1,LYELSDPH1,2054,0.0
REGION1,LYELTDPH1,2054,0.0
REGION1,LYELTNPH1,2054,0.0
REGION1,MLELMRPH1,2054,0.0
REGION1,MLELNEPH1,2054,0.0
REGION1,MRELSNPH1,2054,0.0
REGION1,MWELTZPH1,2054,0.0
REGION1,MZELTZPH1,2054,0.0
REGION1,MZELZMPH1,2054,0.0
REGION1,NEELTDPH1,2054,0.0
REGION1,NGELTDPH1,2054,0.0
REGION1,RWELTZPH1,2054,0.0
REGION1,SDELERPH1,2054,0.0
REGION1,SDELTDPH1,2054,0.0
REGION1,SDELUGPH1,2054,0.0
REGION1,CYELGRPH1,2054,0.0
REGION1,ALNGGRPI0,2054,0.0
REGION1,ALNGITPI0,2054,0.0
REGION1,ATNGDEPI0,2054,0.0
REGION1,ATNGHUPI0,2054,0.0
REGION1,ATNGITPI0,2054,0.0
REGION1,ATNGSIPI0,2054,0.0
REGION1,ATNGSKPI0,2054,0.0
REGION1,BENGDEPI0,2054,0.0
REGION1,BENGFRPI0,2054,0.0
REGION1,BENGUKPI0,2054,0.0
REGION1,BENGNLPI0,2054,0.0
REGION1,BGNGGRPI0,2054,0.0
REGION1,BGNGROPI0,2054,0.0
REGION1,BYNGLTPI0,2054,0.0
REGION1,CYNGEGPI0,2054,0.0
REGION1,CYNGGRPI0,2054,0.0
REGION1,CZNGDEPI0,2054,0.0
REGION1,CZNGPLPI0,2054,0.0
REGION1,CZNGSKPI0,2054,0.0
REGION1,DENGCHPI0,2054,0.0
REGION1,DENGFRPI0,2054,0.0
REGION1,DENGNLPI0,2054,0.0
REGION1,DENGPLPI0,2054,0.0
REGION1,DKNGDEPI0,2054,0.0
REGION1,DKNGPLPI0,2054,0.0
REGION1,DKNGSEPI0,2054,0.0
REGION1,DZNGESPI0,2054,0.0
REGION1,DZNGITPI0,2054,0.0
REGION1,EENGFIPI0,2054,0.0
REGION1,EENGLVPI0,2054,0.0
REGION1,FRNGCHPI0,2054,0.0
REGION1,FRNGESPI0,2054,0.0
REGION1,GRNGITPI0,2054,0.0
REGION1,HRNGHUPI0,2054,0.0
REGION1,HRNGSIPI0,2054,0.0
REGION1,HUNGROPI0,2054,0.0
REGION1,HUNGSKPI0,2054,0.0
REGION1,IENGUKPI0,2054,0.0
REGION1,ITNGCHPI0,2054,0.0
REGION1,ITNGMTPI0,2054,0.0
REGION1,ITNGSIPI0,2054,0.0
REGION1,LTNGPLPI0,2054,0.0
REGION1,LVNGLTPI0,2054,0.0
REGION1,LYNGITPI0,2054,0.0
REGION1,MANGESPI0,2054,0.0
REGION1,MDNGROPI0,2054,0.0
REGION1,NLNGUKPI0,2054,0.0
REGION1,NONGBEPI0,2054,0.0
REGION1,NONGDEPI0,2054,0.0
REGION1,NONGDKPI0,2054,0.0
REGION1,NONGFRPI0,2054,0.0
REGION1,NONGUKPI0,2054,0.0
REGION1,NONGNLPI0,2054,0.0
REGION1,PLNGSKPI0,2054,0.0
REGION1,PTNGESPI0,2054,0.0
REGION1,RSNGBGPI0,2054,0.0
REGION1,RSNGHUPI0,2054,0.0
REGION1,RSNGROPI0,2054,0.0
REGION1,RUNGEEPI0,2054,0.0
REGION1,RUNGFIPI0,2054,0.0
REGION1,RUNGLVPI0,2054,0.0
REGION1,TRNGBGPI0,2054,0.0
REGION1,TRNGGRPI0,2054,0.0
REGION1,UANGHUPI0,2054,0.0
REGION1,UANGPLPI0,2054,0.0
REGION1,UANGROPI0,2054,0.0
REGION1,UANGSKPI0,2054,0.0
REGION1,BENGLUPI0,2054,0.0
REGION1,NGNGDZPI0,2054,0.0
REGION1,MZNGZAPI0,2054,0.0
REGION1,NGNGLYPI0,2054,0.0
REGION1,ETNGDJPI0,2054,0.0
REGION1,NGNGGQPI0,2054,0.0
REGION1,TZNGKEPI0,2054,0.0
REGION1,NGNGMAPI0,2054,0.0
REGION1,NGNGBJPI0,2054,0.0
REGION1,NGNGGHPI0,2054,0.0
REGION1,NGNGNEPI0,2054,0.0
REGION1,NGNGTGPI0,2054,0.0
REGION1,NGNGTNPI0,2054,0.0
REGION1,DZNGMAPI0,2054,0.0
REGION1,BELG00I00,2055,0.0
REGION1,HRLG00I00,2055,0.0
REGION1,CYLG00I00,2055,0.0
REGION1,FRLG00I00,2055,0.0
REGION1,FILG00I00,2055,0.0
REGION1,DELG00I00,2055,0.0
REGION1,GRLG00I00,2055,0.0
REGION1,ITLG00I00,2055,0.0
REGION1,LVLG00I00,2055,0.0
REGION1,LTLG00I00,2055,0.0
REGION1,MTLG00I00,2055,0.0
REGION1,NLLG00I00,2055,0.0
REGION1,PLLG00I00,2055,0.0
REGION1,ESLG00I00,2055,0.0
REGION1,UKLG00I00,2055,0.0
REGION1,PTLG00I00,2055,0.0
REGION1,BENUG2PN1,2055,0.0
REGION1,BGNUG2PN1,2055,0.0
REGION1,CZNUG2PN1,2055,0.0
REGION1,DENUG2PN1,2055,0.0
REGION1,ESNUG2PN1,2055,0.0
REGION1,FINUG2PN1,2055,0.0
REGION1,FRNUG2PN1,2055,0.0
REGION1,HUNUG2PN1,2055,0.0
REGION1,NLNUG2PN1,2055,0.0
REGION1,RONUG2PN1,2055,0.0
REGION1,SENUG2PN1,2055,0.0
REGION1,SINUG2PN1,2055,0.0
REGION1,SKNUG2PN1,2055,0.0
REGION1,CHNUG2PN1,2055,0.0
REGION1,UKNUG2PN1,2055,0.0
REGION1,ATHYDSPN1,2055,0.0
REGION1,BEHYDSPN1,2055,0.0
REGION1,BGHYDSPN1,2055,0.0
REGION1,CZHYDSPN1,2055,0.0
REGION1,DEHYDSPN1,2055,0.0
REGION1,GRHYDSPN1,2055,0.0
REGION1,ESHYDSPN1,2055,0.0
REGION1,FRHYDSPN1,2055,0.0
REGION1,HRHYDSPN1,2055,0.0
REGION1,IEHYDSPN1,2055,0.0
REGION1,ITHYDSPN1,2055,0.0
REGION1,LTHYDSPN1,2055,0.0
REGION1,LUHYDSPN1,2055,0.0
REGION1,PLHYDSPN1,2055,0.0
REGION1,PTHYDSPN1,2055,0.0
REGION1,ROHYDSPN1,2055,0.0
REGION1,SEHYDSPN1,2055,0.0
REGION1,SIHYDSPN1,2055,0.0
REGION1,SKHYDSPN1,2055,0.0
REGION1,CHHYDSPN1,2055,0.0
REGION1,UKHYDSPN1,2055,0.0
REGION1,ATHYDMPN1,2055,0.0
REGION1,ATHYDRPN1,2055,0.0
REGION1,BEHYDMPN1,2055,0.0
REGION1,BEHYDRPN1,2055,0.0
REGION1,BGHYDMPN1,2055,0.0
REGION1,BGHYDRPN1,2055,0.0
REGION1,CZHYDRPN1,2055,0.0
REGION1,CZHYDMPN1,2055,0.0
REGION1,DEHYDMPN1,2055,0.0
REGION1,DEHYDRPN1,2055,0.0
REGION1,DKHYDRPN1,2055,0.0
REGION1,DKHYDMPN1,2055,0.0
REGION1,EEHYDRPN1,2055,0.0
REGION1,GRHYDMPN1,2055,0.0
REGION1,GRHYDRPN1,2055,0.0
REGION1,ESHYDMPN1,2055,0.0
REGION1,ESHYDRPN1,2055,0.0
REGION1,FIHYDMPN1,2055,0.0
REGION1,FIHYDRPN1,2055,0.0
REGION1,FRHYDMPN1,2055,0.0
REGION1,FRHYDRPN1,2055,0.0
REGION1,HRHYDMPN1,2055,0.0
REGION1,HRHYDRPN1,2055,0.0
REGION1,HUHYDMPN1,2055,0.0
REGION1,HUHYDRPN1,2055,0.0
REGION1,IEHYDMPN1,2055,0.0
REGION1,IEHYDRPN1,2055,0.0
REGION1,ITHYDMPN1,2055,0.0
REGION1,ITHYDRPN1,2055,0.0
REGION1,LTHYDRPN1,2055,0.0
REGION1,LUHYDRPN1,2055,0.0
REGION1,LVHYDMPN1,2055,0.0
REGION1,LVHYDRPN1,2055,0.0
REGION1,NLHYDRPN1,2055,0.0
REGION1,PLHYDMPN1,2055,0.0
REGION1,PLHYDRPN1,2055,0.0
REGION1,PTHYDMPN1,2055,0.0
REGION1,PTHYDRPN1,2055,0.0
REGION1,ROHYDMPN1,2055,0.0
REGION1,ROHYDRPN1,2055,0.0
REGION1,SEHYDMPN1,2055,0.0
REGION1,SEHYDRPN1,2055,0.0
REGION1,SIHYDMPN1,2055,0.0
REGION1,SIHYDRPN1,2055,0.0
REGION1,SKHYDMPN1,2055,0.0
REGION1,SKHYDRPN1,2055,0.0
REGION1,NOHYDRPN1,2055,0.0
REGION1,NOHYDMPN1,2055,0.0
REGION1,CHHYDRPN1,2055,0.0
REGION1,CHHYDMPN1,2055,0.0
REGION1,UKHYDMPN1,2055,0.0
REGION1,UKHYDRPN1,2055,0.0
REGION1,EGLG00I00,2055,0.0
REGION1,GHLG00I00,2055,0.0
REGION1,MALG00I00,2055,0.0
REGION1,MZLG00I00,2055,0.0
REGION1,SNLG00I00,2055,0.0
REGION1,ZALG00I00,2055,0.0
REGION1,DZLG00E00,2055,0.0
REGION1,NGLG00E00,2055,0.0
REGION1,EGLG00E00,2055,0.0
REGION1,AOLG00E00,2055,0.0
REGION1,GQLG00E00,2055,0.0
REGION1,MZLG00E00,2055,0.0
REGION1,CGLG00E00,2055,0.0
REGION1,GALG00E00,2055,0.0
REGION1,MRLG00E00,2055,0.0
REGION1,SNLG00E00,2055,0.0
REGION1,TZLG00E00,2055,0.0
REGION1,BFHYDMSN1,2055,0.0
REGION1,BIHYDMSN1,2055,0.0
REGION1,CMHYDMSN1,2055,0.0
REGION1,CDHYDMSN1,2055,0.0
REGION1,ETHYDMSN1,2055,0.0
REGION1,KEHYDMSN1,2055,0.0
REGION1,MLHYDMSN1,2055,0.0
REGION1,NGHYDMSN1,2055,0.0
REGION1,UGHYDMSN1,2055,0.0
REGION1,ZMHYDMSN1,2055,0.0
REGION1,DZHYDMSN1,2055,0.0
REGION1,EGHYDMSN1,2055,0.0
REGION1,MAHYDMSN1,2055,0.0
REGION1,SDHYDMSN1,2055,0.0
REGION1,TNHYDMSN1,2055,0.0
REGION1,AOHYDMSN1,2055,0.0
REGION1,BJHYDMSN1,2055,0.0
REGION1,CFHYDMSN1,2055,0.0
REGION1,CGHYDMSN1,2055,0.0
REGION1,CIHYDMSN1,2055,0.0
REGION1,GQHYDMSN1,2055,0.0
REGION1,SZHYDMSN1,2055,0.0
REGION1,GAHYDMSN1,2055,0.0
REGION1,GHHYDMSN1,2055,0.0
REGION1,GNHYDMSN1,2055,0.0
REGION1,LSHYDMSN1,2055,0.0
REGION1,LRHYDMSN1,2055,0.0
REGION1,MWHYDMSN1,2055,0.0
REGION1,MZHYDMSN1,2055,0.0
REGION1,NAHYDMSN1,2055,0.0
REGION1,RWHYDMSN1,2055,0.0
REGION1,SNHYDMSN1,2055,0.0
REGION1,SLHYDMSN1,2055,0.0
REGION1,ZAHYDMSN1,2055,0.0
REGION1,TGHYDMSN1,2055,0.0
REGION1,TZHYDMSN1,2055,0.0
REGION1,ZWHYDMSN1,2055,0.0
REGION1,MAHYDSPN1,2055,0.0
REGION1,ZAHYDSPN1,2055,0.0
REGION1,KEBATTN1,2055,0.0
REGION1,ETBMCHPN1,2055,0.0
REGION1,KEBMCHPN1,2055,0.0
REGION1,ZABMCHPN1,2055,0.0
REGION1,BWCOSCPN1,2055,0.0
REGION1,ZACOSCPN1,2055,0.0
REGION1,ETGOCVPN1,2055,0.0
REGION1,KEGOCVPN1,2055,0.0
REGION1,RWNGGCPN1,2055,0.0
REGION1,DZNGCCPN1,2055,0.0
REGION1,MANGCCPN1,2055,0.0
REGION1,TNNGCCPN1,2055,0.0
REGION1,UGNGCCPN1,2055,0.0
REGION1,MZNGGCPN1,2055,0.0
REGION1,NGNGGCPN1,2055,0.0
REGION1,AOSOU1PN1,2055,0.0
REGION1,GASOU1PN1,2055,0.0
REGION1,DZSOU1PN1,2055,0.0
REGION1,MASOU1PN1,2055,0.0
REGION1,TNSOU1PN1,2055,0.0
REGION1,ETSOU1PN1,2055,0.0
REGION1,KESOU1PN1,2055,0.0
REGION1,TZSOU1PN1,2055,0.0
REGION1,BWSOU1PN1,2055,0.0
REGION1,ZASOU1PN1,2055,0.0
REGION1,MAWINDPN1,2055,0.0
REGION1,TNWINDPN1,2055,0.0
REGION1,ETWINDPN1,2055,0.0
REGION1,KEWINDPN1,2055,0.0
REGION1,ZAWINDPN1,2055,0.0
REGION1,CICOSCPN1,2055,0.0
REGION1,EGNULWPN1,2055,0.0
REGION1,SSHYDMSN1,2055,0.0
REGION1,MABATTN1,2055,0.0
REGION1,CGSOU1PN1,2055,0.0
REGION1,DJSOU1PN1,2055,0.0
REGION1,DZWINDPN1,2055,0.0
REGION1,ERSOU1PN1,2055,0.0
REGION1,ERWINDPN1,2055,0.0
REGION1,GHWINDPN1,2055,0.0
REGION1,GQSOU1PN1,2055,0.0
REGION1,GWSOU1PN1,2055,0.0
REGION1,LRSOU1PN1,2055,0.0
REGION1,RWSOU1PN1,2055,0.0
REGION1,SLSOU1PN1,2055,0.0
REGION1,SSSOU1PN1,2055,0.0
REGION1,SZNGCCPN1,2055,0.0
REGION1,SZWINDPN1,2055,0.0
REGION1,TDWINDPN1,2055,0.0
REGION1,TGWINDPN1,2055,0.0
REGION1,TZWINDPN1,2055,0.0
REGION1,ZMSOU1PN1,2055,0.0
REGION1,DZNGCCPH1,2055,0.0
REGION1,DZNGGCPH1,2055,0.0
REGION1,DZSOU1PH1,2055,0.0
REGION1,EGBMCHPH1,2055,0.0
REGION1,EGSOU1PH1,2055,0.0
REGION1,EGWINDPH1,2055,0.0
REGION1,LYNGCCPH1,2055,0.0
REGION1,LYNGGCPH1,2055,0.0
REGION1,LYLFRCPH1,2055,0.0
REGION1,LYHFGCPH1,2055,0.0
REGION1,LYSOU1PH1,2055,0.0
REGION1,MASOU1PH1,2055,0.0
REGION1,MAWINDPH1,2055,0.0
REGION1,SDSOU1PH1,2055,0.0
REGION1,TNNGCCPH1,2055,0.0
REGION1,TNNGGCPH1,2055,0.0
REGION1,TNSOU1PH1,2055,0.0
REGION1,AOSOU1PH1,2055,0.0
REGION1,BJSOU1PH1,2055,0.0
REGION1,BFLFRCPH1,2055,0.0
REGION1,BFHFGCPH1,2055,0.0
REGION1,BFHYDMSH1,2055,0.0
REGION1,BFSOU1PH1,2055,0.0
REGION1,BIHYDMSH1,2055,0.0
REGION1,CMHYDMSH1,2055,0.0
REGION1,CMSOU1PH1,2055,0.0
REGION1,CFSOU1PH1,2055,0.0
REGION1,CINGCCPH1,2055,0.0
REGION1,CINGGCPH1,2055,0.0
REGION1,CISOU1PH1,2055,0.0
REGION1,CDLFRCPH1,2055,0.0
REGION1,CDHFGCPH1,2055,0.0
REGION1,CDHYDMSH1,2055,0.0
REGION1,CDSOU1PH1,2055,0.0
REGION1,DJWINDPH1,2055,0.0
REGION1,ETBMCHPH1,2055,0.0
REGION1,ETHYDMSH1,2055,0.0
REGION1,ETWINDPH1,2055,0.0
REGION1,GHNGCCPH1,2055,0.0
REGION1,GHNGGCPH1,2055,0.0
REGION1,GHSOU1PH1,2055,0.0
REGION1,KEGOCVPH1,2055,0.0
REGION1,KEHYDMSH1,2055,0.0
REGION1,KESOU1PH1,2055,0.0
REGION1,LSSOU1PH1,2055,0.0
REGION1,MWSOU1PH1,2055,0.0
REGION1,MLHYDMSH1,2055,0.0
REGION1,MLSOU1PH1,2055,0.0
REGION1,MRSOU1PH1,2055,0.0
REGION1,MRWINDPH1,2055,0.0
REGION1,MZLFRCPH1,2055,0.0
REGION1,MZHFGCPH1,2055,0.0
REGION1,MZSOU1PH1,2055,0.0
REGION1,NASOU1PH1,2055,0.0
REGION1,NELFRCPH1,2055,0.0
REGION1,NEHFGCPH1,2055,0.0
REGION1,NESOU1PH1,2055,0.0
REGION1,NGNGCCPH1,2055,0.0
REGION1,NGNGGCPH1,2055,0.0
REGION1,NGLFRCPH1,2055,0.0
REGION1,NGHFGCPH1,2055,0.0
REGION1,NGHYDMSH1,2055,0.0
REGION1,NGSOU1PH1,2055,0.0
REGION1,RWCOSCPH1,2055,0.0
REGION1,SNNGCCPH1,2055,0.0
REGION1,SNLFRCPH1,2055,0.0
REGION1,SNHFGCPH1,2055,0.0
REGION1,SNSOU1PH1,2055,0.0
REGION1,ZANULWPH1,2055,0.0
REGION1,ZASOU1PH1,2055,0.0
REGION1,SSWINDPH1,2055,0.0
REGION1,TGSOU1PH1,2055,0.0
REGION1,UGHYDMSH1,2055,0.0
REGION1,TZSOU1PH1,2055,0.0
REGION1,ZMHYDMSH1,2055,0.0
REGION1,ZWSOU1PH1,2055,0.0
REGION1,ZWCOSCPH1,2055,0.0
REGION1,DZLFRCPH1,2055,0.0
REGION1,DZHFGCPH1,2055,0.0
REGION1,DZHYDMSH1,2055,0.0
REGION1,DZSOC1PH1,2055,0.0
REGION1,EGNGCCPH1,2055,0.0
REGION1,EGNGGCPH1,2055,0.0
REGION1,EGLFRCPH1,2055,0.0
REGION1,EGHFGCPH1,2055,0.0
REGION1,EGHYDMSH1,2055,0.0
REGION1,EGSOC1PH1,2055,0.0
REGION1,MACOSCPH1,2055,0.0
REGION1,MALFRCPH1,2055,0.0
REGION1,MAHFGCPH1,2055,0.0
REGION1,MANGCCPH1,2055,0.0
REGION1,MANGGCPH1,2055,0.0
REGION1,MABMCHPH1,2055,0.0
REGION1,MAHYDMSH1,2055,0.0
REGION1,MASOC1PH1,2055,0.0
REGION1,SDLFRCPH1,2055,0.0
REGION1,SDHFGCPH1,2055,0.0
REGION1,SDBMCHPH1,2055,0.0
REGION1,SDHYDMSH1,2055,0.0
REGION1,TNLFRCPH1,2055,0.0
REGION1,TNHFGCPH1,2055,0.0
REGION1,TNHYDMSH1,2055,0.0
REGION1,TNWINDPH1,2055,0.0
REGION1,AONGGCPH1,2055,0.0
REGION1,AOLFRCPH1,2055,0.0
REGION1,AOHFGCPH1,2055,0.0
REGION1,AOBMCHPH1,2055,0.0
REGION1,AOHYDMSH1,2055,0.0
REGION1,BJNGGCPH1,2055,0.0
REGION1,BJLFRCPH1,2055,0.0
REGION1,BJHFGCPH1,2055,0.0
REGION1,BJHYDMSH1,2055,0.0
REGION1,BWCOSCPH1,2055,0.0
REGION1,BWLFRCPH1,2055,0.0
REGION1,BWSOU1PH1,2055,0.0
REGION1,BFBMCHPH1,2055,0.0
REGION1,BILFRCPH1,2055,0.0
REGION1,BISOU1PH1,2055,0.0
REGION1,CMNGGCPH1,2055,0.0
REGION1,CMLFRCPH1,2055,0.0
REGION1,CMHFGCPH1,2055,0.0
REGION1,CFLFRCPH1,2055,0.0
REGION1,CFHYDMSH1,2055,0.0
REGION1,TDNGCCPH1,2055,0.0
REGION1,TDLFRCPH1,2055,0.0
REGION1,TDHFGCPH1,2055,0.0
REGION1,TDBMCHPH1,2055,0.0
REGION1,TDSOU1PH1,2055,0.0
REGION1,CGNGGCPH1,2055,0.0
REGION1,CGLFRCPH1,2055,0.0
REGION1,CGHFGCPH1,2055,0.0
REGION1,CGBMCHPH1,2055,0.0
REGION1,CGHYDMSH1,2055,0.0
REGION1,CILFRCPH1,2055,0.0
REGION1,CIHFGCPH1,2055,0.0
REGION1,CIHYDMSH1,2055,0.0
REGION1,DJLFRCPH1,2055,0.0
REGION1,DJHFGCPH1,2055,0.0
REGION1,GWNGCCPH1,2055,0.0
REGION1,GQNGGCPH1,2055,0.0
REGION1,GQLFRCPH1,2055,0.0
REGION1,GQHFGCPH1,2055,0.0
REGION1,GQHYDMSH1,2055,0.0
REGION1,ERLFRCPH1,2055,0.0
REGION1,ERHFGCPH1,2055,0.0
REGION1,SZLFRCPH1,2055,0.0
REGION1,SZHFGCPH1,2055,0.0
REGION1,SZBMCHPH1,2055,0.0
REGION1,SZHYDMSH1,2055,0.0
REGION1,SZSOU1PH1,2055,0.0
REGION1,ETLFRCPH1,2055,0.0
REGION1,ETGOCVPH1,2055,0.0
REGION1,GANGGCPH1,2055,0.0
REGION1,GALFRCPH1,2055,0.0
REGION1,GAHFGCPH1,2055,0.0
REGION1,GAHYDMSH1,2055,0.0
REGION1,GMLFRCPH1,2055,0.0
REGION1,GMHFGCPH1,2055,0.0
REGION1,GMWINDPH1,2055,0.0
REGION1,GMSOU1PH1,2055,0.0
REGION1,GHLFRCPH1,2055,0.0
REGION1,GHHFGCPH1,2055,0.0
REGION1,GHBMCHPH1,2055,0.0
REGION1,GHHYDMSH1,2055,0.0
REGION1,GNLFRCPH1,2055,0.0
REGION1,GNHFGCPH1,2055,0.0
REGION1,GNHYDMSH1,2055,0.0
REGION1,GNSOU1PH1,2055,0.0
REGION1,GWLFRCPH1,2055,0.0
REGION1,KELFRCPH1,2055,0.0
REGION1,KEHFGCPH1,2055,0.0
REGION1,KEBMCHPH1,2055,0.0
REGION1,KEWINDPH1,2055,0.0
REGION1,LSHYDMSH1,2055,0.0
REGION1,LRLFRCPH1,2055,0.0
REGION1,LRHFGCPH1,2055,0.0
REGION1,LRHYDMSH1,2055,0.0
REGION1,MWLFRCPH1,2055,0.0
REGION1,MWBMCHPH1,2055,0.0
REGION1,MWHYDMSH1,2055,0.0
REGION1,MLLFRCPH1,2055,0.0
REGION1,MLHFGCPH1,2055,0.0
REGION1,MLBMCHPH1,2055,0.0
REGION1,MRNGCCPH1,2055,0.0
REGION1,MRLFRCPH1,2055,0.0
REGION1,MRHFGCPH1,2055,0.0
REGION1,MZNGGCPH1,2055,0.0
REGION1,MZBMCHPH1,2055,0.0
REGION1,MZHYDMSH1,2055,0.0
REGION1,NACOSCPH1,2055,0.0
REGION1,NALFRCPH1,2055,0.0
REGION1,NAHFGCPH1,2055,0.0
REGION1,NABMCHPH1,2055,0.0
REGION1,NAHYDMSH1,2055,0.0
REGION1,NAWINDPH1,2055,0.0
REGION1,NECOSCPH1,2055,0.0
REGION1,NENGCCPH1,2055,0.0
REGION1,NGBMCHPH1,2055,0.0
REGION1,RWWINDPH1,2055,0.0
REGION1,RWNGGCPH1,2055,0.0
REGION1,RWLFRCPH1,2055,0.0
REGION1,RWHFGCPH1,2055,0.0
REGION1,RWBMCHPH1,2055,0.0
REGION1,RWHYDMSH1,2055,0.0
REGION1,SNHYDMSH1,2055,0.0
REGION1,SNCOSCPH1,2055,0.0
REGION1,SNBMCHPH1,2055,0.0
REGION1,SLWINDPH1,2055,0.0
REGION1,SLLFRCPH1,2055,0.0
REGION1,SLHFGCPH1,2055,0.0
REGION1,SLBMCHPH1,2055,0.0
REGION1,SLHYDMSH1,2055,0.0
REGION1,ZACOSCPH1,2055,0.0
REGION1,ZALFRCPH1,2055,0.0
REGION1,ZAHFGCPH1,2055,0.0
REGION1,ZABMCHPH1,2055,0.0
REGION1,ZAHYDMSH1,2055,0.0
REGION1,ZASOC1PH1,2055,0.0
REGION1,SSLFRCPH1,2055,0.0
REGION1,SSHFGCPH1,2055,0.0
REGION1,TGNGCCPH1,2055,0.0
REGION1,TGLFRCPH1,2055,0.0
REGION1,TGHFGCPH1,2055,0.0
REGION1,TGHYDMSH1,2055,0.0
REGION1,UGSOU1PH1,2055,0.0
REGION1,UGLFRCPH1,2055,0.0
REGION1,UGHFGCPH1,2055,0.0
REGION1,UGBMCHPH1,2055,0.0
REGION1,TZNGGCPH1,2055,0.0
REGION1,TZLFRCPH1,2055,0.0
REGION1,TZHFGCPH1,2055,0.0
REGION1,TZBMCHPH1,2055,0.0
REGION1,TZHYDMSH1,2055,0.0
REGION1,ZMWINDPH1,2055,0.0
REGION1,ZMCOSCPH1,2055,0.0
REGION1,ZMLFRCPH1,2055,0.0
REGION1,ZMHFGCPH1,2055,0.0
REGION1,ZMBMCHPH1,2055,0.0
REGION1,ZWLFRCPH1,2055,0.0
REGION1,SNWINDPH1,2055,0.0
REGION1,ZWHYDMSH1,2055,0.0
REGION1,ZWBMCHPH1,2055,0.0
REGION1,SOLFRCPH1,2055,0.0
REGION1,SOSOU1PH1,2055,0.0
REGION1,SOWINDPH1,2055,0.0
REGION1,MAHYDSPH1,2055,0.0
REGION1,ZAHYDSPH1,2055,0.0
REGION1,ATELCZPH1,2055,0.0
REGION1,ATELDEPH1,2055,0.0
REGION1,ATELHUPH1,2055,0.0
REGION1,ATELITPH1,2055,0.0
REGION1,ATELSIPH1,2055,0.0
REGION1,ATELCHPH1,2055,0.0
REGION1,BEELFRPH1,2055,0.0
REGION1,BEELDEPH1,2055,0.0
REGION1,BEELLUPH1,2055,0.0
REGION1,BEELNLPH1,2055,0.0
REGION1,BEELUKPH1,2055,0.0
REGION1,BGELGRPH1,2055,0.0
REGION1,BGELROPH1,2055,0.0
REGION1,CZELDEPH1,2055,0.0
REGION1,CZELPLPH1,2055,0.0
REGION1,CZELSKPH1,2055,0.0
REGION1,HRELHUPH1,2055,0.0
REGION1,HRELSIPH1,2055,0.0
REGION1,DKELNLPH1,2055,0.0
REGION1,DKELNOPH1,2055,0.0
REGION1,DKELSEPH1,2055,0.0
REGION1,DKELUKPH1,2055,0.0
REGION1,EEELFIPH1,2055,0.0
REGION1,EEELLVPH1,2055,0.0
REGION1,FIELNOPH1,2055,0.0
REGION1,FIELSEPH1,2055,0.0
REGION1,FRELITPH1,2055,0.0
REGION1,FRELLUPH1,2055,0.0
REGION1,FRELUKPH1,2055,0.0
REGION1,DEELDKPH1,2055,0.0
REGION1,DEELFRPH1,2055,0.0
REGION1,DEELLUPH1,2055,0.0
REGION1,DEELNLPH1,2055,0.0
REGION1,DEELNOPH1,2055,0.0
REGION1,DEELPLPH1,2055,0.0
REGION1,DEELSEPH1,2055,0.0
REGION1,DEELUKPH1,2055,0.0
REGION1,HUELROPH1,2055,0.0
REGION1,HUELSKPH1,2055,0.0
REGION1,HUELSIPH1,2055,0.0
REGION1,IEELUKPH1,2055,0.0
REGION1,ITELMTPH1,2055,0.0
REGION1,ITELSIPH1,2055,0.0
REGION1,LTELLVPH1,2055,0.0
REGION1,LTELPLPH1,2055,0.0
REGION1,LTELSEPH1,2055,0.0
REGION1,NLELNOPH1,2055,0.0
REGION1,NLELUKPH1,2055,0.0
REGION1,NOELSEPH1,2055,0.0
REGION1,NOELUKPH1,2055,0.0
REGION1,PLELSKPH1,2055,0.0
REGION1,PLELSEPH1,2055,0.0
REGION1,ESELFRPH1,2055,0.0
REGION1,ESELPTPH1,2055,0.0
REGION1,CHELFRPH1,2055,0.0
REGION1,CHELDEPH1,2055,0.0
REGION1,CHELITPH1,2055,0.0
REGION1,GRELITPH1,2055,0.0
REGION1,BGELMKPH1,2055,0.0
REGION1,BGELRSPH1,2055,0.0
REGION1,BGELTRPH1,2055,0.0
REGION1,HRELBAPH1,2055,0.0
REGION1,HRELRSPH1,2055,0.0
REGION1,EEELRUPH1,2055,0.0
REGION1,GRELALPH1,2055,0.0
REGION1,GRELTRPH1,2055,0.0
REGION1,HUELRSPH1,2055,0.0
REGION1,HUELUAPH1,2055,0.0
REGION1,ITELMEPH1,2055,0.0
REGION1,LVELRUPH1,2055,0.0
REGION1,LTELBYPH1,2055,0.0
REGION1,LTELRUPH1,2055,0.0
REGION1,PLELUAPH1,2055,0.0
REGION1,ROELMDPH1,2055,0.0
REGION1,ROELRSPH1,2055,0.0
REGION1,ROELUAPH1,2055,0.0
REGION1,SKELUAPH1,2055,0.0
REGION1,GRELMKPH1,2055,0.0
REGION1,ESELMAPH1,2055,0.0
REGION1,CYELILPH1,2055,0.0
REGION1,SEELLVPH1,2055,0.0
REGION1,BEELDKPH1,2055,0.0
REGION1,ITELTNPH1,2055,0.0
REGION1,GRELEGPH1,2055,0.0
REGION1,ITELDZPH1,2055,0.0
REGION1,MTELTNPH1,2055,0.0
REGION1,ROELGEPH1,2055,0.0
REGION1,ESELITPH1,2055,0.0
REGION1,DEELLVPH1,2055,0.0
REGION1,GRELDEPH1,2055,0.0
REGION1,ITELSAPH1,2055,0.0
REGION1,UKELMAPH1,2055,0.0
REGION1,DEELMAPH1,2055,0.0
REGION1,BIELRWPH1,2055,0.0
REGION1,BWELZAPH1,2055,0.0
REGION1,CDELBIPH1,2055,0.0
REGION1,CDELCGPH1,2055,0.0
REGION1,CDELRWPH1,2055,0.0
REGION1,CDELZMPH1,2055,0.0
REGION1,CIELBFPH1,2055,0.0
REGION1,EGELJOPH1,2055,0.0
REGION1,EGELSDPH1,2055,0.0
REGION1,ETELDJPH1,2055,0.0
REGION1,ETELSDPH1,2055,0.0
REGION1,GHELCIPH1,2055,0.0
REGION1,GHELTGPH1,2055,0.0
REGION1,KEELTZPH1,2055,0.0
REGION1,LSELZAPH1,2055,0.0
REGION1,LYELEGPH1,2055,0.0
REGION1,MAELDZPH1,2055,0.0
REGION1,MZELSZPH1,2055,0.0
REGION1,MZELZAPH1,2055,0.0
REGION1,MZELZWPH1,2055,0.0
REGION1,NGELBJPH1,2055,0.0
REGION1,NGELNEPH1,2055,0.0
REGION1,NAELZAPH1,2055,0.0
REGION1,RWELBIPH1,2055,0.0
REGION1,SNELMLPH1,2055,0.0
REGION1,TGELBJPH1,2055,0.0
REGION1,TNELDZPH1,2055,0.0
REGION1,TZELUGPH1,2055,0.0
REGION1,UGELKEPH1,2055,0.0
REGION1,UGELRWPH1,2055,0.0
REGION1,UGELTZPH1,2055,0.0
REGION1,ZAELSZPH1,2055,0.0
REGION1,ZAELZWPH1,2055,0.0
REGION1,ZMELZWPH1,2055,0.0
REGION1,AOELBWPH1,2055,0.0
REGION1,AOELCDPH1,2055,0.0
REGION1,AOELNAPH1,2055,0.0
REGION1,BFELMLPH1,2055,0.0
REGION1,BWELNAPH1,2055,0.0
REGION1,CDELNAPH1,2055,0.0
REGION1,CDELZAPH1,2055,0.0
REGION1,CGELGAPH1,2055,0.0
REGION1,CMELTDPH1,2055,0.0
REGION1,ETELKEPH1,2055,0.0
REGION1,GAELGQPH1,2055,0.0
REGION1,GHELBFPH1,2055,0.0
REGION1,GMELGWPH1,2055,0.0
REGION1,GQELCMPH1,2055,0.0
REGION1,GWELGNPH1,2055,0.0
REGION1,LRELGNPH1,2055,0.0
REGION1,LRELSLPH1,2055,0.0
REGION1,MLELCIPH1,2055,0.0
REGION1,MWELMZPH1,2055,0.0
REGION1,MWELZMPH1,2055,0.0
REGION1,NAELZWPH1,2055,0.0
REGION1,NEELBFPH1,2055,0.0
REGION1,NEELBJPH1,2055,0.0
REGION1,NEELTGPH1,2055,0.0
REGION1,SLELGNPH1,2055,0.0
REGION1,SNELGMPH1,2055,0.0
REGION1,SNELGNPH1,2055,0.0
REGION1,TGELGHPH1,2055,0.0
REGION1,TZELZMPH1,2055,0.0
REGION1,CIELLRPH1,2055,0.0
REGION1,GNELMLPH1,2055,0.0
REGION1,AOELZMPH1,2055,0.0
REGION1,BFELBJPH1,2055,0.0
REGION1,BFELTGPH1,2055,0.0
REGION1,BIELTZPH1,2055,0.0
REGION1,BJELGHPH1,2055,0.0
REGION1,BWELZMPH1,2055,0.0
REGION1,CDELCFPH1,2055,0.0
REGION1,CDELSDPH1,2055,0.0
REGION1,CDELTZPH1,2055,0.0
REGION1,CDELUGPH1,2055,0.0
REGION1,CFELCGPH1,2055,0.0
REGION1,CFELCMPH1,2055,0.0
REGION1,CFELSDPH1,2055,0.0
REGION1,CFELTDPH1,2055,0.0
REGION1,CGELCMPH1,2055,0.0
REGION1,CIELGNPH1,2055,0.0
REGION1,CMELGAPH1,2055,0.0
REGION1,CMELNGPH1,2055,0.0
REGION1,DJELERPH1,2055,0.0
REGION1,DJELSOPH1,2055,0.0
REGION1,DZELLYPH1,2055,0.0
REGION1,DZELMLPH1,2055,0.0
REGION1,DZELMRPH1,2055,0.0
REGION1,DZELNEPH1,2055,0.0
REGION1,ETELERPH1,2055,0.0
REGION1,ETELSOPH1,2055,0.0
REGION1,GWELSNPH1,2055,0.0
REGION1,KEELSDPH1,2055,0.0
REGION1,KEELSOPH1,2055,0.0
REGION1,LYELNEPH1,2055,0.0
REGION1,LYELSDPH1,2055,0.0
REGION1,LYELTDPH1,2055,0.0
REGION1,LYELTNPH1,2055,0.0
REGION1,MLELMRPH1,2055,0.0
REGION1,MLELNEPH1,2055,0.0
REGION1,MRELSNPH1,2055,0.0
REGION1,MWELTZPH1,2055,0.0
REGION1,MZELTZPH1,2055,0.0
REGION1,MZELZMPH1,2055,0.0
REGION1,NEELTDPH1,2055,0.0
REGION1,NGELTDPH1,2055,0.0
REGION1,RWELTZPH1,2055,0.0
REGION1,SDELERPH1,2055,0.0
REGION1,SDELTDPH1,2055,0.0
REGION1,SDELUGPH1,2055,0.0
REGION1,CYELGRPH1,2055,0.0
REGION1,ALNGGRPI0,2055,0.0
REGION1,ALNGITPI0,2055,0.0
REGION1,ATNGDEPI0,2055,0.0
REGION1,ATNGHUPI0,2055,0.0
REGION1,ATNGITPI0,2055,0.0
REGION1,ATNGSIPI0,2055,0.0
REGION1,ATNGSKPI0,2055,0.0
REGION1,BENGDEPI0,2055,0.0
REGION1,BENGFRPI0,2055,0.0
REGION1,BENGUKPI0,2055,0.0
REGION1,BENGNLPI0,2055,0.0
REGION1,BGNGGRPI0,2055,0.0
REGION1,BGNGROPI0,2055,0.0
REGION1,BYNGLTPI0,2055,0.0
REGION1,CYNGEGPI0,2055,0.0
REGION1,CYNGGRPI0,2055,0.0
REGION1,CZNGDEPI0,2055,0.0
REGION1,CZNGPLPI0,2055,0.0
REGION1,CZNGSKPI0,2055,0.0
REGION1,DENGCHPI0,2055,0.0
REGION1,DENGFRPI0,2055,0.0
REGION1,DENGNLPI0,2055,0.0
REGION1,DENGPLPI0,2055,0.0
REGION1,DKNGDEPI0,2055,0.0
REGION1,DKNGPLPI0,2055,0.0
REGION1,DKNGSEPI0,2055,0.0
REGION1,DZNGESPI0,2055,0.0
REGION1,DZNGITPI0,2055,0.0
REGION1,EENGFIPI0,2055,0.0
REGION1,EENGLVPI0,2055,0.0
REGION1,FRNGCHPI0,2055,0.0
REGION1,FRNGESPI0,2055,0.0
REGION1,GRNGITPI0,2055,0.0
REGION1,HRNGHUPI0,2055,0.0
REGION1,HRNGSIPI0,2055,0.0
REGION1,HUNGROPI0,2055,0.0
REGION1,HUNGSKPI0,2055,0.0
REGION1,IENGUKPI0,2055,0.0
REGION1,ITNGCHPI0,2055,0.0
REGION1,ITNGMTPI0,2055,0.0
REGION1,ITNGSIPI0,2055,0.0
REGION1,LTNGPLPI0,2055,0.0
REGION1,LVNGLTPI0,2055,0.0
REGION1,LYNGITPI0,2055,0.0
REGION1,MANGESPI0,2055,0.0
REGION1,MDNGROPI0,2055,0.0
REGION1,NLNGUKPI0,2055,0.0
REGION1,NONGBEPI0,2055,0.0
REGION1,NONGDEPI0,2055,0.0
REGION1,NONGDKPI0,2055,0.0
REGION1,NONGFRPI0,2055,0.0
REGION1,NONGUKPI0,2055,0.0
REGION1,NONGNLPI0,2055,0.0
REGION1,PLNGSKPI0,2055,0.0
REGION1,PTNGESPI0,2055,0.0
REGION1,RSNGBGPI0,2055,0.0
REGION1,RSNGHUPI0,2055,0.0
REGION1,RSNGROPI0,2055,0.0
REGION1,RUNGEEPI0,2055,0.0
REGION1,RUNGFIPI0,2055,0.0
REGION1,RUNGLVPI0,2055,0.0
REGION1,TRNGBGPI0,2055,0.0
REGION1,TRNGGRPI0,2055,0.0
REGION1,UANGHUPI0,2055,0.0
REGION1,UANGPLPI0,2055,0.0
REGION1,UANGROPI0,2055,0.0
REGION1,UANGSKPI0,2055,0.0
REGION1,BENGLUPI0,2055,0.0
REGION1,NGNGDZPI0,2055,0.0
REGION1,MZNGZAPI0,2055,0.0
REGION1,NGNGLYPI0,2055,0.0
REGION1,ETNGDJPI0,2055,0.0
REGION1,NGNGGQPI0,2055,0.0
REGION1,TZNGKEPI0,2055,0.0
REGION1,NGNGMAPI0,2055,0.0
REGION1,NGNGBJPI0,2055,0.0
REGION1,NGNGGHPI0,2055,0.0
REGION1,NGNGNEPI0,2055,0.0
REGION1,NGNGTGPI0,2055,0.0
REGION1,NGNGTNPI0,2055,0.0
REGION1,DZNGMAPI0,2055,0.0
